#OTU ID,Kingdom,Phylum,Class,Order,Family,Genus,Species
zOTU_1233,Unassigned,Unassigned,Unassigned,Unassigned,Unassigned,Unassigned,Unassigned
zOTU_1264,Unassigned,Unassigned,Unassigned,Unassigned,Unassigned,Unassigned,Unassigned
zOTU_1350,Unassigned,Unassigned,Unassigned,Unassigned,Unassigned,Unassigned,Unassigned
zOTU_1371,Unassigned,Unassigned,Unassigned,Unassigned,Unassigned,Unassigned,Unassigned
zOTU_1372,Unassigned,Unassigned,Unassigned,Unassigned,Unassigned,Unassigned,Unassigned
zOTU_1408,Unassigned,Unassigned,Unassigned,Unassigned,Unassigned,Unassigned,Unassigned
zOTU_1439,Unassigned,Unassigned,Unassigned,Unassigned,Unassigned,Unassigned,Unassigned
zOTU_1513,Unassigned,Unassigned,Unassigned,Unassigned,Unassigned,Unassigned,Unassigned
zOTU_1622,Unassigned,Unassigned,Unassigned,Unassigned,Unassigned,Unassigned,Unassigned
zOTU_1760,Unassigned,Unassigned,Unassigned,Unassigned,Unassigned,Unassigned,Unassigned
zOTU_1808,Unassigned,Unassigned,Unassigned,Unassigned,Unassigned,Unassigned,Unassigned
zOTU_1839,Unassigned,Unassigned,Unassigned,Unassigned,Unassigned,Unassigned,Unassigned
zOTU_1862,Unassigned,Unassigned,Unassigned,Unassigned,Unassigned,Unassigned,Unassigned
zOTU_1888,Unassigned,Unassigned,Unassigned,Unassigned,Unassigned,Unassigned,Unassigned
zOTU_1952,Unassigned,Unassigned,Unassigned,Unassigned,Unassigned,Unassigned,Unassigned
zOTU_2031,Unassigned,Unassigned,Unassigned,Unassigned,Unassigned,Unassigned,Unassigned
zOTU_2103,Unassigned,Unassigned,Unassigned,Unassigned,Unassigned,Unassigned,Unassigned
zOTU_2125,Unassigned,Unassigned,Unassigned,Unassigned,Unassigned,Unassigned,Unassigned
zOTU_2135,Unassigned,Unassigned,Unassigned,Unassigned,Unassigned,Unassigned,Unassigned
zOTU_2254,Unassigned,Unassigned,Unassigned,Unassigned,Unassigned,Unassigned,Unassigned
zOTU_2285,Unassigned,Unassigned,Unassigned,Unassigned,Unassigned,Unassigned,Unassigned
zOTU_2355,Unassigned,Unassigned,Unassigned,Unassigned,Unassigned,Unassigned,Unassigned
zOTU_2382,Unassigned,Unassigned,Unassigned,Unassigned,Unassigned,Unassigned,Unassigned
zOTU_2403,Unassigned,Unassigned,Unassigned,Unassigned,Unassigned,Unassigned,Unassigned
zOTU_2413,Unassigned,Unassigned,Unassigned,Unassigned,Unassigned,Unassigned,Unassigned
zOTU_2467,Unassigned,Unassigned,Unassigned,Unassigned,Unassigned,Unassigned,Unassigned
zOTU_2549,Unassigned,Unassigned,Unassigned,Unassigned,Unassigned,Unassigned,Unassigned
zOTU_2573,Unassigned,Unassigned,Unassigned,Unassigned,Unassigned,Unassigned,Unassigned
zOTU_2604,Unassigned,Unassigned,Unassigned,Unassigned,Unassigned,Unassigned,Unassigned
zOTU_2623,Unassigned,Unassigned,Unassigned,Unassigned,Unassigned,Unassigned,Unassigned
zOTU_2628,Unassigned,Unassigned,Unassigned,Unassigned,Unassigned,Unassigned,Unassigned
zOTU_2632,Unassigned,Unassigned,Unassigned,Unassigned,Unassigned,Unassigned,Unassigned
zOTU_2652,Unassigned,Unassigned,Unassigned,Unassigned,Unassigned,Unassigned,Unassigned
zOTU_2671,Unassigned,Unassigned,Unassigned,Unassigned,Unassigned,Unassigned,Unassigned
zOTU_2700,Unassigned,Unassigned,Unassigned,Unassigned,Unassigned,Unassigned,Unassigned
zOTU_2702,Unassigned,Unassigned,Unassigned,Unassigned,Unassigned,Unassigned,Unassigned
zOTU_2725,Unassigned,Unassigned,Unassigned,Unassigned,Unassigned,Unassigned,Unassigned
zOTU_2738,Unassigned,Unassigned,Unassigned,Unassigned,Unassigned,Unassigned,Unassigned
zOTU_2744,Unassigned,Unassigned,Unassigned,Unassigned,Unassigned,Unassigned,Unassigned
zOTU_2823,Unassigned,Unassigned,Unassigned,Unassigned,Unassigned,Unassigned,Unassigned
zOTU_2837,Unassigned,Unassigned,Unassigned,Unassigned,Unassigned,Unassigned,Unassigned
zOTU_2883,Unassigned,Unassigned,Unassigned,Unassigned,Unassigned,Unassigned,Unassigned
zOTU_2898,Unassigned,Unassigned,Unassigned,Unassigned,Unassigned,Unassigned,Unassigned
zOTU_3008,Unassigned,Unassigned,Unassigned,Unassigned,Unassigned,Unassigned,Unassigned
zOTU_3015,Unassigned,Unassigned,Unassigned,Unassigned,Unassigned,Unassigned,Unassigned
zOTU_3030,Unassigned,Unassigned,Unassigned,Unassigned,Unassigned,Unassigned,Unassigned
zOTU_3055,Unassigned,Unassigned,Unassigned,Unassigned,Unassigned,Unassigned,Unassigned
zOTU_3207,Unassigned,Unassigned,Unassigned,Unassigned,Unassigned,Unassigned,Unassigned
zOTU_3256,Unassigned,Unassigned,Unassigned,Unassigned,Unassigned,Unassigned,Unassigned
zOTU_3257,Unassigned,Unassigned,Unassigned,Unassigned,Unassigned,Unassigned,Unassigned
zOTU_3270,Unassigned,Unassigned,Unassigned,Unassigned,Unassigned,Unassigned,Unassigned
zOTU_3278,Unassigned,Unassigned,Unassigned,Unassigned,Unassigned,Unassigned,Unassigned
zOTU_3280,Unassigned,Unassigned,Unassigned,Unassigned,Unassigned,Unassigned,Unassigned
zOTU_3321,Unassigned,Unassigned,Unassigned,Unassigned,Unassigned,Unassigned,Unassigned
zOTU_3331,Unassigned,Unassigned,Unassigned,Unassigned,Unassigned,Unassigned,Unassigned
zOTU_3338,Unassigned,Unassigned,Unassigned,Unassigned,Unassigned,Unassigned,Unassigned
zOTU_3385,Unassigned,Unassigned,Unassigned,Unassigned,Unassigned,Unassigned,Unassigned
zOTU_339,Unassigned,Unassigned,Unassigned,Unassigned,Unassigned,Unassigned,Unassigned
zOTU_3414,Unassigned,Unassigned,Unassigned,Unassigned,Unassigned,Unassigned,Unassigned
zOTU_3432,Unassigned,Unassigned,Unassigned,Unassigned,Unassigned,Unassigned,Unassigned
zOTU_3433,Unassigned,Unassigned,Unassigned,Unassigned,Unassigned,Unassigned,Unassigned
zOTU_3445,Unassigned,Unassigned,Unassigned,Unassigned,Unassigned,Unassigned,Unassigned
zOTU_3468,Unassigned,Unassigned,Unassigned,Unassigned,Unassigned,Unassigned,Unassigned
zOTU_3469,Unassigned,Unassigned,Unassigned,Unassigned,Unassigned,Unassigned,Unassigned
zOTU_3475,Unassigned,Unassigned,Unassigned,Unassigned,Unassigned,Unassigned,Unassigned
zOTU_3527,Unassigned,Unassigned,Unassigned,Unassigned,Unassigned,Unassigned,Unassigned
zOTU_3553,Unassigned,Unassigned,Unassigned,Unassigned,Unassigned,Unassigned,Unassigned
zOTU_3588,Unassigned,Unassigned,Unassigned,Unassigned,Unassigned,Unassigned,Unassigned
zOTU_3593,Unassigned,Unassigned,Unassigned,Unassigned,Unassigned,Unassigned,Unassigned
zOTU_3595,Unassigned,Unassigned,Unassigned,Unassigned,Unassigned,Unassigned,Unassigned
zOTU_3603,Unassigned,Unassigned,Unassigned,Unassigned,Unassigned,Unassigned,Unassigned
zOTU_3613,Unassigned,Unassigned,Unassigned,Unassigned,Unassigned,Unassigned,Unassigned
zOTU_3629,Unassigned,Unassigned,Unassigned,Unassigned,Unassigned,Unassigned,Unassigned
zOTU_3648,Unassigned,Unassigned,Unassigned,Unassigned,Unassigned,Unassigned,Unassigned
zOTU_3651,Unassigned,Unassigned,Unassigned,Unassigned,Unassigned,Unassigned,Unassigned
zOTU_3666,Unassigned,Unassigned,Unassigned,Unassigned,Unassigned,Unassigned,Unassigned
zOTU_3676,Unassigned,Unassigned,Unassigned,Unassigned,Unassigned,Unassigned,Unassigned
zOTU_3680,Unassigned,Unassigned,Unassigned,Unassigned,Unassigned,Unassigned,Unassigned
zOTU_3685,Unassigned,Unassigned,Unassigned,Unassigned,Unassigned,Unassigned,Unassigned
zOTU_3694,Unassigned,Unassigned,Unassigned,Unassigned,Unassigned,Unassigned,Unassigned
zOTU_3708,Unassigned,Unassigned,Unassigned,Unassigned,Unassigned,Unassigned,Unassigned
zOTU_3713,Unassigned,Unassigned,Unassigned,Unassigned,Unassigned,Unassigned,Unassigned
zOTU_3723,Unassigned,Unassigned,Unassigned,Unassigned,Unassigned,Unassigned,Unassigned
zOTU_3770,Unassigned,Unassigned,Unassigned,Unassigned,Unassigned,Unassigned,Unassigned
zOTU_3795,Unassigned,Unassigned,Unassigned,Unassigned,Unassigned,Unassigned,Unassigned
zOTU_3822,Unassigned,Unassigned,Unassigned,Unassigned,Unassigned,Unassigned,Unassigned
zOTU_3849,Unassigned,Unassigned,Unassigned,Unassigned,Unassigned,Unassigned,Unassigned
zOTU_3850,Unassigned,Unassigned,Unassigned,Unassigned,Unassigned,Unassigned,Unassigned
zOTU_3851,Unassigned,Unassigned,Unassigned,Unassigned,Unassigned,Unassigned,Unassigned
zOTU_3894,Unassigned,Unassigned,Unassigned,Unassigned,Unassigned,Unassigned,Unassigned
zOTU_3904,Unassigned,Unassigned,Unassigned,Unassigned,Unassigned,Unassigned,Unassigned
zOTU_3936,Unassigned,Unassigned,Unassigned,Unassigned,Unassigned,Unassigned,Unassigned
zOTU_3940,Unassigned,Unassigned,Unassigned,Unassigned,Unassigned,Unassigned,Unassigned
zOTU_3955,Unassigned,Unassigned,Unassigned,Unassigned,Unassigned,Unassigned,Unassigned
zOTU_3975,Unassigned,Unassigned,Unassigned,Unassigned,Unassigned,Unassigned,Unassigned
zOTU_3984,Unassigned,Unassigned,Unassigned,Unassigned,Unassigned,Unassigned,Unassigned
zOTU_4007,Unassigned,Unassigned,Unassigned,Unassigned,Unassigned,Unassigned,Unassigned
zOTU_4028,Unassigned,Unassigned,Unassigned,Unassigned,Unassigned,Unassigned,Unassigned
zOTU_4045,Unassigned,Unassigned,Unassigned,Unassigned,Unassigned,Unassigned,Unassigned
zOTU_4051,Unassigned,Unassigned,Unassigned,Unassigned,Unassigned,Unassigned,Unassigned
zOTU_4061,Unassigned,Unassigned,Unassigned,Unassigned,Unassigned,Unassigned,Unassigned
zOTU_4090,Unassigned,Unassigned,Unassigned,Unassigned,Unassigned,Unassigned,Unassigned
zOTU_4114,Unassigned,Unassigned,Unassigned,Unassigned,Unassigned,Unassigned,Unassigned
zOTU_4140,Unassigned,Unassigned,Unassigned,Unassigned,Unassigned,Unassigned,Unassigned
zOTU_4141,Unassigned,Unassigned,Unassigned,Unassigned,Unassigned,Unassigned,Unassigned
zOTU_4150,Unassigned,Unassigned,Unassigned,Unassigned,Unassigned,Unassigned,Unassigned
zOTU_4160,Unassigned,Unassigned,Unassigned,Unassigned,Unassigned,Unassigned,Unassigned
zOTU_4174,Unassigned,Unassigned,Unassigned,Unassigned,Unassigned,Unassigned,Unassigned
zOTU_4176,Unassigned,Unassigned,Unassigned,Unassigned,Unassigned,Unassigned,Unassigned
zOTU_4179,Unassigned,Unassigned,Unassigned,Unassigned,Unassigned,Unassigned,Unassigned
zOTU_4204,Unassigned,Unassigned,Unassigned,Unassigned,Unassigned,Unassigned,Unassigned
zOTU_4219,Unassigned,Unassigned,Unassigned,Unassigned,Unassigned,Unassigned,Unassigned
zOTU_4272,Unassigned,Unassigned,Unassigned,Unassigned,Unassigned,Unassigned,Unassigned
zOTU_4276,Unassigned,Unassigned,Unassigned,Unassigned,Unassigned,Unassigned,Unassigned
zOTU_4278,Unassigned,Unassigned,Unassigned,Unassigned,Unassigned,Unassigned,Unassigned
zOTU_4287,Unassigned,Unassigned,Unassigned,Unassigned,Unassigned,Unassigned,Unassigned
zOTU_4302,Unassigned,Unassigned,Unassigned,Unassigned,Unassigned,Unassigned,Unassigned
zOTU_4310,Unassigned,Unassigned,Unassigned,Unassigned,Unassigned,Unassigned,Unassigned
zOTU_4313,Unassigned,Unassigned,Unassigned,Unassigned,Unassigned,Unassigned,Unassigned
zOTU_4320,Unassigned,Unassigned,Unassigned,Unassigned,Unassigned,Unassigned,Unassigned
zOTU_4330,Unassigned,Unassigned,Unassigned,Unassigned,Unassigned,Unassigned,Unassigned
zOTU_4346,Unassigned,Unassigned,Unassigned,Unassigned,Unassigned,Unassigned,Unassigned
zOTU_4362,Unassigned,Unassigned,Unassigned,Unassigned,Unassigned,Unassigned,Unassigned
zOTU_4365,Unassigned,Unassigned,Unassigned,Unassigned,Unassigned,Unassigned,Unassigned
zOTU_4368,Unassigned,Unassigned,Unassigned,Unassigned,Unassigned,Unassigned,Unassigned
zOTU_4372,Unassigned,Unassigned,Unassigned,Unassigned,Unassigned,Unassigned,Unassigned
zOTU_4375,Unassigned,Unassigned,Unassigned,Unassigned,Unassigned,Unassigned,Unassigned
zOTU_4385,Unassigned,Unassigned,Unassigned,Unassigned,Unassigned,Unassigned,Unassigned
zOTU_4391,Unassigned,Unassigned,Unassigned,Unassigned,Unassigned,Unassigned,Unassigned
zOTU_4403,Unassigned,Unassigned,Unassigned,Unassigned,Unassigned,Unassigned,Unassigned
zOTU_4412,Unassigned,Unassigned,Unassigned,Unassigned,Unassigned,Unassigned,Unassigned
zOTU_4413,Unassigned,Unassigned,Unassigned,Unassigned,Unassigned,Unassigned,Unassigned
zOTU_4435,Unassigned,Unassigned,Unassigned,Unassigned,Unassigned,Unassigned,Unassigned
zOTU_4437,Unassigned,Unassigned,Unassigned,Unassigned,Unassigned,Unassigned,Unassigned
zOTU_4452,Unassigned,Unassigned,Unassigned,Unassigned,Unassigned,Unassigned,Unassigned
zOTU_4474,Unassigned,Unassigned,Unassigned,Unassigned,Unassigned,Unassigned,Unassigned
zOTU_4487,Unassigned,Unassigned,Unassigned,Unassigned,Unassigned,Unassigned,Unassigned
zOTU_809,Unassigned,Unassigned,Unassigned,Unassigned,Unassigned,Unassigned,Unassigned
zOTU_877,Unassigned,Unassigned,Unassigned,Unassigned,Unassigned,Unassigned,Unassigned
zOTU_916,Unassigned,Unassigned,Unassigned,Unassigned,Unassigned,Unassigned,Unassigned
zOTU_950,Unassigned,Unassigned,Unassigned,Unassigned,Unassigned,Unassigned,Unassigned
zOTU_962,Unassigned,Unassigned,Unassigned,Unassigned,Unassigned,Unassigned,Unassigned
zOTU_10,k__Bacteria,p__Firmicutes,c__Clostridia,o__Clostridiales,f__Ruminococcaceae,g__,s__
zOTU_100,k__Bacteria,p__Bacteroidetes,c__Bacteroidia,o__Bacteroidales,f__,g__,s__
zOTU_1000,k__Bacteria,p__Bacteroidetes,c__Bacteroidia,o__Bacteroidales,f__,g__,s__
zOTU_1001,k__Bacteria,p__Bacteroidetes,c__Bacteroidia,o__Bacteroidales,f__Prevotellaceae,g__Prevotella,s__
zOTU_1002,k__Bacteria,p__Bacteroidetes,c__Bacteroidia,o__Bacteroidales,f__S24-7,g__,s__
zOTU_1003,k__Bacteria,p__Bacteroidetes,c__Bacteroidia,o__Bacteroidales,f__Prevotellaceae,g__Prevotella,s__
zOTU_1004,k__Bacteria,p__Firmicutes,c__Clostridia,o__Clostridiales,f__Ruminococcaceae,g__,s__
zOTU_1005,k__Bacteria,p__Firmicutes,c__Clostridia,o__Clostridiales,f__,g__,s__
zOTU_1006,k__Bacteria,p__Firmicutes,c__Clostridia,o__Clostridiales,f__Lachnospiraceae,g__,s__
zOTU_1007,k__Bacteria,p__Firmicutes,c__Clostridia,o__Clostridiales,f__,g__,s__
zOTU_1008,k__Bacteria,p__Bacteroidetes,c__Bacteroidia,o__Bacteroidales,f__Prevotellaceae,g__Prevotella,s__
zOTU_1009,k__Bacteria,p__Firmicutes,c__Clostridia,o__Clostridiales,f__Lachnospiraceae,g__Butyrivibrio,s__
zOTU_1010,k__Bacteria,p__Firmicutes,c__Clostridia,o__Clostridiales,f__Lachnospiraceae,,
zOTU_1011,k__Bacteria,p__Bacteroidetes,c__Bacteroidia,o__Bacteroidales,f__,g__,s__
zOTU_1012,k__Bacteria,p__Bacteroidetes,c__Bacteroidia,o__Bacteroidales,f__Prevotellaceae,g__Prevotella,s__
zOTU_1013,k__Bacteria,p__Bacteroidetes,c__Bacteroidia,o__Bacteroidales,f__,g__,s__
zOTU_1014,k__Bacteria,p__Fibrobacteres,c__Fibrobacteria,o__Fibrobacterales,f__Fibrobacteraceae,g__Fibrobacter,s__succinogenes
zOTU_1015,k__Bacteria,p__Tenericutes,c__Mollicutes,o__Anaeroplasmatales,f__Anaeroplasmataceae,g__Anaeroplasma,s__
zOTU_1016,k__Bacteria,p__Bacteroidetes,c__Bacteroidia,o__Bacteroidales,f__[Paraprevotellaceae],g__Paraprevotella,s__
zOTU_1017,k__Bacteria,p__Cyanobacteria,c__4C0d-2,o__YS2,f__,g__,s__
zOTU_1018,k__Bacteria,p__Bacteroidetes,c__Bacteroidia,o__Bacteroidales,f__Bacteroidaceae,g__Bacteroides,s__
zOTU_1019,k__Bacteria,p__Bacteroidetes,c__Bacteroidia,o__Bacteroidales,f__Prevotellaceae,g__Prevotella,s__
zOTU_102,k__Bacteria,p__Actinobacteria,c__Coriobacteriia,o__Coriobacteriales,f__Coriobacteriaceae,g__,s__
zOTU_1020,k__Bacteria,p__Firmicutes,c__Clostridia,o__Clostridiales,f__Lachnospiraceae,g__Butyrivibrio,s__
zOTU_1021,k__Bacteria,p__Bacteroidetes,c__Bacteroidia,o__Bacteroidales,f__[Paraprevotellaceae],g__YRC22,s__
zOTU_1022,k__Bacteria,p__Bacteroidetes,c__Bacteroidia,o__Bacteroidales,f__,g__,s__
zOTU_1023,k__Bacteria,p__Firmicutes,c__Clostridia,o__Clostridiales,f__Lachnospiraceae,g__,s__
zOTU_1024,k__Bacteria,p__Bacteroidetes,c__Bacteroidia,o__Bacteroidales,f__S24-7,g__,s__
zOTU_1025,k__Bacteria,p__Firmicutes,c__Clostridia,o__Clostridiales,f__Lachnospiraceae,,
zOTU_1026,k__Bacteria,p__Bacteroidetes,c__Bacteroidia,o__Bacteroidales,f__Prevotellaceae,g__Prevotella,s__
zOTU_1027,k__Bacteria,p__Firmicutes,c__Clostridia,o__Clostridiales,f__Lachnospiraceae,g__,s__
zOTU_1028,k__Bacteria,p__Bacteroidetes,c__Bacteroidia,o__Bacteroidales,f__Prevotellaceae,g__Prevotella,s__
zOTU_1029,k__Bacteria,p__Bacteroidetes,c__Bacteroidia,o__Bacteroidales,f__Prevotellaceae,g__Prevotella,s__
zOTU_103,k__Bacteria,p__Firmicutes,c__Clostridia,o__Clostridiales,f__Ruminococcaceae,g__Ruminococcus,s__
zOTU_1030,k__Bacteria,p__Firmicutes,c__Clostridia,o__Clostridiales,f__,g__,s__
zOTU_1031,k__Bacteria,p__Firmicutes,c__Clostridia,o__Clostridiales,f__Lachnospiraceae,g__,s__
zOTU_1032,k__Bacteria,p__Bacteroidetes,c__Bacteroidia,o__Bacteroidales,f__Prevotellaceae,g__Prevotella,s__
zOTU_1033,k__Bacteria,p__Bacteroidetes,c__Bacteroidia,o__Bacteroidales,f__Prevotellaceae,g__Prevotella,s__
zOTU_1034,k__Bacteria,p__Bacteroidetes,c__Bacteroidia,o__Bacteroidales,f__[Paraprevotellaceae],g__YRC22,s__
zOTU_1035,k__Bacteria,p__Firmicutes,c__Clostridia,o__Clostridiales,f__Ruminococcaceae,g__,s__
zOTU_1036,k__Bacteria,p__Firmicutes,c__Clostridia,o__Clostridiales,f__Ruminococcaceae,g__Oscillospira,s__
zOTU_1037,k__Bacteria,p__Firmicutes,c__Clostridia,o__Clostridiales,f__Veillonellaceae,g__Selenomonas,s__ruminantium
zOTU_1038,k__Bacteria,p__Firmicutes,c__Clostridia,o__Clostridiales,f__Lachnospiraceae,,
zOTU_1039,k__Bacteria,p__Firmicutes,c__Clostridia,o__Clostridiales,f__Ruminococcaceae,g__Ruminococcus,s__
zOTU_104,k__Bacteria,p__Bacteroidetes,c__Bacteroidia,o__Bacteroidales,f__Prevotellaceae,g__Prevotella,s__
zOTU_1040,k__Bacteria,p__Bacteroidetes,c__Bacteroidia,o__Bacteroidales,f__,g__,s__
zOTU_1041,k__Bacteria,p__Firmicutes,c__Clostridia,o__Clostridiales,f__,g__,s__
zOTU_1042,k__Bacteria,p__Firmicutes,c__Clostridia,o__Clostridiales,f__Ruminococcaceae,g__,s__
zOTU_1043,k__Bacteria,p__Firmicutes,c__Clostridia,o__Clostridiales,f__Ruminococcaceae,g__,s__
zOTU_1044,k__Bacteria,p__Bacteroidetes,c__Bacteroidia,o__Bacteroidales,f__Prevotellaceae,g__Prevotella,s__
zOTU_1045,k__Bacteria,p__Firmicutes,c__Clostridia,o__Clostridiales,f__Ruminococcaceae,g__,s__
zOTU_1046,k__Bacteria,p__Bacteroidetes,c__Bacteroidia,o__Bacteroidales,f__,g__,s__
zOTU_1047,k__Bacteria,p__Bacteroidetes,c__Bacteroidia,o__Bacteroidales,f__,g__,s__
zOTU_1048,k__Bacteria,p__Bacteroidetes,c__Bacteroidia,o__Bacteroidales,f__Prevotellaceae,g__Prevotella,s__stercorea
zOTU_1049,k__Bacteria,p__Firmicutes,c__Clostridia,o__Clostridiales,f__Lachnospiraceae,g__Pseudobutyrivibrio,s__
zOTU_105,k__Bacteria,p__Firmicutes,c__Clostridia,o__Clostridiales,f__Lachnospiraceae,g__Butyrivibrio,s__
zOTU_1050,k__Bacteria,p__Bacteroidetes,c__Bacteroidia,o__Bacteroidales,f__Prevotellaceae,g__Prevotella,s__
zOTU_1051,k__Bacteria,p__Firmicutes,c__Clostridia,o__Clostridiales,f__,g__,s__
zOTU_1052,k__Bacteria,p__Bacteroidetes,c__Bacteroidia,o__Bacteroidales,f__,g__,s__
zOTU_1053,k__Bacteria,p__Bacteroidetes,c__Bacteroidia,o__Bacteroidales,f__Prevotellaceae,g__Prevotella,s__
zOTU_1054,k__Bacteria,p__Firmicutes,c__Clostridia,o__Clostridiales,f__Lachnospiraceae,g__,s__
zOTU_1055,k__Bacteria,p__Firmicutes,c__Clostridia,o__Clostridiales,f__Lachnospiraceae,g__Coprococcus,s__
zOTU_1056,k__Bacteria,p__Bacteroidetes,c__Bacteroidia,o__Bacteroidales,f__[Paraprevotellaceae],g__CF231,s__
zOTU_1057,k__Bacteria,p__Firmicutes,c__Clostridia,o__Clostridiales,f__Lachnospiraceae,g__Coprococcus,s__
zOTU_1058,k__Bacteria,p__Firmicutes,c__Clostridia,o__Clostridiales,f__Veillonellaceae,g__Dialister,s__
zOTU_1059,k__Bacteria,p__Bacteroidetes,c__Bacteroidia,o__Bacteroidales,f__Prevotellaceae,g__Prevotella,s__
zOTU_106,k__Bacteria,p__Bacteroidetes,c__Bacteroidia,o__Bacteroidales,f__[Paraprevotellaceae],g__YRC22,s__
zOTU_1060,k__Bacteria,p__Bacteroidetes,c__Bacteroidia,o__Bacteroidales,f__Prevotellaceae,g__Prevotella,s__
zOTU_1061,k__Bacteria,p__Bacteroidetes,c__Bacteroidia,o__Bacteroidales,f__[Paraprevotellaceae],,
zOTU_1062,k__Bacteria,p__Firmicutes,c__Clostridia,o__Clostridiales,f__,g__,s__
zOTU_1063,k__Bacteria,p__Bacteroidetes,c__Bacteroidia,o__Bacteroidales,f__,g__,s__
zOTU_1064,k__Bacteria,p__Bacteroidetes,c__Bacteroidia,o__Bacteroidales,f__Prevotellaceae,g__Prevotella,s__
zOTU_1065,k__Bacteria,p__Firmicutes,c__Clostridia,o__Clostridiales,f__,g__,s__
zOTU_1066,k__Bacteria,p__Bacteroidetes,c__Bacteroidia,o__Bacteroidales,f__Prevotellaceae,g__Prevotella,s__
zOTU_1067,k__Bacteria,p__Firmicutes,c__Clostridia,o__Clostridiales,f__,g__,s__
zOTU_1068,k__Bacteria,p__Bacteroidetes,c__Bacteroidia,o__Bacteroidales,f__Prevotellaceae,g__Prevotella,s__
zOTU_1069,k__Bacteria,p__Bacteroidetes,c__Bacteroidia,o__Bacteroidales,f__Prevotellaceae,g__Prevotella,s__
zOTU_107,k__Bacteria,p__SR1,c__,o__,f__,g__,s__
zOTU_1070,k__Bacteria,p__Firmicutes,c__Clostridia,o__Clostridiales,f__Ruminococcaceae,g__,s__
zOTU_1071,k__Bacteria,p__Actinobacteria,c__Coriobacteriia,o__Coriobacteriales,f__Coriobacteriaceae,g__Atopobium,s__vaginae
zOTU_1072,k__Bacteria,p__Bacteroidetes,c__Bacteroidia,o__Bacteroidales,f__Prevotellaceae,g__Prevotella,s__
zOTU_1073,k__Bacteria,p__Bacteroidetes,c__Bacteroidia,o__Bacteroidales,f__Prevotellaceae,g__Prevotella,s__
zOTU_1074,k__Bacteria,p__Bacteroidetes,c__Bacteroidia,o__Bacteroidales,f__Prevotellaceae,g__Prevotella,s__
zOTU_1075,k__Bacteria,p__Bacteroidetes,c__Bacteroidia,o__Bacteroidales,f__S24-7,g__,s__
zOTU_1076,k__Bacteria,p__Firmicutes,c__Clostridia,o__Clostridiales,f__Lachnospiraceae,g__,s__
zOTU_1077,k__Bacteria,p__Bacteroidetes,c__Bacteroidia,o__Bacteroidales,f__Prevotellaceae,g__Prevotella,s__
zOTU_1078,k__Bacteria,p__Bacteroidetes,c__Bacteroidia,o__Bacteroidales,f__Prevotellaceae,g__Prevotella,s__
zOTU_1079,k__Bacteria,p__Firmicutes,c__Clostridia,o__Clostridiales,f__[Mogibacteriaceae],g__,s__
zOTU_108,k__Bacteria,p__Firmicutes,c__Clostridia,o__Clostridiales,f__Lachnospiraceae,g__Blautia,s__
zOTU_1080,k__Bacteria,p__Bacteroidetes,c__Bacteroidia,o__Bacteroidales,f__[Paraprevotellaceae],g__,s__
zOTU_1081,k__Bacteria,p__Firmicutes,c__Clostridia,o__Clostridiales,f__,g__,s__
zOTU_1082,k__Bacteria,p__Firmicutes,c__Clostridia,o__Clostridiales,f__,g__,s__
zOTU_1083,k__Bacteria,p__Actinobacteria,c__Actinobacteria,o__Actinomycetales,f__Actinomycetaceae,g__,s__
zOTU_1084,k__Bacteria,p__Bacteroidetes,c__Bacteroidia,o__Bacteroidales,f__Prevotellaceae,g__Prevotella,s__
zOTU_1085,k__Bacteria,p__Bacteroidetes,c__Bacteroidia,o__Bacteroidales,f__Prevotellaceae,g__Prevotella,s__
zOTU_1086,k__Bacteria,p__Firmicutes,c__Clostridia,o__Clostridiales,f__,g__,s__
zOTU_1087,k__Bacteria,p__Bacteroidetes,c__Bacteroidia,o__Bacteroidales,f__[Paraprevotellaceae],,
zOTU_1088,k__Bacteria,p__Firmicutes,c__Clostridia,o__Clostridiales,f__Ruminococcaceae,g__,s__
zOTU_1089,k__Bacteria,p__Bacteroidetes,c__Bacteroidia,o__Bacteroidales,f__Prevotellaceae,g__Prevotella,s__
zOTU_109,k__Bacteria,p__Actinobacteria,c__Coriobacteriia,o__Coriobacteriales,f__Coriobacteriaceae,g__,s__
zOTU_1090,k__Bacteria,p__Bacteroidetes,c__Bacteroidia,o__Bacteroidales,f__Prevotellaceae,g__Prevotella,s__
zOTU_1091,k__Bacteria,p__Bacteroidetes,c__Bacteroidia,o__Bacteroidales,f__,g__,s__
zOTU_1092,k__Bacteria,p__Firmicutes,c__Clostridia,o__Clostridiales,f__Lachnospiraceae,g__Butyrivibrio,s__
zOTU_1093,k__Bacteria,p__Firmicutes,c__Clostridia,o__Clostridiales,f__[Mogibacteriaceae],g__,s__
zOTU_1094,k__Bacteria,p__Firmicutes,c__Clostridia,o__Clostridiales,f__Ruminococcaceae,g__,s__
zOTU_1095,k__Bacteria,p__Firmicutes,c__Clostridia,o__Clostridiales,f__Lachnospiraceae,g__,s__
zOTU_1096,k__Bacteria,p__Firmicutes,c__Clostridia,o__Clostridiales,f__,g__,s__
zOTU_1097,k__Bacteria,p__Bacteroidetes,c__Bacteroidia,o__Bacteroidales,f__Prevotellaceae,g__Prevotella,s__ruminicola
zOTU_1098,k__Bacteria,p__Firmicutes,c__Clostridia,o__Clostridiales,f__Lachnospiraceae,g__,s__
zOTU_1099,k__Bacteria,p__Firmicutes,c__Clostridia,o__Clostridiales,f__,g__,s__
zOTU_11,k__Bacteria,p__Actinobacteria,c__Actinobacteria,o__Bifidobacteriales,f__Bifidobacteriaceae,g__Bifidobacterium,s__
zOTU_110,k__Bacteria,p__Firmicutes,c__Clostridia,o__Clostridiales,f__Ruminococcaceae,g__,s__
zOTU_1100,k__Bacteria,p__Bacteroidetes,c__Bacteroidia,o__Bacteroidales,f__,g__,s__
zOTU_1101,k__Bacteria,p__Firmicutes,c__Clostridia,o__Clostridiales,f__,g__,s__
zOTU_1102,k__Bacteria,p__Firmicutes,c__Clostridia,o__Clostridiales,f__Ruminococcaceae,g__Ruminococcus,s__
zOTU_1103,k__Bacteria,p__Firmicutes,c__Clostridia,o__Clostridiales,f__,g__,s__
zOTU_1104,k__Bacteria,p__Firmicutes,c__Clostridia,o__Clostridiales,f__,g__,s__
zOTU_1105,k__Bacteria,p__Firmicutes,c__Clostridia,o__Clostridiales,f__[Mogibacteriaceae],g__,s__
zOTU_1107,k__Bacteria,p__Fibrobacteres,c__Fibrobacteria,o__Fibrobacterales,f__Fibrobacteraceae,g__Fibrobacter,s__succinogenes
zOTU_1108,k__Bacteria,p__Firmicutes,c__Clostridia,o__Clostridiales,f__,g__,s__
zOTU_1109,k__Bacteria,p__Bacteroidetes,c__Bacteroidia,o__Bacteroidales,f__Prevotellaceae,g__Prevotella,s__
zOTU_111,k__Bacteria,p__Bacteroidetes,c__Bacteroidia,o__Bacteroidales,f__Prevotellaceae,g__Prevotella,s__
zOTU_1110,k__Bacteria,p__Firmicutes,c__Clostridia,o__Clostridiales,f__Lachnospiraceae,g__,s__
zOTU_1111,k__Bacteria,p__Bacteroidetes,c__Bacteroidia,o__Bacteroidales,f__Prevotellaceae,g__Prevotella,s__
zOTU_1112,k__Bacteria,p__Bacteroidetes,c__Bacteroidia,o__Bacteroidales,f__[Paraprevotellaceae],g__CF231,s__
zOTU_1113,k__Bacteria,p__Bacteroidetes,c__Bacteroidia,o__Bacteroidales,f__,g__,s__
zOTU_1114,k__Bacteria,p__Firmicutes,c__Clostridia,o__Clostridiales,f__[Mogibacteriaceae],g__,s__
zOTU_1115,k__Bacteria,p__Firmicutes,c__Clostridia,o__Clostridiales,f__[Mogibacteriaceae],g__,s__
zOTU_1116,k__Bacteria,p__Firmicutes,c__Erysipelotrichi,o__Erysipelotrichales,f__Erysipelotrichaceae,g__,s__
zOTU_1117,k__Bacteria,p__Bacteroidetes,c__Bacteroidia,o__Bacteroidales,f__,g__,s__
zOTU_1118,k__Bacteria,p__Bacteroidetes,c__Bacteroidia,o__Bacteroidales,f__Prevotellaceae,g__Prevotella,s__
zOTU_1119,k__Bacteria,p__Bacteroidetes,c__Bacteroidia,o__Bacteroidales,f__BS11,g__,s__
zOTU_112,k__Bacteria,p__Firmicutes,c__Clostridia,o__Clostridiales,f__Lachnospiraceae,g__,s__
zOTU_1120,k__Bacteria,p__Firmicutes,c__Clostridia,o__Clostridiales,f__[Mogibacteriaceae],g__,s__
zOTU_1121,k__Bacteria,p__Bacteroidetes,c__Bacteroidia,o__Bacteroidales,f__RF16,g__,s__
zOTU_1122,k__Bacteria,p__Bacteroidetes,c__Bacteroidia,o__Bacteroidales,f__Prevotellaceae,g__Prevotella,s__stercorea
zOTU_1123,k__Bacteria,p__Firmicutes,c__Clostridia,o__Clostridiales,f__,g__,s__
zOTU_1125,k__Bacteria,p__Firmicutes,c__Clostridia,o__Clostridiales,f__,g__,s__
zOTU_1126,k__Bacteria,p__Firmicutes,c__Clostridia,o__Clostridiales,f__Lachnospiraceae,g__,s__
zOTU_1127,k__Bacteria,p__Firmicutes,c__Clostridia,o__Clostridiales,f__,g__,s__
zOTU_1128,k__Bacteria,p__Bacteroidetes,c__Bacteroidia,o__Bacteroidales,f__Prevotellaceae,g__Prevotella,s__
zOTU_1129,k__Bacteria,p__Bacteroidetes,c__Bacteroidia,o__Bacteroidales,f__Prevotellaceae,g__Prevotella,s__
zOTU_113,k__Bacteria,p__Firmicutes,c__Clostridia,o__Clostridiales,f__Lachnospiraceae,g__Butyrivibrio,s__
zOTU_1130,k__Bacteria,p__Firmicutes,c__Clostridia,o__Clostridiales,f__Ruminococcaceae,g__,s__
zOTU_1131,k__Bacteria,p__Bacteroidetes,c__Bacteroidia,o__Bacteroidales,f__Prevotellaceae,g__Prevotella,s__
zOTU_1132,k__Bacteria,p__Bacteroidetes,c__Bacteroidia,o__Bacteroidales,f__Prevotellaceae,g__Prevotella,s__
zOTU_1133,k__Bacteria,p__Bacteroidetes,c__Bacteroidia,o__Bacteroidales,f__Prevotellaceae,g__Prevotella,s__
zOTU_1134,k__Bacteria,p__Bacteroidetes,c__Bacteroidia,o__Bacteroidales,f__Prevotellaceae,g__Prevotella,s__
zOTU_1135,k__Bacteria,p__Firmicutes,c__Clostridia,o__Clostridiales,f__Ruminococcaceae,g__Anaerofilum,s__
zOTU_1136,k__Bacteria,p__Tenericutes,c__Mollicutes,o__Anaeroplasmatales,f__Anaeroplasmataceae,g__Anaeroplasma,s__
zOTU_1137,k__Bacteria,p__Bacteroidetes,c__Bacteroidia,o__Bacteroidales,f__S24-7,g__,s__
zOTU_1138,k__Bacteria,p__Firmicutes,c__Clostridia,o__Clostridiales,f__Veillonellaceae,g__,s__
zOTU_1139,k__Bacteria,p__Firmicutes,c__Clostridia,o__Clostridiales,f__,g__,s__
zOTU_114,k__Bacteria,p__Bacteroidetes,c__Bacteroidia,o__Bacteroidales,f__Prevotellaceae,g__Prevotella,s__
zOTU_1140,k__Bacteria,p__Firmicutes,c__Clostridia,o__Clostridiales,f__,g__,s__
zOTU_1141,k__Bacteria,p__Firmicutes,c__Clostridia,o__Clostridiales,f__[Mogibacteriaceae],g__,s__
zOTU_1142,k__Bacteria,p__Actinobacteria,c__Coriobacteriia,o__Coriobacteriales,f__Coriobacteriaceae,g__,s__
zOTU_1143,k__Bacteria,p__Firmicutes,c__Clostridia,o__Clostridiales,f__,g__,s__
zOTU_1144,k__Bacteria,p__Bacteroidetes,c__Bacteroidia,o__Bacteroidales,f__Prevotellaceae,g__Prevotella,s__
zOTU_1145,k__Bacteria,p__Bacteroidetes,c__Bacteroidia,o__Bacteroidales,f__Prevotellaceae,g__Prevotella,s__
zOTU_1146,k__Bacteria,p__Bacteroidetes,c__Bacteroidia,o__Bacteroidales,f__Prevotellaceae,g__Prevotella,s__
zOTU_1147,k__Bacteria,p__Bacteroidetes,c__Bacteroidia,o__Bacteroidales,f__Prevotellaceae,g__Prevotella,s__
zOTU_1148,k__Bacteria,p__Bacteroidetes,c__Bacteroidia,o__Bacteroidales,f__,g__,s__
zOTU_1149,k__Bacteria,p__Firmicutes,c__Clostridia,o__Clostridiales,f__Clostridiaceae,g__,s__
zOTU_115,k__Bacteria,p__Firmicutes,c__Clostridia,o__Clostridiales,f__,g__,s__
zOTU_1150,k__Bacteria,p__Firmicutes,c__Clostridia,o__Clostridiales,f__,g__,s__
zOTU_1151,k__Bacteria,p__Firmicutes,c__Clostridia,o__Clostridiales,f__Ruminococcaceae,g__Ruminococcus,s__
zOTU_1152,k__Bacteria,p__Bacteroidetes,c__Bacteroidia,o__Bacteroidales,f__Prevotellaceae,g__Prevotella,s__
zOTU_1153,k__Bacteria,p__Firmicutes,c__Clostridia,o__Clostridiales,f__Ruminococcaceae,g__,s__
zOTU_1154,k__Bacteria,p__Bacteroidetes,c__Bacteroidia,o__Bacteroidales,f__Prevotellaceae,g__Prevotella,s__
zOTU_1155,k__Bacteria,p__Firmicutes,c__Clostridia,o__Clostridiales,f__Lachnospiraceae,g__Butyrivibrio,s__
zOTU_1156,k__Bacteria,p__Bacteroidetes,c__Bacteroidia,o__Bacteroidales,f__,g__,s__
zOTU_1157,k__Bacteria,p__Firmicutes,c__Clostridia,o__Clostridiales,f__Lachnospiraceae,g__,s__
zOTU_1158,k__Bacteria,p__Firmicutes,c__Erysipelotrichi,o__Erysipelotrichales,f__Erysipelotrichaceae,g__Bulleidia,s__
zOTU_1159,k__Bacteria,p__Firmicutes,c__Clostridia,o__Clostridiales,f__Lachnospiraceae,g__,s__
zOTU_116,k__Bacteria,p__Firmicutes,c__Clostridia,o__Clostridiales,f__Lachnospiraceae,g__,s__
zOTU_1160,k__Bacteria,p__Bacteroidetes,c__Bacteroidia,o__Bacteroidales,f__Prevotellaceae,g__Prevotella,s__
zOTU_1161,k__Bacteria,p__Spirochaetes,c__Spirochaetes,o__Spirochaetales,f__Spirochaetaceae,g__Treponema,s__
zOTU_1162,k__Bacteria,p__Firmicutes,c__Clostridia,o__Clostridiales,f__Veillonellaceae,g__Selenomonas,s__ruminantium
zOTU_1163,k__Bacteria,p__Firmicutes,c__Clostridia,o__Clostridiales,f__Ruminococcaceae,g__,s__
zOTU_1164,k__Bacteria,p__Bacteroidetes,c__Bacteroidia,o__Bacteroidales,f__Prevotellaceae,g__Prevotella,s__
zOTU_1166,k__Bacteria,p__Bacteroidetes,c__Bacteroidia,o__Bacteroidales,f__,g__,s__
zOTU_1167,k__Bacteria,p__Bacteroidetes,c__Bacteroidia,o__Bacteroidales,f__,g__,s__
zOTU_1168,k__Bacteria,p__Bacteroidetes,c__Bacteroidia,o__Bacteroidales,f__,g__,s__
zOTU_1169,k__Bacteria,p__Firmicutes,c__Clostridia,o__Clostridiales,f__,g__,s__
zOTU_117,k__Bacteria,p__Firmicutes,c__Clostridia,o__Clostridiales,f__Veillonellaceae,g__Succiniclasticum,s__
zOTU_1170,k__Bacteria,p__Firmicutes,c__Clostridia,o__Clostridiales,f__,g__,s__
zOTU_1171,k__Bacteria,p__Bacteroidetes,c__Bacteroidia,o__Bacteroidales,f__,g__,s__
zOTU_1172,k__Bacteria,p__Bacteroidetes,c__Bacteroidia,o__Bacteroidales,f__[Paraprevotellaceae],g__CF231,s__
zOTU_1173,k__Bacteria,p__Firmicutes,c__Clostridia,o__Clostridiales,f__Clostridiaceae,g__,s__
zOTU_1174,k__Bacteria,p__Cyanobacteria,c__4C0d-2,o__YS2,f__,g__,s__
zOTU_1175,k__Bacteria,p__Tenericutes,c__Mollicutes,o__Anaeroplasmatales,f__Anaeroplasmataceae,g__Anaeroplasma,s__
zOTU_1176,k__Bacteria,p__Firmicutes,c__Clostridia,o__Clostridiales,f__Ruminococcaceae,g__,s__
zOTU_1177,k__Bacteria,p__Bacteroidetes,c__Bacteroidia,o__Bacteroidales,f__Prevotellaceae,g__Prevotella,s__
zOTU_1178,k__Bacteria,p__Firmicutes,c__Clostridia,o__Clostridiales,f__Lachnospiraceae,g__Coprococcus,s__
zOTU_1179,k__Bacteria,p__Firmicutes,c__Clostridia,o__Clostridiales,f__Veillonellaceae,g__,s__
zOTU_118,k__Bacteria,p__Firmicutes,c__Clostridia,o__Clostridiales,f__,g__,s__
zOTU_1180,k__Bacteria,p__Proteobacteria,c__Gammaproteobacteria,o__Aeromonadales,f__Succinivibrionaceae,g__,s__
zOTU_1181,k__Bacteria,p__Bacteroidetes,c__Bacteroidia,o__Bacteroidales,f__RF16,g__,s__
zOTU_1182,k__Bacteria,p__Bacteroidetes,c__Bacteroidia,o__Bacteroidales,f__Prevotellaceae,g__Prevotella,s__
zOTU_1183,k__Bacteria,p__Bacteroidetes,c__Bacteroidia,o__Bacteroidales,f__,g__,s__
zOTU_1184,k__Bacteria,p__Bacteroidetes,c__Bacteroidia,o__Bacteroidales,f__Prevotellaceae,g__Prevotella,s__
zOTU_1185,k__Bacteria,p__Bacteroidetes,c__Bacteroidia,o__Bacteroidales,f__,g__,s__
zOTU_1186,k__Bacteria,p__Firmicutes,c__Clostridia,o__Clostridiales,f__Ruminococcaceae,,
zOTU_1187,k__Bacteria,p__Bacteroidetes,c__Bacteroidia,o__Bacteroidales,f__Prevotellaceae,g__Prevotella,s__
zOTU_1188,k__Bacteria,p__Bacteroidetes,c__Bacteroidia,o__Bacteroidales,f__[Paraprevotellaceae],g__YRC22,s__
zOTU_1189,k__Bacteria,p__Bacteroidetes,c__Bacteroidia,o__Bacteroidales,f__Prevotellaceae,g__Prevotella,s__
zOTU_119,k__Bacteria,p__Firmicutes,c__Clostridia,o__Clostridiales,f__Lachnospiraceae,g__Blautia,s__
zOTU_1190,k__Bacteria,p__Firmicutes,c__Clostridia,o__Clostridiales,f__Lachnospiraceae,g__,s__
zOTU_1191,k__Bacteria,p__Firmicutes,c__Clostridia,o__Clostridiales,f__Veillonellaceae,g__Megasphaera,s__
zOTU_1192,k__Bacteria,p__Bacteroidetes,c__Bacteroidia,o__Bacteroidales,f__Prevotellaceae,g__Prevotella,s__
zOTU_1193,k__Bacteria,p__Bacteroidetes,c__Bacteroidia,o__Bacteroidales,f__,g__,s__
zOTU_1194,k__Bacteria,p__Firmicutes,c__Clostridia,o__Clostridiales,f__,g__,s__
zOTU_1195,k__Bacteria,p__Spirochaetes,c__Spirochaetes,o__Spirochaetales,f__Spirochaetaceae,g__Treponema,s__
zOTU_1196,k__Bacteria,p__Bacteroidetes,c__Bacteroidia,o__Bacteroidales,f__Prevotellaceae,g__Prevotella,s__
zOTU_1197,k__Bacteria,p__Bacteroidetes,c__Bacteroidia,o__Bacteroidales,f__Prevotellaceae,g__Prevotella,s__
zOTU_1198,k__Bacteria,p__Firmicutes,c__Clostridia,o__Clostridiales,f__,g__,s__
zOTU_1199,k__Bacteria,p__Firmicutes,c__Clostridia,o__Clostridiales,f__,g__,s__
zOTU_120,k__Bacteria,p__Firmicutes,c__Clostridia,o__Clostridiales,f__Ruminococcaceae,g__Ruminococcus,s__
zOTU_1200,k__Bacteria,p__Firmicutes,c__Clostridia,o__Clostridiales,f__Ruminococcaceae,g__,s__
zOTU_1201,k__Bacteria,p__Firmicutes,c__Clostridia,o__Clostridiales,f__,g__,s__
zOTU_1202,k__Bacteria,p__Firmicutes,c__Clostridia,o__Clostridiales,f__Ruminococcaceae,g__,s__
zOTU_1203,k__Bacteria,p__Firmicutes,c__Clostridia,o__Clostridiales,f__Lachnospiraceae,g__,s__
zOTU_1204,k__Bacteria,p__Bacteroidetes,c__Bacteroidia,o__Bacteroidales,f__Prevotellaceae,g__Prevotella,s__
zOTU_1205,k__Bacteria,p__Firmicutes,c__Clostridia,o__Clostridiales,f__[Mogibacteriaceae],g__,s__
zOTU_1206,k__Bacteria,p__Bacteroidetes,c__Bacteroidia,o__Bacteroidales,f__[Paraprevotellaceae],,
zOTU_1207,k__Bacteria,p__Firmicutes,c__Clostridia,o__Clostridiales,f__Lachnospiraceae,g__,s__
zOTU_1208,k__Bacteria,p__Bacteroidetes,c__Bacteroidia,o__Bacteroidales,f__Prevotellaceae,g__Prevotella,s__
zOTU_1209,k__Bacteria,p__Firmicutes,c__Clostridia,o__Clostridiales,f__Lachnospiraceae,g__Butyrivibrio,s__
zOTU_121,k__Bacteria,p__Bacteroidetes,c__Bacteroidia,o__Bacteroidales,f__Prevotellaceae,g__Prevotella,s__
zOTU_1210,k__Bacteria,p__Bacteroidetes,c__Bacteroidia,o__Bacteroidales,f__,g__,s__
zOTU_1211,k__Bacteria,p__Firmicutes,c__Clostridia,o__Clostridiales,f__Lachnospiraceae,g__,s__
zOTU_1212,k__Bacteria,p__Spirochaetes,c__Spirochaetes,o__Spirochaetales,f__Spirochaetaceae,g__Treponema,s__
zOTU_1213,k__Bacteria,p__Bacteroidetes,c__Bacteroidia,o__Bacteroidales,f__Prevotellaceae,g__Prevotella,s__
zOTU_1214,k__Bacteria,p__Bacteroidetes,c__Bacteroidia,o__Bacteroidales,f__Prevotellaceae,g__Prevotella,s__
zOTU_1215,k__Bacteria,p__Firmicutes,c__Clostridia,o__Clostridiales,f__,g__,s__
zOTU_1216,k__Bacteria,p__Bacteroidetes,c__Bacteroidia,o__Bacteroidales,f__Prevotellaceae,g__Prevotella,s__
zOTU_1217,k__Bacteria,p__Bacteroidetes,c__Bacteroidia,o__Bacteroidales,f__S24-7,g__,s__
zOTU_1218,k__Bacteria,p__Bacteroidetes,c__Bacteroidia,o__Bacteroidales,f__,g__,s__
zOTU_1219,k__Bacteria,p__Bacteroidetes,c__Bacteroidia,o__Bacteroidales,f__Prevotellaceae,g__Prevotella,s__
zOTU_122,k__Bacteria,p__Firmicutes,c__Clostridia,o__Clostridiales,f__Ruminococcaceae,g__,s__
zOTU_1220,k__Bacteria,p__Bacteroidetes,c__Bacteroidia,o__Bacteroidales,f__Prevotellaceae,g__Prevotella,s__
zOTU_1221,k__Bacteria,p__Firmicutes,c__Clostridia,o__Clostridiales,f__[Mogibacteriaceae],g__,s__
zOTU_1222,k__Bacteria,p__Bacteroidetes,c__Bacteroidia,o__Bacteroidales,f__,g__,s__
zOTU_1223,k__Bacteria,p__Bacteroidetes,c__Bacteroidia,o__Bacteroidales,f__Prevotellaceae,g__Prevotella,s__
zOTU_1224,k__Bacteria,p__Bacteroidetes,c__Bacteroidia,o__Bacteroidales,f__Prevotellaceae,g__Prevotella,s__
zOTU_1225,k__Bacteria,p__Firmicutes,c__Clostridia,o__Clostridiales,f__Lachnospiraceae,g__,s__
zOTU_1226,k__Bacteria,p__Firmicutes,c__Clostridia,o__Clostridiales,f__Ruminococcaceae,g__,s__
zOTU_1227,k__Bacteria,p__Bacteroidetes,c__Bacteroidia,o__Bacteroidales,f__,g__,s__
zOTU_1228,k__Bacteria,p__Firmicutes,c__Clostridia,o__Clostridiales,f__,g__,s__
zOTU_1229,k__Bacteria,p__Firmicutes,c__Clostridia,o__Clostridiales,f__Lachnospiraceae,g__Butyrivibrio,s__
zOTU_123,k__Bacteria,p__Bacteroidetes,c__Bacteroidia,o__Bacteroidales,f__,g__,s__
zOTU_1230,k__Bacteria,p__Bacteroidetes,c__Bacteroidia,o__Bacteroidales,f__Prevotellaceae,g__Prevotella,s__
zOTU_1231,k__Bacteria,p__Firmicutes,c__Clostridia,o__Clostridiales,f__,g__,s__
zOTU_1232,k__Bacteria,p__Bacteroidetes,c__Bacteroidia,o__Bacteroidales,f__Prevotellaceae,g__Prevotella,s__
zOTU_1234,k__Bacteria,p__Firmicutes,c__Clostridia,o__Clostridiales,f__Ruminococcaceae,g__,s__
zOTU_1235,k__Bacteria,p__Bacteroidetes,c__Bacteroidia,o__Bacteroidales,f__Prevotellaceae,g__Prevotella,s__
zOTU_1236,k__Bacteria,p__Bacteroidetes,c__Bacteroidia,o__Bacteroidales,f__Bacteroidaceae,g__BF311,s__
zOTU_1237,k__Bacteria,p__Bacteroidetes,c__Bacteroidia,o__Bacteroidales,f__,g__,s__
zOTU_1238,k__Bacteria,p__Bacteroidetes,c__Bacteroidia,o__Bacteroidales,f__Prevotellaceae,g__Prevotella,s__
zOTU_1239,k__Bacteria,p__Firmicutes,c__Clostridia,o__Clostridiales,f__Lachnospiraceae,g__,s__
zOTU_124,k__Bacteria,p__Firmicutes,c__Clostridia,o__Clostridiales,f__Lachnospiraceae,g__,s__
zOTU_1240,k__Bacteria,p__Bacteroidetes,c__Bacteroidia,o__Bacteroidales,f__Prevotellaceae,g__Prevotella,s__
zOTU_1241,k__Bacteria,p__Spirochaetes,c__Spirochaetes,o__Spirochaetales,f__Spirochaetaceae,g__Treponema,s__
zOTU_1242,k__Bacteria,p__Bacteroidetes,c__Bacteroidia,o__Bacteroidales,f__,g__,s__
zOTU_1243,k__Bacteria,p__Bacteroidetes,c__Bacteroidia,o__Bacteroidales,f__Prevotellaceae,g__Prevotella,s__
zOTU_1244,k__Bacteria,p__Firmicutes,c__Clostridia,o__Clostridiales,f__Ruminococcaceae,g__Ruminococcus,s__
zOTU_1245,k__Bacteria,p__Firmicutes,c__Clostridia,o__Clostridiales,f__,g__,s__
zOTU_1246,k__Bacteria,p__Spirochaetes,c__Spirochaetes,o__Sphaerochaetales,f__Sphaerochaetaceae,g__Sphaerochaeta,s__
zOTU_1247,k__Bacteria,p__Bacteroidetes,c__Bacteroidia,o__Bacteroidales,f__,g__,s__
zOTU_1248,k__Bacteria,p__Bacteroidetes,c__Bacteroidia,o__Bacteroidales,f__Prevotellaceae,g__Prevotella,s__
zOTU_1249,k__Bacteria,p__Bacteroidetes,c__Bacteroidia,o__Bacteroidales,f__Prevotellaceae,g__Prevotella,s__
zOTU_125,k__Bacteria,p__Bacteroidetes,c__Bacteroidia,o__Bacteroidales,f__Prevotellaceae,g__Prevotella,s__
zOTU_1250,k__Bacteria,p__Proteobacteria,c__Gammaproteobacteria,o__Aeromonadales,f__Succinivibrionaceae,g__,s__
zOTU_1251,k__Bacteria,p__Bacteroidetes,c__Bacteroidia,o__Bacteroidales,f__Prevotellaceae,g__Prevotella,s__
zOTU_1252,k__Bacteria,p__Bacteroidetes,c__Bacteroidia,o__Bacteroidales,f__,g__,s__
zOTU_1253,k__Bacteria,p__Bacteroidetes,c__Bacteroidia,o__Bacteroidales,f__Prevotellaceae,g__Prevotella,s__
zOTU_1254,k__Bacteria,p__Bacteroidetes,c__Bacteroidia,o__Bacteroidales,f__[Paraprevotellaceae],g__,s__
zOTU_1255,k__Bacteria,p__Actinobacteria,c__Coriobacteriia,o__Coriobacteriales,f__Coriobacteriaceae,g__,s__
zOTU_1256,k__Bacteria,p__Firmicutes,c__Clostridia,o__Clostridiales,f__Ruminococcaceae,g__,s__
zOTU_1257,k__Bacteria,p__Bacteroidetes,c__Bacteroidia,o__Bacteroidales,f__Prevotellaceae,g__Prevotella,s__
zOTU_1258,k__Bacteria,p__Firmicutes,c__Clostridia,o__Clostridiales,f__,g__,s__
zOTU_1259,k__Bacteria,p__Firmicutes,c__Clostridia,o__Clostridiales,f__Ruminococcaceae,g__,s__
zOTU_126,k__Bacteria,p__Actinobacteria,c__Coriobacteriia,o__Coriobacteriales,f__Coriobacteriaceae,g__,s__
zOTU_1260,k__Bacteria,p__Bacteroidetes,c__Bacteroidia,o__Bacteroidales,f__Prevotellaceae,g__Prevotella,s__
zOTU_1261,k__Bacteria,p__Actinobacteria,c__Coriobacteriia,o__Coriobacteriales,f__Coriobacteriaceae,g__,s__
zOTU_1262,k__Bacteria,p__Bacteroidetes,c__Bacteroidia,o__Bacteroidales,f__Prevotellaceae,g__Prevotella,s__
zOTU_1263,k__Bacteria,p__Bacteroidetes,c__Bacteroidia,o__Bacteroidales,f__,g__,s__
zOTU_1265,k__Bacteria,p__Bacteroidetes,c__Bacteroidia,o__Bacteroidales,f__Prevotellaceae,g__Prevotella,s__
zOTU_1266,k__Bacteria,p__Firmicutes,c__Clostridia,o__Clostridiales,f__,g__,s__
zOTU_1267,k__Bacteria,p__Bacteroidetes,c__Bacteroidia,o__Bacteroidales,f__,g__,s__
zOTU_1268,k__Bacteria,p__Firmicutes,c__Clostridia,o__Clostridiales,f__Ruminococcaceae,g__,s__
zOTU_1269,k__Bacteria,p__Firmicutes,c__Clostridia,o__Clostridiales,f__,g__,s__
zOTU_127,k__Bacteria,p__Firmicutes,c__Clostridia,o__Clostridiales,f__Ruminococcaceae,g__Ruminococcus,s__
zOTU_1270,k__Bacteria,p__Bacteroidetes,c__Bacteroidia,o__Bacteroidales,f__Prevotellaceae,g__Prevotella,s__
zOTU_1271,k__Bacteria,p__Firmicutes,c__Clostridia,o__Clostridiales,f__Ruminococcaceae,g__Ruminococcus,s__bromii
zOTU_1272,k__Bacteria,p__Firmicutes,c__Clostridia,o__Clostridiales,f__Clostridiaceae,g__Clostridium,s__
zOTU_1273,k__Bacteria,p__Bacteroidetes,c__Bacteroidia,o__Bacteroidales,f__Prevotellaceae,g__Prevotella,s__
zOTU_1274,k__Bacteria,p__Firmicutes,c__Clostridia,o__Clostridiales,f__Ruminococcaceae,g__Ruminococcus,s__
zOTU_1275,k__Bacteria,p__Bacteroidetes,c__Bacteroidia,o__Bacteroidales,f__Prevotellaceae,g__Prevotella,s__
zOTU_1276,k__Bacteria,p__Bacteroidetes,c__Bacteroidia,o__Bacteroidales,f__Prevotellaceae,g__Prevotella,s__
zOTU_1278,k__Bacteria,p__Cyanobacteria,c__4C0d-2,o__YS2,f__,g__,s__
zOTU_1279,k__Bacteria,p__Bacteroidetes,c__Bacteroidia,o__Bacteroidales,f__Prevotellaceae,g__Prevotella,s__
zOTU_128,k__Bacteria,p__Bacteroidetes,c__Bacteroidia,o__Bacteroidales,f__Prevotellaceae,g__Prevotella,s__
zOTU_1280,k__Bacteria,p__Bacteroidetes,c__Bacteroidia,o__Bacteroidales,f__,g__,s__
zOTU_1281,k__Bacteria,p__Firmicutes,c__Clostridia,o__Clostridiales,f__,g__,s__
zOTU_1282,k__Bacteria,p__Bacteroidetes,c__Bacteroidia,o__Bacteroidales,f__[Paraprevotellaceae],g__,s__
zOTU_1283,k__Bacteria,p__Bacteroidetes,c__Bacteroidia,o__Bacteroidales,f__Prevotellaceae,g__Prevotella,s__
zOTU_1284,k__Bacteria,p__Bacteroidetes,c__Bacteroidia,o__Bacteroidales,f__S24-7,g__,s__
zOTU_1285,k__Bacteria,p__Bacteroidetes,c__Bacteroidia,o__Bacteroidales,f__,g__,s__
zOTU_1286,k__Bacteria,p__Bacteroidetes,c__Bacteroidia,o__Bacteroidales,f__Prevotellaceae,g__Prevotella,s__
zOTU_1287,k__Bacteria,p__Proteobacteria,c__Deltaproteobacteria,o__GMD14H09,f__,g__,s__
zOTU_1288,k__Bacteria,p__Bacteroidetes,c__Bacteroidia,o__Bacteroidales,f__,g__,s__
zOTU_1289,k__Bacteria,p__Firmicutes,c__Clostridia,o__Clostridiales,f__Ruminococcaceae,g__Ruminococcus,s__
zOTU_129,k__Bacteria,p__Firmicutes,c__Clostridia,o__Clostridiales,f__,g__,s__
zOTU_1290,k__Bacteria,p__Bacteroidetes,c__Bacteroidia,o__Bacteroidales,f__S24-7,g__,s__
zOTU_1291,k__Bacteria,p__Firmicutes,c__Clostridia,o__Clostridiales,f__Ruminococcaceae,g__Ruminococcus,s__
zOTU_1292,k__Bacteria,p__Firmicutes,c__Clostridia,o__Clostridiales,f__Lachnospiraceae,g__Butyrivibrio,s__
zOTU_1293,k__Bacteria,p__Firmicutes,c__Clostridia,o__Clostridiales,f__[Mogibacteriaceae],g__,s__
zOTU_1294,k__Bacteria,p__Bacteroidetes,c__Bacteroidia,o__Bacteroidales,f__[Paraprevotellaceae],g__CF231,s__
zOTU_1295,k__Bacteria,p__Bacteroidetes,c__Bacteroidia,o__Bacteroidales,f__Prevotellaceae,g__Prevotella,s__
zOTU_1296,k__Bacteria,p__Bacteroidetes,c__Bacteroidia,o__Bacteroidales,f__Prevotellaceae,g__Prevotella,s__
zOTU_1297,k__Bacteria,p__Bacteroidetes,c__Bacteroidia,o__Bacteroidales,f__Prevotellaceae,g__Prevotella,s__
zOTU_1298,k__Bacteria,p__Bacteroidetes,c__Bacteroidia,o__Bacteroidales,f__[Paraprevotellaceae],g__YRC22,s__
zOTU_1299,k__Bacteria,p__Firmicutes,c__Clostridia,o__Clostridiales,f__Ruminococcaceae,g__Ruminococcus,s__
zOTU_13,k__Bacteria,p__Firmicutes,c__Clostridia,o__Clostridiales,f__,g__,s__
zOTU_130,k__Bacteria,p__Actinobacteria,c__Coriobacteriia,o__Coriobacteriales,f__Coriobacteriaceae,g__,s__
zOTU_1300,k__Bacteria,p__Bacteroidetes,c__Bacteroidia,o__Bacteroidales,f__Prevotellaceae,g__Prevotella,s__
zOTU_1301,k__Bacteria,p__Firmicutes,c__Clostridia,o__Clostridiales,f__Ruminococcaceae,g__,s__
zOTU_1302,k__Bacteria,p__Bacteroidetes,c__Bacteroidia,o__Bacteroidales,f__[Paraprevotellaceae],g__,s__
zOTU_1303,k__Bacteria,p__Bacteroidetes,c__Bacteroidia,o__Bacteroidales,f__,g__,s__
zOTU_1304,k__Bacteria,p__Firmicutes,c__Clostridia,o__Clostridiales,f__,g__,s__
zOTU_1305,k__Bacteria,p__Spirochaetes,c__Spirochaetes,o__Spirochaetales,f__Spirochaetaceae,g__Treponema,s__
zOTU_1306,k__Bacteria,p__Firmicutes,c__Clostridia,o__Clostridiales,f__Ruminococcaceae,g__,s__
zOTU_1307,k__Bacteria,p__Bacteroidetes,c__Bacteroidia,o__Bacteroidales,f__Prevotellaceae,g__Prevotella,s__
zOTU_1308,k__Bacteria,p__Bacteroidetes,c__Bacteroidia,o__Bacteroidales,f__[Paraprevotellaceae],g__CF231,s__
zOTU_1309,k__Bacteria,p__Bacteroidetes,c__Bacteroidia,o__Bacteroidales,f__,g__,s__
zOTU_131,k__Bacteria,p__Firmicutes,c__Clostridia,o__Clostridiales,f__Lachnospiraceae,g__,s__
zOTU_1310,k__Bacteria,p__Firmicutes,c__Clostridia,o__Clostridiales,f__Ruminococcaceae,g__,s__
zOTU_1311,k__Bacteria,p__Firmicutes,c__Clostridia,o__Clostridiales,f__Lachnospiraceae,g__Butyrivibrio,s__
zOTU_1312,k__Bacteria,p__Bacteroidetes,c__Bacteroidia,o__Bacteroidales,f__S24-7,g__,s__
zOTU_1313,k__Bacteria,p__Bacteroidetes,c__Bacteroidia,o__Bacteroidales,f__Prevotellaceae,g__Prevotella,s__
zOTU_1314,k__Bacteria,p__Bacteroidetes,c__Bacteroidia,o__Bacteroidales,f__,g__,s__
zOTU_1315,k__Bacteria,p__Proteobacteria,c__Gammaproteobacteria,o__Enterobacteriales,f__Enterobacteriaceae,g__Erwinia,s__
zOTU_1316,k__Bacteria,p__Actinobacteria,c__Coriobacteriia,o__Coriobacteriales,f__Coriobacteriaceae,g__,s__
zOTU_1317,k__Bacteria,p__Bacteroidetes,c__Bacteroidia,o__Bacteroidales,f__Prevotellaceae,g__Prevotella,s__
zOTU_1318,k__Bacteria,p__Firmicutes,c__Clostridia,o__Clostridiales,f__Ruminococcaceae,g__Ruminococcus,s__
zOTU_1319,k__Bacteria,p__Firmicutes,c__Clostridia,o__Clostridiales,f__[Mogibacteriaceae],g__,s__
zOTU_132,k__Bacteria,p__Firmicutes,c__Clostridia,o__Clostridiales,f__Lachnospiraceae,g__Shuttleworthia,s__
zOTU_1320,k__Bacteria,p__Bacteroidetes,c__Bacteroidia,o__Bacteroidales,f__Prevotellaceae,g__Prevotella,s__
zOTU_1321,k__Bacteria,p__Firmicutes,c__Clostridia,o__Clostridiales,f__Veillonellaceae,g__,s__
zOTU_1322,k__Bacteria,p__Bacteroidetes,c__Bacteroidia,o__Bacteroidales,f__Prevotellaceae,g__Prevotella,s__
zOTU_1323,k__Bacteria,p__Cyanobacteria,c__4C0d-2,o__YS2,f__,g__,s__
zOTU_1324,k__Bacteria,p__Bacteroidetes,c__Bacteroidia,o__Bacteroidales,f__Prevotellaceae,g__Prevotella,s__
zOTU_1325,k__Bacteria,p__Bacteroidetes,c__Bacteroidia,o__Bacteroidales,f__,g__,s__
zOTU_1326,k__Bacteria,p__Bacteroidetes,c__Bacteroidia,o__Bacteroidales,f__Prevotellaceae,g__Prevotella,s__
zOTU_1327,k__Bacteria,p__Fibrobacteres,c__Fibrobacteria,o__Fibrobacterales,f__Fibrobacteraceae,g__Fibrobacter,s__succinogenes
zOTU_1328,k__Bacteria,p__Firmicutes,c__Clostridia,o__Clostridiales,f__Lachnospiraceae,g__,s__
zOTU_1329,k__Bacteria,p__Bacteroidetes,c__Bacteroidia,o__Bacteroidales,f__,g__,s__
zOTU_133,k__Bacteria,p__Firmicutes,c__Clostridia,o__Clostridiales,f__Lachnospiraceae,g__Butyrivibrio,s__
zOTU_1330,k__Bacteria,p__Bacteroidetes,c__Bacteroidia,o__Bacteroidales,f__S24-7,g__,s__
zOTU_1331,k__Bacteria,p__Firmicutes,c__Clostridia,o__Clostridiales,f__Lachnospiraceae,g__,s__
zOTU_1332,k__Bacteria,p__Bacteroidetes,c__Bacteroidia,o__Bacteroidales,f__,g__,s__
zOTU_1333,k__Bacteria,p__Tenericutes,c__Mollicutes,o__Anaeroplasmatales,f__Anaeroplasmataceae,g__Anaeroplasma,s__
zOTU_1334,k__Bacteria,p__Cyanobacteria,c__4C0d-2,o__YS2,f__,g__,s__
zOTU_1335,k__Bacteria,p__Bacteroidetes,c__Bacteroidia,o__Bacteroidales,f__Prevotellaceae,g__Prevotella,s__
zOTU_1336,k__Bacteria,p__Spirochaetes,c__Spirochaetes,o__Spirochaetales,f__Spirochaetaceae,g__Treponema,s__
zOTU_1337,k__Bacteria,p__Fibrobacteres,c__Fibrobacteria,o__Fibrobacterales,f__Fibrobacteraceae,g__Fibrobacter,s__succinogenes
zOTU_1338,k__Bacteria,p__Bacteroidetes,c__Bacteroidia,o__Bacteroidales,f__Prevotellaceae,g__Prevotella,s__
zOTU_1339,k__Bacteria,p__Firmicutes,c__Clostridia,o__Clostridiales,f__Veillonellaceae,g__Succiniclasticum,s__
zOTU_134,k__Bacteria,p__Bacteroidetes,c__Bacteroidia,o__Bacteroidales,f__Prevotellaceae,g__Prevotella,s__
zOTU_1340,k__Bacteria,p__Firmicutes,c__Clostridia,o__Clostridiales,f__Ruminococcaceae,g__Ruminococcus,s__
zOTU_1341,k__Bacteria,p__Bacteroidetes,c__Bacteroidia,o__Bacteroidales,f__Prevotellaceae,g__Prevotella,s__
zOTU_1342,k__Bacteria,p__Bacteroidetes,c__Bacteroidia,o__Bacteroidales,f__Prevotellaceae,g__Prevotella,s__
zOTU_1343,k__Bacteria,p__Tenericutes,c__Mollicutes,o__Anaeroplasmatales,f__Anaeroplasmataceae,g__Anaeroplasma,s__
zOTU_1344,k__Bacteria,p__Fibrobacteres,c__Fibrobacteria,o__Fibrobacterales,f__Fibrobacteraceae,g__Fibrobacter,s__succinogenes
zOTU_1345,k__Bacteria,p__Firmicutes,c__Clostridia,o__Clostridiales,f__,g__,s__
zOTU_1346,k__Bacteria,p__Bacteroidetes,c__Bacteroidia,o__Bacteroidales,f__,g__,s__
zOTU_1347,k__Bacteria,p__Firmicutes,c__Clostridia,o__Clostridiales,f__Lachnospiraceae,g__Butyrivibrio,s__
zOTU_1348,k__Bacteria,p__Bacteroidetes,c__Bacteroidia,o__Bacteroidales,f__,g__,s__
zOTU_1349,k__Bacteria,p__Bacteroidetes,c__Bacteroidia,o__Bacteroidales,f__Prevotellaceae,g__Prevotella,s__
zOTU_135,k__Bacteria,p__Bacteroidetes,c__Bacteroidia,o__Bacteroidales,f__Prevotellaceae,g__Prevotella,s__
zOTU_1351,k__Bacteria,p__Cyanobacteria,c__4C0d-2,o__YS2,f__,g__,s__
zOTU_1352,k__Bacteria,p__Bacteroidetes,c__Bacteroidia,o__Bacteroidales,f__,g__,s__
zOTU_1353,k__Bacteria,p__Bacteroidetes,c__Bacteroidia,o__Bacteroidales,f__Prevotellaceae,g__Prevotella,s__
zOTU_1354,k__Bacteria,p__Bacteroidetes,c__Bacteroidia,o__Bacteroidales,f__[Paraprevotellaceae],g__CF231,s__
zOTU_1355,k__Bacteria,p__Bacteroidetes,c__Bacteroidia,o__Bacteroidales,f__Prevotellaceae,g__Prevotella,s__
zOTU_1356,k__Bacteria,p__Bacteroidetes,c__Bacteroidia,o__Bacteroidales,f__Prevotellaceae,g__Prevotella,s__
zOTU_1357,k__Bacteria,p__Bacteroidetes,c__Bacteroidia,o__Bacteroidales,f__RF16,g__,s__
zOTU_1358,k__Bacteria,p__Actinobacteria,c__Coriobacteriia,o__Coriobacteriales,f__Coriobacteriaceae,g__Slackia,s__
zOTU_1359,k__Bacteria,p__Bacteroidetes,c__Bacteroidia,o__Bacteroidales,f__Prevotellaceae,g__Prevotella,s__
zOTU_136,k__Bacteria,p__Actinobacteria,c__Coriobacteriia,o__Coriobacteriales,f__Coriobacteriaceae,g__,s__
zOTU_1360,k__Bacteria,p__Bacteroidetes,c__Bacteroidia,o__Bacteroidales,f__,g__,s__
zOTU_1361,k__Bacteria,p__Firmicutes,c__Erysipelotrichi,o__Erysipelotrichales,f__Erysipelotrichaceae,g__Bulleidia,s__
zOTU_1362,k__Bacteria,p__Spirochaetes,c__Spirochaetes,o__Spirochaetales,f__Spirochaetaceae,g__Treponema,s__
zOTU_1363,k__Bacteria,p__Bacteroidetes,c__Bacteroidia,o__Bacteroidales,f__Prevotellaceae,g__Prevotella,s__
zOTU_1364,k__Bacteria,p__Bacteroidetes,c__Bacteroidia,o__Bacteroidales,f__,g__,s__
zOTU_1365,k__Bacteria,p__Firmicutes,c__Clostridia,o__Clostridiales,f__,g__,s__
zOTU_1366,k__Bacteria,p__Firmicutes,c__Clostridia,o__Clostridiales,f__,g__,s__
zOTU_1367,k__Bacteria,p__Firmicutes,c__Clostridia,o__Clostridiales,f__Ruminococcaceae,g__Ruminococcus,s__
zOTU_1368,k__Bacteria,p__Firmicutes,c__Clostridia,o__Clostridiales,f__Ruminococcaceae,g__,s__
zOTU_1369,k__Bacteria,p__Bacteroidetes,c__Bacteroidia,o__Bacteroidales,f__S24-7,g__,s__
zOTU_137,k__Bacteria,p__Bacteroidetes,c__Bacteroidia,o__Bacteroidales,f__Prevotellaceae,g__Prevotella,s__
zOTU_1370,k__Bacteria,p__Bacteroidetes,c__Bacteroidia,o__Bacteroidales,f__Prevotellaceae,g__Prevotella,s__
zOTU_1373,k__Bacteria,p__Bacteroidetes,c__Bacteroidia,o__Bacteroidales,f__,g__,s__
zOTU_1374,k__Bacteria,p__Bacteroidetes,c__Bacteroidia,o__Bacteroidales,f__Prevotellaceae,g__Prevotella,s__
zOTU_1375,k__Bacteria,p__Bacteroidetes,c__Bacteroidia,o__Bacteroidales,f__[Paraprevotellaceae],g__YRC22,s__
zOTU_1376,k__Bacteria,p__Bacteroidetes,c__Bacteroidia,o__Bacteroidales,f__,g__,s__
zOTU_1377,k__Bacteria,p__Bacteroidetes,c__Bacteroidia,o__Bacteroidales,f__Prevotellaceae,g__Prevotella,s__
zOTU_1378,k__Bacteria,p__Bacteroidetes,c__Bacteroidia,o__Bacteroidales,f__Prevotellaceae,g__Prevotella,s__
zOTU_1379,k__Bacteria,p__Firmicutes,c__Erysipelotrichi,o__Erysipelotrichales,f__Erysipelotrichaceae,g__[Eubacterium],s__cylindroides
zOTU_138,k__Bacteria,p__Firmicutes,c__Clostridia,o__Clostridiales,f__Veillonellaceae,g__Schwartzia,s__
zOTU_1380,k__Bacteria,p__Bacteroidetes,c__Bacteroidia,o__Bacteroidales,f__Prevotellaceae,g__Prevotella,s__
zOTU_1381,k__Bacteria,p__Bacteroidetes,c__Bacteroidia,o__Bacteroidales,f__Prevotellaceae,g__Prevotella,s__
zOTU_1382,k__Bacteria,p__Actinobacteria,c__Coriobacteriia,o__Coriobacteriales,f__Coriobacteriaceae,g__,s__
zOTU_1383,k__Bacteria,p__Bacteroidetes,c__Bacteroidia,o__Bacteroidales,f__,g__,s__
zOTU_1384,k__Bacteria,p__Firmicutes,c__Clostridia,o__Clostridiales,f__Ruminococcaceae,g__,s__
zOTU_1385,k__Bacteria,p__Actinobacteria,c__Actinobacteria,o__Actinomycetales,f__Corynebacteriaceae,g__Corynebacterium,s__
zOTU_1386,k__Bacteria,p__Bacteroidetes,c__Bacteroidia,o__Bacteroidales,f__Prevotellaceae,g__Prevotella,s__
zOTU_1387,k__Bacteria,p__Firmicutes,c__Clostridia,o__Clostridiales,f__Christensenellaceae,g__,s__
zOTU_1388,k__Bacteria,p__Actinobacteria,c__Coriobacteriia,o__Coriobacteriales,f__Coriobacteriaceae,g__Atopobium,s__
zOTU_1389,k__Bacteria,p__Bacteroidetes,c__Bacteroidia,o__Bacteroidales,f__,g__,s__
zOTU_139,k__Bacteria,p__Firmicutes,c__Clostridia,o__Clostridiales,f__Ruminococcaceae,g__Ruminococcus,s__
zOTU_1390,k__Bacteria,p__Bacteroidetes,c__Bacteroidia,o__Bacteroidales,f__,g__,s__
zOTU_1391,k__Bacteria,p__Bacteroidetes,c__Bacteroidia,o__Bacteroidales,f__Prevotellaceae,g__Prevotella,s__
zOTU_1392,k__Bacteria,p__Firmicutes,c__Clostridia,o__Clostridiales,f__Lachnospiraceae,g__,s__
zOTU_1393,k__Bacteria,p__Firmicutes,c__Clostridia,o__Clostridiales,f__,g__,s__
zOTU_1394,k__Bacteria,p__Bacteroidetes,c__Bacteroidia,o__Bacteroidales,f__Prevotellaceae,g__Prevotella,s__
zOTU_1395,k__Bacteria,p__Firmicutes,c__Clostridia,o__Clostridiales,f__Ruminococcaceae,g__,s__
zOTU_1396,k__Bacteria,p__Actinobacteria,c__Coriobacteriia,o__Coriobacteriales,f__Coriobacteriaceae,g__,s__
zOTU_1397,k__Bacteria,p__Bacteroidetes,c__Bacteroidia,o__Bacteroidales,f__[Paraprevotellaceae],g__CF231,s__
zOTU_1398,k__Bacteria,p__Bacteroidetes,c__Bacteroidia,o__Bacteroidales,f__Prevotellaceae,g__Prevotella,s__
zOTU_14,k__Bacteria,p__Firmicutes,c__Clostridia,o__Clostridiales,f__Lachnospiraceae,g__Butyrivibrio,s__
zOTU_140,k__Bacteria,p__Firmicutes,c__Clostridia,o__Clostridiales,f__Lachnospiraceae,g__Butyrivibrio,s__
zOTU_1400,k__Bacteria,p__Firmicutes,c__Clostridia,o__Clostridiales,f__Ruminococcaceae,g__Ruminococcus,s__
zOTU_1401,k__Bacteria,p__Bacteroidetes,c__Bacteroidia,o__Bacteroidales,f__Prevotellaceae,g__Prevotella,s__
zOTU_1402,k__Bacteria,p__Bacteroidetes,c__Bacteroidia,o__Bacteroidales,f__S24-7,g__,s__
zOTU_1403,k__Bacteria,p__Firmicutes,c__Erysipelotrichi,o__Erysipelotrichales,f__Erysipelotrichaceae,g__RFN20,s__
zOTU_1404,k__Bacteria,p__Bacteroidetes,c__Bacteroidia,o__Bacteroidales,f__S24-7,g__,s__
zOTU_1405,k__Bacteria,p__Bacteroidetes,c__Bacteroidia,o__Bacteroidales,f__[Paraprevotellaceae],g__YRC22,s__
zOTU_1406,k__Bacteria,p__Bacteroidetes,c__Bacteroidia,o__Bacteroidales,f__,g__,s__
zOTU_1407,k__Bacteria,p__Firmicutes,c__Clostridia,o__Clostridiales,f__,g__,s__
zOTU_1409,k__Bacteria,p__Bacteroidetes,c__Bacteroidia,o__Bacteroidales,f__,g__,s__
zOTU_141,k__Bacteria,p__Firmicutes,c__Clostridia,o__Clostridiales,f__,g__,s__
zOTU_1410,k__Bacteria,p__Firmicutes,c__Clostridia,o__Clostridiales,f__Ruminococcaceae,g__Ruminococcus,s__
zOTU_1411,k__Bacteria,p__Bacteroidetes,c__Bacteroidia,o__Bacteroidales,f__,g__,s__
zOTU_1412,k__Bacteria,p__Bacteroidetes,c__Bacteroidia,o__Bacteroidales,f__Prevotellaceae,g__Prevotella,s__
zOTU_1413,k__Bacteria,p__Bacteroidetes,c__Bacteroidia,o__Bacteroidales,f__Prevotellaceae,g__Prevotella,s__
zOTU_1414,k__Bacteria,p__Firmicutes,c__Clostridia,o__Clostridiales,f__Lachnospiraceae,g__,s__
zOTU_1415,k__Bacteria,p__Firmicutes,c__Clostridia,o__Clostridiales,f__Ruminococcaceae,g__,s__
zOTU_1416,k__Bacteria,p__Bacteroidetes,c__Bacteroidia,o__Bacteroidales,f__S24-7,g__,s__
zOTU_1417,k__Bacteria,p__Firmicutes,c__Clostridia,o__Clostridiales,f__Ruminococcaceae,g__Ruminococcus,s__
zOTU_1418,k__Bacteria,p__Bacteroidetes,c__Bacteroidia,o__Bacteroidales,f__,g__,s__
zOTU_1419,k__Bacteria,p__Bacteroidetes,c__Bacteroidia,o__Bacteroidales,f__Prevotellaceae,g__Prevotella,s__
zOTU_142,k__Bacteria,p__Firmicutes,c__Clostridia,o__Clostridiales,f__Ruminococcaceae,g__Ruminococcus,s__
zOTU_1420,k__Bacteria,p__Bacteroidetes,c__Bacteroidia,o__Bacteroidales,f__Prevotellaceae,g__Prevotella,s__
zOTU_1421,k__Bacteria,p__Bacteroidetes,c__Bacteroidia,o__Bacteroidales,f__Prevotellaceae,g__Prevotella,s__
zOTU_1422,k__Bacteria,p__Bacteroidetes,c__Bacteroidia,o__Bacteroidales,f__[Paraprevotellaceae],g__YRC22,s__
zOTU_1423,k__Bacteria,p__Bacteroidetes,c__Bacteroidia,o__Bacteroidales,f__Prevotellaceae,g__Prevotella,s__
zOTU_1424,k__Bacteria,p__Bacteroidetes,c__Bacteroidia,o__Bacteroidales,f__Prevotellaceae,g__Prevotella,s__
zOTU_1425,k__Bacteria,p__Firmicutes,c__Clostridia,o__Clostridiales,f__,g__,s__
zOTU_1426,k__Bacteria,p__Bacteroidetes,c__Bacteroidia,o__Bacteroidales,f__Prevotellaceae,g__Prevotella,s__
zOTU_1427,k__Bacteria,p__Bacteroidetes,c__Bacteroidia,o__Bacteroidales,f__Prevotellaceae,g__Prevotella,s__
zOTU_1428,k__Bacteria,p__Bacteroidetes,c__Bacteroidia,o__Bacteroidales,f__Prevotellaceae,g__Prevotella,s__
zOTU_1429,k__Bacteria,p__Firmicutes,c__Clostridia,o__Clostridiales,f__Ruminococcaceae,g__Ruminococcus,s__
zOTU_143,k__Bacteria,p__Firmicutes,c__Clostridia,o__Clostridiales,f__Lachnospiraceae,g__Coprococcus,s__
zOTU_1430,k__Bacteria,p__Bacteroidetes,c__Bacteroidia,o__Bacteroidales,f__Prevotellaceae,g__Prevotella,s__
zOTU_1431,k__Bacteria,p__TM7,c__TM7-3,o__CW040,f__F16,g__,s__
zOTU_1432,k__Bacteria,p__Firmicutes,c__Clostridia,o__Clostridiales,f__Ruminococcaceae,g__Ruminococcus,s__
zOTU_1433,k__Bacteria,p__Firmicutes,c__Clostridia,o__Clostridiales,f__Ruminococcaceae,g__Ruminococcus,s__
zOTU_1434,k__Bacteria,p__Firmicutes,c__Clostridia,o__Clostridiales,f__[Mogibacteriaceae],g__,s__
zOTU_1435,k__Bacteria,p__Bacteroidetes,c__Bacteroidia,o__Bacteroidales,f__Prevotellaceae,g__Prevotella,s__
zOTU_1436,k__Bacteria,p__Bacteroidetes,c__Bacteroidia,o__Bacteroidales,f__[Paraprevotellaceae],g__,s__
zOTU_1437,k__Bacteria,p__Bacteroidetes,c__Bacteroidia,o__Bacteroidales,f__,g__,s__
zOTU_1438,k__Bacteria,p__Bacteroidetes,c__Bacteroidia,o__Bacteroidales,f__S24-7,g__,s__
zOTU_144,k__Bacteria,p__Firmicutes,c__Clostridia,o__Clostridiales,f__Ruminococcaceae,g__Ruminococcus,s__
zOTU_1440,k__Bacteria,p__Fibrobacteres,c__Fibrobacteria,o__Fibrobacterales,f__Fibrobacteraceae,g__Fibrobacter,s__succinogenes
zOTU_1441,k__Bacteria,p__Firmicutes,c__Clostridia,o__Clostridiales,f__Ruminococcaceae,g__Ruminococcus,s__
zOTU_1442,k__Bacteria,p__Firmicutes,c__Clostridia,o__Clostridiales,f__Veillonellaceae,g__,s__
zOTU_1443,k__Bacteria,p__Bacteroidetes,c__Bacteroidia,o__Bacteroidales,f__Prevotellaceae,g__Prevotella,s__
zOTU_1444,k__Bacteria,p__Firmicutes,c__Clostridia,o__Clostridiales,f__Lachnospiraceae,g__,s__
zOTU_1445,k__Bacteria,p__Firmicutes,c__Clostridia,o__Clostridiales,f__,g__,s__
zOTU_1446,k__Bacteria,p__Firmicutes,c__Clostridia,o__Clostridiales,f__Lachnospiraceae,g__Moryella,s__
zOTU_1447,k__Bacteria,p__Firmicutes,c__Clostridia,o__Clostridiales,f__,g__,s__
zOTU_1448,k__Bacteria,p__Bacteroidetes,c__Bacteroidia,o__Bacteroidales,f__Prevotellaceae,g__Prevotella,s__
zOTU_1449,k__Bacteria,p__Bacteroidetes,c__Bacteroidia,o__Bacteroidales,f__,g__,s__
zOTU_145,k__Bacteria,p__Bacteroidetes,c__Bacteroidia,o__Bacteroidales,f__[Paraprevotellaceae],g__YRC22,s__
zOTU_1450,k__Bacteria,p__Firmicutes,c__Clostridia,o__Clostridiales,f__Lachnospiraceae,g__,s__
zOTU_1451,k__Bacteria,p__Firmicutes,c__Clostridia,o__Clostridiales,f__Ruminococcaceae,g__Ruminococcus,s__
zOTU_1452,k__Bacteria,p__Bacteroidetes,c__Bacteroidia,o__Bacteroidales,f__,g__,s__
zOTU_1453,k__Bacteria,p__Firmicutes,c__Clostridia,o__Clostridiales,f__,g__,s__
zOTU_1454,k__Bacteria,p__Firmicutes,c__Clostridia,o__Clostridiales,f__,g__,s__
zOTU_1455,k__Bacteria,p__Actinobacteria,c__Coriobacteriia,o__Coriobacteriales,f__Coriobacteriaceae,g__,s__
zOTU_1456,k__Bacteria,p__SR1,c__,o__,f__,g__,s__
zOTU_1457,k__Bacteria,p__Firmicutes,c__Clostridia,o__Clostridiales,f__[Mogibacteriaceae],g__Anaerovorax,s__
zOTU_1458,k__Bacteria,p__Bacteroidetes,c__Bacteroidia,o__Bacteroidales,f__Prevotellaceae,g__Prevotella,s__
zOTU_1459,k__Bacteria,p__Firmicutes,c__Clostridia,o__Clostridiales,f__Lachnospiraceae,,
zOTU_146,k__Bacteria,p__Bacteroidetes,c__Bacteroidia,o__Bacteroidales,f__Prevotellaceae,g__Prevotella,s__
zOTU_1460,k__Bacteria,p__Firmicutes,c__Clostridia,o__Clostridiales,f__Ruminococcaceae,g__,s__
zOTU_1461,k__Bacteria,p__Bacteroidetes,c__Bacteroidia,o__Bacteroidales,f__S24-7,g__,s__
zOTU_1462,k__Bacteria,p__Bacteroidetes,c__Bacteroidia,o__Bacteroidales,f__Prevotellaceae,g__Prevotella,s__
zOTU_1463,k__Bacteria,p__Firmicutes,c__Clostridia,o__Clostridiales,f__Lachnospiraceae,g__,s__
zOTU_1464,k__Bacteria,p__Firmicutes,c__Clostridia,o__Clostridiales,f__Clostridiaceae,g__Clostridium,s__
zOTU_1465,k__Bacteria,p__Firmicutes,c__Clostridia,o__Clostridiales,f__Ruminococcaceae,g__Oscillospira,s__
zOTU_1466,k__Bacteria,p__Bacteroidetes,c__Bacteroidia,o__Bacteroidales,f__Prevotellaceae,g__Prevotella,s__copri
zOTU_1467,k__Bacteria,p__Bacteroidetes,c__Bacteroidia,o__Bacteroidales,f__,g__,s__
zOTU_1468,k__Bacteria,p__Firmicutes,c__Clostridia,o__Clostridiales,f__,g__,s__
zOTU_1469,k__Bacteria,p__Bacteroidetes,c__Bacteroidia,o__Bacteroidales,f__Prevotellaceae,g__Prevotella,s__
zOTU_147,k__Bacteria,p__Firmicutes,c__Clostridia,o__Clostridiales,f__Lachnospiraceae,g__Butyrivibrio,s__
zOTU_1470,k__Bacteria,p__Bacteroidetes,c__Bacteroidia,o__Bacteroidales,f__Prevotellaceae,g__Prevotella,s__
zOTU_1472,k__Bacteria,p__Bacteroidetes,c__Bacteroidia,o__Bacteroidales,f__,g__,s__
zOTU_1473,k__Bacteria,p__Bacteroidetes,c__Bacteroidia,o__Bacteroidales,f__Bacteroidaceae,g__BF311,s__
zOTU_1474,k__Bacteria,p__Bacteroidetes,c__Bacteroidia,o__Bacteroidales,f__Prevotellaceae,g__Prevotella,s__
zOTU_1475,k__Bacteria,p__Bacteroidetes,c__Bacteroidia,o__Bacteroidales,f__Prevotellaceae,g__Prevotella,s__stercorea
zOTU_1476,k__Bacteria,p__Bacteroidetes,c__Bacteroidia,o__Bacteroidales,f__,g__,s__
zOTU_1477,k__Bacteria,p__Bacteroidetes,c__Bacteroidia,o__Bacteroidales,f__Prevotellaceae,g__Prevotella,s__
zOTU_1478,k__Bacteria,p__Bacteroidetes,c__Bacteroidia,o__Bacteroidales,f__S24-7,g__,s__
zOTU_1479,k__Bacteria,p__Bacteroidetes,c__Bacteroidia,o__Bacteroidales,f__[Paraprevotellaceae],g__YRC22,s__
zOTU_148,k__Bacteria,p__Actinobacteria,c__Coriobacteriia,o__Coriobacteriales,f__Coriobacteriaceae,g__,s__
zOTU_1480,k__Bacteria,p__Firmicutes,c__Clostridia,o__Clostridiales,f__Ruminococcaceae,g__Oscillospira,s__
zOTU_1481,k__Bacteria,p__Bacteroidetes,c__Bacteroidia,o__Bacteroidales,f__Prevotellaceae,g__Prevotella,s__
zOTU_1482,k__Bacteria,p__Bacteroidetes,c__Bacteroidia,o__Bacteroidales,f__[Paraprevotellaceae],g__CF231,s__
zOTU_1483,k__Bacteria,p__Firmicutes,c__Clostridia,o__Clostridiales,f__,g__,s__
zOTU_1484,k__Bacteria,p__Bacteroidetes,c__Bacteroidia,o__Bacteroidales,f__Prevotellaceae,g__Prevotella,s__
zOTU_1485,k__Bacteria,p__Bacteroidetes,c__Bacteroidia,o__Bacteroidales,f__Prevotellaceae,g__Prevotella,s__
zOTU_1486,k__Bacteria,p__Firmicutes,c__Clostridia,o__Clostridiales,f__Lachnospiraceae,g__Blautia,s__
zOTU_1487,k__Bacteria,p__Firmicutes,c__Clostridia,o__Clostridiales,f__[Mogibacteriaceae],g__,s__
zOTU_1488,k__Bacteria,p__Bacteroidetes,c__Bacteroidia,o__Bacteroidales,f__Prevotellaceae,g__Prevotella,s__stercorea
zOTU_1489,k__Bacteria,p__Bacteroidetes,c__Bacteroidia,o__Bacteroidales,f__Prevotellaceae,g__Prevotella,s__
zOTU_149,k__Bacteria,p__Firmicutes,c__Clostridia,o__Clostridiales,f__Lachnospiraceae,g__Coprococcus,
zOTU_1490,k__Bacteria,p__Firmicutes,c__Clostridia,o__Clostridiales,f__Lachnospiraceae,g__,s__
zOTU_1491,k__Bacteria,p__Bacteroidetes,c__Bacteroidia,o__Bacteroidales,f__[Paraprevotellaceae],g__CF231,s__
zOTU_1492,k__Bacteria,p__Bacteroidetes,c__Bacteroidia,o__Bacteroidales,f__,g__,s__
zOTU_1493,k__Bacteria,p__Firmicutes,c__Clostridia,o__Clostridiales,f__,g__,s__
zOTU_1494,k__Bacteria,p__Bacteroidetes,c__Bacteroidia,o__Bacteroidales,f__Prevotellaceae,g__Prevotella,s__
zOTU_1495,k__Bacteria,p__Firmicutes,c__Clostridia,o__Clostridiales,f__Ruminococcaceae,g__,s__
zOTU_1496,k__Bacteria,p__Bacteroidetes,c__Bacteroidia,o__Bacteroidales,f__,g__,s__
zOTU_1497,k__Bacteria,p__Actinobacteria,c__Actinobacteria,o__Actinomycetales,f__Corynebacteriaceae,g__Corynebacterium,s__variabile
zOTU_1498,k__Bacteria,p__Firmicutes,c__Clostridia,o__Clostridiales,f__,g__,s__
zOTU_1499,k__Bacteria,p__Bacteroidetes,c__Bacteroidia,o__Bacteroidales,f__Prevotellaceae,g__Prevotella,s__
zOTU_15,k__Bacteria,p__Firmicutes,c__Clostridia,o__Clostridiales,f__,g__,s__
zOTU_150,k__Bacteria,p__Firmicutes,c__Clostridia,o__Clostridiales,f__,g__,s__
zOTU_1500,k__Bacteria,p__Bacteroidetes,c__Bacteroidia,o__Bacteroidales,f__Prevotellaceae,g__Prevotella,s__
zOTU_1501,k__Bacteria,p__Firmicutes,c__Erysipelotrichi,o__Erysipelotrichales,f__Erysipelotrichaceae,g__RFN20,s__
zOTU_1502,k__Bacteria,p__Bacteroidetes,c__Bacteroidia,o__Bacteroidales,f__Prevotellaceae,g__Prevotella,s__
zOTU_1503,k__Bacteria,p__Bacteroidetes,c__Bacteroidia,o__Bacteroidales,f__,g__,s__
zOTU_1504,k__Bacteria,p__Firmicutes,c__Clostridia,o__Clostridiales,f__,g__,s__
zOTU_1505,k__Bacteria,p__Firmicutes,c__Clostridia,o__Clostridiales,f__Ruminococcaceae,g__,s__
zOTU_1506,k__Bacteria,p__Bacteroidetes,c__Bacteroidia,o__Bacteroidales,f__Prevotellaceae,g__Prevotella,s__
zOTU_1507,k__Bacteria,p__Firmicutes,c__Clostridia,o__Clostridiales,f__,g__,s__
zOTU_1508,k__Bacteria,p__Bacteroidetes,c__Bacteroidia,o__Bacteroidales,f__Prevotellaceae,g__Prevotella,s__
zOTU_1509,k__Bacteria,p__Firmicutes,c__Clostridia,o__Clostridiales,f__Lachnospiraceae,g__,s__
zOTU_151,k__Bacteria,p__Firmicutes,c__Clostridia,o__Clostridiales,f__Lachnospiraceae,g__,s__
zOTU_1510,k__Bacteria,p__Bacteroidetes,c__Bacteroidia,o__Bacteroidales,f__S24-7,g__,s__
zOTU_1511,k__Bacteria,p__Bacteroidetes,c__Bacteroidia,o__Bacteroidales,f__Prevotellaceae,g__Prevotella,s__
zOTU_1512,k__Bacteria,p__Bacteroidetes,c__Bacteroidia,o__Bacteroidales,f__Prevotellaceae,g__Prevotella,s__
zOTU_1514,k__Bacteria,p__Firmicutes,c__Clostridia,o__Clostridiales,f__Lachnospiraceae,g__,s__
zOTU_1515,k__Bacteria,p__Bacteroidetes,c__Bacteroidia,o__Bacteroidales,f__[Paraprevotellaceae],g__CF231,s__
zOTU_1516,k__Bacteria,p__Firmicutes,c__Clostridia,o__Clostridiales,f__Ruminococcaceae,g__,s__
zOTU_1517,k__Bacteria,p__Bacteroidetes,c__Bacteroidia,o__Bacteroidales,f__Prevotellaceae,g__Prevotella,s__
zOTU_1518,k__Bacteria,p__Bacteroidetes,c__Bacteroidia,o__Bacteroidales,f__,g__,s__
zOTU_1519,k__Bacteria,p__Firmicutes,c__Clostridia,o__Clostridiales,f__Lachnospiraceae,g__Butyrivibrio,s__
zOTU_152,k__Bacteria,p__Bacteroidetes,c__Bacteroidia,o__Bacteroidales,f__[Paraprevotellaceae],g__CF231,s__
zOTU_1520,k__Bacteria,p__Bacteroidetes,c__Bacteroidia,o__Bacteroidales,f__Prevotellaceae,g__Prevotella,s__
zOTU_1521,k__Bacteria,p__Spirochaetes,c__Spirochaetes,o__Spirochaetales,f__Spirochaetaceae,g__Treponema,s__
zOTU_1522,k__Bacteria,p__Bacteroidetes,c__Bacteroidia,o__Bacteroidales,f__Prevotellaceae,g__Prevotella,s__
zOTU_1523,k__Bacteria,p__Cyanobacteria,c__4C0d-2,o__YS2,f__,g__,s__
zOTU_1524,k__Bacteria,p__Firmicutes,c__Erysipelotrichi,o__Erysipelotrichales,f__Erysipelotrichaceae,g__Bulleidia,s__
zOTU_1525,k__Bacteria,p__Firmicutes,c__Clostridia,o__Clostridiales,f__,g__,s__
zOTU_1526,k__Bacteria,p__Bacteroidetes,c__Bacteroidia,o__Bacteroidales,f__Prevotellaceae,g__Prevotella,s__
zOTU_1527,k__Bacteria,p__Bacteroidetes,c__Bacteroidia,o__Bacteroidales,f__Prevotellaceae,g__Prevotella,s__
zOTU_1528,k__Bacteria,p__Firmicutes,c__Clostridia,o__Clostridiales,f__Lachnospiraceae,g__,s__
zOTU_1529,k__Bacteria,p__Bacteroidetes,c__Bacteroidia,o__Bacteroidales,f__Prevotellaceae,g__Prevotella,s__
zOTU_153,k__Bacteria,p__Bacteroidetes,c__Bacteroidia,o__Bacteroidales,f__Prevotellaceae,g__Prevotella,s__
zOTU_1530,k__Bacteria,p__Bacteroidetes,c__Bacteroidia,o__Bacteroidales,f__Prevotellaceae,g__Prevotella,s__
zOTU_1531,k__Bacteria,p__Fibrobacteres,c__Fibrobacteria,o__Fibrobacterales,f__Fibrobacteraceae,g__Fibrobacter,s__succinogenes
zOTU_1532,k__Bacteria,p__Firmicutes,c__Clostridia,o__Clostridiales,f__Veillonellaceae,g__,s__
zOTU_1533,k__Bacteria,p__Firmicutes,c__Clostridia,o__Clostridiales,f__Lachnospiraceae,g__,s__
zOTU_1534,k__Bacteria,p__Actinobacteria,c__Coriobacteriia,o__Coriobacteriales,f__Coriobacteriaceae,g__,s__
zOTU_1535,k__Bacteria,p__Bacteroidetes,c__Bacteroidia,o__Bacteroidales,f__,g__,s__
zOTU_1536,k__Bacteria,p__Actinobacteria,c__Coriobacteriia,o__Coriobacteriales,f__Coriobacteriaceae,g__Slackia,s__
zOTU_1537,k__Bacteria,p__Bacteroidetes,c__Bacteroidia,o__Bacteroidales,f__Prevotellaceae,g__Prevotella,s__
zOTU_1538,k__Bacteria,p__Firmicutes,c__Clostridia,o__Clostridiales,f__,g__,s__
zOTU_1539,k__Bacteria,p__Bacteroidetes,c__Bacteroidia,o__Bacteroidales,f__Prevotellaceae,g__Prevotella,s__
zOTU_154,k__Bacteria,p__Actinobacteria,c__Coriobacteriia,o__Coriobacteriales,f__Coriobacteriaceae,g__,s__
zOTU_1540,k__Bacteria,p__Bacteroidetes,c__Bacteroidia,o__Bacteroidales,f__,g__,s__
zOTU_1541,k__Bacteria,p__Bacteroidetes,c__Bacteroidia,o__Bacteroidales,f__Prevotellaceae,g__Prevotella,s__
zOTU_1542,k__Bacteria,p__Bacteroidetes,c__Bacteroidia,o__Bacteroidales,f__,g__,s__
zOTU_1543,k__Bacteria,p__Bacteroidetes,c__Bacteroidia,o__Bacteroidales,f__Prevotellaceae,g__Prevotella,s__
zOTU_1544,k__Bacteria,p__Bacteroidetes,c__Bacteroidia,o__Bacteroidales,f__Prevotellaceae,g__Prevotella,s__
zOTU_1545,k__Bacteria,p__Bacteroidetes,c__Bacteroidia,o__Bacteroidales,f__Prevotellaceae,g__Prevotella,s__
zOTU_1546,k__Bacteria,p__Firmicutes,c__Clostridia,o__Clostridiales,f__Clostridiaceae,g__Clostridium,s__
zOTU_1547,k__Bacteria,p__Bacteroidetes,c__Bacteroidia,o__Bacteroidales,f__Prevotellaceae,g__Prevotella,s__
zOTU_1548,k__Bacteria,p__Firmicutes,c__Erysipelotrichi,o__Erysipelotrichales,f__Erysipelotrichaceae,g__Bulleidia,s__
zOTU_1549,k__Bacteria,p__Bacteroidetes,c__Bacteroidia,o__Bacteroidales,f__Prevotellaceae,g__Prevotella,s__
zOTU_155,k__Bacteria,p__Bacteroidetes,c__Bacteroidia,o__Bacteroidales,f__Prevotellaceae,g__Prevotella,s__
zOTU_1550,k__Bacteria,p__Bacteroidetes,c__Bacteroidia,o__Bacteroidales,f__[Paraprevotellaceae],g__CF231,s__
zOTU_1551,k__Bacteria,p__Actinobacteria,c__Coriobacteriia,o__Coriobacteriales,f__Coriobacteriaceae,g__Adlercreutzia,s__
zOTU_1552,k__Bacteria,p__Bacteroidetes,c__Bacteroidia,o__Bacteroidales,f__Prevotellaceae,g__Prevotella,s__
zOTU_1553,k__Bacteria,p__TM7,c__TM7-3,o__CW040,f__F16,g__,s__
zOTU_1554,k__Bacteria,p__Bacteroidetes,c__Bacteroidia,o__Bacteroidales,f__,g__,s__
zOTU_1555,k__Bacteria,p__Bacteroidetes,c__Bacteroidia,o__Bacteroidales,f__Prevotellaceae,g__Prevotella,s__
zOTU_1556,k__Bacteria,p__Bacteroidetes,c__Bacteroidia,o__Bacteroidales,f__Prevotellaceae,g__Prevotella,s__
zOTU_1557,k__Bacteria,p__Bacteroidetes,c__Bacteroidia,o__Bacteroidales,f__Prevotellaceae,g__Prevotella,s__
zOTU_1558,k__Bacteria,p__Firmicutes,c__Clostridia,o__Clostridiales,f__,g__,s__
zOTU_1559,k__Bacteria,p__Bacteroidetes,c__Bacteroidia,o__Bacteroidales,f__Prevotellaceae,g__Prevotella,s__
zOTU_156,k__Bacteria,p__Firmicutes,c__Clostridia,o__Clostridiales,f__Lachnospiraceae,g__Lachnospira,s__
zOTU_1560,k__Bacteria,p__Bacteroidetes,c__Bacteroidia,o__Bacteroidales,f__Prevotellaceae,g__Prevotella,s__
zOTU_1561,k__Bacteria,p__Bacteroidetes,c__Bacteroidia,o__Bacteroidales,f__,g__,s__
zOTU_1562,k__Bacteria,p__Firmicutes,c__Clostridia,o__Clostridiales,f__,g__,s__
zOTU_1563,k__Bacteria,p__Firmicutes,c__Clostridia,o__Clostridiales,f__,g__,s__
zOTU_1564,k__Bacteria,p__Bacteroidetes,c__Bacteroidia,o__Bacteroidales,f__Prevotellaceae,g__Prevotella,s__
zOTU_1565,k__Bacteria,p__Bacteroidetes,c__Bacteroidia,o__Bacteroidales,f__Prevotellaceae,g__Prevotella,s__
zOTU_1566,k__Bacteria,p__Bacteroidetes,c__Bacteroidia,o__Bacteroidales,f__Prevotellaceae,g__Prevotella,s__
zOTU_1567,k__Bacteria,p__Tenericutes,c__Mollicutes,o__Anaeroplasmatales,f__Anaeroplasmataceae,g__Anaeroplasma,s__
zOTU_1568,k__Bacteria,p__Bacteroidetes,c__Bacteroidia,o__Bacteroidales,f__Prevotellaceae,g__Prevotella,s__
zOTU_1569,k__Bacteria,p__Bacteroidetes,c__Bacteroidia,o__Bacteroidales,f__Prevotellaceae,g__Prevotella,s__
zOTU_157,k__Bacteria,p__Actinobacteria,c__Coriobacteriia,o__Coriobacteriales,f__Coriobacteriaceae,g__,s__
zOTU_1570,k__Bacteria,p__Bacteroidetes,c__Bacteroidia,o__Bacteroidales,f__Prevotellaceae,g__Prevotella,s__
zOTU_1571,k__Bacteria,p__Bacteroidetes,c__Bacteroidia,o__Bacteroidales,f__Prevotellaceae,g__Prevotella,s__
zOTU_1572,k__Bacteria,p__Bacteroidetes,c__Bacteroidia,o__Bacteroidales,f__S24-7,g__,s__
zOTU_1573,k__Bacteria,p__Bacteroidetes,c__Bacteroidia,o__Bacteroidales,f__Prevotellaceae,g__Prevotella,s__stercorea
zOTU_1574,k__Bacteria,p__Bacteroidetes,c__Bacteroidia,o__Bacteroidales,f__Prevotellaceae,g__Prevotella,s__
zOTU_1575,k__Bacteria,p__Actinobacteria,c__Coriobacteriia,o__Coriobacteriales,f__Coriobacteriaceae,g__Adlercreutzia,s__
zOTU_1576,k__Bacteria,p__Bacteroidetes,c__Bacteroidia,o__Bacteroidales,f__Prevotellaceae,g__Prevotella,s__copri
zOTU_1577,k__Bacteria,p__Bacteroidetes,c__Bacteroidia,o__Bacteroidales,f__Prevotellaceae,g__Prevotella,s__
zOTU_1578,k__Bacteria,p__Firmicutes,c__Clostridia,o__Clostridiales,f__Ruminococcaceae,g__,s__
zOTU_1579,k__Bacteria,p__Bacteroidetes,c__Bacteroidia,o__Bacteroidales,f__Prevotellaceae,g__Prevotella,s__
zOTU_158,k__Bacteria,p__Actinobacteria,c__Coriobacteriia,o__Coriobacteriales,f__Coriobacteriaceae,g__,s__
zOTU_1581,k__Bacteria,p__Bacteroidetes,c__Bacteroidia,o__Bacteroidales,f__,g__,s__
zOTU_1582,k__Bacteria,p__Bacteroidetes,c__Bacteroidia,o__Bacteroidales,f__S24-7,g__,s__
zOTU_1583,k__Bacteria,p__Firmicutes,c__Clostridia,o__Clostridiales,f__Lachnospiraceae,g__,s__
zOTU_1584,k__Bacteria,p__Bacteroidetes,c__Bacteroidia,o__Bacteroidales,f__Prevotellaceae,g__Prevotella,s__
zOTU_1585,k__Bacteria,p__Firmicutes,c__Clostridia,o__Clostridiales,f__[Mogibacteriaceae],g__,s__
zOTU_1586,k__Bacteria,p__Firmicutes,c__Clostridia,o__Clostridiales,f__Ruminococcaceae,g__,s__
zOTU_1587,k__Bacteria,p__Bacteroidetes,c__Bacteroidia,o__Bacteroidales,f__Prevotellaceae,g__Prevotella,s__
zOTU_1588,k__Bacteria,p__Bacteroidetes,c__Bacteroidia,o__Bacteroidales,f__Prevotellaceae,g__Prevotella,s__
zOTU_1589,k__Bacteria,p__Firmicutes,c__Clostridia,o__Clostridiales,f__Ruminococcaceae,g__,s__
zOTU_159,k__Bacteria,p__Firmicutes,c__Clostridia,o__Clostridiales,f__Ruminococcaceae,g__Ruminococcus,s__
zOTU_1590,k__Bacteria,p__Firmicutes,c__Clostridia,o__Clostridiales,f__Ruminococcaceae,g__,s__
zOTU_1591,k__Bacteria,p__Firmicutes,c__Clostridia,o__Clostridiales,f__Ruminococcaceae,g__,s__
zOTU_1592,k__Bacteria,p__Tenericutes,c__Mollicutes,o__Anaeroplasmatales,f__Anaeroplasmataceae,g__Anaeroplasma,s__
zOTU_1593,k__Bacteria,p__Bacteroidetes,c__Bacteroidia,o__Bacteroidales,f__Prevotellaceae,g__Prevotella,s__
zOTU_1594,k__Bacteria,p__Firmicutes,c__Clostridia,o__Clostridiales,f__Lachnospiraceae,g__,s__
zOTU_1595,k__Bacteria,p__Firmicutes,c__Clostridia,o__Clostridiales,f__,g__,s__
zOTU_1596,k__Bacteria,p__Bacteroidetes,c__Bacteroidia,o__Bacteroidales,f__Prevotellaceae,g__Prevotella,s__
zOTU_1597,k__Bacteria,p__Bacteroidetes,c__Bacteroidia,o__Bacteroidales,f__[Paraprevotellaceae],g__CF231,s__
zOTU_1598,k__Bacteria,p__Cyanobacteria,c__4C0d-2,o__YS2,f__,g__,s__
zOTU_1599,k__Bacteria,p__Bacteroidetes,c__Bacteroidia,o__Bacteroidales,f__,g__,s__
zOTU_16,k__Bacteria,p__Bacteroidetes,c__Bacteroidia,o__Bacteroidales,f__Prevotellaceae,g__Prevotella,s__
zOTU_160,k__Bacteria,p__Bacteroidetes,c__Bacteroidia,o__Bacteroidales,f__Prevotellaceae,g__Prevotella,s__
zOTU_1600,k__Bacteria,p__Bacteroidetes,c__Bacteroidia,o__Bacteroidales,f__Bacteroidaceae,g__BF311,s__
zOTU_1601,k__Bacteria,p__Firmicutes,c__Clostridia,o__Clostridiales,f__Lachnospiraceae,,
zOTU_1602,k__Bacteria,p__Bacteroidetes,c__Bacteroidia,o__Bacteroidales,f__Prevotellaceae,g__Prevotella,s__
zOTU_1603,k__Bacteria,p__Firmicutes,c__Clostridia,o__Clostridiales,f__,g__,s__
zOTU_1604,k__Bacteria,p__Bacteroidetes,c__Bacteroidia,o__Bacteroidales,f__Prevotellaceae,g__Prevotella,s__
zOTU_1605,k__Bacteria,p__Firmicutes,c__Clostridia,o__Clostridiales,f__Ruminococcaceae,g__Ruminococcus,s__
zOTU_1606,k__Bacteria,p__Bacteroidetes,c__Bacteroidia,o__Bacteroidales,f__,g__,s__
zOTU_1607,k__Bacteria,p__Bacteroidetes,c__Bacteroidia,o__Bacteroidales,f__Prevotellaceae,g__,s__
zOTU_1608,k__Bacteria,p__Bacteroidetes,c__Bacteroidia,o__Bacteroidales,f__Prevotellaceae,g__Prevotella,s__
zOTU_1609,k__Bacteria,p__Bacteroidetes,c__Bacteroidia,o__Bacteroidales,f__Prevotellaceae,g__Prevotella,s__stercorea
zOTU_161,k__Bacteria,p__Firmicutes,c__Clostridia,o__Clostridiales,f__Lachnospiraceae,g__Butyrivibrio,s__
zOTU_1610,k__Bacteria,p__Firmicutes,c__Clostridia,o__Clostridiales,f__Clostridiaceae,g__Clostridium,s__
zOTU_1611,k__Bacteria,p__Bacteroidetes,c__Bacteroidia,o__Bacteroidales,f__,g__,s__
zOTU_1612,k__Bacteria,p__Bacteroidetes,c__Bacteroidia,o__Bacteroidales,f__Prevotellaceae,g__Prevotella,s__
zOTU_1613,k__Bacteria,p__Bacteroidetes,c__Bacteroidia,o__Bacteroidales,f__Prevotellaceae,g__Prevotella,s__copri
zOTU_1614,k__Bacteria,p__Bacteroidetes,c__Bacteroidia,o__Bacteroidales,f__Prevotellaceae,g__Prevotella,s__
zOTU_1615,k__Bacteria,p__Bacteroidetes,c__Bacteroidia,o__Bacteroidales,f__,g__,s__
zOTU_1616,k__Bacteria,p__Firmicutes,c__Clostridia,o__Clostridiales,f__,g__,s__
zOTU_1617,k__Bacteria,p__Proteobacteria,c__Alphaproteobacteria,o__Rhodospirillales,f__Acetobacteraceae,g__,s__
zOTU_1618,k__Bacteria,p__Firmicutes,c__Clostridia,o__Clostridiales,f__Lachnospiraceae,g__,s__
zOTU_1619,k__Bacteria,p__Bacteroidetes,c__Bacteroidia,o__Bacteroidales,f__,g__,s__
zOTU_162,k__Bacteria,p__Bacteroidetes,c__Bacteroidia,o__Bacteroidales,f__Prevotellaceae,g__Prevotella,s__
zOTU_1620,k__Bacteria,p__Firmicutes,c__Clostridia,o__Clostridiales,f__Ruminococcaceae,g__,s__
zOTU_1621,k__Bacteria,p__Bacteroidetes,c__Bacteroidia,o__Bacteroidales,f__Prevotellaceae,g__Prevotella,s__
zOTU_1623,k__Bacteria,p__Bacteroidetes,c__Bacteroidia,o__Bacteroidales,f__S24-7,g__,s__
zOTU_1624,k__Bacteria,p__Firmicutes,c__Erysipelotrichi,o__Erysipelotrichales,f__Erysipelotrichaceae,g__Bulleidia,s__
zOTU_1625,k__Bacteria,p__Bacteroidetes,c__Bacteroidia,o__Bacteroidales,f__Prevotellaceae,g__Prevotella,s__
zOTU_1626,k__Bacteria,p__Firmicutes,c__Clostridia,o__Clostridiales,f__[Mogibacteriaceae],g__,s__
zOTU_1627,k__Bacteria,p__Bacteroidetes,c__Bacteroidia,o__Bacteroidales,f__[Paraprevotellaceae],g__YRC22,s__
zOTU_1628,k__Bacteria,p__Firmicutes,c__Clostridia,o__Clostridiales,f__Ruminococcaceae,g__,s__
zOTU_1629,k__Bacteria,p__Bacteroidetes,c__Bacteroidia,o__Bacteroidales,f__Prevotellaceae,g__Prevotella,s__
zOTU_163,k__Bacteria,p__Actinobacteria,c__Coriobacteriia,o__Coriobacteriales,f__Coriobacteriaceae,g__,s__
zOTU_1630,k__Bacteria,p__Bacteroidetes,c__Bacteroidia,o__Bacteroidales,f__,g__,s__
zOTU_1631,k__Bacteria,p__Firmicutes,c__Clostridia,o__Clostridiales,f__,g__,s__
zOTU_1632,k__Bacteria,p__Firmicutes,c__Clostridia,o__Clostridiales,f__Ruminococcaceae,g__,s__
zOTU_1633,k__Bacteria,p__Spirochaetes,c__Spirochaetes,o__Spirochaetales,f__Spirochaetaceae,g__Treponema,s__
zOTU_1634,k__Bacteria,p__Firmicutes,c__Erysipelotrichi,o__Erysipelotrichales,f__Erysipelotrichaceae,g__Bulleidia,s__
zOTU_1635,k__Bacteria,p__Firmicutes,c__Clostridia,o__Clostridiales,f__,g__,s__
zOTU_1636,k__Bacteria,p__Actinobacteria,c__Coriobacteriia,o__Coriobacteriales,f__Coriobacteriaceae,g__,s__
zOTU_1637,k__Bacteria,p__Firmicutes,c__Clostridia,o__Clostridiales,f__Ruminococcaceae,g__,s__
zOTU_1638,k__Bacteria,p__Bacteroidetes,c__Bacteroidia,o__Bacteroidales,f__Prevotellaceae,g__Prevotella,s__
zOTU_1639,k__Bacteria,p__Bacteroidetes,c__Bacteroidia,o__Bacteroidales,f__Prevotellaceae,g__Prevotella,s__
zOTU_164,k__Bacteria,p__Firmicutes,c__Clostridia,o__Clostridiales,f__Ruminococcaceae,g__Ruminococcus,s__
zOTU_1640,k__Bacteria,p__Firmicutes,c__Clostridia,o__Clostridiales,f__Ruminococcaceae,g__,s__
zOTU_1641,k__Bacteria,p__Firmicutes,c__Clostridia,o__Clostridiales,f__[Mogibacteriaceae],g__,s__
zOTU_1642,k__Bacteria,p__Bacteroidetes,c__Bacteroidia,o__Bacteroidales,f__Prevotellaceae,g__Prevotella,s__
zOTU_1643,k__Bacteria,p__Bacteroidetes,c__Bacteroidia,o__Bacteroidales,f__Prevotellaceae,g__Prevotella,s__
zOTU_1644,k__Bacteria,p__Bacteroidetes,c__Bacteroidia,o__Bacteroidales,f__,g__,s__
zOTU_1645,k__Bacteria,p__Bacteroidetes,c__Bacteroidia,o__Bacteroidales,f__Prevotellaceae,g__Prevotella,s__
zOTU_1646,k__Bacteria,p__Actinobacteria,c__Coriobacteriia,o__Coriobacteriales,f__Coriobacteriaceae,g__Atopobium,s__vaginae
zOTU_1647,k__Bacteria,p__Bacteroidetes,c__Bacteroidia,o__Bacteroidales,f__[Paraprevotellaceae],g__YRC22,s__
zOTU_1648,k__Bacteria,p__Bacteroidetes,c__Bacteroidia,o__Bacteroidales,f__Prevotellaceae,g__Prevotella,s__
zOTU_1649,k__Bacteria,p__Bacteroidetes,c__Bacteroidia,o__Bacteroidales,f__,g__,s__
zOTU_165,k__Bacteria,p__Bacteroidetes,c__Bacteroidia,o__Bacteroidales,f__Prevotellaceae,g__Prevotella,s__
zOTU_1650,k__Bacteria,p__Bacteroidetes,c__Bacteroidia,o__Bacteroidales,f__Prevotellaceae,g__Prevotella,s__
zOTU_1651,k__Bacteria,p__Bacteroidetes,c__Bacteroidia,o__Bacteroidales,f__Prevotellaceae,g__Prevotella,s__
zOTU_1652,k__Bacteria,p__Bacteroidetes,c__Bacteroidia,o__Bacteroidales,f__Prevotellaceae,g__Prevotella,s__
zOTU_1653,k__Bacteria,p__Bacteroidetes,c__Bacteroidia,o__Bacteroidales,f__,g__,s__
zOTU_1654,k__Bacteria,p__Firmicutes,c__Clostridia,o__Clostridiales,f__Veillonellaceae,g__Selenomonas,s__
zOTU_1655,k__Bacteria,p__Firmicutes,c__Clostridia,o__Clostridiales,f__Eubacteriaceae,g__Pseudoramibacter_Eubacterium,s__
zOTU_1656,k__Bacteria,p__Fibrobacteres,c__Fibrobacteria,o__Fibrobacterales,f__Fibrobacteraceae,g__Fibrobacter,s__succinogenes
zOTU_1657,k__Bacteria,p__Bacteroidetes,c__Bacteroidia,o__Bacteroidales,f__,g__,s__
zOTU_1658,k__Bacteria,p__Firmicutes,c__Clostridia,o__Clostridiales,f__,g__,s__
zOTU_1659,k__Bacteria,p__Elusimicrobia,c__Elusimicrobia,o__Elusimicrobiales,f__Elusimicrobiaceae,g__,s__
zOTU_166,k__Bacteria,p__Actinobacteria,c__Coriobacteriia,o__Coriobacteriales,f__Coriobacteriaceae,g__,s__
zOTU_1660,k__Bacteria,p__Bacteroidetes,c__Bacteroidia,o__Bacteroidales,f__Prevotellaceae,g__Prevotella,s__
zOTU_1661,k__Bacteria,p__Firmicutes,c__Clostridia,o__Clostridiales,f__,g__,s__
zOTU_1662,k__Bacteria,p__Firmicutes,c__Clostridia,o__Clostridiales,f__,g__,s__
zOTU_1663,k__Bacteria,p__Bacteroidetes,c__Bacteroidia,o__Bacteroidales,f__Prevotellaceae,g__Prevotella,s__
zOTU_1664,k__Bacteria,p__Bacteroidetes,c__Bacteroidia,o__Bacteroidales,f__Prevotellaceae,g__Prevotella,s__
zOTU_1665,k__Bacteria,p__Bacteroidetes,c__Bacteroidia,o__Bacteroidales,f__S24-7,g__,s__
zOTU_1666,k__Bacteria,p__Bacteroidetes,c__Bacteroidia,o__Bacteroidales,f__Prevotellaceae,g__Prevotella,s__
zOTU_1667,k__Bacteria,p__Firmicutes,c__Clostridia,o__Clostridiales,f__[Mogibacteriaceae],g__,s__
zOTU_1668,k__Bacteria,p__Bacteroidetes,c__Bacteroidia,o__Bacteroidales,f__Prevotellaceae,g__Prevotella,s__
zOTU_1669,k__Bacteria,p__Fibrobacteres,c__Fibrobacteria,o__Fibrobacterales,f__Fibrobacteraceae,g__Fibrobacter,s__succinogenes
zOTU_167,k__Bacteria,p__Bacteroidetes,c__Bacteroidia,o__Bacteroidales,f__Prevotellaceae,g__Prevotella,s__
zOTU_1670,k__Bacteria,p__Firmicutes,c__Clostridia,o__Clostridiales,f__Lachnospiraceae,g__,s__
zOTU_1671,k__Bacteria,p__Bacteroidetes,c__Bacteroidia,o__Bacteroidales,f__Bacteroidaceae,g__BF311,s__
zOTU_1672,k__Bacteria,p__Bacteroidetes,c__Bacteroidia,o__Bacteroidales,f__,g__,s__
zOTU_1673,k__Bacteria,p__Bacteroidetes,c__Bacteroidia,o__Bacteroidales,f__Prevotellaceae,g__Prevotella,
zOTU_1674,k__Bacteria,p__Bacteroidetes,c__Bacteroidia,o__Bacteroidales,f__Prevotellaceae,g__Prevotella,s__
zOTU_1675,k__Bacteria,p__Firmicutes,c__Clostridia,o__Clostridiales,f__,g__,s__
zOTU_1676,k__Bacteria,p__Firmicutes,c__Clostridia,o__Clostridiales,f__Christensenellaceae,g__,s__
zOTU_1677,k__Bacteria,p__Bacteroidetes,c__Bacteroidia,o__Bacteroidales,f__S24-7,g__,s__
zOTU_1678,k__Bacteria,p__Bacteroidetes,c__Bacteroidia,o__Bacteroidales,f__Prevotellaceae,g__Prevotella,s__
zOTU_1679,k__Bacteria,p__Proteobacteria,c__Gammaproteobacteria,o__Aeromonadales,f__Succinivibrionaceae,g__Succinivibrio,s__
zOTU_168,k__Bacteria,p__Firmicutes,c__Clostridia,o__Clostridiales,f__Lachnospiraceae,g__Shuttleworthia,s__
zOTU_1680,k__Bacteria,p__Firmicutes,c__Clostridia,o__Clostridiales,f__Veillonellaceae,g__Anaerovibrio,s__
zOTU_1681,k__Bacteria,p__Firmicutes,c__Clostridia,o__Clostridiales,f__Lachnospiraceae,g__,s__
zOTU_1682,k__Bacteria,p__Bacteroidetes,c__Bacteroidia,o__Bacteroidales,f__Prevotellaceae,g__Prevotella,s__
zOTU_1683,k__Bacteria,p__Bacteroidetes,c__Bacteroidia,o__Bacteroidales,f__S24-7,g__,s__
zOTU_1684,k__Bacteria,p__Firmicutes,c__Clostridia,o__Clostridiales,f__Lachnospiraceae,g__Anaerostipes,s__
zOTU_1685,k__Bacteria,p__Bacteroidetes,c__Bacteroidia,o__Bacteroidales,f__Prevotellaceae,g__Prevotella,s__
zOTU_1686,k__Bacteria,p__Bacteroidetes,c__Bacteroidia,o__Bacteroidales,f__Prevotellaceae,g__Prevotella,s__
zOTU_1687,k__Bacteria,p__Bacteroidetes,c__Bacteroidia,o__Bacteroidales,f__Prevotellaceae,g__Prevotella,s__
zOTU_1688,k__Bacteria,p__Firmicutes,c__Clostridia,o__Clostridiales,f__Lachnospiraceae,g__Coprococcus,s__
zOTU_1689,k__Bacteria,p__Bacteroidetes,c__Bacteroidia,o__Bacteroidales,f__Prevotellaceae,g__Prevotella,s__
zOTU_169,k__Bacteria,p__Actinobacteria,c__Coriobacteriia,o__Coriobacteriales,f__Coriobacteriaceae,g__,s__
zOTU_1690,k__Bacteria,p__Bacteroidetes,c__Bacteroidia,o__Bacteroidales,f__[Paraprevotellaceae],g__,s__
zOTU_1691,k__Bacteria,p__Bacteroidetes,c__Bacteroidia,o__Bacteroidales,f__,g__,s__
zOTU_1692,k__Bacteria,p__Firmicutes,c__Clostridia,o__Clostridiales,f__Ruminococcaceae,g__Ruminococcus,s__
zOTU_1693,k__Bacteria,p__Firmicutes,c__Clostridia,o__Clostridiales,f__Ruminococcaceae,g__,s__
zOTU_1694,k__Bacteria,p__Bacteroidetes,c__Bacteroidia,o__Bacteroidales,f__Prevotellaceae,g__Prevotella,s__
zOTU_1695,k__Bacteria,p__Bacteroidetes,c__Bacteroidia,o__Bacteroidales,f__Prevotellaceae,g__Prevotella,s__
zOTU_1696,k__Bacteria,p__Bacteroidetes,c__Bacteroidia,o__Bacteroidales,f__Prevotellaceae,g__Prevotella,s__
zOTU_1697,k__Bacteria,p__Firmicutes,c__Clostridia,o__Clostridiales,f__Lachnospiraceae,g__Butyrivibrio,s__
zOTU_1698,k__Bacteria,p__Firmicutes,c__Clostridia,o__Clostridiales,f__,g__,s__
zOTU_1699,k__Bacteria,p__Bacteroidetes,c__Bacteroidia,o__Bacteroidales,f__S24-7,g__,s__
zOTU_17,k__Bacteria,p__Bacteroidetes,c__Bacteroidia,o__Bacteroidales,f__Prevotellaceae,g__Prevotella,s__
zOTU_170,k__Bacteria,p__Bacteroidetes,c__Bacteroidia,o__Bacteroidales,f__Prevotellaceae,g__Prevotella,s__
zOTU_1700,k__Bacteria,p__Bacteroidetes,c__Bacteroidia,o__Bacteroidales,f__,g__,s__
zOTU_1701,k__Bacteria,p__Bacteroidetes,c__Bacteroidia,o__Bacteroidales,f__Bacteroidaceae,g__BF311,s__
zOTU_1702,k__Bacteria,p__Firmicutes,c__Clostridia,o__Clostridiales,f__Ruminococcaceae,g__Ruminococcus,s__
zOTU_1703,k__Bacteria,p__Bacteroidetes,c__Bacteroidia,o__Bacteroidales,f__Prevotellaceae,g__Prevotella,s__
zOTU_1704,k__Bacteria,p__Firmicutes,c__Clostridia,o__Clostridiales,f__Ruminococcaceae,g__,s__
zOTU_1705,k__Bacteria,p__Bacteroidetes,c__Bacteroidia,o__Bacteroidales,f__[Paraprevotellaceae],g__CF231,s__
zOTU_1706,k__Bacteria,p__Bacteroidetes,c__Bacteroidia,o__Bacteroidales,f__,g__,s__
zOTU_1707,k__Bacteria,p__Bacteroidetes,c__Bacteroidia,o__Bacteroidales,f__Prevotellaceae,g__Prevotella,s__
zOTU_1708,k__Bacteria,p__Firmicutes,c__Clostridia,o__Clostridiales,f__Clostridiaceae,,
zOTU_1709,k__Bacteria,p__Bacteroidetes,c__Bacteroidia,o__Bacteroidales,f__,g__,s__
zOTU_171,k__Bacteria,p__Bacteroidetes,c__Bacteroidia,o__Bacteroidales,f__Prevotellaceae,g__Prevotella,s__
zOTU_1710,k__Bacteria,p__Bacteroidetes,c__Bacteroidia,o__Bacteroidales,f__Prevotellaceae,g__Prevotella,s__
zOTU_1711,k__Bacteria,p__Actinobacteria,c__Coriobacteriia,o__Coriobacteriales,f__Coriobacteriaceae,g__,s__
zOTU_1712,k__Bacteria,p__Bacteroidetes,c__Bacteroidia,o__Bacteroidales,f__,g__,s__
zOTU_1713,k__Bacteria,p__Bacteroidetes,c__Bacteroidia,o__Bacteroidales,f__,g__,s__
zOTU_1714,k__Bacteria,p__Bacteroidetes,c__Bacteroidia,o__Bacteroidales,f__Prevotellaceae,g__Prevotella,s__
zOTU_1715,k__Bacteria,p__Bacteroidetes,c__Bacteroidia,o__Bacteroidales,f__Prevotellaceae,g__Prevotella,s__
zOTU_1716,k__Bacteria,p__Firmicutes,c__Clostridia,o__Clostridiales,f__[Mogibacteriaceae],g__,s__
zOTU_1717,k__Bacteria,p__Bacteroidetes,c__Bacteroidia,o__Bacteroidales,f__,g__,s__
zOTU_1718,k__Bacteria,p__Bacteroidetes,c__Bacteroidia,o__Bacteroidales,f__S24-7,g__,s__
zOTU_1719,k__Bacteria,p__Bacteroidetes,c__Bacteroidia,o__Bacteroidales,f__Prevotellaceae,g__Prevotella,s__
zOTU_172,k__Bacteria,p__Spirochaetes,c__Spirochaetes,o__Spirochaetales,f__Spirochaetaceae,g__Treponema,s__
zOTU_1720,k__Bacteria,p__Bacteroidetes,c__Bacteroidia,o__Bacteroidales,f__Prevotellaceae,g__Prevotella,s__
zOTU_1721,k__Bacteria,p__Bacteroidetes,c__Bacteroidia,o__Bacteroidales,f__S24-7,g__,s__
zOTU_1722,k__Bacteria,p__Cyanobacteria,c__4C0d-2,o__YS2,f__,g__,s__
zOTU_1723,k__Bacteria,p__Bacteroidetes,c__Bacteroidia,o__Bacteroidales,f__,g__,s__
zOTU_1724,k__Bacteria,p__Bacteroidetes,c__Bacteroidia,o__Bacteroidales,f__Prevotellaceae,g__Prevotella,s__
zOTU_1725,k__Bacteria,p__Bacteroidetes,c__Bacteroidia,o__Bacteroidales,f__Prevotellaceae,g__Prevotella,s__
zOTU_1726,k__Bacteria,p__Spirochaetes,c__Spirochaetes,o__Spirochaetales,f__Spirochaetaceae,g__Treponema,s__
zOTU_1727,k__Bacteria,p__Bacteroidetes,c__Bacteroidia,o__Bacteroidales,f__,g__,s__
zOTU_1728,k__Bacteria,p__Firmicutes,c__Clostridia,o__Clostridiales,f__Ruminococcaceae,g__,s__
zOTU_1729,k__Bacteria,p__TM7,c__TM7-3,o__CW040,f__F16,g__,s__
zOTU_173,k__Bacteria,p__Firmicutes,c__Clostridia,o__Clostridiales,f__Veillonellaceae,g__Anaerovibrio,s__
zOTU_1730,k__Bacteria,p__Bacteroidetes,c__Bacteroidia,o__Bacteroidales,f__Prevotellaceae,g__Prevotella,s__
zOTU_1731,k__Bacteria,p__Bacteroidetes,c__Bacteroidia,o__Bacteroidales,f__,g__,s__
zOTU_1733,k__Bacteria,p__Bacteroidetes,c__Bacteroidia,o__Bacteroidales,f__S24-7,g__,s__
zOTU_1734,k__Bacteria,p__Firmicutes,c__Clostridia,o__Clostridiales,f__Veillonellaceae,g__Anaerovibrio,s__
zOTU_1735,k__Bacteria,p__Actinobacteria,c__Actinobacteria,o__Actinomycetales,f__Corynebacteriaceae,g__Corynebacterium,s__
zOTU_1736,k__Bacteria,p__Firmicutes,c__Erysipelotrichi,o__Erysipelotrichales,f__Erysipelotrichaceae,g__[Eubacterium],s__cylindroides
zOTU_1737,k__Bacteria,p__Firmicutes,c__Clostridia,o__Clostridiales,f__Veillonellaceae,g__Dialister,s__
zOTU_1738,k__Bacteria,p__Bacteroidetes,c__Bacteroidia,o__Bacteroidales,f__Prevotellaceae,g__Prevotella,s__
zOTU_1739,k__Bacteria,p__Bacteroidetes,c__Bacteroidia,o__Bacteroidales,f__,g__,s__
zOTU_174,k__Bacteria,p__Bacteroidetes,c__Bacteroidia,o__Bacteroidales,f__Prevotellaceae,g__Prevotella,s__
zOTU_1740,k__Bacteria,p__Proteobacteria,c__Deltaproteobacteria,o__GMD14H09,f__,g__,s__
zOTU_1741,k__Bacteria,p__Tenericutes,c__Mollicutes,o__Anaeroplasmatales,f__Anaeroplasmataceae,g__Anaeroplasma,s__
zOTU_1742,k__Bacteria,p__Bacteroidetes,c__Bacteroidia,o__Bacteroidales,f__Prevotellaceae,g__Prevotella,s__
zOTU_1743,k__Bacteria,p__Firmicutes,c__Clostridia,o__Clostridiales,f__,g__,s__
zOTU_1744,k__Bacteria,p__Cyanobacteria,c__4C0d-2,o__YS2,f__,g__,s__
zOTU_1745,k__Bacteria,p__Firmicutes,c__Clostridia,o__Clostridiales,f__Ruminococcaceae,g__Ruminococcus,s__
zOTU_1746,k__Bacteria,p__Bacteroidetes,c__Bacteroidia,o__Bacteroidales,f__Prevotellaceae,g__Prevotella,s__
zOTU_1747,k__Bacteria,p__Firmicutes,c__Clostridia,o__Clostridiales,f__Lachnospiraceae,g__Butyrivibrio,s__
zOTU_1748,k__Bacteria,p__Bacteroidetes,c__Bacteroidia,o__Bacteroidales,f__Prevotellaceae,g__Prevotella,s__
zOTU_1749,k__Bacteria,p__Firmicutes,c__Erysipelotrichi,o__Erysipelotrichales,f__Erysipelotrichaceae,g__Bulleidia,s__
zOTU_175,k__Bacteria,p__Firmicutes,c__Clostridia,o__Clostridiales,f__,g__,s__
zOTU_1750,k__Bacteria,p__Bacteroidetes,c__Bacteroidia,o__Bacteroidales,f__Prevotellaceae,g__Prevotella,s__
zOTU_1751,k__Bacteria,p__Bacteroidetes,c__Bacteroidia,o__Bacteroidales,f__Prevotellaceae,g__Prevotella,s__
zOTU_1752,k__Bacteria,p__Firmicutes,c__Clostridia,o__Clostridiales,f__Eubacteriaceae,g__Pseudoramibacter_Eubacterium,s__
zOTU_1753,k__Bacteria,p__Bacteroidetes,c__Bacteroidia,o__Bacteroidales,f__,g__,s__
zOTU_1754,k__Bacteria,p__Firmicutes,c__Clostridia,o__Clostridiales,f__,g__,s__
zOTU_1755,k__Bacteria,p__Bacteroidetes,c__Bacteroidia,o__Bacteroidales,f__[Paraprevotellaceae],g__,s__
zOTU_1756,k__Bacteria,p__Bacteroidetes,c__Bacteroidia,o__Bacteroidales,f__Prevotellaceae,g__Prevotella,s__
zOTU_1757,k__Bacteria,p__Firmicutes,c__Clostridia,o__Clostridiales,f__Lachnospiraceae,g__,s__
zOTU_1758,k__Bacteria,p__Bacteroidetes,c__Bacteroidia,o__Bacteroidales,f__Prevotellaceae,g__Prevotella,s__
zOTU_1759,k__Bacteria,p__Bacteroidetes,c__Bacteroidia,o__Bacteroidales,f__,g__,s__
zOTU_176,k__Bacteria,p__Bacteroidetes,c__Bacteroidia,o__Bacteroidales,f__,g__,s__
zOTU_1761,k__Bacteria,p__Firmicutes,c__Clostridia,o__Clostridiales,f__Ruminococcaceae,g__Ruminococcus,s__
zOTU_1762,k__Bacteria,p__Firmicutes,c__Erysipelotrichi,o__Erysipelotrichales,f__Erysipelotrichaceae,g__RFN20,s__
zOTU_1763,k__Bacteria,p__Bacteroidetes,c__Bacteroidia,o__Bacteroidales,f__p-2534-18B5,g__,s__
zOTU_1764,k__Bacteria,p__Bacteroidetes,c__Bacteroidia,o__Bacteroidales,f__Prevotellaceae,g__Prevotella,s__
zOTU_1765,k__Bacteria,p__Firmicutes,c__Clostridia,o__Clostridiales,f__Lachnospiraceae,g__,s__
zOTU_1766,k__Bacteria,p__Firmicutes,c__Clostridia,o__Clostridiales,f__,g__,s__
zOTU_1767,k__Bacteria,p__Fibrobacteres,c__Fibrobacteria,o__Fibrobacterales,f__Fibrobacteraceae,g__Fibrobacter,s__succinogenes
zOTU_1768,k__Bacteria,p__WPS-2,c__,o__,f__,g__,s__
zOTU_1769,k__Bacteria,p__Fibrobacteres,c__Fibrobacteria,o__Fibrobacterales,f__Fibrobacteraceae,g__Fibrobacter,s__succinogenes
zOTU_177,k__Bacteria,p__Bacteroidetes,c__Bacteroidia,o__Bacteroidales,f__Prevotellaceae,g__Prevotella,s__
zOTU_1770,k__Bacteria,p__Actinobacteria,c__Coriobacteriia,o__Coriobacteriales,f__Coriobacteriaceae,g__,s__
zOTU_1771,k__Bacteria,p__Bacteroidetes,c__Bacteroidia,o__Bacteroidales,f__Prevotellaceae,g__Prevotella,s__
zOTU_1772,k__Bacteria,p__Bacteroidetes,c__Bacteroidia,o__Bacteroidales,f__Prevotellaceae,g__Prevotella,s__
zOTU_1773,k__Bacteria,p__Firmicutes,c__Clostridia,o__Clostridiales,f__Lachnospiraceae,g__,s__
zOTU_1774,k__Bacteria,p__Bacteroidetes,c__Bacteroidia,o__Bacteroidales,f__Prevotellaceae,g__Prevotella,s__
zOTU_1775,k__Bacteria,p__Firmicutes,c__Clostridia,o__Clostridiales,f__Ruminococcaceae,g__,s__
zOTU_1776,k__Bacteria,p__Bacteroidetes,c__Bacteroidia,o__Bacteroidales,f__Prevotellaceae,g__Prevotella,s__copri
zOTU_1777,k__Bacteria,p__Bacteroidetes,c__Bacteroidia,o__Bacteroidales,f__Prevotellaceae,g__Prevotella,s__
zOTU_1778,k__Bacteria,p__Bacteroidetes,c__Bacteroidia,o__Bacteroidales,f__S24-7,g__,s__
zOTU_1779,k__Bacteria,p__Bacteroidetes,c__Bacteroidia,o__Bacteroidales,f__Prevotellaceae,g__Prevotella,s__
zOTU_178,k__Bacteria,p__Firmicutes,c__Clostridia,o__Clostridiales,f__Lachnospiraceae,g__Butyrivibrio,s__
zOTU_1780,k__Bacteria,p__Bacteroidetes,c__Bacteroidia,o__Bacteroidales,f__,g__,s__
zOTU_1781,k__Bacteria,p__Firmicutes,c__Clostridia,o__Clostridiales,f__Veillonellaceae,g__,s__
zOTU_1782,k__Bacteria,p__Bacteroidetes,c__Bacteroidia,o__Bacteroidales,f__Prevotellaceae,g__Prevotella,s__
zOTU_1783,k__Bacteria,p__Bacteroidetes,c__Bacteroidia,o__Bacteroidales,f__S24-7,g__,s__
zOTU_1784,k__Bacteria,p__Bacteroidetes,c__Bacteroidia,o__Bacteroidales,f__Prevotellaceae,g__Prevotella,s__
zOTU_1785,k__Bacteria,p__Firmicutes,c__Clostridia,o__Clostridiales,f__Clostridiaceae,g__,s__
zOTU_1786,k__Bacteria,p__Firmicutes,c__Erysipelotrichi,o__Erysipelotrichales,f__Erysipelotrichaceae,g__RFN20,s__
zOTU_1787,k__Bacteria,p__Bacteroidetes,c__Bacteroidia,o__Bacteroidales,f__Prevotellaceae,g__Prevotella,s__
zOTU_1788,k__Bacteria,p__Bacteroidetes,c__Bacteroidia,o__Bacteroidales,f__Prevotellaceae,g__Prevotella,s__
zOTU_1789,k__Bacteria,p__Firmicutes,c__Clostridia,o__Clostridiales,f__Ruminococcaceae,g__,s__
zOTU_179,k__Bacteria,p__Firmicutes,c__Clostridia,o__Clostridiales,f__Lachnospiraceae,g__,s__
zOTU_1790,k__Bacteria,p__Firmicutes,c__Clostridia,o__Clostridiales,f__Lachnospiraceae,g__Butyrivibrio,s__
zOTU_1791,k__Bacteria,p__Spirochaetes,c__Spirochaetes,o__Spirochaetales,f__Spirochaetaceae,g__Treponema,s__
zOTU_1792,k__Bacteria,p__Proteobacteria,c__Deltaproteobacteria,o__Desulfovibrionales,f__Desulfovibrionaceae,g__Desulfovibrio,s__
zOTU_1793,k__Bacteria,p__Bacteroidetes,c__Bacteroidia,o__Bacteroidales,f__,g__,s__
zOTU_1794,k__Bacteria,p__Cyanobacteria,c__4C0d-2,o__YS2,f__,g__,s__
zOTU_1795,k__Bacteria,p__Firmicutes,c__Clostridia,o__Clostridiales,f__,g__,s__
zOTU_1796,k__Bacteria,p__Bacteroidetes,c__Bacteroidia,o__Bacteroidales,f__S24-7,g__,s__
zOTU_1797,k__Bacteria,p__Actinobacteria,c__Coriobacteriia,o__Coriobacteriales,f__Coriobacteriaceae,g__Slackia,s__
zOTU_1798,k__Bacteria,p__Bacteroidetes,c__Bacteroidia,o__Bacteroidales,f__,g__,s__
zOTU_1799,k__Bacteria,p__Firmicutes,c__Clostridia,o__Clostridiales,f__Ruminococcaceae,g__,s__
zOTU_18,k__Bacteria,p__Firmicutes,c__Clostridia,o__Clostridiales,f__Lachnospiraceae,g__,s__
zOTU_180,k__Bacteria,p__Bacteroidetes,c__Bacteroidia,o__Bacteroidales,f__Prevotellaceae,g__Prevotella,s__
zOTU_1800,k__Bacteria,p__Bacteroidetes,c__Bacteroidia,o__Bacteroidales,f__,g__,s__
zOTU_1801,k__Bacteria,p__Actinobacteria,c__Coriobacteriia,o__Coriobacteriales,f__Coriobacteriaceae,,
zOTU_1802,k__Bacteria,p__Firmicutes,c__Erysipelotrichi,o__Erysipelotrichales,f__Erysipelotrichaceae,g__Bulleidia,s__
zOTU_1803,k__Bacteria,p__Bacteroidetes,c__Bacteroidia,o__Bacteroidales,f__Prevotellaceae,g__Prevotella,s__
zOTU_1804,k__Bacteria,p__Firmicutes,c__Clostridia,o__Clostridiales,f__,g__,s__
zOTU_1805,k__Bacteria,p__Bacteroidetes,c__Bacteroidia,o__Bacteroidales,f__BS11,g__,s__
zOTU_1806,k__Bacteria,p__Bacteroidetes,c__Bacteroidia,o__Bacteroidales,f__Prevotellaceae,g__Prevotella,s__
zOTU_1807,k__Bacteria,p__Firmicutes,c__Erysipelotrichi,o__Erysipelotrichales,f__Erysipelotrichaceae,g__Bulleidia,s__moorei
zOTU_1809,k__Bacteria,p__Bacteroidetes,c__Bacteroidia,o__Bacteroidales,f__[Paraprevotellaceae],g__CF231,s__
zOTU_181,k__Bacteria,p__Bacteroidetes,c__Bacteroidia,o__Bacteroidales,f__,g__,s__
zOTU_1810,k__Bacteria,p__Bacteroidetes,c__Bacteroidia,o__Bacteroidales,f__[Paraprevotellaceae],g__CF231,s__
zOTU_1811,k__Bacteria,p__Firmicutes,c__Clostridia,o__Clostridiales,f__Ruminococcaceae,g__,s__
zOTU_1812,k__Bacteria,p__Firmicutes,c__Clostridia,o__Clostridiales,f__Ruminococcaceae,g__Ruminococcus,s__
zOTU_1813,k__Bacteria,p__Bacteroidetes,c__Bacteroidia,o__Bacteroidales,f__Prevotellaceae,g__Prevotella,s__
zOTU_1814,k__Bacteria,p__Bacteroidetes,c__Bacteroidia,o__Bacteroidales,f__,g__,s__
zOTU_1815,k__Bacteria,p__Firmicutes,c__Clostridia,o__Clostridiales,f__,g__,s__
zOTU_1816,k__Bacteria,p__Firmicutes,c__Clostridia,o__Clostridiales,f__Ruminococcaceae,g__,s__
zOTU_1817,k__Bacteria,p__Bacteroidetes,c__Bacteroidia,o__Bacteroidales,f__,g__,s__
zOTU_1818,k__Bacteria,p__Bacteroidetes,c__Bacteroidia,o__Bacteroidales,f__Prevotellaceae,g__Prevotella,s__
zOTU_1819,k__Bacteria,p__Cyanobacteria,c__Chloroplast,o__Streptophyta,f__,g__,s__
zOTU_182,k__Bacteria,p__Actinobacteria,c__Coriobacteriia,o__Coriobacteriales,f__Coriobacteriaceae,g__,s__
zOTU_1820,k__Bacteria,p__Firmicutes,c__Clostridia,o__Clostridiales,f__Christensenellaceae,g__,s__
zOTU_1821,k__Bacteria,p__Cyanobacteria,c__4C0d-2,o__YS2,f__,g__,s__
zOTU_1822,k__Bacteria,p__Firmicutes,c__Erysipelotrichi,o__Erysipelotrichales,f__Erysipelotrichaceae,g__p-75-a5,s__
zOTU_1823,k__Bacteria,p__Firmicutes,c__Clostridia,o__Clostridiales,f__Lachnospiraceae,g__Butyrivibrio,s__
zOTU_1824,k__Bacteria,p__Firmicutes,c__Clostridia,o__Clostridiales,f__Lachnospiraceae,g__,s__
zOTU_1825,k__Bacteria,p__Firmicutes,c__Clostridia,o__Clostridiales,f__,g__,s__
zOTU_1826,k__Bacteria,p__Firmicutes,c__Clostridia,o__Clostridiales,f__,g__,s__
zOTU_1827,k__Bacteria,p__Bacteroidetes,c__Bacteroidia,o__Bacteroidales,f__,g__,s__
zOTU_1828,k__Bacteria,p__Bacteroidetes,c__Bacteroidia,o__Bacteroidales,f__[Paraprevotellaceae],g__Paraprevotella,s__
zOTU_1829,k__Bacteria,p__Bacteroidetes,c__Bacteroidia,o__Bacteroidales,f__Prevotellaceae,g__Prevotella,s__
zOTU_183,k__Bacteria,p__Bacteroidetes,c__Bacteroidia,o__Bacteroidales,f__Prevotellaceae,g__Prevotella,s__
zOTU_1830,k__Bacteria,p__Firmicutes,c__Clostridia,o__Clostridiales,f__,g__,s__
zOTU_1831,k__Bacteria,p__Bacteroidetes,c__Bacteroidia,o__Bacteroidales,f__Prevotellaceae,g__Prevotella,s__
zOTU_1832,k__Bacteria,p__Bacteroidetes,c__Bacteroidia,o__Bacteroidales,f__Prevotellaceae,g__Prevotella,s__
zOTU_1833,k__Bacteria,p__Bacteroidetes,c__Bacteroidia,o__Bacteroidales,f__,g__,s__
zOTU_1834,k__Bacteria,p__Bacteroidetes,c__Bacteroidia,o__Bacteroidales,f__Prevotellaceae,g__Prevotella,s__stercorea
zOTU_1835,k__Bacteria,p__Firmicutes,c__Clostridia,o__Clostridiales,f__,g__,s__
zOTU_1836,k__Bacteria,p__Fibrobacteres,c__Fibrobacteria,o__Fibrobacterales,f__Fibrobacteraceae,g__Fibrobacter,s__succinogenes
zOTU_1837,k__Bacteria,p__Proteobacteria,c__Gammaproteobacteria,o__Aeromonadales,f__Succinivibrionaceae,g__Succinivibrio,s__
zOTU_1838,k__Bacteria,p__Bacteroidetes,c__Bacteroidia,o__Bacteroidales,f__,g__,s__
zOTU_184,k__Bacteria,p__Firmicutes,c__Clostridia,o__Clostridiales,f__Lachnospiraceae,g__,s__
zOTU_1840,k__Bacteria,p__Bacteroidetes,c__Bacteroidia,o__Bacteroidales,f__[Paraprevotellaceae],g__,s__
zOTU_1841,k__Bacteria,p__Bacteroidetes,c__Bacteroidia,o__Bacteroidales,f__,g__,s__
zOTU_1842,k__Bacteria,p__Firmicutes,c__Clostridia,o__Clostridiales,f__Ruminococcaceae,g__Oscillospira,s__
zOTU_1843,k__Bacteria,p__Bacteroidetes,c__Bacteroidia,o__Bacteroidales,f__Prevotellaceae,g__Prevotella,s__
zOTU_1844,k__Bacteria,p__Bacteroidetes,c__Bacteroidia,o__Bacteroidales,f__Prevotellaceae,g__Prevotella,s__
zOTU_1845,k__Bacteria,p__Firmicutes,c__Clostridia,o__Clostridiales,f__Ruminococcaceae,g__,s__
zOTU_1847,k__Bacteria,p__Bacteroidetes,c__Bacteroidia,o__Bacteroidales,f__Prevotellaceae,g__Prevotella,s__
zOTU_1848,k__Bacteria,p__Bacteroidetes,c__Bacteroidia,o__Bacteroidales,f__Prevotellaceae,g__Prevotella,s__
zOTU_1849,k__Bacteria,p__Firmicutes,c__Clostridia,o__MBA08,f__,g__,s__
zOTU_185,k__Bacteria,p__Firmicutes,c__Clostridia,o__Clostridiales,f__,g__,s__
zOTU_1850,k__Bacteria,p__Bacteroidetes,c__Bacteroidia,o__Bacteroidales,f__BS11,g__,s__
zOTU_1851,k__Bacteria,p__Bacteroidetes,c__Bacteroidia,o__Bacteroidales,f__,g__,s__
zOTU_1852,k__Bacteria,p__Bacteroidetes,c__Bacteroidia,o__Bacteroidales,f__[Paraprevotellaceae],g__YRC22,s__
zOTU_1853,k__Bacteria,p__Spirochaetes,c__Spirochaetes,o__Spirochaetales,f__Spirochaetaceae,g__Treponema,s__
zOTU_1854,k__Bacteria,p__Bacteroidetes,c__Bacteroidia,o__Bacteroidales,f__Prevotellaceae,g__Prevotella,s__
zOTU_1855,k__Bacteria,p__Firmicutes,c__Clostridia,o__Clostridiales,f__,g__,s__
zOTU_1856,k__Bacteria,p__Bacteroidetes,c__Bacteroidia,o__Bacteroidales,f__Prevotellaceae,g__Prevotella,s__
zOTU_1857,k__Bacteria,p__Spirochaetes,c__Spirochaetes,o__Spirochaetales,f__Spirochaetaceae,g__Treponema,s__
zOTU_1858,k__Bacteria,p__Firmicutes,c__Clostridia,o__Clostridiales,f__Lachnospiraceae,g__,s__
zOTU_1859,k__Bacteria,p__Bacteroidetes,c__Bacteroidia,o__Bacteroidales,f__,g__,s__
zOTU_186,k__Bacteria,p__Actinobacteria,c__Coriobacteriia,o__Coriobacteriales,f__Coriobacteriaceae,g__,s__
zOTU_1860,k__Bacteria,p__Bacteroidetes,c__Bacteroidia,o__Bacteroidales,f__,g__,s__
zOTU_1861,k__Bacteria,p__Bacteroidetes,c__Bacteroidia,o__Bacteroidales,f__,g__,s__
zOTU_1863,k__Bacteria,p__Firmicutes,c__Clostridia,o__Clostridiales,f__Ruminococcaceae,g__Ruminococcus,s__
zOTU_1864,k__Bacteria,p__Firmicutes,c__Clostridia,o__Clostridiales,f__Ruminococcaceae,g__,s__
zOTU_1865,k__Bacteria,p__Firmicutes,c__Erysipelotrichi,o__Erysipelotrichales,f__Erysipelotrichaceae,g__Bulleidia,s__
zOTU_1866,k__Bacteria,p__Firmicutes,c__Clostridia,o__Clostridiales,f__Ruminococcaceae,g__Ruminococcus,s__
zOTU_1867,k__Bacteria,p__Firmicutes,c__Clostridia,o__Clostridiales,f__,g__,s__
zOTU_1868,k__Bacteria,p__Bacteroidetes,c__Bacteroidia,o__Bacteroidales,f__Prevotellaceae,g__Prevotella,s__
zOTU_1869,k__Bacteria,p__Spirochaetes,c__Spirochaetes,o__Spirochaetales,f__Spirochaetaceae,g__Treponema,s__
zOTU_187,k__Bacteria,p__Bacteroidetes,c__Bacteroidia,o__Bacteroidales,f__Prevotellaceae,g__Prevotella,s__
zOTU_1870,k__Bacteria,p__Fibrobacteres,c__Fibrobacteria,o__Fibrobacterales,f__Fibrobacteraceae,g__Fibrobacter,s__succinogenes
zOTU_1871,k__Bacteria,p__Firmicutes,c__Clostridia,o__Clostridiales,f__,g__,s__
zOTU_1872,k__Bacteria,p__Firmicutes,c__Clostridia,o__Clostridiales,f__Ruminococcaceae,g__,s__
zOTU_1873,k__Bacteria,p__Bacteroidetes,c__Bacteroidia,o__Bacteroidales,f__Prevotellaceae,g__Prevotella,s__
zOTU_1874,k__Bacteria,p__Bacteroidetes,c__Bacteroidia,o__Bacteroidales,f__Prevotellaceae,g__Prevotella,s__
zOTU_1875,k__Bacteria,p__Firmicutes,c__Clostridia,o__Clostridiales,f__,g__,s__
zOTU_1876,k__Bacteria,p__Firmicutes,c__Clostridia,o__Clostridiales,f__Ruminococcaceae,g__,s__
zOTU_1877,k__Bacteria,p__Bacteroidetes,c__Bacteroidia,o__Bacteroidales,f__Prevotellaceae,g__Prevotella,s__
zOTU_1878,k__Bacteria,p__Actinobacteria,c__Actinobacteria,o__Actinomycetales,f__Corynebacteriaceae,g__Corynebacterium,s__
zOTU_1879,k__Bacteria,p__Cyanobacteria,c__4C0d-2,o__YS2,f__,g__,s__
zOTU_188,k__Bacteria,p__Firmicutes,c__Clostridia,o__Clostridiales,f__Lachnospiraceae,g__,s__
zOTU_1880,k__Bacteria,p__Bacteroidetes,c__Bacteroidia,o__Bacteroidales,f__Prevotellaceae,g__Prevotella,s__
zOTU_1881,k__Bacteria,p__Bacteroidetes,c__Bacteroidia,o__Bacteroidales,f__Prevotellaceae,g__Prevotella,s__
zOTU_1882,k__Bacteria,p__Bacteroidetes,c__Bacteroidia,o__Bacteroidales,f__,g__,s__
zOTU_1883,k__Bacteria,p__Bacteroidetes,c__Bacteroidia,o__Bacteroidales,f__[Paraprevotellaceae],g__CF231,s__
zOTU_1884,k__Bacteria,p__Bacteroidetes,c__Bacteroidia,o__Bacteroidales,f__Prevotellaceae,g__Prevotella,s__
zOTU_1885,k__Bacteria,p__Cyanobacteria,c__4C0d-2,o__YS2,f__,g__,s__
zOTU_1886,k__Bacteria,p__Bacteroidetes,c__Bacteroidia,o__Bacteroidales,,,
zOTU_1887,k__Bacteria,p__Firmicutes,c__Clostridia,o__Clostridiales,f__Veillonellaceae,g__,s__
zOTU_1889,k__Bacteria,p__Bacteroidetes,c__Bacteroidia,o__Bacteroidales,f__Prevotellaceae,g__Prevotella,s__
zOTU_189,k__Bacteria,p__Bacteroidetes,c__Bacteroidia,o__Bacteroidales,f__,g__,s__
zOTU_1890,k__Bacteria,p__Bacteroidetes,c__Bacteroidia,o__Bacteroidales,f__Prevotellaceae,g__Prevotella,s__
zOTU_1891,k__Bacteria,p__Firmicutes,c__Clostridia,o__Clostridiales,f__[Mogibacteriaceae],g__,s__
zOTU_1892,k__Bacteria,p__Bacteroidetes,c__Bacteroidia,o__Bacteroidales,f__S24-7,g__,s__
zOTU_1893,k__Bacteria,p__Bacteroidetes,c__Bacteroidia,o__Bacteroidales,f__Prevotellaceae,g__Prevotella,s__
zOTU_1894,k__Bacteria,p__Bacteroidetes,c__Bacteroidia,o__Bacteroidales,f__Bacteroidaceae,g__Bacteroides,s__
zOTU_1895,k__Bacteria,p__Bacteroidetes,c__Bacteroidia,o__Bacteroidales,f__,g__,s__
zOTU_1896,k__Bacteria,p__Firmicutes,c__Clostridia,o__Clostridiales,f__Ruminococcaceae,g__Ruminococcus,s__
zOTU_1897,k__Bacteria,p__Bacteroidetes,c__Bacteroidia,o__Bacteroidales,f__,g__,s__
zOTU_1898,k__Bacteria,p__Firmicutes,c__Clostridia,o__Clostridiales,f__Ruminococcaceae,g__Ruminococcus,s__
zOTU_1899,k__Bacteria,p__Bacteroidetes,c__Bacteroidia,o__Bacteroidales,f__Prevotellaceae,g__Prevotella,s__
zOTU_190,k__Bacteria,p__Firmicutes,c__Clostridia,o__Clostridiales,f__Ruminococcaceae,g__,s__
zOTU_1900,k__Bacteria,p__Firmicutes,c__Clostridia,o__Clostridiales,f__,g__,s__
zOTU_1901,k__Bacteria,p__Bacteroidetes,c__Bacteroidia,o__Bacteroidales,f__,g__,s__
zOTU_1902,k__Bacteria,p__Bacteroidetes,c__Bacteroidia,o__Bacteroidales,f__,g__,s__
zOTU_1903,k__Bacteria,p__Bacteroidetes,c__Bacteroidia,o__Bacteroidales,f__Prevotellaceae,g__Prevotella,s__
zOTU_1904,k__Bacteria,p__Cyanobacteria,c__4C0d-2,o__YS2,f__,g__,s__
zOTU_1905,k__Bacteria,p__Firmicutes,c__Clostridia,o__Clostridiales,f__Lachnospiraceae,g__,s__
zOTU_1906,k__Bacteria,p__Bacteroidetes,c__Bacteroidia,o__Bacteroidales,f__[Paraprevotellaceae],g__CF231,s__
zOTU_1907,k__Bacteria,p__Bacteroidetes,c__Bacteroidia,o__Bacteroidales,f__Prevotellaceae,g__Prevotella,s__
zOTU_1908,k__Bacteria,p__Tenericutes,c__Mollicutes,o__Anaeroplasmatales,f__Anaeroplasmataceae,g__Anaeroplasma,s__
zOTU_1909,k__Bacteria,p__Firmicutes,c__Clostridia,o__Clostridiales,f__[Mogibacteriaceae],g__,s__
zOTU_191,k__Bacteria,p__Actinobacteria,c__Coriobacteriia,o__Coriobacteriales,f__Coriobacteriaceae,g__,s__
zOTU_1910,k__Bacteria,p__Bacteroidetes,c__Bacteroidia,o__Bacteroidales,f__S24-7,g__,s__
zOTU_1911,k__Bacteria,p__Bacteroidetes,c__Bacteroidia,o__Bacteroidales,f__,g__,s__
zOTU_1912,k__Bacteria,p__Firmicutes,c__Clostridia,o__Clostridiales,f__Ruminococcaceae,g__Oscillospira,s__
zOTU_1913,k__Bacteria,p__Bacteroidetes,c__Bacteroidia,o__Bacteroidales,f__Prevotellaceae,g__Prevotella,s__
zOTU_1914,k__Bacteria,p__Firmicutes,c__Clostridia,o__Clostridiales,f__,g__,s__
zOTU_1915,k__Bacteria,p__Bacteroidetes,c__Bacteroidia,o__Bacteroidales,f__[Paraprevotellaceae],g__,s__
zOTU_1916,k__Bacteria,p__Firmicutes,c__Clostridia,o__Clostridiales,f__Lachnospiraceae,,
zOTU_1917,k__Bacteria,p__Bacteroidetes,c__Bacteroidia,o__Bacteroidales,f__Prevotellaceae,g__Prevotella,s__
zOTU_1918,k__Bacteria,p__Bacteroidetes,c__Bacteroidia,o__Bacteroidales,f__Prevotellaceae,g__Prevotella,s__
zOTU_1919,k__Bacteria,p__Bacteroidetes,c__Bacteroidia,o__Bacteroidales,f__,g__,s__
zOTU_192,k__Bacteria,p__Actinobacteria,c__Coriobacteriia,o__Coriobacteriales,f__Coriobacteriaceae,g__,s__
zOTU_1920,k__Bacteria,p__Firmicutes,c__Clostridia,o__Clostridiales,f__Ruminococcaceae,g__Ruminococcus,s__
zOTU_1921,k__Bacteria,p__Spirochaetes,c__Spirochaetes,o__Spirochaetales,f__Spirochaetaceae,g__Treponema,s__
zOTU_1922,k__Bacteria,p__Actinobacteria,c__Coriobacteriia,o__Coriobacteriales,f__Coriobacteriaceae,g__,s__
zOTU_1923,k__Bacteria,p__Firmicutes,c__Clostridia,o__Clostridiales,f__Ruminococcaceae,g__Ruminococcus,s__
zOTU_1924,k__Bacteria,p__Bacteroidetes,c__Bacteroidia,o__Bacteroidales,f__,g__,s__
zOTU_1925,k__Bacteria,p__Firmicutes,c__Clostridia,o__Clostridiales,f__Ruminococcaceae,g__,s__
zOTU_1926,k__Bacteria,p__Bacteroidetes,c__Bacteroidia,o__Bacteroidales,f__Prevotellaceae,g__Prevotella,s__
zOTU_1927,k__Bacteria,p__Firmicutes,c__Clostridia,o__Clostridiales,f__,g__,s__
zOTU_1928,k__Bacteria,p__Bacteroidetes,c__Bacteroidia,o__Bacteroidales,f__,g__,s__
zOTU_1929,k__Bacteria,p__Bacteroidetes,c__Bacteroidia,o__Bacteroidales,f__Prevotellaceae,g__Prevotella,s__
zOTU_193,k__Bacteria,p__Bacteroidetes,c__Bacteroidia,o__Bacteroidales,f__Prevotellaceae,g__Prevotella,s__
zOTU_1930,k__Bacteria,p__Firmicutes,c__Clostridia,o__Clostridiales,f__Lachnospiraceae,g__,s__
zOTU_1931,k__Bacteria,p__Bacteroidetes,c__Bacteroidia,o__Bacteroidales,f__[Paraprevotellaceae],g__,s__
zOTU_1932,k__Bacteria,p__Bacteroidetes,c__Bacteroidia,o__Bacteroidales,f__,g__,s__
zOTU_1933,k__Bacteria,p__Firmicutes,c__Clostridia,o__Clostridiales,f__,g__,s__
zOTU_1934,k__Bacteria,p__Bacteroidetes,c__Bacteroidia,o__Bacteroidales,f__Prevotellaceae,g__Prevotella,s__
zOTU_1935,k__Bacteria,p__Bacteroidetes,c__Bacteroidia,o__Bacteroidales,f__Prevotellaceae,g__Prevotella,s__
zOTU_1936,k__Bacteria,p__Bacteroidetes,c__Bacteroidia,o__Bacteroidales,f__,g__,s__
zOTU_1937,k__Bacteria,p__Spirochaetes,c__Spirochaetes,o__Spirochaetales,f__Spirochaetaceae,g__Treponema,s__
zOTU_1938,k__Bacteria,p__Bacteroidetes,c__Bacteroidia,o__Bacteroidales,f__[Paraprevotellaceae],g__CF231,s__
zOTU_1939,k__Bacteria,p__Bacteroidetes,c__Bacteroidia,o__Bacteroidales,f__,g__,s__
zOTU_194,k__Bacteria,p__Firmicutes,c__Clostridia,o__Clostridiales,f__Ruminococcaceae,g__Ruminococcus,s__
zOTU_1940,k__Bacteria,p__Firmicutes,c__Clostridia,o__Clostridiales,f__,g__,s__
zOTU_1941,k__Bacteria,p__Bacteroidetes,c__Bacteroidia,o__Bacteroidales,f__,g__,s__
zOTU_1942,k__Bacteria,p__Actinobacteria,c__Coriobacteriia,o__Coriobacteriales,f__Coriobacteriaceae,g__,s__
zOTU_1943,k__Bacteria,p__Bacteroidetes,c__Bacteroidia,o__Bacteroidales,f__[Paraprevotellaceae],g__YRC22,s__
zOTU_1944,k__Bacteria,p__Firmicutes,c__Clostridia,o__Clostridiales,f__Ruminococcaceae,g__,s__
zOTU_1945,k__Bacteria,p__Bacteroidetes,c__Bacteroidia,o__Bacteroidales,f__Prevotellaceae,g__Prevotella,s__
zOTU_1946,k__Bacteria,p__Tenericutes,c__Mollicutes,o__Anaeroplasmatales,f__Anaeroplasmataceae,g__Anaeroplasma,s__
zOTU_1947,k__Bacteria,p__Bacteroidetes,c__Bacteroidia,o__Bacteroidales,f__,g__,s__
zOTU_1948,k__Bacteria,p__Firmicutes,c__Erysipelotrichi,o__Erysipelotrichales,f__Erysipelotrichaceae,g__Bulleidia,s__p-1630-c5
zOTU_1949,k__Bacteria,p__Firmicutes,c__Clostridia,o__Clostridiales,f__Ruminococcaceae,g__,s__
zOTU_195,k__Bacteria,p__Firmicutes,c__Clostridia,o__Clostridiales,f__Ruminococcaceae,g__,s__
zOTU_1950,k__Bacteria,p__Firmicutes,c__Clostridia,o__Clostridiales,f__[Mogibacteriaceae],g__,s__
zOTU_1951,k__Bacteria,p__Proteobacteria,c__Alphaproteobacteria,o__RF32,f__,g__,s__
zOTU_1953,k__Bacteria,p__Tenericutes,c__Mollicutes,o__Mycoplasmatales,f__Mycoplasmataceae,g__,s__
zOTU_1954,k__Bacteria,p__Firmicutes,c__Clostridia,o__Clostridiales,f__Ruminococcaceae,g__Ruminococcus,s__
zOTU_1955,k__Bacteria,p__Bacteroidetes,c__Bacteroidia,o__Bacteroidales,f__Prevotellaceae,g__Prevotella,s__
zOTU_1956,k__Bacteria,p__Bacteroidetes,c__Bacteroidia,o__Bacteroidales,f__Prevotellaceae,g__Prevotella,s__
zOTU_1957,k__Bacteria,p__Spirochaetes,c__Spirochaetes,o__Spirochaetales,f__Spirochaetaceae,g__Treponema,s__
zOTU_1958,k__Bacteria,p__Bacteroidetes,c__Bacteroidia,o__Bacteroidales,f__Prevotellaceae,g__Prevotella,s__
zOTU_1959,k__Bacteria,p__Spirochaetes,c__Spirochaetes,o__Spirochaetales,f__Spirochaetaceae,g__Treponema,s__
zOTU_196,k__Bacteria,p__Bacteroidetes,c__Bacteroidia,o__Bacteroidales,f__Prevotellaceae,g__Prevotella,s__
zOTU_1960,k__Bacteria,p__Bacteroidetes,c__Bacteroidia,o__Bacteroidales,f__,g__,s__
zOTU_1961,k__Bacteria,p__Firmicutes,c__Clostridia,o__Clostridiales,f__Ruminococcaceae,g__Ruminococcus,s__
zOTU_1962,k__Bacteria,p__Firmicutes,c__Erysipelotrichi,o__Erysipelotrichales,f__Erysipelotrichaceae,g__RFN20,s__
zOTU_1963,k__Bacteria,p__Fibrobacteres,c__Fibrobacteria,o__Fibrobacterales,f__Fibrobacteraceae,g__Fibrobacter,s__succinogenes
zOTU_1964,k__Bacteria,p__Firmicutes,c__Clostridia,o__Clostridiales,f__,g__,s__
zOTU_1965,k__Bacteria,p__Bacteroidetes,c__Bacteroidia,o__Bacteroidales,f__,g__,s__
zOTU_1966,k__Bacteria,p__Firmicutes,c__Clostridia,o__Clostridiales,f__Lachnospiraceae,g__,s__
zOTU_1967,k__Bacteria,p__Firmicutes,c__Clostridia,o__Clostridiales,f__[Mogibacteriaceae],g__,s__
zOTU_1968,k__Bacteria,p__Bacteroidetes,c__Bacteroidia,o__Bacteroidales,f__Prevotellaceae,g__Prevotella,s__
zOTU_1969,k__Bacteria,p__Bacteroidetes,c__Bacteroidia,o__Bacteroidales,f__,g__,s__
zOTU_197,k__Bacteria,p__Bacteroidetes,c__Bacteroidia,o__Bacteroidales,f__,g__,s__
zOTU_1970,k__Bacteria,p__Cyanobacteria,c__4C0d-2,o__YS2,f__,g__,s__
zOTU_1971,k__Bacteria,p__Firmicutes,c__Clostridia,o__Clostridiales,f__,g__,s__
zOTU_1972,k__Bacteria,p__Actinobacteria,c__Coriobacteriia,o__Coriobacteriales,f__Coriobacteriaceae,g__,s__
zOTU_1973,k__Bacteria,p__Fibrobacteres,c__Fibrobacteria,o__Fibrobacterales,f__Fibrobacteraceae,g__Fibrobacter,s__succinogenes
zOTU_1974,k__Bacteria,p__Bacteroidetes,c__Bacteroidia,o__Bacteroidales,,,
zOTU_1975,k__Bacteria,p__Bacteroidetes,c__Bacteroidia,o__Bacteroidales,f__Prevotellaceae,g__Prevotella,s__
zOTU_1976,k__Bacteria,p__Firmicutes,c__Clostridia,o__Clostridiales,,,
zOTU_1977,k__Bacteria,p__Firmicutes,c__Clostridia,o__Clostridiales,f__Veillonellaceae,g__Anaerovibrio,s__
zOTU_1978,k__Bacteria,p__Bacteroidetes,c__Bacteroidia,o__Bacteroidales,f__Prevotellaceae,g__Prevotella,s__
zOTU_1979,k__Bacteria,p__Bacteroidetes,c__Bacteroidia,o__Bacteroidales,f__Prevotellaceae,g__Prevotella,s__
zOTU_198,k__Bacteria,p__Proteobacteria,c__Gammaproteobacteria,o__Aeromonadales,f__Succinivibrionaceae,g__,s__
zOTU_1980,k__Bacteria,p__Spirochaetes,c__Spirochaetes,o__Spirochaetales,f__Spirochaetaceae,g__Treponema,s__
zOTU_1981,k__Bacteria,p__Bacteroidetes,c__Bacteroidia,o__Bacteroidales,f__Prevotellaceae,g__Prevotella,s__
zOTU_1982,k__Bacteria,p__Firmicutes,c__Clostridia,o__Clostridiales,f__Ruminococcaceae,g__Ruminococcus,s__
zOTU_1983,k__Bacteria,p__Bacteroidetes,c__Bacteroidia,o__Bacteroidales,f__[Paraprevotellaceae],g__YRC22,s__
zOTU_1984,k__Bacteria,p__Firmicutes,c__Clostridia,o__Clostridiales,f__Lachnospiraceae,g__,s__
zOTU_1985,k__Bacteria,p__Bacteroidetes,c__Bacteroidia,o__Bacteroidales,f__,g__,s__
zOTU_1986,k__Bacteria,p__Bacteroidetes,c__Bacteroidia,o__Bacteroidales,f__Prevotellaceae,g__Prevotella,s__
zOTU_1987,k__Bacteria,p__Firmicutes,c__Clostridia,o__Clostridiales,f__,g__,s__
zOTU_1988,k__Bacteria,p__Bacteroidetes,c__Bacteroidia,o__Bacteroidales,f__Prevotellaceae,g__Prevotella,s__
zOTU_1989,k__Bacteria,p__Fibrobacteres,c__Fibrobacteria,o__Fibrobacterales,f__Fibrobacteraceae,g__Fibrobacter,s__succinogenes
zOTU_199,k__Bacteria,p__Bacteroidetes,c__Bacteroidia,o__Bacteroidales,f__,g__,s__
zOTU_1990,k__Bacteria,p__Bacteroidetes,c__Bacteroidia,o__Bacteroidales,f__Prevotellaceae,g__Prevotella,s__
zOTU_1991,k__Bacteria,p__Bacteroidetes,c__Bacteroidia,o__Bacteroidales,f__Prevotellaceae,g__Prevotella,s__
zOTU_1992,k__Bacteria,p__Firmicutes,c__Clostridia,o__Clostridiales,f__Lachnospiraceae,g__Butyrivibrio,s__
zOTU_1993,k__Bacteria,p__Firmicutes,c__Clostridia,o__Clostridiales,f__Ruminococcaceae,g__,s__
zOTU_1994,k__Bacteria,p__Bacteroidetes,c__Bacteroidia,o__Bacteroidales,f__Prevotellaceae,g__Prevotella,s__
zOTU_1995,k__Bacteria,p__Actinobacteria,c__Coriobacteriia,o__Coriobacteriales,f__Coriobacteriaceae,g__,s__
zOTU_1996,k__Bacteria,p__Tenericutes,c__Mollicutes,o__Anaeroplasmatales,f__Anaeroplasmataceae,g__Anaeroplasma,s__
zOTU_1997,k__Bacteria,p__Bacteroidetes,c__Bacteroidia,o__Bacteroidales,f__,g__,s__
zOTU_1998,k__Bacteria,p__Bacteroidetes,c__Bacteroidia,o__Bacteroidales,f__[Paraprevotellaceae],g__CF231,s__
zOTU_1999,k__Bacteria,p__Firmicutes,c__Clostridia,o__Clostridiales,f__Ruminococcaceae,g__,s__
zOTU_20,k__Bacteria,p__Firmicutes,c__Clostridia,o__Clostridiales,f__Lachnospiraceae,g__Butyrivibrio,s__
zOTU_200,k__Bacteria,p__Firmicutes,c__Clostridia,o__Clostridiales,f__,g__,s__
zOTU_2000,k__Bacteria,p__Actinobacteria,c__Actinobacteria,o__Actinomycetales,f__Corynebacteriaceae,g__Corynebacterium,s__variabile
zOTU_2001,k__Bacteria,p__Bacteroidetes,c__Bacteroidia,o__Bacteroidales,f__S24-7,g__,s__
zOTU_2002,k__Bacteria,p__Firmicutes,c__Clostridia,o__Clostridiales,f__,g__,s__
zOTU_2003,k__Bacteria,p__Bacteroidetes,c__Bacteroidia,o__Bacteroidales,f__,g__,s__
zOTU_2004,k__Bacteria,p__Bacteroidetes,c__Bacteroidia,o__Bacteroidales,f__,g__,s__
zOTU_2005,k__Bacteria,p__Firmicutes,c__Clostridia,o__Clostridiales,f__Ruminococcaceae,g__Ruminococcus,s__
zOTU_2006,k__Bacteria,p__Bacteroidetes,c__Bacteroidia,o__Bacteroidales,f__S24-7,g__,s__
zOTU_2007,k__Bacteria,p__Firmicutes,c__Clostridia,o__Clostridiales,f__Clostridiaceae,g__,s__
zOTU_2008,k__Bacteria,p__Bacteroidetes,c__Bacteroidia,o__Bacteroidales,f__[Paraprevotellaceae],g__CF231,s__
zOTU_2009,k__Bacteria,p__Bacteroidetes,c__Bacteroidia,o__Bacteroidales,f__,g__,s__
zOTU_201,k__Bacteria,p__Bacteroidetes,c__Bacteroidia,o__Bacteroidales,f__Prevotellaceae,g__Prevotella,s__
zOTU_2010,k__Bacteria,p__Firmicutes,c__Erysipelotrichi,o__Erysipelotrichales,f__Erysipelotrichaceae,g__Sharpea,s__p-3329-23G2
zOTU_2011,k__Bacteria,p__Firmicutes,c__Clostridia,o__Clostridiales,f__Ruminococcaceae,g__,s__
zOTU_2012,k__Bacteria,p__Bacteroidetes,c__Bacteroidia,o__Bacteroidales,f__Prevotellaceae,g__Prevotella,s__
zOTU_2013,k__Bacteria,p__Firmicutes,c__Clostridia,o__Clostridiales,f__,g__,s__
zOTU_2014,k__Bacteria,p__Bacteroidetes,c__Bacteroidia,o__Bacteroidales,f__[Paraprevotellaceae],g__CF231,s__
zOTU_2015,k__Bacteria,p__Bacteroidetes,c__Bacteroidia,o__Bacteroidales,f__[Paraprevotellaceae],g__CF231,s__
zOTU_2016,k__Bacteria,p__Firmicutes,c__Clostridia,o__Clostridiales,f__Ruminococcaceae,g__Ruminococcus,s__
zOTU_2017,k__Bacteria,p__Firmicutes,c__Clostridia,o__Clostridiales,f__Ruminococcaceae,g__,s__
zOTU_2018,k__Bacteria,p__Spirochaetes,c__Spirochaetes,o__Spirochaetales,f__Spirochaetaceae,g__Treponema,s__
zOTU_2019,k__Bacteria,p__Bacteroidetes,c__Bacteroidia,o__Bacteroidales,f__Prevotellaceae,g__Prevotella,s__
zOTU_202,k__Bacteria,p__Bacteroidetes,c__Bacteroidia,o__Bacteroidales,f__Prevotellaceae,g__Prevotella,s__
zOTU_2020,k__Bacteria,p__Bacteroidetes,c__Bacteroidia,o__Bacteroidales,f__Prevotellaceae,g__Prevotella,s__
zOTU_2021,k__Bacteria,p__Bacteroidetes,c__Bacteroidia,o__Bacteroidales,f__[Paraprevotellaceae],g__YRC22,s__
zOTU_2022,k__Bacteria,p__Bacteroidetes,c__Bacteroidia,o__Bacteroidales,f__Prevotellaceae,g__Prevotella,s__
zOTU_2023,k__Bacteria,p__Firmicutes,c__Clostridia,o__Clostridiales,f__,g__,s__
zOTU_2024,k__Bacteria,p__Actinobacteria,c__Actinobacteria,o__Actinomycetales,f__Corynebacteriaceae,g__Corynebacterium,s__variabile
zOTU_2025,k__Bacteria,p__Bacteroidetes,c__Bacteroidia,o__Bacteroidales,f__Prevotellaceae,g__Prevotella,s__
zOTU_2026,k__Bacteria,p__Firmicutes,c__Clostridia,o__Clostridiales,f__[Mogibacteriaceae],g__,s__
zOTU_2027,k__Bacteria,p__Spirochaetes,c__Spirochaetes,o__Spirochaetales,f__Spirochaetaceae,g__Treponema,s__
zOTU_2028,k__Bacteria,p__Bacteroidetes,c__Bacteroidia,o__Bacteroidales,f__Prevotellaceae,g__Prevotella,s__
zOTU_2029,k__Bacteria,p__Bacteroidetes,c__Bacteroidia,o__Bacteroidales,f__Prevotellaceae,g__Prevotella,s__
zOTU_203,k__Bacteria,p__Bacteroidetes,c__Bacteroidia,o__Bacteroidales,f__,g__,s__
zOTU_2030,k__Bacteria,p__Bacteroidetes,c__Bacteroidia,o__Bacteroidales,f__Bacteroidaceae,g__BF311,s__
zOTU_2032,k__Bacteria,p__Firmicutes,c__Clostridia,o__Clostridiales,f__Lachnospiraceae,g__,s__
zOTU_2033,k__Bacteria,p__Cyanobacteria,c__4C0d-2,o__YS2,f__,g__,s__
zOTU_2034,k__Bacteria,p__Bacteroidetes,c__Bacteroidia,o__Bacteroidales,f__Prevotellaceae,g__Prevotella,s__
zOTU_2035,k__Bacteria,p__Actinobacteria,c__Coriobacteriia,o__Coriobacteriales,f__Coriobacteriaceae,g__,s__
zOTU_2036,k__Bacteria,p__Firmicutes,c__Erysipelotrichi,o__Erysipelotrichales,f__Erysipelotrichaceae,g__RFN20,s__
zOTU_2037,k__Bacteria,p__Spirochaetes,c__Spirochaetes,o__Spirochaetales,f__Spirochaetaceae,g__Treponema,s__
zOTU_2038,k__Bacteria,p__Bacteroidetes,c__Bacteroidia,o__Bacteroidales,f__Prevotellaceae,g__Prevotella,s__
zOTU_2039,k__Bacteria,p__Firmicutes,c__Clostridia,o__Clostridiales,f__Veillonellaceae,g__,s__
zOTU_204,k__Bacteria,p__Bacteroidetes,c__Bacteroidia,o__Bacteroidales,f__S24-7,g__,s__
zOTU_2040,k__Bacteria,p__Bacteroidetes,c__Bacteroidia,o__Bacteroidales,f__,g__,s__
zOTU_2041,k__Bacteria,p__Firmicutes,c__Clostridia,o__Clostridiales,f__,g__,s__
zOTU_2042,k__Bacteria,p__Firmicutes,c__Clostridia,o__Clostridiales,f__Ruminococcaceae,g__,s__
zOTU_2043,k__Bacteria,p__Bacteroidetes,c__Bacteroidia,o__Bacteroidales,f__,g__,s__
zOTU_2044,k__Bacteria,p__Firmicutes,c__Clostridia,o__Clostridiales,f__Ruminococcaceae,g__,s__
zOTU_2045,k__Bacteria,p__Bacteroidetes,c__Bacteroidia,o__Bacteroidales,f__[Paraprevotellaceae],g__YRC22,s__
zOTU_2046,k__Bacteria,p__Bacteroidetes,c__Bacteroidia,o__Bacteroidales,f__Prevotellaceae,g__Prevotella,s__
zOTU_2047,k__Bacteria,p__Bacteroidetes,c__Bacteroidia,o__Bacteroidales,f__Prevotellaceae,g__Prevotella,s__
zOTU_2048,k__Bacteria,p__Bacteroidetes,c__Bacteroidia,o__Bacteroidales,f__,g__,s__
zOTU_2049,k__Bacteria,p__Firmicutes,c__Clostridia,o__Clostridiales,f__Lachnospiraceae,g__,s__
zOTU_205,k__Bacteria,p__Firmicutes,c__Clostridia,o__Clostridiales,f__Lachnospiraceae,,
zOTU_2050,k__Bacteria,p__Firmicutes,c__Clostridia,o__Clostridiales,f__,g__,s__
zOTU_2051,k__Bacteria,p__Firmicutes,c__Clostridia,o__Clostridiales,f__Lachnospiraceae,g__Butyrivibrio,s__
zOTU_2052,k__Bacteria,p__Firmicutes,c__Clostridia,o__Clostridiales,f__Veillonellaceae,g__Succiniclasticum,s__
zOTU_2053,k__Bacteria,p__Bacteroidetes,c__Bacteroidia,o__Bacteroidales,f__Prevotellaceae,g__Prevotella,s__
zOTU_2054,k__Bacteria,p__Bacteroidetes,c__Bacteroidia,o__Bacteroidales,f__Prevotellaceae,g__Prevotella,s__
zOTU_2055,k__Bacteria,p__Bacteroidetes,c__Bacteroidia,o__Bacteroidales,f__[Paraprevotellaceae],g__CF231,s__
zOTU_2056,k__Bacteria,p__Firmicutes,c__Clostridia,o__Clostridiales,f__,g__,s__
zOTU_2057,k__Bacteria,p__Bacteroidetes,c__Bacteroidia,o__Bacteroidales,f__Prevotellaceae,g__Prevotella,s__
zOTU_2058,k__Bacteria,p__Bacteroidetes,c__Bacteroidia,o__Bacteroidales,f__Prevotellaceae,g__Prevotella,s__copri
zOTU_2059,k__Bacteria,p__Actinobacteria,c__Coriobacteriia,o__Coriobacteriales,f__Coriobacteriaceae,g__,s__
zOTU_206,k__Bacteria,p__Bacteroidetes,c__Bacteroidia,o__Bacteroidales,f__Prevotellaceae,g__Prevotella,s__
zOTU_2060,k__Bacteria,p__Bacteroidetes,c__Bacteroidia,o__Bacteroidales,f__Prevotellaceae,g__Prevotella,s__
zOTU_2061,k__Bacteria,p__Firmicutes,c__Clostridia,o__Clostridiales,f__,g__,s__
zOTU_2062,k__Bacteria,p__Bacteroidetes,c__Bacteroidia,o__Bacteroidales,f__Prevotellaceae,g__Prevotella,s__
zOTU_2063,k__Bacteria,p__Bacteroidetes,c__Bacteroidia,o__Bacteroidales,f__Prevotellaceae,g__Prevotella,s__
zOTU_2064,k__Bacteria,p__Bacteroidetes,c__Bacteroidia,o__Bacteroidales,f__S24-7,g__,s__
zOTU_2065,k__Bacteria,p__Firmicutes,c__Clostridia,o__Clostridiales,f__,g__,s__
zOTU_2066,k__Bacteria,p__Fibrobacteres,c__Fibrobacteria,o__Fibrobacterales,f__Fibrobacteraceae,g__Fibrobacter,s__succinogenes
zOTU_2067,k__Bacteria,p__Bacteroidetes,c__Bacteroidia,o__Bacteroidales,f__,g__,s__
zOTU_2068,k__Bacteria,p__Bacteroidetes,c__Bacteroidia,o__Bacteroidales,f__Prevotellaceae,g__Prevotella,s__
zOTU_2069,k__Bacteria,p__Bacteroidetes,c__Bacteroidia,o__Bacteroidales,f__Prevotellaceae,g__Prevotella,s__
zOTU_207,k__Bacteria,p__Proteobacteria,c__Gammaproteobacteria,o__Enterobacteriales,f__Enterobacteriaceae,g__,s__
zOTU_2070,k__Bacteria,p__Firmicutes,c__Clostridia,o__Clostridiales,f__,g__,s__
zOTU_2071,k__Bacteria,p__Synergistetes,c__Synergistia,o__Synergistales,f__Dethiosulfovibrionaceae,g__Pyramidobacter,s__
zOTU_2072,k__Bacteria,p__Bacteroidetes,c__Bacteroidia,o__Bacteroidales,f__[Paraprevotellaceae],g__CF231,s__
zOTU_2073,k__Bacteria,p__Bacteroidetes,c__Bacteroidia,o__Bacteroidales,f__Prevotellaceae,g__Prevotella,s__
zOTU_2074,k__Bacteria,p__Bacteroidetes,c__Bacteroidia,o__Bacteroidales,f__,g__,s__
zOTU_2075,k__Bacteria,p__TM7,c__TM7-3,o__CW040,f__F16,g__,s__
zOTU_2076,k__Bacteria,p__Bacteroidetes,c__Bacteroidia,o__Bacteroidales,f__Prevotellaceae,g__Prevotella,s__
zOTU_2077,k__Bacteria,p__Fibrobacteres,c__Fibrobacteria,o__Fibrobacterales,f__Fibrobacteraceae,g__Fibrobacter,s__succinogenes
zOTU_2078,k__Bacteria,p__Firmicutes,c__Clostridia,o__Clostridiales,f__Ruminococcaceae,g__,s__
zOTU_2079,k__Bacteria,p__Bacteroidetes,c__Bacteroidia,o__Bacteroidales,f__,g__,s__
zOTU_208,k__Bacteria,p__Bacteroidetes,c__Bacteroidia,o__Bacteroidales,f__Prevotellaceae,g__Prevotella,s__
zOTU_2080,k__Bacteria,p__Bacteroidetes,c__Bacteroidia,o__Bacteroidales,f__[Paraprevotellaceae],g__YRC22,s__
zOTU_2081,k__Bacteria,p__Bacteroidetes,c__Bacteroidia,o__Bacteroidales,f__Prevotellaceae,g__Prevotella,s__stercorea
zOTU_2082,k__Bacteria,p__Bacteroidetes,c__Bacteroidia,o__Bacteroidales,f__Prevotellaceae,g__Prevotella,s__
zOTU_2083,k__Bacteria,p__Bacteroidetes,c__Bacteroidia,o__Bacteroidales,f__Prevotellaceae,g__Prevotella,s__
zOTU_2084,k__Bacteria,p__Fibrobacteres,c__Fibrobacteria,o__Fibrobacterales,f__Fibrobacteraceae,g__Fibrobacter,s__succinogenes
zOTU_2085,k__Bacteria,p__Bacteroidetes,c__Bacteroidia,o__Bacteroidales,f__Prevotellaceae,g__Prevotella,s__
zOTU_2086,k__Bacteria,p__Firmicutes,c__Clostridia,o__Clostridiales,f__Ruminococcaceae,g__,s__
zOTU_2087,k__Bacteria,p__Bacteroidetes,c__Bacteroidia,o__Bacteroidales,f__Prevotellaceae,g__Prevotella,s__
zOTU_2088,k__Bacteria,p__Firmicutes,c__Clostridia,o__Clostridiales,f__Lachnospiraceae,,
zOTU_2089,k__Bacteria,p__Firmicutes,c__Clostridia,o__Clostridiales,f__Ruminococcaceae,g__,s__
zOTU_209,k__Bacteria,p__Firmicutes,c__Clostridia,o__Clostridiales,f__Ruminococcaceae,g__,s__
zOTU_2090,k__Bacteria,p__Bacteroidetes,c__Bacteroidia,o__Bacteroidales,f__Prevotellaceae,g__Prevotella,s__
zOTU_2091,k__Bacteria,p__Bacteroidetes,c__Bacteroidia,o__Bacteroidales,f__Prevotellaceae,g__Prevotella,s__
zOTU_2092,k__Bacteria,p__Firmicutes,c__Clostridia,o__Clostridiales,f__Clostridiaceae,g__,s__
zOTU_2093,k__Bacteria,p__Firmicutes,c__Clostridia,o__Clostridiales,f__Ruminococcaceae,g__,s__
zOTU_2094,k__Bacteria,p__Bacteroidetes,c__Bacteroidia,o__Bacteroidales,f__Prevotellaceae,g__Prevotella,s__
zOTU_2095,k__Bacteria,p__Bacteroidetes,c__Bacteroidia,o__Bacteroidales,f__Prevotellaceae,g__Prevotella,s__
zOTU_2096,k__Bacteria,p__Bacteroidetes,c__Bacteroidia,o__Bacteroidales,f__Prevotellaceae,g__Prevotella,s__ruminicola
zOTU_2097,k__Bacteria,p__Bacteroidetes,c__Bacteroidia,o__Bacteroidales,f__Prevotellaceae,g__Prevotella,s__
zOTU_2098,k__Bacteria,p__Tenericutes,c__Mollicutes,o__Anaeroplasmatales,f__Anaeroplasmataceae,g__Anaeroplasma,s__
zOTU_2099,k__Bacteria,p__Bacteroidetes,c__Bacteroidia,o__Bacteroidales,f__S24-7,g__,s__
zOTU_21,k__Bacteria,p__Firmicutes,c__Clostridia,o__Clostridiales,f__,g__,s__
zOTU_210,k__Bacteria,p__Bacteroidetes,c__Bacteroidia,o__Bacteroidales,f__Prevotellaceae,g__Prevotella,s__
zOTU_2100,k__Bacteria,p__Bacteroidetes,c__Bacteroidia,o__Bacteroidales,f__Prevotellaceae,g__Prevotella,s__
zOTU_2101,k__Bacteria,p__Firmicutes,c__Clostridia,o__Clostridiales,f__Veillonellaceae,g__Megasphaera,s__
zOTU_2102,k__Bacteria,p__Firmicutes,c__Clostridia,o__Clostridiales,f__Lachnospiraceae,g__Butyrivibrio,s__
zOTU_2104,k__Bacteria,p__Actinobacteria,c__Coriobacteriia,o__Coriobacteriales,f__Coriobacteriaceae,g__Slackia,s__
zOTU_2105,k__Bacteria,p__Firmicutes,c__Clostridia,o__Clostridiales,f__Ruminococcaceae,g__,s__
zOTU_2106,k__Bacteria,p__Firmicutes,c__Clostridia,o__Clostridiales,f__,g__,s__
zOTU_2107,k__Bacteria,p__Bacteroidetes,c__Bacteroidia,o__Bacteroidales,f__Bacteroidaceae,g__Bacteroides,s__
zOTU_2108,k__Bacteria,p__Firmicutes,c__Clostridia,o__Clostridiales,f__Lachnospiraceae,g__Butyrivibrio,s__
zOTU_2109,k__Bacteria,p__Bacteroidetes,c__Bacteroidia,o__Bacteroidales,f__Prevotellaceae,g__Prevotella,s__
zOTU_211,k__Bacteria,p__Bacteroidetes,c__Bacteroidia,o__Bacteroidales,f__,g__,s__
zOTU_2110,k__Bacteria,p__Bacteroidetes,c__Bacteroidia,o__Bacteroidales,f__[Paraprevotellaceae],g__YRC22,s__
zOTU_2111,k__Bacteria,p__Bacteroidetes,c__Bacteroidia,o__Bacteroidales,f__Prevotellaceae,g__Prevotella,s__
zOTU_2112,k__Bacteria,p__Bacteroidetes,c__Bacteroidia,o__Bacteroidales,f__Prevotellaceae,g__Prevotella,s__
zOTU_2113,k__Bacteria,p__Bacteroidetes,c__Bacteroidia,o__Bacteroidales,f__[Paraprevotellaceae],g__YRC22,s__
zOTU_2114,k__Bacteria,p__Bacteroidetes,c__Bacteroidia,o__Bacteroidales,f__,g__,s__
zOTU_2115,k__Bacteria,p__Firmicutes,c__Erysipelotrichi,o__Erysipelotrichales,f__Erysipelotrichaceae,g__RFN20,s__
zOTU_2116,k__Bacteria,p__Bacteroidetes,c__Bacteroidia,o__Bacteroidales,f__Prevotellaceae,g__Prevotella,s__
zOTU_2117,k__Bacteria,p__Actinobacteria,c__Coriobacteriia,o__Coriobacteriales,f__Coriobacteriaceae,g__,s__
zOTU_2118,k__Bacteria,p__Tenericutes,c__Mollicutes,o__Anaeroplasmatales,f__Anaeroplasmataceae,g__Anaeroplasma,s__
zOTU_2119,k__Bacteria,p__Bacteroidetes,c__Bacteroidia,o__Bacteroidales,f__Prevotellaceae,g__Prevotella,s__
zOTU_212,k__Bacteria,p__Bacteroidetes,c__Bacteroidia,o__Bacteroidales,f__,g__,s__
zOTU_2120,k__Bacteria,p__Bacteroidetes,c__Bacteroidia,o__Bacteroidales,f__,g__,s__
zOTU_2121,k__Bacteria,p__Bacteroidetes,c__Bacteroidia,o__Bacteroidales,f__Prevotellaceae,g__Prevotella,s__
zOTU_2122,k__Bacteria,p__Firmicutes,c__Clostridia,o__Clostridiales,f__Ruminococcaceae,g__,s__
zOTU_2123,k__Bacteria,p__Bacteroidetes,c__Bacteroidia,o__Bacteroidales,f__Prevotellaceae,g__Prevotella,s__
zOTU_2124,k__Bacteria,p__Bacteroidetes,c__Bacteroidia,o__Bacteroidales,f__Prevotellaceae,g__Prevotella,s__
zOTU_2126,k__Bacteria,p__Firmicutes,c__Clostridia,o__Clostridiales,f__[Mogibacteriaceae],g__,s__
zOTU_2127,k__Bacteria,p__Firmicutes,c__Clostridia,o__Clostridiales,f__Ruminococcaceae,g__,s__
zOTU_2128,k__Bacteria,p__Firmicutes,c__Clostridia,o__Clostridiales,f__,g__,s__
zOTU_2129,k__Bacteria,p__Actinobacteria,c__Coriobacteriia,o__Coriobacteriales,f__Coriobacteriaceae,g__,s__
zOTU_213,k__Bacteria,p__Firmicutes,c__Clostridia,o__Clostridiales,f__,g__,s__
zOTU_2130,k__Bacteria,p__Bacteroidetes,c__Bacteroidia,o__Bacteroidales,f__Prevotellaceae,g__Prevotella,s__
zOTU_2131,k__Bacteria,p__Bacteroidetes,c__Bacteroidia,o__Bacteroidales,f__Prevotellaceae,g__Prevotella,s__
zOTU_2132,k__Bacteria,p__Bacteroidetes,c__Bacteroidia,o__Bacteroidales,f__,g__,s__
zOTU_2133,k__Bacteria,p__Firmicutes,c__Clostridia,o__Clostridiales,f__,g__,s__
zOTU_2134,k__Bacteria,p__Firmicutes,c__Clostridia,o__Clostridiales,f__Ruminococcaceae,g__Ruminococcus,s__
zOTU_2136,k__Bacteria,p__Bacteroidetes,c__Bacteroidia,o__Bacteroidales,f__Prevotellaceae,g__Prevotella,s__
zOTU_2137,k__Bacteria,p__Firmicutes,c__Clostridia,o__Clostridiales,f__Ruminococcaceae,g__Ruminococcus,s__
zOTU_2138,k__Bacteria,p__Firmicutes,c__Clostridia,o__Clostridiales,f__Veillonellaceae,g__,s__
zOTU_2139,k__Bacteria,p__Bacteroidetes,c__Bacteroidia,o__Bacteroidales,f__Prevotellaceae,g__Prevotella,s__
zOTU_214,k__Bacteria,p__Firmicutes,c__Clostridia,o__Clostridiales,f__Lachnospiraceae,g__Butyrivibrio,s__
zOTU_2140,k__Bacteria,p__Bacteroidetes,c__Bacteroidia,o__Bacteroidales,f__BS11,g__,s__
zOTU_2141,k__Bacteria,p__Bacteroidetes,c__Bacteroidia,o__Bacteroidales,f__,g__,s__
zOTU_2142,k__Bacteria,p__Firmicutes,c__Clostridia,o__Clostridiales,f__[Mogibacteriaceae],g__,s__
zOTU_2143,k__Bacteria,p__Bacteroidetes,c__Bacteroidia,o__Bacteroidales,f__Prevotellaceae,g__Prevotella,s__
zOTU_2144,k__Bacteria,p__Firmicutes,c__Clostridia,o__Clostridiales,f__Lachnospiraceae,g__Butyrivibrio,s__
zOTU_2145,k__Bacteria,p__Firmicutes,c__Clostridia,o__Clostridiales,f__,g__,s__
zOTU_2146,k__Bacteria,p__Bacteroidetes,c__Bacteroidia,o__Bacteroidales,f__,g__,s__
zOTU_2147,k__Bacteria,p__Firmicutes,c__Clostridia,o__Clostridiales,f__Ruminococcaceae,g__Ruminococcus,s__
zOTU_2148,k__Bacteria,p__Spirochaetes,c__Spirochaetes,o__Spirochaetales,f__Spirochaetaceae,g__Treponema,s__
zOTU_2149,k__Bacteria,p__Actinobacteria,c__Coriobacteriia,o__Coriobacteriales,f__Coriobacteriaceae,g__,s__
zOTU_215,k__Bacteria,p__Bacteroidetes,c__Bacteroidia,o__Bacteroidales,f__Prevotellaceae,g__Prevotella,s__
zOTU_2150,k__Bacteria,p__Firmicutes,c__Clostridia,o__Clostridiales,f__,g__,s__
zOTU_2151,k__Bacteria,p__Bacteroidetes,c__Bacteroidia,o__Bacteroidales,f__Prevotellaceae,g__Prevotella,s__
zOTU_2152,k__Bacteria,p__Firmicutes,c__Clostridia,o__Clostridiales,f__Lachnospiraceae,g__Butyrivibrio,s__
zOTU_2153,k__Bacteria,p__Firmicutes,c__Erysipelotrichi,o__Erysipelotrichales,f__Erysipelotrichaceae,g__Bulleidia,s__
zOTU_2154,k__Bacteria,p__Firmicutes,c__Clostridia,o__Clostridiales,f__,g__,s__
zOTU_2155,k__Bacteria,p__Bacteroidetes,c__Bacteroidia,o__Bacteroidales,f__Prevotellaceae,g__Prevotella,s__copri
zOTU_2156,k__Bacteria,p__Bacteroidetes,c__Bacteroidia,o__Bacteroidales,f__,g__,s__
zOTU_2157,k__Bacteria,p__Firmicutes,c__Clostridia,o__Clostridiales,f__Lachnospiraceae,g__,s__
zOTU_2158,k__Bacteria,p__Firmicutes,c__Clostridia,o__Clostridiales,f__Lachnospiraceae,g__,s__
zOTU_2159,k__Bacteria,p__Firmicutes,c__Clostridia,o__Clostridiales,f__Veillonellaceae,g__,s__
zOTU_216,k__Bacteria,p__Firmicutes,c__Clostridia,o__Clostridiales,f__Ruminococcaceae,g__Ruminococcus,s__
zOTU_2160,k__Bacteria,p__Bacteroidetes,c__Bacteroidia,o__Bacteroidales,f__Prevotellaceae,g__Prevotella,s__
zOTU_2161,k__Bacteria,p__Firmicutes,c__Clostridia,o__Clostridiales,f__Lachnospiraceae,g__Anaerostipes,s__
zOTU_2162,k__Bacteria,p__Firmicutes,c__Clostridia,o__Clostridiales,f__,g__,s__
zOTU_2163,k__Bacteria,p__Firmicutes,c__Clostridia,o__Clostridiales,f__Veillonellaceae,g__,s__
zOTU_2164,k__Bacteria,p__Bacteroidetes,c__Bacteroidia,o__Bacteroidales,f__Prevotellaceae,g__Prevotella,s__
zOTU_2165,k__Bacteria,p__Firmicutes,c__Bacilli,o__Lactobacillales,f__Lactobacillaceae,g__Lactobacillus,s__
zOTU_2166,k__Bacteria,p__Firmicutes,c__Clostridia,o__Clostridiales,f__,g__,s__
zOTU_2167,k__Bacteria,p__Bacteroidetes,c__Bacteroidia,o__Bacteroidales,f__Prevotellaceae,g__Prevotella,s__
zOTU_2168,k__Bacteria,p__Firmicutes,c__Bacilli,o__Lactobacillales,f__Leuconostocaceae,g__Weissella,
zOTU_2169,k__Bacteria,p__Bacteroidetes,c__Bacteroidia,o__Bacteroidales,f__Prevotellaceae,g__Prevotella,s__
zOTU_217,k__Bacteria,p__Firmicutes,c__Clostridia,o__Clostridiales,f__Lachnospiraceae,g__Coprococcus,s__
zOTU_2170,k__Bacteria,p__Firmicutes,c__Clostridia,o__Clostridiales,f__,g__,s__
zOTU_2171,k__Bacteria,p__Firmicutes,c__Clostridia,o__Clostridiales,f__Veillonellaceae,g__,s__
zOTU_2172,k__Bacteria,p__Firmicutes,c__Clostridia,o__Clostridiales,f__Lachnospiraceae,g__,s__
zOTU_2173,k__Bacteria,p__Bacteroidetes,c__Bacteroidia,o__Bacteroidales,f__Prevotellaceae,g__Prevotella,s__
zOTU_2174,k__Bacteria,p__Bacteroidetes,c__Bacteroidia,o__Bacteroidales,f__,g__,s__
zOTU_2175,k__Bacteria,p__Firmicutes,c__Clostridia,o__Clostridiales,f__,g__,s__
zOTU_2176,k__Bacteria,p__Bacteroidetes,c__Bacteroidia,o__Bacteroidales,f__,g__,s__
zOTU_2177,k__Bacteria,p__Firmicutes,c__Clostridia,o__Clostridiales,f__[Mogibacteriaceae],g__,s__
zOTU_2178,k__Bacteria,p__Bacteroidetes,c__Bacteroidia,o__Bacteroidales,f__,g__,s__
zOTU_2179,k__Bacteria,p__Bacteroidetes,c__Bacteroidia,o__Bacteroidales,f__,g__,s__
zOTU_218,k__Bacteria,p__Bacteroidetes,c__Bacteroidia,o__Bacteroidales,f__Prevotellaceae,g__Prevotella,s__
zOTU_2180,k__Bacteria,p__Bacteroidetes,c__Bacteroidia,o__Bacteroidales,f__S24-7,g__,s__
zOTU_2181,k__Bacteria,p__Bacteroidetes,c__Bacteroidia,o__Bacteroidales,f__Prevotellaceae,g__Prevotella,s__
zOTU_2182,k__Bacteria,p__Bacteroidetes,c__Bacteroidia,o__Bacteroidales,f__Prevotellaceae,g__Prevotella,s__
zOTU_2183,k__Bacteria,p__Bacteroidetes,c__Bacteroidia,o__Bacteroidales,f__,g__,s__
zOTU_2184,k__Bacteria,p__Firmicutes,c__Clostridia,o__Clostridiales,f__Ruminococcaceae,g__,s__
zOTU_2185,k__Bacteria,p__Bacteroidetes,c__Bacteroidia,o__Bacteroidales,f__[Paraprevotellaceae],g__CF231,s__
zOTU_2186,k__Bacteria,p__Firmicutes,c__Clostridia,o__Clostridiales,f__,g__,s__
zOTU_2187,k__Bacteria,p__WPS-2,c__,o__,f__,g__,s__
zOTU_2188,k__Bacteria,p__Firmicutes,c__Clostridia,o__Clostridiales,f__,g__,s__
zOTU_2189,k__Bacteria,p__Firmicutes,c__Clostridia,o__Clostridiales,f__Eubacteriaceae,g__Anaerofustis,s__
zOTU_219,k__Bacteria,p__Firmicutes,c__Clostridia,o__Clostridiales,f__,g__,s__
zOTU_2190,k__Bacteria,p__Bacteroidetes,c__Bacteroidia,o__Bacteroidales,f__,g__,s__
zOTU_2191,k__Bacteria,p__Bacteroidetes,c__Bacteroidia,o__Bacteroidales,f__Prevotellaceae,g__Prevotella,s__
zOTU_2192,k__Bacteria,p__Firmicutes,c__Clostridia,o__Clostridiales,f__Lachnospiraceae,,
zOTU_2193,k__Bacteria,p__Actinobacteria,c__Coriobacteriia,o__Coriobacteriales,f__Coriobacteriaceae,g__,s__
zOTU_2194,k__Bacteria,p__Bacteroidetes,c__Bacteroidia,o__Bacteroidales,f__Prevotellaceae,g__Prevotella,s__
zOTU_2195,k__Bacteria,p__Bacteroidetes,c__Bacteroidia,o__Bacteroidales,f__Prevotellaceae,g__Prevotella,s__
zOTU_2196,k__Bacteria,p__Firmicutes,c__Clostridia,o__Clostridiales,f__Ruminococcaceae,g__,s__
zOTU_2197,k__Bacteria,p__Firmicutes,c__Clostridia,o__Clostridiales,f__,g__,s__
zOTU_2198,k__Bacteria,p__Bacteroidetes,c__Bacteroidia,o__Bacteroidales,f__S24-7,g__,s__
zOTU_2199,k__Bacteria,p__Actinobacteria,c__Coriobacteriia,o__Coriobacteriales,f__Coriobacteriaceae,g__Atopobium,
zOTU_22,k__Bacteria,p__Bacteroidetes,c__Bacteroidia,o__Bacteroidales,f__Prevotellaceae,g__Prevotella,s__
zOTU_220,k__Bacteria,p__Bacteroidetes,c__Bacteroidia,o__Bacteroidales,f__Prevotellaceae,g__Prevotella,s__
zOTU_2200,k__Bacteria,p__Bacteroidetes,c__Bacteroidia,o__Bacteroidales,f__Prevotellaceae,g__Prevotella,s__
zOTU_2201,k__Bacteria,p__Bacteroidetes,c__Bacteroidia,o__Bacteroidales,f__,g__,s__
zOTU_2202,k__Bacteria,p__Firmicutes,c__Clostridia,o__Clostridiales,f__,g__,s__
zOTU_2203,k__Bacteria,p__Bacteroidetes,c__Bacteroidia,o__Bacteroidales,f__,g__,s__
zOTU_2204,k__Bacteria,p__Bacteroidetes,c__Bacteroidia,o__Bacteroidales,f__,g__,s__
zOTU_2205,k__Bacteria,p__Proteobacteria,c__Gammaproteobacteria,o__Enterobacteriales,f__Enterobacteriaceae,g__Erwinia,s__
zOTU_2206,k__Bacteria,p__Bacteroidetes,c__Bacteroidia,o__Bacteroidales,f__[Paraprevotellaceae],g__CF231,s__
zOTU_2207,k__Bacteria,p__Firmicutes,c__Clostridia,o__Clostridiales,f__,g__,s__
zOTU_2208,k__Bacteria,p__Firmicutes,c__Clostridia,o__Clostridiales,f__Clostridiaceae,g__Clostridium,s__
zOTU_2209,k__Bacteria,p__Actinobacteria,c__Coriobacteriia,o__Coriobacteriales,f__Coriobacteriaceae,g__Adlercreutzia,s__
zOTU_221,k__Bacteria,p__Firmicutes,c__Clostridia,o__Clostridiales,f__Lachnospiraceae,g__Butyrivibrio,s__
zOTU_2210,k__Bacteria,p__Bacteroidetes,c__Bacteroidia,o__Bacteroidales,f__,g__,s__
zOTU_2211,k__Bacteria,p__Bacteroidetes,c__Bacteroidia,o__Bacteroidales,f__,g__,s__
zOTU_2212,k__Bacteria,p__Firmicutes,c__Clostridia,o__Clostridiales,f__,g__,s__
zOTU_2213,k__Bacteria,p__Bacteroidetes,c__Bacteroidia,o__Bacteroidales,f__Prevotellaceae,g__Prevotella,s__
zOTU_2214,k__Bacteria,p__Cyanobacteria,c__4C0d-2,o__YS2,f__,g__,s__
zOTU_2215,k__Bacteria,p__Firmicutes,c__Clostridia,o__Clostridiales,f__Ruminococcaceae,g__,s__
zOTU_2216,k__Bacteria,p__Bacteroidetes,c__Bacteroidia,o__Bacteroidales,f__Prevotellaceae,g__Prevotella,s__
zOTU_2217,k__Bacteria,p__Bacteroidetes,c__Bacteroidia,o__Bacteroidales,f__Prevotellaceae,g__Prevotella,s__
zOTU_2218,k__Bacteria,p__Firmicutes,c__Clostridia,o__Clostridiales,f__Lachnospiraceae,g__Blautia,s__producta
zOTU_2219,k__Bacteria,p__Bacteroidetes,c__Bacteroidia,o__Bacteroidales,f__S24-7,g__,s__
zOTU_222,k__Bacteria,p__Bacteroidetes,c__Bacteroidia,o__Bacteroidales,f__,g__,s__
zOTU_2220,k__Bacteria,p__Firmicutes,c__Clostridia,o__Clostridiales,f__Clostridiaceae,g__Clostridium,s__
zOTU_2221,k__Bacteria,p__Bacteroidetes,c__Bacteroidia,o__Bacteroidales,f__Prevotellaceae,g__Prevotella,s__
zOTU_2222,k__Bacteria,p__Firmicutes,c__Clostridia,o__Clostridiales,f__,g__,s__
zOTU_2223,k__Bacteria,p__Bacteroidetes,c__Bacteroidia,o__Bacteroidales,f__Prevotellaceae,g__Prevotella,s__
zOTU_2224,k__Bacteria,p__Synergistetes,c__Synergistia,o__Synergistales,f__Dethiosulfovibrionaceae,g__Pyramidobacter,s__
zOTU_2225,k__Bacteria,p__Bacteroidetes,c__Bacteroidia,o__Bacteroidales,f__Prevotellaceae,g__Prevotella,s__
zOTU_2226,k__Bacteria,p__Firmicutes,c__Clostridia,o__Clostridiales,f__[Mogibacteriaceae],g__,s__
zOTU_2227,k__Bacteria,p__Bacteroidetes,c__Bacteroidia,o__Bacteroidales,f__Prevotellaceae,g__Prevotella,s__
zOTU_2228,k__Bacteria,p__Fibrobacteres,c__Fibrobacteria,o__Fibrobacterales,f__Fibrobacteraceae,g__Fibrobacter,s__
zOTU_2229,k__Bacteria,p__Bacteroidetes,c__Bacteroidia,o__Bacteroidales,f__[Paraprevotellaceae],,
zOTU_223,k__Bacteria,p__Firmicutes,c__Clostridia,o__Clostridiales,f__Lachnospiraceae,g__Dorea,s__
zOTU_2230,k__Bacteria,p__Bacteroidetes,c__Bacteroidia,o__Bacteroidales,f__Prevotellaceae,g__Prevotella,s__
zOTU_2231,k__Bacteria,p__Firmicutes,c__Clostridia,o__Clostridiales,f__Ruminococcaceae,g__Ruminococcus,s__
zOTU_2232,k__Bacteria,p__Firmicutes,c__Clostridia,o__Clostridiales,f__,g__,s__
zOTU_2233,k__Bacteria,p__Bacteroidetes,c__Bacteroidia,o__Bacteroidales,f__RF16,g__,s__
zOTU_2234,k__Bacteria,p__Fibrobacteres,c__Fibrobacteria,o__Fibrobacterales,f__Fibrobacteraceae,g__Fibrobacter,s__succinogenes
zOTU_2235,k__Bacteria,p__Bacteroidetes,c__Bacteroidia,o__Bacteroidales,f__[Paraprevotellaceae],g__YRC22,s__
zOTU_2236,k__Bacteria,p__Bacteroidetes,c__Bacteroidia,o__Bacteroidales,f__Prevotellaceae,g__Prevotella,s__
zOTU_2237,k__Bacteria,p__Firmicutes,c__Clostridia,o__Clostridiales,f__,g__,s__
zOTU_2238,k__Bacteria,p__Firmicutes,c__Clostridia,o__Clostridiales,f__,g__,s__
zOTU_2239,k__Bacteria,p__Firmicutes,c__Clostridia,o__Clostridiales,f__Lachnospiraceae,g__Coprococcus,s__
zOTU_224,k__Bacteria,p__Firmicutes,c__Clostridia,o__Clostridiales,f__,g__,s__
zOTU_2240,k__Bacteria,p__Firmicutes,c__Clostridia,o__Clostridiales,f__Ruminococcaceae,g__,s__
zOTU_2241,k__Bacteria,p__Bacteroidetes,c__Bacteroidia,o__Bacteroidales,f__,g__,s__
zOTU_2242,k__Bacteria,p__Bacteroidetes,c__Bacteroidia,o__Bacteroidales,f__S24-7,g__,s__
zOTU_2243,k__Bacteria,p__Firmicutes,c__Clostridia,o__Clostridiales,f__Ruminococcaceae,g__Ruminococcus,s__
zOTU_2244,k__Bacteria,p__Bacteroidetes,c__Bacteroidia,o__Bacteroidales,f__Prevotellaceae,g__Prevotella,s__
zOTU_2245,k__Bacteria,p__Bacteroidetes,c__Bacteroidia,o__Bacteroidales,f__Bacteroidaceae,g__BF311,s__
zOTU_2246,k__Bacteria,p__Bacteroidetes,c__Bacteroidia,o__Bacteroidales,f__,g__,s__
zOTU_2247,k__Bacteria,p__Bacteroidetes,c__Bacteroidia,o__Bacteroidales,f__Prevotellaceae,g__Prevotella,s__
zOTU_2248,k__Bacteria,p__Bacteroidetes,c__Bacteroidia,o__Bacteroidales,f__S24-7,g__,s__
zOTU_2249,k__Bacteria,p__Proteobacteria,c__Gammaproteobacteria,o__Enterobacteriales,f__Enterobacteriaceae,g__Erwinia,s__
zOTU_225,k__Bacteria,p__Bacteroidetes,c__Bacteroidia,o__Bacteroidales,f__,g__,s__
zOTU_2250,k__Bacteria,p__Firmicutes,c__Clostridia,o__Clostridiales,f__,g__,s__
zOTU_2251,k__Bacteria,p__Bacteroidetes,c__Bacteroidia,o__Bacteroidales,f__Prevotellaceae,g__Prevotella,s__stercorea
zOTU_2252,k__Bacteria,p__Firmicutes,c__Clostridia,o__Clostridiales,f__Lachnospiraceae,g__Butyrivibrio,s__
zOTU_2253,k__Bacteria,p__Firmicutes,c__Clostridia,o__Clostridiales,f__[Mogibacteriaceae],g__,s__
zOTU_2255,k__Bacteria,p__Bacteroidetes,c__Bacteroidia,o__Bacteroidales,f__BS11,g__,s__
zOTU_2256,k__Bacteria,p__Spirochaetes,c__Spirochaetes,o__Spirochaetales,f__Spirochaetaceae,g__Treponema,s__
zOTU_2257,k__Bacteria,p__Bacteroidetes,c__Bacteroidia,o__Bacteroidales,f__Prevotellaceae,g__Prevotella,s__
zOTU_2258,k__Bacteria,p__Bacteroidetes,c__Bacteroidia,o__Bacteroidales,f__Prevotellaceae,g__Prevotella,s__
zOTU_2259,k__Bacteria,p__Bacteroidetes,c__Bacteroidia,o__Bacteroidales,f__,g__,s__
zOTU_226,k__Bacteria,p__Bacteroidetes,c__Bacteroidia,o__Bacteroidales,f__[Paraprevotellaceae],g__YRC22,s__
zOTU_2260,k__Bacteria,p__Bacteroidetes,c__Bacteroidia,o__Bacteroidales,f__,g__,s__
zOTU_2261,k__Bacteria,p__Firmicutes,c__Clostridia,o__Clostridiales,f__Ruminococcaceae,g__Ruminococcus,s__albus
zOTU_2262,k__Bacteria,p__Firmicutes,c__Clostridia,o__Clostridiales,f__Ruminococcaceae,g__,s__
zOTU_2263,k__Bacteria,p__Bacteroidetes,c__Bacteroidia,o__Bacteroidales,f__Prevotellaceae,g__Prevotella,s__
zOTU_2264,k__Bacteria,p__Spirochaetes,c__Spirochaetes,o__Spirochaetales,f__Spirochaetaceae,g__Treponema,s__
zOTU_2265,k__Bacteria,p__Actinobacteria,c__Coriobacteriia,o__Coriobacteriales,f__Coriobacteriaceae,g__,s__
zOTU_2266,k__Bacteria,p__Bacteroidetes,c__Bacteroidia,o__Bacteroidales,f__[Paraprevotellaceae],g__CF231,s__
zOTU_2267,k__Bacteria,p__Cyanobacteria,c__4C0d-2,o__YS2,f__,g__,s__
zOTU_2268,k__Bacteria,p__Bacteroidetes,c__Bacteroidia,o__Bacteroidales,f__Prevotellaceae,g__Prevotella,s__
zOTU_2269,k__Bacteria,p__Bacteroidetes,c__Bacteroidia,o__Bacteroidales,f__[Paraprevotellaceae],g__CF231,s__
zOTU_227,k__Bacteria,p__Bacteroidetes,c__Bacteroidia,o__Bacteroidales,f__Prevotellaceae,g__Prevotella,s__
zOTU_2270,k__Bacteria,p__Bacteroidetes,c__Bacteroidia,o__Bacteroidales,f__Prevotellaceae,g__Prevotella,s__ruminicola
zOTU_2271,k__Bacteria,p__Spirochaetes,c__Spirochaetes,o__Spirochaetales,f__Spirochaetaceae,g__Treponema,s__
zOTU_2272,k__Bacteria,p__Bacteroidetes,c__Bacteroidia,o__Bacteroidales,f__Prevotellaceae,g__Prevotella,s__
zOTU_2273,k__Bacteria,p__Firmicutes,c__Clostridia,o__Clostridiales,f__Clostridiaceae,g__Clostridium,s__
zOTU_2274,k__Bacteria,p__Bacteroidetes,c__Bacteroidia,o__Bacteroidales,f__Prevotellaceae,g__Prevotella,s__copri
zOTU_2275,k__Bacteria,p__Firmicutes,c__Clostridia,o__Clostridiales,f__,g__,s__
zOTU_2276,k__Bacteria,p__Firmicutes,c__Erysipelotrichi,o__Erysipelotrichales,f__Erysipelotrichaceae,g__RFN20,s__
zOTU_2277,k__Bacteria,p__Bacteroidetes,c__Bacteroidia,o__Bacteroidales,f__[Paraprevotellaceae],g__YRC22,s__
zOTU_2278,k__Bacteria,p__Actinobacteria,c__Actinobacteria,o__Actinomycetales,f__Micrococcaceae,g__Kocuria,s__rhizophila
zOTU_2279,k__Bacteria,p__Spirochaetes,c__Spirochaetes,o__Spirochaetales,f__Spirochaetaceae,g__Treponema,s__
zOTU_228,k__Bacteria,p__Bacteroidetes,c__Bacteroidia,o__Bacteroidales,f__S24-7,g__,s__
zOTU_2280,k__Bacteria,p__Bacteroidetes,c__Bacteroidia,o__Bacteroidales,f__Prevotellaceae,g__Prevotella,s__
zOTU_2281,k__Bacteria,p__Bacteroidetes,c__Bacteroidia,o__Bacteroidales,f__Prevotellaceae,g__Prevotella,s__
zOTU_2282,k__Bacteria,p__Bacteroidetes,c__Bacteroidia,o__Bacteroidales,f__Prevotellaceae,g__Prevotella,s__
zOTU_2283,k__Bacteria,p__Firmicutes,c__Clostridia,o__Clostridiales,f__,g__,s__
zOTU_2284,k__Bacteria,p__Firmicutes,c__Clostridia,o__Clostridiales,f__Ruminococcaceae,g__,s__
zOTU_2286,k__Bacteria,p__Firmicutes,c__Clostridia,o__Clostridiales,f__,g__,s__
zOTU_2287,k__Bacteria,p__Proteobacteria,c__Deltaproteobacteria,o__Desulfovibrionales,f__Desulfovibrionaceae,g__Desulfovibrio,s__
zOTU_2288,k__Bacteria,p__Bacteroidetes,c__Bacteroidia,o__Bacteroidales,f__,g__,s__
zOTU_2289,k__Bacteria,p__Firmicutes,c__Clostridia,o__Clostridiales,f__,g__,s__
zOTU_229,k__Bacteria,p__Actinobacteria,c__Coriobacteriia,o__Coriobacteriales,f__Coriobacteriaceae,g__,s__
zOTU_2290,k__Bacteria,p__Firmicutes,c__Erysipelotrichi,o__Erysipelotrichales,f__Erysipelotrichaceae,g__Bulleidia,s__
zOTU_2291,k__Bacteria,p__Bacteroidetes,c__Bacteroidia,o__Bacteroidales,,,
zOTU_2292,k__Bacteria,p__Firmicutes,c__Clostridia,o__Clostridiales,f__,g__,s__
zOTU_2293,k__Bacteria,p__Bacteroidetes,c__Bacteroidia,o__Bacteroidales,f__Prevotellaceae,g__Prevotella,s__
zOTU_2294,k__Bacteria,p__Tenericutes,c__Mollicutes,o__Anaeroplasmatales,f__Anaeroplasmataceae,g__Anaeroplasma,s__
zOTU_2295,k__Bacteria,p__Firmicutes,c__Clostridia,o__Clostridiales,f__[Mogibacteriaceae],g__,s__
zOTU_2296,k__Bacteria,p__Spirochaetes,c__Spirochaetes,o__Sphaerochaetales,f__Sphaerochaetaceae,g__Sphaerochaeta,s__
zOTU_2297,k__Bacteria,p__Firmicutes,c__Clostridia,o__Clostridiales,f__Ruminococcaceae,g__,s__
zOTU_2298,k__Bacteria,p__Firmicutes,c__Clostridia,o__Clostridiales,f__Lachnospiraceae,g__,s__
zOTU_2299,k__Bacteria,p__Bacteroidetes,c__Bacteroidia,o__Bacteroidales,f__S24-7,g__,s__
zOTU_23,k__Bacteria,p__Actinobacteria,c__Actinobacteria,o__Bifidobacteriales,f__Bifidobacteriaceae,g__Bifidobacterium,s__
zOTU_230,k__Bacteria,p__Firmicutes,c__Clostridia,o__Clostridiales,f__Ruminococcaceae,g__Ruminococcus,s__
zOTU_2300,k__Bacteria,p__Bacteroidetes,c__Bacteroidia,o__Bacteroidales,f__,g__,s__
zOTU_2301,k__Bacteria,p__Bacteroidetes,c__Bacteroidia,o__Bacteroidales,f__Prevotellaceae,g__Prevotella,s__
zOTU_2302,k__Bacteria,p__Firmicutes,c__Clostridia,o__Clostridiales,f__Lachnospiraceae,g__,s__
zOTU_2303,k__Bacteria,p__Bacteroidetes,c__Bacteroidia,o__Bacteroidales,f__Prevotellaceae,g__Prevotella,s__
zOTU_2304,k__Bacteria,p__Bacteroidetes,c__Bacteroidia,o__Bacteroidales,f__Prevotellaceae,g__Prevotella,s__
zOTU_2305,k__Bacteria,p__Cyanobacteria,c__4C0d-2,o__YS2,f__,g__,s__
zOTU_2306,k__Bacteria,p__Bacteroidetes,c__Bacteroidia,o__Bacteroidales,f__Prevotellaceae,g__Prevotella,s__
zOTU_2307,k__Bacteria,p__Firmicutes,c__Clostridia,o__Clostridiales,f__Veillonellaceae,g__Selenomonas,s__
zOTU_2308,k__Bacteria,p__Firmicutes,c__Clostridia,o__Clostridiales,f__Ruminococcaceae,g__,s__
zOTU_2309,k__Bacteria,p__Bacteroidetes,c__Bacteroidia,o__Bacteroidales,f__S24-7,g__,s__
zOTU_231,k__Bacteria,p__Firmicutes,c__Erysipelotrichi,o__Erysipelotrichales,f__Erysipelotrichaceae,g__Sharpea,s__azabuensis
zOTU_2310,k__Bacteria,p__Bacteroidetes,c__Bacteroidia,o__Bacteroidales,f__,g__,s__
zOTU_2311,k__Bacteria,p__Firmicutes,c__Clostridia,o__Clostridiales,f__Ruminococcaceae,g__,s__
zOTU_2312,k__Bacteria,p__Firmicutes,c__Clostridia,o__Clostridiales,f__Ruminococcaceae,g__,s__
zOTU_2313,k__Bacteria,p__Bacteroidetes,c__Bacteroidia,o__Bacteroidales,f__Prevotellaceae,g__Prevotella,s__
zOTU_2314,k__Bacteria,p__Bacteroidetes,c__Bacteroidia,o__Bacteroidales,f__[Paraprevotellaceae],g__,s__
zOTU_2315,k__Bacteria,p__Bacteroidetes,c__Bacteroidia,o__Bacteroidales,f__,g__,s__
zOTU_2316,k__Bacteria,p__Bacteroidetes,c__Bacteroidia,o__Bacteroidales,f__Bacteroidaceae,g__BF311,s__
zOTU_2317,k__Bacteria,p__Fibrobacteres,c__Fibrobacteria,o__Fibrobacterales,f__Fibrobacteraceae,g__Fibrobacter,s__succinogenes
zOTU_2318,k__Bacteria,p__Bacteroidetes,c__Bacteroidia,o__Bacteroidales,f__,g__,s__
zOTU_2319,k__Bacteria,p__Bacteroidetes,c__Bacteroidia,o__Bacteroidales,f__Prevotellaceae,g__Prevotella,s__
zOTU_232,k__Bacteria,p__Actinobacteria,c__Coriobacteriia,o__Coriobacteriales,f__Coriobacteriaceae,g__,s__
zOTU_2320,k__Bacteria,p__Bacteroidetes,c__Bacteroidia,o__Bacteroidales,f__Prevotellaceae,g__Prevotella,s__
zOTU_2321,k__Bacteria,p__Firmicutes,c__Clostridia,o__Clostridiales,f__Ruminococcaceae,g__Ruminococcus,s__
zOTU_2322,k__Bacteria,p__Bacteroidetes,c__Bacteroidia,o__Bacteroidales,f__Prevotellaceae,g__Prevotella,s__
zOTU_2323,k__Bacteria,p__Firmicutes,c__Clostridia,o__Clostridiales,f__Veillonellaceae,g__Dialister,s__
zOTU_2324,k__Bacteria,p__Firmicutes,c__Clostridia,o__Clostridiales,f__,g__,s__
zOTU_2325,k__Bacteria,p__Firmicutes,c__Clostridia,o__Clostridiales,f__,g__,s__
zOTU_2326,k__Bacteria,p__Bacteroidetes,c__Bacteroidia,o__Bacteroidales,f__Prevotellaceae,g__Prevotella,
zOTU_2327,k__Bacteria,p__Bacteroidetes,c__Bacteroidia,o__Bacteroidales,f__,g__,s__
zOTU_2328,k__Bacteria,p__Bacteroidetes,c__Bacteroidia,o__Bacteroidales,f__,g__,s__
zOTU_2329,k__Bacteria,p__Bacteroidetes,c__Bacteroidia,o__Bacteroidales,f__Prevotellaceae,g__Prevotella,s__
zOTU_233,k__Bacteria,p__Firmicutes,c__Clostridia,o__Clostridiales,f__Lachnospiraceae,g__Butyrivibrio,s__
zOTU_2330,k__Bacteria,p__Bacteroidetes,c__Bacteroidia,o__Bacteroidales,f__p-2534-18B5,g__,s__
zOTU_2331,k__Bacteria,p__Firmicutes,c__Clostridia,o__Clostridiales,f__,g__,s__
zOTU_2332,k__Bacteria,p__Bacteroidetes,c__Bacteroidia,o__Bacteroidales,f__Prevotellaceae,g__Prevotella,s__
zOTU_2333,k__Bacteria,p__Bacteroidetes,c__Bacteroidia,o__Bacteroidales,f__Prevotellaceae,g__Prevotella,s__
zOTU_2334,k__Bacteria,p__Bacteroidetes,c__Bacteroidia,o__Bacteroidales,f__,g__,s__
zOTU_2335,k__Bacteria,p__Firmicutes,c__Clostridia,o__Clostridiales,f__Lachnospiraceae,g__,s__
zOTU_2336,k__Bacteria,p__Firmicutes,c__Clostridia,o__Clostridiales,f__Ruminococcaceae,g__,s__
zOTU_2337,k__Bacteria,p__Bacteroidetes,c__Bacteroidia,o__Bacteroidales,f__Prevotellaceae,g__Prevotella,s__
zOTU_2338,k__Bacteria,p__Spirochaetes,c__Spirochaetes,o__Spirochaetales,f__Spirochaetaceae,g__Treponema,s__amylovorum
zOTU_2339,k__Bacteria,p__Firmicutes,c__Clostridia,o__Clostridiales,f__,g__,s__
zOTU_234,k__Bacteria,p__Cyanobacteria,c__4C0d-2,o__YS2,f__,g__,s__
zOTU_2340,k__Bacteria,p__Firmicutes,c__Clostridia,o__Clostridiales,f__,g__,s__
zOTU_2341,k__Bacteria,p__Firmicutes,c__Clostridia,o__Clostridiales,f__Lachnospiraceae,g__,s__
zOTU_2342,k__Bacteria,p__Spirochaetes,c__Spirochaetes,o__Spirochaetales,f__Spirochaetaceae,g__Treponema,s__
zOTU_2343,k__Bacteria,p__Firmicutes,c__Clostridia,o__Clostridiales,f__Ruminococcaceae,g__Ruminococcus,s__
zOTU_2344,k__Bacteria,p__Bacteroidetes,c__Bacteroidia,o__Bacteroidales,f__Prevotellaceae,g__Prevotella,s__
zOTU_2345,k__Bacteria,p__Bacteroidetes,c__Bacteroidia,o__Bacteroidales,f__[Paraprevotellaceae],g__CF231,s__
zOTU_2346,k__Bacteria,p__Firmicutes,c__Erysipelotrichi,o__Erysipelotrichales,f__Erysipelotrichaceae,g__RFN20,s__
zOTU_2347,k__Bacteria,p__Firmicutes,c__Clostridia,o__Clostridiales,f__Ruminococcaceae,g__Ruminococcus,s__
zOTU_2348,k__Bacteria,p__Firmicutes,c__Clostridia,o__Clostridiales,f__Ruminococcaceae,g__,s__
zOTU_2349,k__Bacteria,p__Firmicutes,c__Erysipelotrichi,o__Erysipelotrichales,f__Erysipelotrichaceae,g__Bulleidia,s__moorei
zOTU_235,k__Bacteria,p__Firmicutes,c__Clostridia,o__Clostridiales,f__,g__,s__
zOTU_2350,k__Bacteria,p__Bacteroidetes,c__Bacteroidia,o__Bacteroidales,f__Prevotellaceae,g__Prevotella,s__
zOTU_2351,k__Bacteria,p__Spirochaetes,c__Spirochaetes,o__Spirochaetales,f__Spirochaetaceae,g__Treponema,s__
zOTU_2352,k__Bacteria,p__Bacteroidetes,c__Bacteroidia,o__Bacteroidales,f__Prevotellaceae,g__Prevotella,s__
zOTU_2353,k__Bacteria,p__Firmicutes,c__Clostridia,o__Clostridiales,f__Ruminococcaceae,g__,s__
zOTU_2354,k__Bacteria,p__TM7,c__TM7-3,o__CW040,f__F16,g__,s__
zOTU_2356,k__Bacteria,p__Firmicutes,c__Clostridia,o__Clostridiales,f__Lachnospiraceae,g__,s__
zOTU_2357,k__Bacteria,p__Bacteroidetes,c__Bacteroidia,o__Bacteroidales,f__,g__,s__
zOTU_2358,k__Bacteria,p__Bacteroidetes,c__Bacteroidia,o__Bacteroidales,f__S24-7,g__,s__
zOTU_2359,k__Bacteria,p__Bacteroidetes,c__Bacteroidia,o__Bacteroidales,f__,g__,s__
zOTU_236,k__Bacteria,p__Firmicutes,c__Clostridia,o__Clostridiales,f__Ruminococcaceae,g__,s__
zOTU_2360,k__Bacteria,p__Fibrobacteres,c__Fibrobacteria,o__Fibrobacterales,f__Fibrobacteraceae,g__Fibrobacter,s__succinogenes
zOTU_2361,k__Bacteria,p__Bacteroidetes,c__Bacteroidia,o__Bacteroidales,f__S24-7,g__,s__
zOTU_2362,k__Bacteria,p__Bacteroidetes,c__Bacteroidia,o__Bacteroidales,f__Prevotellaceae,g__Prevotella,s__
zOTU_2363,k__Bacteria,p__Bacteroidetes,c__Bacteroidia,o__Bacteroidales,f__,g__,s__
zOTU_2364,k__Bacteria,p__Bacteroidetes,c__Bacteroidia,o__Bacteroidales,f__,g__,s__
zOTU_2365,k__Bacteria,p__Bacteroidetes,c__Bacteroidia,o__Bacteroidales,f__Prevotellaceae,g__Prevotella,s__
zOTU_2366,k__Bacteria,p__Firmicutes,c__Clostridia,o__Clostridiales,f__Eubacteriaceae,g__Anaerofustis,s__
zOTU_2367,k__Bacteria,p__Firmicutes,c__Clostridia,o__Clostridiales,f__,g__,s__
zOTU_2368,k__Bacteria,p__Firmicutes,c__Clostridia,o__Clostridiales,f__,g__,s__
zOTU_2369,k__Bacteria,p__Bacteroidetes,c__Bacteroidia,o__Bacteroidales,f__,g__,s__
zOTU_237,k__Bacteria,p__Bacteroidetes,c__Bacteroidia,o__Bacteroidales,f__Prevotellaceae,g__Prevotella,s__
zOTU_2370,k__Bacteria,p__Firmicutes,c__Clostridia,o__Clostridiales,f__Lachnospiraceae,g__Butyrivibrio,s__
zOTU_2371,k__Bacteria,p__Bacteroidetes,c__Bacteroidia,o__Bacteroidales,f__Prevotellaceae,g__Prevotella,s__
zOTU_2372,k__Bacteria,p__Firmicutes,c__Bacilli,o__Lactobacillales,f__Leuconostocaceae,g__,s__
zOTU_2373,k__Bacteria,p__Firmicutes,c__Clostridia,o__Clostridiales,f__,g__,s__
zOTU_2374,k__Bacteria,p__Bacteroidetes,c__Bacteroidia,o__Bacteroidales,f__Prevotellaceae,g__Prevotella,s__
zOTU_2375,k__Bacteria,p__TM7,c__TM7-3,o__CW040,f__F16,g__,s__
zOTU_2376,k__Bacteria,p__Bacteroidetes,c__Bacteroidia,o__Bacteroidales,f__Prevotellaceae,g__Prevotella,s__
zOTU_2377,k__Bacteria,p__Firmicutes,c__Clostridia,o__Clostridiales,f__,g__,s__
zOTU_2378,k__Bacteria,p__Bacteroidetes,c__Bacteroidia,o__Bacteroidales,f__Prevotellaceae,g__Prevotella,s__ruminicola
zOTU_2379,k__Bacteria,p__Bacteroidetes,c__Bacteroidia,o__Bacteroidales,f__Prevotellaceae,g__Prevotella,s__
zOTU_238,k__Bacteria,p__Firmicutes,c__Clostridia,o__Clostridiales,f__,g__,s__
zOTU_2380,k__Bacteria,p__Firmicutes,c__Clostridia,o__Clostridiales,f__Lachnospiraceae,g__Butyrivibrio,s__
zOTU_2381,k__Bacteria,p__Bacteroidetes,c__Bacteroidia,o__Bacteroidales,f__Prevotellaceae,g__Prevotella,s__copri
zOTU_2383,k__Bacteria,p__Bacteroidetes,c__Bacteroidia,o__Bacteroidales,f__Prevotellaceae,g__Prevotella,s__
zOTU_2384,k__Bacteria,p__Firmicutes,c__Clostridia,o__Clostridiales,f__Ruminococcaceae,g__Ruminococcus,s__
zOTU_2385,k__Bacteria,p__Firmicutes,c__Clostridia,o__Clostridiales,f__,g__,s__
zOTU_2386,k__Bacteria,p__Firmicutes,c__Erysipelotrichi,o__Erysipelotrichales,f__Erysipelotrichaceae,g__Bulleidia,s__hoa12_73A10
zOTU_2387,k__Bacteria,p__Bacteroidetes,c__Bacteroidia,o__Bacteroidales,f__[Paraprevotellaceae],g__,s__
zOTU_2388,k__Bacteria,p__Firmicutes,c__Clostridia,o__Clostridiales,f__Veillonellaceae,g__Selenomonas,s__
zOTU_2389,k__Bacteria,p__Firmicutes,c__Clostridia,o__Clostridiales,f__Ruminococcaceae,g__,s__
zOTU_239,k__Bacteria,p__Bacteroidetes,c__Bacteroidia,o__Bacteroidales,f__Prevotellaceae,g__Prevotella,s__
zOTU_2390,k__Bacteria,p__Bacteroidetes,c__Bacteroidia,o__Bacteroidales,f__Prevotellaceae,g__Prevotella,s__stercorea
zOTU_2391,k__Bacteria,p__Firmicutes,c__Clostridia,o__Clostridiales,f__,g__,s__
zOTU_2392,k__Bacteria,p__Bacteroidetes,c__Bacteroidia,o__Bacteroidales,f__S24-7,g__,s__
zOTU_2393,k__Bacteria,p__Firmicutes,c__Clostridia,o__Clostridiales,f__,g__,s__
zOTU_2394,k__Bacteria,p__Bacteroidetes,c__Bacteroidia,o__Bacteroidales,f__Prevotellaceae,g__Prevotella,s__
zOTU_2395,k__Bacteria,p__Firmicutes,c__Clostridia,o__Clostridiales,f__Veillonellaceae,g__Succiniclasticum,s__
zOTU_2396,k__Bacteria,p__Firmicutes,c__Clostridia,o__Clostridiales,f__Ruminococcaceae,g__,s__
zOTU_2397,k__Bacteria,p__Bacteroidetes,c__Bacteroidia,o__Bacteroidales,f__Prevotellaceae,g__Prevotella,s__
zOTU_2398,k__Bacteria,p__Firmicutes,c__Clostridia,o__Clostridiales,f__,g__,s__
zOTU_2399,k__Bacteria,p__Bacteroidetes,c__Bacteroidia,o__Bacteroidales,f__Prevotellaceae,g__Prevotella,s__
zOTU_24,k__Bacteria,p__Bacteroidetes,c__Bacteroidia,o__Bacteroidales,f__Prevotellaceae,g__Prevotella,s__
zOTU_240,k__Bacteria,p__Bacteroidetes,c__Bacteroidia,o__Bacteroidales,f__Prevotellaceae,g__Prevotella,s__
zOTU_2400,k__Bacteria,p__Bacteroidetes,c__Bacteroidia,o__Bacteroidales,f__Prevotellaceae,g__Prevotella,s__
zOTU_2401,k__Bacteria,p__Bacteroidetes,c__Bacteroidia,o__Bacteroidales,f__Prevotellaceae,g__Prevotella,s__
zOTU_2402,k__Bacteria,p__Bacteroidetes,c__Bacteroidia,o__Bacteroidales,f__Prevotellaceae,g__Prevotella,s__
zOTU_2404,k__Bacteria,p__Bacteroidetes,c__Bacteroidia,o__Bacteroidales,f__S24-7,g__,s__
zOTU_2405,k__Bacteria,p__Bacteroidetes,c__Bacteroidia,o__Bacteroidales,f__,g__,s__
zOTU_2406,k__Bacteria,p__Firmicutes,c__Clostridia,o__Clostridiales,f__Ruminococcaceae,g__Ruminococcus,s__
zOTU_2407,k__Bacteria,p__Bacteroidetes,c__Bacteroidia,o__Bacteroidales,f__[Paraprevotellaceae],g__CF231,s__
zOTU_2408,k__Bacteria,p__Actinobacteria,c__Coriobacteriia,o__Coriobacteriales,f__Coriobacteriaceae,g__,s__
zOTU_2409,k__Bacteria,p__Bacteroidetes,c__Bacteroidia,o__Bacteroidales,f__Prevotellaceae,g__Prevotella,s__
zOTU_241,k__Bacteria,p__Firmicutes,c__Clostridia,o__Clostridiales,f__Clostridiaceae,g__Clostridium,s__
zOTU_2410,k__Bacteria,p__Bacteroidetes,c__Bacteroidia,o__Bacteroidales,f__,g__,s__
zOTU_2411,k__Bacteria,p__Spirochaetes,c__Spirochaetes,o__Spirochaetales,f__Spirochaetaceae,g__Treponema,s__
zOTU_2412,k__Bacteria,p__Firmicutes,c__Clostridia,o__Clostridiales,f__[Mogibacteriaceae],g__,s__
zOTU_2414,k__Bacteria,p__Firmicutes,c__Clostridia,o__Clostridiales,f__Lachnospiraceae,g__,s__
zOTU_2415,k__Bacteria,p__Firmicutes,c__Erysipelotrichi,o__Erysipelotrichales,f__Erysipelotrichaceae,g__L7A_E11,s__
zOTU_2416,k__Bacteria,p__Proteobacteria,c__Alphaproteobacteria,o__RF32,f__,g__,s__
zOTU_2417,k__Bacteria,p__Bacteroidetes,c__Bacteroidia,o__Bacteroidales,f__[Paraprevotellaceae],g__YRC22,s__
zOTU_2418,k__Bacteria,p__Bacteroidetes,c__Bacteroidia,o__Bacteroidales,f__Prevotellaceae,g__Prevotella,s__
zOTU_2419,k__Bacteria,p__Bacteroidetes,c__Bacteroidia,o__Bacteroidales,f__[Paraprevotellaceae],g__CF231,s__
zOTU_242,k__Bacteria,p__Firmicutes,c__Clostridia,o__Clostridiales,f__Ruminococcaceae,g__,s__
zOTU_2420,k__Bacteria,p__Bacteroidetes,c__Bacteroidia,o__Bacteroidales,f__,g__,s__
zOTU_2421,k__Bacteria,p__Bacteroidetes,c__Bacteroidia,o__Bacteroidales,f__Prevotellaceae,g__Prevotella,s__
zOTU_2422,k__Bacteria,p__Bacteroidetes,c__Bacteroidia,o__Bacteroidales,f__Prevotellaceae,g__Prevotella,s__
zOTU_2423,k__Bacteria,p__Bacteroidetes,c__Bacteroidia,o__Bacteroidales,f__[Paraprevotellaceae],g__CF231,s__
zOTU_2424,k__Bacteria,p__Firmicutes,c__Clostridia,o__Clostridiales,f__Ruminococcaceae,g__,s__
zOTU_2425,k__Bacteria,p__Bacteroidetes,c__Bacteroidia,o__Bacteroidales,f__Prevotellaceae,g__Prevotella,s__
zOTU_2426,k__Bacteria,p__Bacteroidetes,c__Bacteroidia,o__Bacteroidales,f__Prevotellaceae,g__Prevotella,s__
zOTU_2427,k__Bacteria,p__Firmicutes,c__Clostridia,o__Clostridiales,f__Ruminococcaceae,g__,s__
zOTU_2428,k__Bacteria,p__Firmicutes,c__Clostridia,o__Clostridiales,f__Lachnospiraceae,g__Butyrivibrio,s__
zOTU_2429,k__Bacteria,p__Bacteroidetes,c__Bacteroidia,o__Bacteroidales,f__Prevotellaceae,g__Prevotella,s__
zOTU_243,k__Bacteria,p__Bacteroidetes,c__Bacteroidia,o__Bacteroidales,f__Prevotellaceae,g__Prevotella,s__
zOTU_2430,k__Bacteria,p__Bacteroidetes,c__Bacteroidia,o__Bacteroidales,f__,g__,s__
zOTU_2431,k__Bacteria,p__Firmicutes,c__Clostridia,o__Clostridiales,f__[Mogibacteriaceae],g__,s__
zOTU_2432,k__Bacteria,p__Bacteroidetes,c__Bacteroidia,o__Bacteroidales,f__Prevotellaceae,g__Prevotella,s__
zOTU_2433,k__Bacteria,p__Firmicutes,c__Clostridia,o__Clostridiales,f__Ruminococcaceae,g__Ruminococcus,s__
zOTU_2434,k__Bacteria,p__Tenericutes,c__Mollicutes,o__Anaeroplasmatales,f__Anaeroplasmataceae,g__Anaeroplasma,s__
zOTU_2435,k__Bacteria,p__Bacteroidetes,c__Bacteroidia,o__Bacteroidales,f__,g__,s__
zOTU_2436,k__Bacteria,p__Firmicutes,c__Clostridia,o__Clostridiales,f__,g__,s__
zOTU_2437,k__Bacteria,p__Bacteroidetes,c__Bacteroidia,o__Bacteroidales,f__Prevotellaceae,g__Prevotella,s__
zOTU_2438,k__Bacteria,p__TM7,c__TM7-3,o__CW040,f__F16,g__,s__
zOTU_2439,k__Bacteria,p__Firmicutes,c__Clostridia,o__Clostridiales,f__[Mogibacteriaceae],g__,s__
zOTU_244,k__Bacteria,p__Firmicutes,c__Clostridia,o__Clostridiales,f__Lachnospiraceae,,
zOTU_2440,k__Bacteria,p__Spirochaetes,c__Spirochaetes,o__Spirochaetales,f__Spirochaetaceae,g__Treponema,s__
zOTU_2441,k__Bacteria,p__Bacteroidetes,c__Bacteroidia,o__Bacteroidales,f__Prevotellaceae,g__Prevotella,s__stercorea
zOTU_2442,k__Bacteria,p__Actinobacteria,c__Actinobacteria,o__Actinomycetales,f__Corynebacteriaceae,g__Corynebacterium,s__
zOTU_2443,k__Bacteria,p__Firmicutes,c__Bacilli,o__Lactobacillales,f__,g__,s__
zOTU_2444,k__Bacteria,p__Fibrobacteres,c__Fibrobacteria,o__Fibrobacterales,f__Fibrobacteraceae,g__Fibrobacter,s__succinogenes
zOTU_2445,k__Bacteria,p__Bacteroidetes,c__Bacteroidia,o__Bacteroidales,f__,g__,s__
zOTU_2446,k__Bacteria,p__Bacteroidetes,c__Bacteroidia,o__Bacteroidales,f__[Paraprevotellaceae],g__,s__
zOTU_2447,k__Bacteria,p__Bacteroidetes,c__Bacteroidia,o__Bacteroidales,f__,g__,s__
zOTU_2448,k__Bacteria,p__Firmicutes,c__Clostridia,o__Clostridiales,f__Ruminococcaceae,g__,s__
zOTU_2449,k__Bacteria,p__Bacteroidetes,c__Bacteroidia,o__Bacteroidales,f__,g__,s__
zOTU_245,k__Bacteria,p__Firmicutes,c__Clostridia,o__Clostridiales,f__Lachnospiraceae,g__,s__
zOTU_2450,k__Bacteria,p__Bacteroidetes,c__Bacteroidia,o__Bacteroidales,f__Prevotellaceae,g__Prevotella,s__
zOTU_2451,k__Bacteria,p__Bacteroidetes,c__Bacteroidia,o__Bacteroidales,f__Prevotellaceae,g__Prevotella,s__
zOTU_2452,k__Bacteria,p__Firmicutes,c__Bacilli,o__Lactobacillales,f__Streptococcaceae,g__Streptococcus,s__
zOTU_2453,k__Bacteria,p__Bacteroidetes,c__Bacteroidia,o__Bacteroidales,f__S24-7,g__,s__
zOTU_2454,k__Bacteria,p__Firmicutes,c__Clostridia,o__Clostridiales,f__Lachnospiraceae,g__,s__
zOTU_2455,k__Bacteria,p__Fibrobacteres,c__Fibrobacteria,o__Fibrobacterales,f__Fibrobacteraceae,g__Fibrobacter,s__succinogenes
zOTU_2456,k__Bacteria,p__Bacteroidetes,c__Bacteroidia,o__Bacteroidales,f__[Paraprevotellaceae],g__CF231,s__
zOTU_2457,k__Bacteria,p__Bacteroidetes,c__Bacteroidia,o__Bacteroidales,f__Prevotellaceae,g__Prevotella,s__
zOTU_2458,k__Bacteria,p__Bacteroidetes,c__Bacteroidia,o__Bacteroidales,f__Prevotellaceae,g__Prevotella,s__
zOTU_2459,k__Bacteria,p__Bacteroidetes,c__Bacteroidia,o__Bacteroidales,f__Prevotellaceae,g__Prevotella,s__
zOTU_246,k__Bacteria,p__Firmicutes,c__Clostridia,o__Clostridiales,f__Lachnospiraceae,g__Butyrivibrio,s__
zOTU_2460,k__Bacteria,p__Firmicutes,c__Clostridia,o__Clostridiales,f__Lachnospiraceae,g__Coprococcus,s__
zOTU_2461,k__Bacteria,p__Firmicutes,c__Clostridia,o__Clostridiales,f__Veillonellaceae,g__,s__
zOTU_2462,k__Bacteria,p__Firmicutes,c__Clostridia,o__Clostridiales,f__,g__,s__
zOTU_2463,k__Bacteria,p__Firmicutes,c__Clostridia,o__Clostridiales,f__Lachnospiraceae,g__,s__
zOTU_2464,k__Bacteria,p__Bacteroidetes,c__Bacteroidia,o__Bacteroidales,f__S24-7,g__,s__
zOTU_2465,k__Bacteria,p__Firmicutes,c__Clostridia,o__Clostridiales,f__,g__,s__
zOTU_2466,k__Bacteria,p__Firmicutes,c__Bacilli,o__Lactobacillales,f__Lactobacillaceae,g__Pediococcus,s__
zOTU_2468,k__Bacteria,p__Bacteroidetes,c__Bacteroidia,o__Bacteroidales,f__Prevotellaceae,g__Prevotella,s__
zOTU_2469,k__Bacteria,p__Firmicutes,c__Clostridia,o__Clostridiales,f__,g__,s__
zOTU_247,k__Bacteria,p__Actinobacteria,c__Coriobacteriia,o__Coriobacteriales,f__Coriobacteriaceae,g__,s__
zOTU_2470,k__Bacteria,p__Bacteroidetes,c__Bacteroidia,o__Bacteroidales,f__,g__,s__
zOTU_2471,k__Bacteria,p__Bacteroidetes,c__Bacteroidia,o__Bacteroidales,f__Prevotellaceae,g__Prevotella,s__
zOTU_2472,k__Bacteria,p__Bacteroidetes,c__Bacteroidia,o__Bacteroidales,f__Prevotellaceae,g__Prevotella,s__
zOTU_2473,k__Bacteria,p__Bacteroidetes,c__Bacteroidia,o__Bacteroidales,f__Prevotellaceae,g__Prevotella,s__
zOTU_2474,k__Bacteria,p__Actinobacteria,c__Coriobacteriia,o__Coriobacteriales,f__Coriobacteriaceae,,
zOTU_2475,k__Bacteria,p__Firmicutes,c__Clostridia,o__Clostridiales,f__Ruminococcaceae,g__,s__
zOTU_2476,k__Bacteria,p__Spirochaetes,c__Spirochaetes,o__Spirochaetales,f__Spirochaetaceae,g__Treponema,s__
zOTU_2477,k__Bacteria,p__Bacteroidetes,c__Bacteroidia,o__Bacteroidales,f__S24-7,g__,s__
zOTU_2478,k__Bacteria,p__Bacteroidetes,c__Bacteroidia,o__Bacteroidales,f__Prevotellaceae,g__Prevotella,s__
zOTU_2479,k__Bacteria,p__Firmicutes,c__Bacilli,o__Lactobacillales,f__Lactobacillaceae,g__Lactobacillus,s__
zOTU_248,k__Bacteria,p__Bacteroidetes,c__Bacteroidia,o__Bacteroidales,f__Prevotellaceae,g__Prevotella,s__
zOTU_2480,k__Bacteria,p__Bacteroidetes,c__Bacteroidia,o__Bacteroidales,f__S24-7,g__,s__
zOTU_2481,k__Bacteria,p__Proteobacteria,c__Alphaproteobacteria,o__Rickettsiales,f__,g__,s__
zOTU_2482,k__Bacteria,p__Firmicutes,c__Clostridia,o__Clostridiales,f__Ruminococcaceae,g__,s__
zOTU_2483,k__Bacteria,p__Bacteroidetes,c__Bacteroidia,o__Bacteroidales,f__Prevotellaceae,g__Prevotella,s__
zOTU_2484,k__Bacteria,p__Bacteroidetes,c__Bacteroidia,o__Bacteroidales,f__Prevotellaceae,g__,s__
zOTU_2485,k__Bacteria,p__Bacteroidetes,c__Bacteroidia,o__Bacteroidales,f__[Paraprevotellaceae],g__,s__
zOTU_2486,k__Bacteria,p__Firmicutes,c__Clostridia,o__Clostridiales,f__Ruminococcaceae,g__,s__
zOTU_2487,k__Bacteria,p__Bacteroidetes,c__Bacteroidia,o__Bacteroidales,f__S24-7,g__,s__
zOTU_2488,k__Bacteria,p__Fibrobacteres,c__Fibrobacteria,o__Fibrobacterales,f__Fibrobacteraceae,g__Fibrobacter,s__succinogenes
zOTU_2489,k__Bacteria,p__Firmicutes,c__Clostridia,o__Clostridiales,f__,g__,s__
zOTU_249,k__Bacteria,p__Bacteroidetes,c__Bacteroidia,o__Bacteroidales,f__Prevotellaceae,g__Prevotella,s__
zOTU_2490,k__Bacteria,p__Bacteroidetes,c__Bacteroidia,o__Bacteroidales,f__Prevotellaceae,g__Prevotella,s__
zOTU_2491,k__Bacteria,p__Bacteroidetes,c__Bacteroidia,o__Bacteroidales,f__Prevotellaceae,g__Prevotella,s__
zOTU_2492,k__Bacteria,p__Proteobacteria,c__Gammaproteobacteria,o__Aeromonadales,f__Succinivibrionaceae,g__Ruminobacter,s__
zOTU_2493,k__Bacteria,p__Firmicutes,c__Clostridia,o__Clostridiales,f__Ruminococcaceae,g__Ruminococcus,s__
zOTU_2494,k__Bacteria,p__Firmicutes,c__Clostridia,o__Clostridiales,f__,g__,s__
zOTU_2495,k__Bacteria,p__Bacteroidetes,c__Bacteroidia,o__Bacteroidales,f__Prevotellaceae,g__Prevotella,s__
zOTU_2496,k__Bacteria,p__Chloroflexi,c__Anaerolineae,o__Anaerolineales,f__Anaerolinaceae,g__SHD-231,s__
zOTU_2497,k__Bacteria,p__Firmicutes,c__Clostridia,o__Clostridiales,f__[Mogibacteriaceae],,
zOTU_2498,k__Bacteria,p__Bacteroidetes,c__Bacteroidia,o__Bacteroidales,f__Prevotellaceae,g__Prevotella,s__
zOTU_2499,k__Bacteria,p__Bacteroidetes,c__Bacteroidia,o__Bacteroidales,f__[Paraprevotellaceae],g__CF231,s__
zOTU_250,k__Bacteria,p__Firmicutes,c__Clostridia,o__Clostridiales,f__Ruminococcaceae,g__Ruminococcus,s__
zOTU_2500,k__Bacteria,p__Spirochaetes,c__Spirochaetes,o__Spirochaetales,f__Spirochaetaceae,g__Treponema,s__
zOTU_2501,k__Bacteria,p__Bacteroidetes,c__Bacteroidia,o__Bacteroidales,f__Prevotellaceae,g__Prevotella,s__
zOTU_2502,k__Bacteria,p__Firmicutes,c__Clostridia,o__Clostridiales,f__Ruminococcaceae,g__Ruminococcus,s__
zOTU_2503,k__Bacteria,p__Firmicutes,c__Erysipelotrichi,o__Erysipelotrichales,f__Erysipelotrichaceae,,
zOTU_2504,k__Bacteria,p__Proteobacteria,c__Alphaproteobacteria,o__RF32,f__,g__,s__
zOTU_2505,k__Bacteria,p__Bacteroidetes,c__Bacteroidia,o__Bacteroidales,f__Prevotellaceae,g__Prevotella,s__
zOTU_2506,k__Bacteria,p__Bacteroidetes,c__Bacteroidia,o__Bacteroidales,,,
zOTU_2507,k__Bacteria,p__Bacteroidetes,c__Bacteroidia,o__Bacteroidales,f__Prevotellaceae,g__Prevotella,s__
zOTU_2508,k__Bacteria,p__Bacteroidetes,c__Bacteroidia,o__Bacteroidales,f__,g__,s__
zOTU_2509,k__Bacteria,p__WPS-2,c__,o__,f__,g__,s__
zOTU_251,k__Bacteria,p__Firmicutes,c__Clostridia,o__Clostridiales,f__Lachnospiraceae,g__,s__
zOTU_2510,k__Bacteria,p__Firmicutes,c__Clostridia,o__Clostridiales,f__Ruminococcaceae,g__,s__
zOTU_2511,k__Bacteria,p__Bacteroidetes,c__Bacteroidia,o__Bacteroidales,f__S24-7,g__,s__
zOTU_2512,k__Bacteria,p__Bacteroidetes,c__Bacteroidia,o__Bacteroidales,f__Prevotellaceae,g__Prevotella,s__
zOTU_2513,k__Bacteria,p__Actinobacteria,c__Coriobacteriia,o__Coriobacteriales,f__Coriobacteriaceae,g__Adlercreutzia,s__
zOTU_2514,k__Bacteria,p__Bacteroidetes,c__Bacteroidia,o__Bacteroidales,f__Prevotellaceae,g__Prevotella,s__
zOTU_2515,k__Bacteria,p__Firmicutes,c__Erysipelotrichi,o__Erysipelotrichales,f__Erysipelotrichaceae,g__RFN20,s__
zOTU_2516,k__Bacteria,p__Bacteroidetes,c__Bacteroidia,o__Bacteroidales,f__[Paraprevotellaceae],g__CF231,s__
zOTU_2517,k__Bacteria,p__Spirochaetes,c__Spirochaetes,o__Spirochaetales,f__Spirochaetaceae,g__Treponema,s__
zOTU_2518,k__Bacteria,p__Firmicutes,c__Clostridia,o__Clostridiales,f__,g__,s__
zOTU_2519,k__Bacteria,p__Firmicutes,c__Clostridia,o__Clostridiales,f__,g__,s__
zOTU_252,k__Bacteria,p__Bacteroidetes,c__Bacteroidia,o__Bacteroidales,f__Prevotellaceae,g__Prevotella,s__
zOTU_2520,k__Bacteria,p__Firmicutes,c__Erysipelotrichi,o__Erysipelotrichales,f__Erysipelotrichaceae,g__RFN20,s__
zOTU_2521,k__Bacteria,p__Bacteroidetes,c__Bacteroidia,o__Bacteroidales,f__Prevotellaceae,g__Prevotella,s__
zOTU_2522,k__Bacteria,p__Firmicutes,c__Clostridia,o__Clostridiales,f__Lachnospiraceae,g__Butyrivibrio,s__
zOTU_2523,k__Bacteria,p__Bacteroidetes,c__Bacteroidia,o__Bacteroidales,f__Prevotellaceae,g__Prevotella,s__
zOTU_2524,k__Bacteria,p__Bacteroidetes,c__Bacteroidia,o__Bacteroidales,f__Prevotellaceae,g__Prevotella,s__
zOTU_2525,k__Bacteria,p__Firmicutes,c__Clostridia,o__Clostridiales,f__Veillonellaceae,g__Dialister,s__
zOTU_2526,k__Bacteria,p__Firmicutes,c__Erysipelotrichi,o__Erysipelotrichales,f__Erysipelotrichaceae,g__[Eubacterium],s__biforme
zOTU_2527,k__Bacteria,p__Bacteroidetes,c__Bacteroidia,o__Bacteroidales,f__,g__,s__
zOTU_2528,k__Bacteria,p__Bacteroidetes,c__Bacteroidia,o__Bacteroidales,f__Prevotellaceae,g__Prevotella,
zOTU_2529,k__Bacteria,p__Firmicutes,c__Clostridia,o__Clostridiales,f__Veillonellaceae,g__Anaerovibrio,s__
zOTU_253,k__Bacteria,p__Firmicutes,c__Clostridia,o__Clostridiales,f__Lachnospiraceae,g__Butyrivibrio,s__
zOTU_2530,k__Bacteria,p__Bacteroidetes,c__Bacteroidia,o__Bacteroidales,f__S24-7,g__,s__
zOTU_2531,k__Bacteria,p__Firmicutes,c__Clostridia,o__Clostridiales,f__[Mogibacteriaceae],g__,s__
zOTU_2532,k__Bacteria,p__Bacteroidetes,c__Bacteroidia,o__Bacteroidales,f__RF16,g__,s__
zOTU_2533,k__Bacteria,p__Firmicutes,c__Clostridia,o__Clostridiales,f__Veillonellaceae,g__Selenomonas,s__
zOTU_2534,k__Bacteria,p__Fibrobacteres,c__Fibrobacteria,o__Fibrobacterales,f__Fibrobacteraceae,g__Fibrobacter,s__succinogenes
zOTU_2535,k__Bacteria,p__Bacteroidetes,c__Bacteroidia,o__Bacteroidales,f__,g__,s__
zOTU_2536,k__Bacteria,p__Bacteroidetes,c__Bacteroidia,o__Bacteroidales,f__,g__,s__
zOTU_2537,k__Bacteria,p__Bacteroidetes,c__Bacteroidia,o__Bacteroidales,f__Prevotellaceae,g__Prevotella,s__
zOTU_2538,k__Bacteria,p__Firmicutes,c__Clostridia,o__Clostridiales,f__[Mogibacteriaceae],g__,s__
zOTU_2539,k__Bacteria,p__Bacteroidetes,c__Bacteroidia,o__Bacteroidales,f__Prevotellaceae,g__Prevotella,s__
zOTU_254,k__Bacteria,p__Firmicutes,c__Erysipelotrichi,o__Erysipelotrichales,f__Erysipelotrichaceae,g__Sharpea,s__p-3329-23G2
zOTU_2540,k__Bacteria,p__Bacteroidetes,c__Bacteroidia,o__Bacteroidales,f__[Paraprevotellaceae],g__,s__
zOTU_2541,k__Bacteria,p__Bacteroidetes,c__Bacteroidia,o__Bacteroidales,f__[Paraprevotellaceae],g__,s__
zOTU_2542,k__Bacteria,p__Firmicutes,c__Clostridia,o__Clostridiales,f__Lachnospiraceae,g__,s__
zOTU_2543,k__Bacteria,p__Firmicutes,c__Clostridia,o__Clostridiales,f__[Mogibacteriaceae],g__,s__
zOTU_2544,k__Bacteria,p__Proteobacteria,c__Deltaproteobacteria,o__Desulfovibrionales,f__Desulfovibrionaceae,g__Desulfovibrio,s__D168
zOTU_2545,k__Bacteria,p__Bacteroidetes,c__Bacteroidia,o__Bacteroidales,f__Prevotellaceae,g__Prevotella,s__
zOTU_2546,k__Bacteria,p__Bacteroidetes,c__Bacteroidia,o__Bacteroidales,f__Prevotellaceae,g__Prevotella,s__
zOTU_2547,k__Bacteria,p__WPS-2,c__,o__,f__,g__,s__
zOTU_2548,k__Bacteria,p__Bacteroidetes,c__Bacteroidia,o__Bacteroidales,f__Prevotellaceae,g__Prevotella,s__
zOTU_255,k__Bacteria,p__Firmicutes,c__Clostridia,o__Clostridiales,f__Ruminococcaceae,g__Ruminococcus,s__flavefaciens
zOTU_2550,k__Bacteria,p__Spirochaetes,c__Spirochaetes,o__Spirochaetales,f__Spirochaetaceae,g__Treponema,s__
zOTU_2551,k__Bacteria,p__Bacteroidetes,c__Bacteroidia,o__Bacteroidales,f__S24-7,g__,s__
zOTU_2552,k__Bacteria,p__Bacteroidetes,c__Bacteroidia,o__Bacteroidales,f__Prevotellaceae,g__Prevotella,s__
zOTU_2553,k__Bacteria,p__Bacteroidetes,c__Bacteroidia,o__Bacteroidales,f__Prevotellaceae,g__Prevotella,s__
zOTU_2554,k__Bacteria,p__Proteobacteria,c__Alphaproteobacteria,,,,
zOTU_2555,k__Bacteria,p__Firmicutes,c__Clostridia,o__Clostridiales,f__[Mogibacteriaceae],g__,s__
zOTU_2556,k__Bacteria,p__Bacteroidetes,c__Bacteroidia,o__Bacteroidales,f__Prevotellaceae,g__Prevotella,s__
zOTU_2557,k__Bacteria,p__Bacteroidetes,c__Bacteroidia,o__Bacteroidales,f__S24-7,g__,s__
zOTU_2558,k__Bacteria,p__Spirochaetes,c__Spirochaetes,o__Spirochaetales,f__Spirochaetaceae,g__Treponema,s__
zOTU_2559,k__Bacteria,p__Bacteroidetes,c__Bacteroidia,o__Bacteroidales,f__,g__,s__
zOTU_256,k__Bacteria,p__Bacteroidetes,c__Bacteroidia,o__Bacteroidales,f__,g__,s__
zOTU_2560,k__Bacteria,p__Bacteroidetes,c__Bacteroidia,o__Bacteroidales,f__Prevotellaceae,g__Prevotella,s__
zOTU_2561,k__Bacteria,p__Bacteroidetes,c__Bacteroidia,o__Bacteroidales,f__Prevotellaceae,g__Prevotella,s__
zOTU_2562,k__Bacteria,p__Bacteroidetes,c__Bacteroidia,o__Bacteroidales,f__Prevotellaceae,g__Prevotella,s__
zOTU_2563,k__Bacteria,p__Bacteroidetes,c__Bacteroidia,o__Bacteroidales,f__[Paraprevotellaceae],g__CF231,s__
zOTU_2564,k__Bacteria,p__Firmicutes,c__Clostridia,o__Clostridiales,f__Ruminococcaceae,g__,s__
zOTU_2565,k__Bacteria,p__Bacteroidetes,c__Bacteroidia,o__Bacteroidales,f__,g__,s__
zOTU_2567,k__Bacteria,p__Bacteroidetes,c__Bacteroidia,o__Bacteroidales,f__,g__,s__
zOTU_2568,k__Bacteria,p__Firmicutes,c__Clostridia,o__Clostridiales,f__Ruminococcaceae,g__,s__
zOTU_2569,k__Bacteria,p__Tenericutes,c__Mollicutes,o__Anaeroplasmatales,f__Anaeroplasmataceae,g__Anaeroplasma,s__
zOTU_257,k__Bacteria,p__Bacteroidetes,c__Bacteroidia,o__Bacteroidales,f__Prevotellaceae,g__Prevotella,s__
zOTU_2570,k__Bacteria,p__Firmicutes,c__Clostridia,o__Clostridiales,f__,g__,s__
zOTU_2571,k__Bacteria,p__Tenericutes,c__Mollicutes,o__Anaeroplasmatales,f__Anaeroplasmataceae,g__Anaeroplasma,s__
zOTU_2572,k__Bacteria,p__Firmicutes,c__Erysipelotrichi,o__Erysipelotrichales,f__Erysipelotrichaceae,g__RFN20,s__
zOTU_2574,k__Bacteria,p__Bacteroidetes,c__Bacteroidia,o__Bacteroidales,f__S24-7,g__,s__
zOTU_2575,k__Bacteria,p__Bacteroidetes,c__Bacteroidia,o__Bacteroidales,f__Prevotellaceae,g__Prevotella,s__
zOTU_2576,k__Bacteria,p__Firmicutes,c__Clostridia,o__Clostridiales,f__,g__,s__
zOTU_2577,k__Bacteria,p__Fibrobacteres,c__Fibrobacteria,o__Fibrobacterales,f__Fibrobacteraceae,g__Fibrobacter,s__succinogenes
zOTU_2578,k__Bacteria,p__Firmicutes,c__Clostridia,o__Clostridiales,f__,g__,s__
zOTU_2579,k__Bacteria,p__Cyanobacteria,c__4C0d-2,o__YS2,f__,g__,s__
zOTU_258,k__Bacteria,p__Bacteroidetes,c__Bacteroidia,o__Bacteroidales,f__Prevotellaceae,g__Prevotella,s__
zOTU_2580,k__Bacteria,p__Proteobacteria,c__Alphaproteobacteria,o__Rickettsiales,f__mitochondria,,
zOTU_2581,k__Bacteria,p__Bacteroidetes,c__Bacteroidia,o__Bacteroidales,f__BS11,g__,s__
zOTU_2582,k__Bacteria,p__Bacteroidetes,c__Bacteroidia,o__Bacteroidales,f__Prevotellaceae,g__Prevotella,s__
zOTU_2583,k__Bacteria,p__Bacteroidetes,c__Bacteroidia,o__Bacteroidales,f__Prevotellaceae,g__Prevotella,s__
zOTU_2584,k__Bacteria,p__Bacteroidetes,c__Bacteroidia,o__Bacteroidales,f__,g__,s__
zOTU_2585,k__Bacteria,p__Bacteroidetes,c__Bacteroidia,o__Bacteroidales,f__Prevotellaceae,g__Prevotella,s__
zOTU_2586,k__Bacteria,p__Firmicutes,c__Clostridia,o__Clostridiales,f__Ruminococcaceae,g__,s__
zOTU_2587,k__Bacteria,p__Proteobacteria,c__Alphaproteobacteria,o__RF32,f__,g__,s__
zOTU_2588,k__Bacteria,p__Firmicutes,c__Clostridia,o__Clostridiales,f__Ruminococcaceae,g__,s__
zOTU_2589,k__Bacteria,p__Fibrobacteres,c__Fibrobacteria,o__Fibrobacterales,f__Fibrobacteraceae,g__Fibrobacter,s__succinogenes
zOTU_259,k__Bacteria,p__Bacteroidetes,c__Bacteroidia,o__Bacteroidales,f__Prevotellaceae,g__Prevotella,s__
zOTU_2590,k__Bacteria,p__Firmicutes,c__Clostridia,o__Clostridiales,f__Ruminococcaceae,g__,s__
zOTU_2591,k__Bacteria,p__Bacteroidetes,c__Bacteroidia,o__Bacteroidales,f__Prevotellaceae,g__Prevotella,s__
zOTU_2592,k__Bacteria,p__Spirochaetes,c__Spirochaetes,o__Spirochaetales,f__Spirochaetaceae,g__Treponema,s__
zOTU_2593,k__Bacteria,p__Proteobacteria,c__Deltaproteobacteria,o__Desulfobacterales,f__Desulfobulbaceae,g__Desulfobulbus,s__
zOTU_2594,k__Bacteria,p__Firmicutes,c__Clostridia,o__Clostridiales,f__Veillonellaceae,g__Selenomonas,s__
zOTU_2595,k__Bacteria,p__Firmicutes,c__Clostridia,o__Clostridiales,f__Lachnospiraceae,,
zOTU_2596,k__Bacteria,p__Bacteroidetes,c__Bacteroidia,o__Bacteroidales,f__S24-7,g__,s__
zOTU_2597,k__Bacteria,p__Firmicutes,c__Clostridia,o__Clostridiales,f__Clostridiaceae,g__,s__
zOTU_2598,k__Bacteria,p__Firmicutes,c__Clostridia,o__Clostridiales,f__Ruminococcaceae,g__Ruminococcus,s__
zOTU_2599,k__Bacteria,p__Bacteroidetes,c__Bacteroidia,o__Bacteroidales,f__,g__,s__
zOTU_26,k__Bacteria,p__Firmicutes,c__Clostridia,o__Clostridiales,f__Lachnospiraceae,,
zOTU_260,k__Bacteria,p__Bacteroidetes,c__Bacteroidia,o__Bacteroidales,f__[Paraprevotellaceae],g__YRC22,s__
zOTU_2600,k__Bacteria,p__Firmicutes,c__Clostridia,o__Clostridiales,f__Clostridiaceae,g__,s__
zOTU_2601,k__Bacteria,p__Firmicutes,c__Clostridia,o__Clostridiales,f__Ruminococcaceae,g__Ruminococcus,s__
zOTU_2602,k__Bacteria,p__Bacteroidetes,c__Bacteroidia,o__Bacteroidales,f__,g__,s__
zOTU_2603,k__Bacteria,p__Bacteroidetes,c__Bacteroidia,o__Bacteroidales,f__Prevotellaceae,g__Prevotella,s__
zOTU_2605,k__Bacteria,p__Firmicutes,c__Clostridia,o__Clostridiales,f__Ruminococcaceae,g__,s__
zOTU_2606,k__Bacteria,p__Bacteroidetes,c__Bacteroidia,o__Bacteroidales,f__Prevotellaceae,g__Prevotella,s__
zOTU_2607,k__Bacteria,p__Spirochaetes,c__Spirochaetes,o__Spirochaetales,f__Spirochaetaceae,g__Treponema,s__
zOTU_2608,k__Bacteria,p__Bacteroidetes,c__Bacteroidia,o__Bacteroidales,f__Prevotellaceae,g__Prevotella,s__
zOTU_2609,k__Bacteria,p__Firmicutes,c__Clostridia,o__Clostridiales,f__,g__,s__
zOTU_261,k__Bacteria,p__Firmicutes,c__Erysipelotrichi,o__Erysipelotrichales,f__Erysipelotrichaceae,g__Sharpea,s__azabuensis
zOTU_2610,k__Bacteria,p__Proteobacteria,c__Alphaproteobacteria,o__RF32,f__,g__,s__
zOTU_2611,k__Bacteria,p__Firmicutes,c__Clostridia,o__Clostridiales,f__Ruminococcaceae,g__Oscillospira,s__
zOTU_2612,k__Bacteria,p__Firmicutes,c__Clostridia,o__Clostridiales,f__,g__,s__
zOTU_2613,k__Bacteria,p__Bacteroidetes,c__Bacteroidia,o__Bacteroidales,f__Prevotellaceae,g__Prevotella,s__stercorea
zOTU_2614,k__Bacteria,p__Bacteroidetes,c__Bacteroidia,o__Bacteroidales,f__,g__,s__
zOTU_2615,k__Bacteria,p__Bacteroidetes,c__Bacteroidia,o__Bacteroidales,f__Prevotellaceae,g__Prevotella,s__
zOTU_2616,k__Bacteria,p__Bacteroidetes,c__Bacteroidia,o__Bacteroidales,f__Prevotellaceae,g__Prevotella,s__
zOTU_2617,k__Bacteria,p__Bacteroidetes,c__Bacteroidia,o__Bacteroidales,f__,g__,s__
zOTU_2618,k__Bacteria,p__Bacteroidetes,c__Bacteroidia,o__Bacteroidales,f__Prevotellaceae,g__Prevotella,s__
zOTU_2619,k__Bacteria,p__Actinobacteria,c__Actinobacteria,o__Actinomycetales,f__Microbacteriaceae,g__Curtobacterium,s__
zOTU_262,k__Bacteria,p__TM7,c__TM7-3,o__CW040,f__F16,g__,s__
zOTU_2620,k__Bacteria,p__Bacteroidetes,c__Bacteroidia,o__Bacteroidales,f__Prevotellaceae,g__Prevotella,s__
zOTU_2621,k__Bacteria,p__Bacteroidetes,c__Bacteroidia,o__Bacteroidales,f__Prevotellaceae,g__Prevotella,s__
zOTU_2622,k__Bacteria,p__Firmicutes,c__Clostridia,o__Clostridiales,f__Ruminococcaceae,g__Ruminococcus,s__
zOTU_2624,k__Bacteria,p__Bacteroidetes,c__Bacteroidia,o__Bacteroidales,f__Prevotellaceae,g__Prevotella,s__
zOTU_2625,k__Bacteria,p__Firmicutes,c__Clostridia,o__Clostridiales,f__Ruminococcaceae,g__,s__
zOTU_2626,k__Bacteria,p__Cyanobacteria,c__4C0d-2,o__YS2,f__,g__,s__
zOTU_2627,k__Bacteria,p__Bacteroidetes,c__Bacteroidia,o__Bacteroidales,f__S24-7,g__,s__
zOTU_2629,k__Bacteria,p__Firmicutes,c__Clostridia,o__Clostridiales,f__Veillonellaceae,g__Succiniclasticum,s__
zOTU_263,k__Bacteria,p__Bacteroidetes,c__Bacteroidia,o__Bacteroidales,f__Prevotellaceae,g__Prevotella,s__
zOTU_2630,k__Bacteria,p__Bacteroidetes,c__Bacteroidia,o__Bacteroidales,f__Prevotellaceae,g__Prevotella,s__ruminicola
zOTU_2631,k__Bacteria,p__Bacteroidetes,c__Bacteroidia,o__Bacteroidales,f__Prevotellaceae,g__Prevotella,s__
zOTU_2633,k__Bacteria,p__Bacteroidetes,c__Bacteroidia,o__Bacteroidales,f__Prevotellaceae,g__Prevotella,s__
zOTU_2634,k__Bacteria,p__Bacteroidetes,c__Bacteroidia,o__Bacteroidales,f__Prevotellaceae,g__Prevotella,s__
zOTU_2635,k__Bacteria,p__Bacteroidetes,c__Bacteroidia,o__Bacteroidales,f__S24-7,g__,s__
zOTU_2636,k__Bacteria,p__Firmicutes,c__Clostridia,o__Clostridiales,f__Ruminococcaceae,g__,s__
zOTU_2637,k__Bacteria,p__Bacteroidetes,c__Bacteroidia,o__Bacteroidales,f__S24-7,g__,s__
zOTU_2638,k__Bacteria,p__Bacteroidetes,c__Bacteroidia,o__Bacteroidales,f__Prevotellaceae,g__Prevotella,s__
zOTU_2639,k__Bacteria,p__Bacteroidetes,c__Bacteroidia,o__Bacteroidales,f__Prevotellaceae,g__Prevotella,s__
zOTU_264,k__Bacteria,p__Fibrobacteres,c__Fibrobacteria,o__Fibrobacterales,f__Fibrobacteraceae,g__Fibrobacter,s__succinogenes
zOTU_2640,k__Bacteria,p__TM7,c__TM7-3,o__CW040,f__F16,g__,s__
zOTU_2641,k__Bacteria,p__Firmicutes,c__Clostridia,o__Clostridiales,f__Lachnospiraceae,g__,s__
zOTU_2642,k__Bacteria,p__Firmicutes,c__Clostridia,o__Clostridiales,f__Lachnospiraceae,g__,s__
zOTU_2643,k__Bacteria,p__Spirochaetes,c__Spirochaetes,o__Spirochaetales,f__Spirochaetaceae,g__Treponema,s__
zOTU_2644,k__Bacteria,p__Bacteroidetes,c__Bacteroidia,o__Bacteroidales,,,
zOTU_2645,k__Bacteria,p__Proteobacteria,c__Alphaproteobacteria,o__RF32,f__,g__,s__
zOTU_2646,k__Bacteria,p__Bacteroidetes,c__Bacteroidia,o__Bacteroidales,f__Prevotellaceae,g__Prevotella,s__
zOTU_2647,k__Bacteria,p__Proteobacteria,c__Epsilonproteobacteria,o__Campylobacterales,f__Campylobacteraceae,g__Campylobacter,s__
zOTU_2648,k__Bacteria,p__Fibrobacteres,c__Fibrobacteria,o__Fibrobacterales,f__Fibrobacteraceae,g__Fibrobacter,s__succinogenes
zOTU_2649,k__Bacteria,p__Bacteroidetes,c__Bacteroidia,o__Bacteroidales,f__Prevotellaceae,g__Prevotella,s__
zOTU_265,k__Bacteria,p__Firmicutes,c__Clostridia,o__Clostridiales,f__[Mogibacteriaceae],g__,s__
zOTU_2650,k__Bacteria,p__Bacteroidetes,c__Bacteroidia,o__Bacteroidales,f__Prevotellaceae,g__Prevotella,s__
zOTU_2651,k__Bacteria,p__Bacteroidetes,c__Bacteroidia,o__Bacteroidales,f__,g__,s__
zOTU_2653,k__Bacteria,p__Bacteroidetes,c__Bacteroidia,o__Bacteroidales,f__[Paraprevotellaceae],g__YRC22,s__
zOTU_2654,k__Bacteria,p__Bacteroidetes,c__Bacteroidia,o__Bacteroidales,f__Prevotellaceae,g__Prevotella,s__
zOTU_2655,k__Bacteria,p__Bacteroidetes,c__Bacteroidia,o__Bacteroidales,f__Prevotellaceae,g__Prevotella,s__
zOTU_2656,k__Bacteria,p__Bacteroidetes,c__Bacteroidia,o__Bacteroidales,f__[Paraprevotellaceae],g__CF231,s__
zOTU_2657,k__Bacteria,p__Bacteroidetes,c__Bacteroidia,o__Bacteroidales,f__S24-7,g__,s__
zOTU_2658,k__Bacteria,p__Bacteroidetes,c__Bacteroidia,o__Bacteroidales,f__BS11,g__,s__
zOTU_2659,k__Bacteria,p__Bacteroidetes,c__Bacteroidia,o__Bacteroidales,f__Prevotellaceae,g__Prevotella,s__ruminicola
zOTU_266,k__Bacteria,p__Bacteroidetes,c__Bacteroidia,o__Bacteroidales,f__Prevotellaceae,g__Prevotella,s__
zOTU_2660,k__Bacteria,p__Bacteroidetes,c__Bacteroidia,o__Bacteroidales,f__Prevotellaceae,g__Prevotella,s__
zOTU_2661,k__Bacteria,p__Firmicutes,c__Clostridia,o__Clostridiales,f__Veillonellaceae,g__Anaerovibrio,s__
zOTU_2662,k__Bacteria,p__Bacteroidetes,c__Bacteroidia,o__Bacteroidales,f__Prevotellaceae,g__Prevotella,s__
zOTU_2663,k__Bacteria,p__Bacteroidetes,c__Bacteroidia,o__Bacteroidales,f__Prevotellaceae,g__Prevotella,s__
zOTU_2664,k__Bacteria,p__Bacteroidetes,c__Bacteroidia,o__Bacteroidales,f__Prevotellaceae,g__Prevotella,s__
zOTU_2665,k__Bacteria,p__Bacteroidetes,c__Bacteroidia,o__Bacteroidales,f__Prevotellaceae,g__Prevotella,s__
zOTU_2666,k__Bacteria,p__Bacteroidetes,c__Bacteroidia,o__Bacteroidales,f__,g__,s__
zOTU_2667,k__Bacteria,p__Tenericutes,c__RF3,o__ML615J-28,f__,g__,s__
zOTU_2668,k__Bacteria,p__Bacteroidetes,c__Bacteroidia,o__Bacteroidales,f__Prevotellaceae,g__Prevotella,s__
zOTU_2669,k__Bacteria,p__Firmicutes,c__Clostridia,o__Clostridiales,f__,g__,s__
zOTU_267,k__Bacteria,p__Bacteroidetes,c__Bacteroidia,o__Bacteroidales,f__Prevotellaceae,g__Prevotella,s__
zOTU_2670,k__Bacteria,p__Proteobacteria,c__Alphaproteobacteria,o__Rickettsiales,f__,g__,s__
zOTU_2672,k__Bacteria,p__TM7,c__TM7-3,o__CW040,f__F16,g__,s__
zOTU_2673,k__Bacteria,p__Bacteroidetes,c__Bacteroidia,o__Bacteroidales,f__Prevotellaceae,g__Prevotella,s__
zOTU_2674,k__Bacteria,p__Bacteroidetes,c__Bacteroidia,o__Bacteroidales,f__[Paraprevotellaceae],g__CF231,s__
zOTU_2675,k__Bacteria,p__Firmicutes,c__Erysipelotrichi,o__Erysipelotrichales,f__Erysipelotrichaceae,g__,s__
zOTU_2676,k__Bacteria,p__Bacteroidetes,c__Bacteroidia,o__Bacteroidales,f__[Paraprevotellaceae],g__CF231,s__
zOTU_2677,k__Bacteria,p__Proteobacteria,c__Alphaproteobacteria,o__,f__,g__,s__
zOTU_2678,k__Bacteria,p__Bacteroidetes,c__Bacteroidia,o__Bacteroidales,f__Prevotellaceae,g__Prevotella,s__
zOTU_2679,k__Bacteria,p__Bacteroidetes,c__Bacteroidia,o__Bacteroidales,f__Prevotellaceae,g__Prevotella,s__
zOTU_268,k__Bacteria,p__Bacteroidetes,c__Bacteroidia,o__Bacteroidales,f__Prevotellaceae,g__Prevotella,s__
zOTU_2680,k__Bacteria,p__Firmicutes,c__Clostridia,o__Clostridiales,f__Ruminococcaceae,g__Anaerofilum,s__
zOTU_2681,k__Bacteria,p__Firmicutes,c__Clostridia,o__Clostridiales,f__,g__,s__
zOTU_2682,k__Bacteria,p__Bacteroidetes,c__Bacteroidia,o__Bacteroidales,f__[Paraprevotellaceae],g__YRC22,s__
zOTU_2683,k__Bacteria,p__Spirochaetes,c__Spirochaetes,o__Spirochaetales,f__Spirochaetaceae,g__Treponema,s__
zOTU_2684,k__Bacteria,p__Bacteroidetes,c__Bacteroidia,o__Bacteroidales,f__S24-7,g__,s__
zOTU_2685,k__Bacteria,p__Actinobacteria,c__Coriobacteriia,o__Coriobacteriales,f__Coriobacteriaceae,g__,s__
zOTU_2686,k__Bacteria,p__Bacteroidetes,c__Bacteroidia,o__Bacteroidales,f__[Paraprevotellaceae],g__CF231,s__
zOTU_2687,k__Bacteria,p__Firmicutes,c__Clostridia,o__Clostridiales,f__Lachnospiraceae,g__,s__
zOTU_2688,k__Bacteria,p__Bacteroidetes,c__Bacteroidia,o__Bacteroidales,f__Prevotellaceae,g__Prevotella,s__
zOTU_2689,k__Bacteria,p__Firmicutes,c__Clostridia,o__Clostridiales,f__,g__,s__
zOTU_269,k__Bacteria,p__Actinobacteria,c__Coriobacteriia,o__Coriobacteriales,f__Coriobacteriaceae,g__,s__
zOTU_2690,k__Bacteria,p__Bacteroidetes,c__Bacteroidia,o__Bacteroidales,f__S24-7,g__,s__
zOTU_2691,k__Bacteria,p__Bacteroidetes,c__Bacteroidia,o__Bacteroidales,f__p-2534-18B5,g__,s__
zOTU_2692,k__Bacteria,p__Firmicutes,c__Erysipelotrichi,o__Erysipelotrichales,f__Erysipelotrichaceae,g__PSB-M-3,s__
zOTU_2693,k__Bacteria,p__Firmicutes,c__Clostridia,o__Clostridiales,f__Lachnospiraceae,g__,s__
zOTU_2694,k__Bacteria,p__Firmicutes,c__Clostridia,o__Clostridiales,f__,g__,s__
zOTU_2695,k__Bacteria,p__Bacteroidetes,c__Bacteroidia,o__Bacteroidales,f__,g__,s__
zOTU_2696,k__Bacteria,p__Firmicutes,c__Clostridia,o__Clostridiales,f__,g__,s__
zOTU_2697,k__Bacteria,p__Firmicutes,c__Clostridia,o__Clostridiales,f__Ruminococcaceae,g__,s__
zOTU_2698,k__Bacteria,p__Bacteroidetes,c__Bacteroidia,o__Bacteroidales,f__Prevotellaceae,g__Prevotella,s__
zOTU_2699,k__Bacteria,p__Bacteroidetes,c__Bacteroidia,o__Bacteroidales,f__Prevotellaceae,g__Prevotella,s__
zOTU_27,k__Bacteria,p__Firmicutes,c__Clostridia,o__Clostridiales,f__,g__,s__
zOTU_270,k__Bacteria,p__Firmicutes,c__Clostridia,o__Clostridiales,f__Lachnospiraceae,g__Butyrivibrio,s__
zOTU_2701,k__Bacteria,p__Bacteroidetes,c__Bacteroidia,o__Bacteroidales,f__,g__,s__
zOTU_2703,k__Bacteria,p__Bacteroidetes,c__Bacteroidia,o__Bacteroidales,f__Bacteroidaceae,g__BF311,s__
zOTU_2704,k__Bacteria,p__Bacteroidetes,c__Bacteroidia,o__Bacteroidales,f__Prevotellaceae,g__Prevotella,s__
zOTU_2705,k__Bacteria,p__Bacteroidetes,c__Bacteroidia,o__Bacteroidales,f__Prevotellaceae,g__Prevotella,s__
zOTU_2706,k__Bacteria,p__Firmicutes,c__Clostridia,o__Clostridiales,f__Ruminococcaceae,g__,s__
zOTU_2707,k__Bacteria,p__Bacteroidetes,c__Bacteroidia,o__Bacteroidales,f__Prevotellaceae,g__Prevotella,s__
zOTU_2708,k__Bacteria,p__Bacteroidetes,c__Bacteroidia,o__Bacteroidales,f__Prevotellaceae,g__Prevotella,s__
zOTU_2709,k__Bacteria,p__Bacteroidetes,c__Bacteroidia,o__Bacteroidales,f__Prevotellaceae,g__Prevotella,s__
zOTU_271,k__Bacteria,p__Bacteroidetes,c__Bacteroidia,o__Bacteroidales,f__,g__,s__
zOTU_2710,k__Bacteria,p__Firmicutes,c__Clostridia,o__Clostridiales,f__Veillonellaceae,g__,s__
zOTU_2711,k__Bacteria,p__Firmicutes,c__Clostridia,o__Clostridiales,f__,g__,s__
zOTU_2712,k__Bacteria,p__Bacteroidetes,c__Bacteroidia,o__Bacteroidales,f__Prevotellaceae,g__Prevotella,s__
zOTU_2713,k__Bacteria,p__Firmicutes,c__Clostridia,o__Clostridiales,f__Ruminococcaceae,g__Ruminococcus,s__
zOTU_2714,k__Bacteria,p__Firmicutes,c__Clostridia,o__Clostridiales,f__,g__,s__
zOTU_2715,k__Bacteria,p__Firmicutes,c__Erysipelotrichi,o__Erysipelotrichales,f__Erysipelotrichaceae,g__RFN20,s__
zOTU_2716,k__Bacteria,p__Firmicutes,c__Clostridia,o__Clostridiales,f__Veillonellaceae,g__Dialister,s__
zOTU_2717,k__Bacteria,p__Bacteroidetes,c__Bacteroidia,o__Bacteroidales,f__,g__,s__
zOTU_2718,k__Bacteria,p__Bacteroidetes,c__Bacteroidia,o__Bacteroidales,f__Prevotellaceae,g__Prevotella,s__
zOTU_2719,k__Bacteria,p__Bacteroidetes,c__Bacteroidia,o__Bacteroidales,f__Prevotellaceae,g__Prevotella,s__
zOTU_272,k__Bacteria,p__Firmicutes,c__Clostridia,o__Clostridiales,f__Ruminococcaceae,g__,s__
zOTU_2720,k__Bacteria,p__Bacteroidetes,c__Bacteroidia,o__Bacteroidales,f__Prevotellaceae,g__Prevotella,s__
zOTU_2721,k__Bacteria,p__Bacteroidetes,c__Bacteroidia,o__Bacteroidales,f__Prevotellaceae,g__Prevotella,s__
zOTU_2722,k__Bacteria,p__Bacteroidetes,c__Bacteroidia,o__Bacteroidales,f__Prevotellaceae,g__Prevotella,s__
zOTU_2723,k__Bacteria,p__Bacteroidetes,c__Bacteroidia,o__Bacteroidales,f__Prevotellaceae,g__Prevotella,s__
zOTU_2724,k__Bacteria,p__Bacteroidetes,c__Bacteroidia,o__Bacteroidales,f__Prevotellaceae,g__Prevotella,s__
zOTU_2726,k__Bacteria,p__Bacteroidetes,c__Bacteroidia,o__Bacteroidales,f__,g__,s__
zOTU_2727,k__Bacteria,p__Firmicutes,c__Clostridia,o__Clostridiales,f__,g__,s__
zOTU_2728,k__Bacteria,p__Firmicutes,c__Clostridia,o__Clostridiales,f__Lachnospiraceae,g__Coprococcus,s__
zOTU_2729,k__Bacteria,p__Bacteroidetes,c__Bacteroidia,o__Bacteroidales,f__[Paraprevotellaceae],g__,s__
zOTU_273,k__Bacteria,p__Firmicutes,c__Clostridia,o__Clostridiales,f__Lachnospiraceae,g__,s__
zOTU_2730,k__Bacteria,p__Firmicutes,c__Erysipelotrichi,o__Erysipelotrichales,f__Erysipelotrichaceae,g__RFN20,s__
zOTU_2731,k__Bacteria,p__Firmicutes,c__Clostridia,o__Clostridiales,f__Ruminococcaceae,g__,s__
zOTU_2732,k__Bacteria,p__Bacteroidetes,c__Bacteroidia,o__Bacteroidales,f__BS11,g__,s__
zOTU_2733,k__Bacteria,p__Firmicutes,c__Erysipelotrichi,o__Erysipelotrichales,f__Erysipelotrichaceae,g__Bulleidia,s__
zOTU_2734,k__Bacteria,p__Bacteroidetes,c__Bacteroidia,o__Bacteroidales,f__Prevotellaceae,g__Prevotella,s__copri
zOTU_2735,k__Bacteria,p__Bacteroidetes,c__Bacteroidia,o__Bacteroidales,f__Prevotellaceae,g__Prevotella,s__
zOTU_2736,k__Bacteria,p__Firmicutes,c__Clostridia,o__Clostridiales,f__Ruminococcaceae,g__,s__
zOTU_2737,k__Bacteria,p__Firmicutes,c__Clostridia,o__Clostridiales,f__[Mogibacteriaceae],g__,s__
zOTU_2739,k__Bacteria,p__Firmicutes,c__Clostridia,o__Clostridiales,f__,g__,s__
zOTU_274,k__Bacteria,p__Bacteroidetes,c__Bacteroidia,o__Bacteroidales,f__Prevotellaceae,g__Prevotella,s__
zOTU_2740,k__Bacteria,p__Bacteroidetes,c__Bacteroidia,o__Bacteroidales,f__,g__,s__
zOTU_2741,k__Bacteria,p__Firmicutes,c__Clostridia,o__Clostridiales,f__Ruminococcaceae,g__,s__
zOTU_2742,k__Bacteria,p__Bacteroidetes,c__Bacteroidia,o__Bacteroidales,f__[Paraprevotellaceae],,
zOTU_2743,k__Bacteria,p__Bacteroidetes,c__Bacteroidia,o__Bacteroidales,f__S24-7,g__,s__
zOTU_2745,k__Bacteria,p__Bacteroidetes,c__Bacteroidia,o__Bacteroidales,f__Prevotellaceae,g__Prevotella,s__
zOTU_2746,k__Bacteria,p__Bacteroidetes,c__Bacteroidia,o__Bacteroidales,f__Prevotellaceae,g__Prevotella,s__
zOTU_2747,k__Bacteria,p__Bacteroidetes,c__Bacteroidia,o__Bacteroidales,f__Prevotellaceae,g__Prevotella,s__
zOTU_2748,k__Bacteria,p__Bacteroidetes,c__Bacteroidia,o__Bacteroidales,f__,g__,s__
zOTU_2749,k__Bacteria,p__Proteobacteria,c__Deltaproteobacteria,o__Desulfobacterales,f__Desulfobulbaceae,g__Desulfobulbus,s__
zOTU_275,k__Bacteria,p__Firmicutes,c__Clostridia,o__Clostridiales,f__[Mogibacteriaceae],g__,s__
zOTU_2750,k__Bacteria,p__Firmicutes,c__Clostridia,o__Clostridiales,f__Lachnospiraceae,g__Coprococcus,s__
zOTU_2751,k__Bacteria,p__Bacteroidetes,c__Bacteroidia,o__Bacteroidales,f__,g__,s__
zOTU_2752,k__Bacteria,p__Bacteroidetes,c__Bacteroidia,o__Bacteroidales,f__Prevotellaceae,g__Prevotella,s__
zOTU_2753,k__Bacteria,p__Firmicutes,c__Clostridia,o__Clostridiales,f__,g__,s__
zOTU_2754,k__Bacteria,p__Firmicutes,c__Clostridia,o__Clostridiales,f__[Mogibacteriaceae],g__,s__
zOTU_2755,k__Bacteria,p__Firmicutes,c__Clostridia,o__Clostridiales,f__Veillonellaceae,g__Dialister,s__
zOTU_2756,k__Bacteria,p__Bacteroidetes,c__Bacteroidia,o__Bacteroidales,f__,g__,s__
zOTU_2757,k__Bacteria,p__Firmicutes,c__Clostridia,o__Clostridiales,f__Ruminococcaceae,g__Ruminococcus,s__
zOTU_2758,k__Bacteria,p__Bacteroidetes,c__Bacteroidia,o__Bacteroidales,f__Prevotellaceae,g__Prevotella,s__
zOTU_2759,k__Bacteria,p__Bacteroidetes,c__Bacteroidia,o__Bacteroidales,f__Prevotellaceae,g__Prevotella,s__
zOTU_276,k__Bacteria,p__Firmicutes,c__Clostridia,o__Clostridiales,f__Lachnospiraceae,,
zOTU_2760,k__Bacteria,p__Bacteroidetes,c__Bacteroidia,o__Bacteroidales,f__[Paraprevotellaceae],g__CF231,s__
zOTU_2761,k__Bacteria,p__Bacteroidetes,c__Bacteroidia,o__Bacteroidales,f__,g__,s__
zOTU_2762,k__Bacteria,p__Firmicutes,c__Clostridia,o__Clostridiales,f__Lachnospiraceae,g__Coprococcus,s__
zOTU_2763,k__Bacteria,p__Bacteroidetes,c__Bacteroidia,o__Bacteroidales,f__,g__,s__
zOTU_2764,k__Bacteria,p__Firmicutes,c__Bacilli,o__Lactobacillales,f__Leuconostocaceae,g__Weissella,s__
zOTU_2765,k__Bacteria,p__Bacteroidetes,c__Bacteroidia,o__Bacteroidales,f__Prevotellaceae,g__Prevotella,s__
zOTU_2766,k__Bacteria,p__Bacteroidetes,c__Bacteroidia,o__Bacteroidales,f__Prevotellaceae,g__Prevotella,s__
zOTU_2767,k__Bacteria,p__Firmicutes,c__Clostridia,o__Clostridiales,f__,g__,s__
zOTU_2768,k__Bacteria,p__Firmicutes,c__Clostridia,o__Clostridiales,f__,g__,s__
zOTU_2769,k__Bacteria,p__Bacteroidetes,c__Bacteroidia,o__Bacteroidales,f__Prevotellaceae,g__Prevotella,s__
zOTU_277,k__Bacteria,p__Firmicutes,c__Clostridia,o__Clostridiales,f__[Mogibacteriaceae],g__,s__
zOTU_2770,k__Bacteria,p__Bacteroidetes,c__Bacteroidia,o__Bacteroidales,f__[Paraprevotellaceae],g__CF231,s__
zOTU_2771,k__Bacteria,p__Bacteroidetes,c__Bacteroidia,o__Bacteroidales,f__S24-7,g__,s__
zOTU_2772,k__Bacteria,p__Actinobacteria,c__Actinobacteria,o__Actinomycetales,f__Corynebacteriaceae,g__Corynebacterium,s__
zOTU_2773,k__Bacteria,p__Fibrobacteres,c__Fibrobacteria,o__Fibrobacterales,f__Fibrobacteraceae,g__Fibrobacter,s__succinogenes
zOTU_2774,k__Bacteria,p__Fibrobacteres,c__Fibrobacteria,o__Fibrobacterales,f__Fibrobacteraceae,g__Fibrobacter,s__succinogenes
zOTU_2775,k__Bacteria,p__Bacteroidetes,c__Bacteroidia,o__Bacteroidales,f__Prevotellaceae,g__Prevotella,s__
zOTU_2776,k__Bacteria,p__Bacteroidetes,c__Bacteroidia,o__Bacteroidales,f__Prevotellaceae,g__Prevotella,s__
zOTU_2777,k__Bacteria,p__Fibrobacteres,c__Fibrobacteria,o__Fibrobacterales,f__Fibrobacteraceae,g__Fibrobacter,s__succinogenes
zOTU_2778,k__Bacteria,p__Firmicutes,c__Clostridia,o__Clostridiales,f__Ruminococcaceae,g__Oscillospira,s__
zOTU_2779,k__Bacteria,p__Firmicutes,c__Clostridia,o__Clostridiales,f__Ruminococcaceae,g__,s__
zOTU_278,k__Bacteria,p__Bacteroidetes,c__Bacteroidia,o__Bacteroidales,f__Prevotellaceae,g__Prevotella,s__
zOTU_2780,k__Bacteria,p__Bacteroidetes,c__Bacteroidia,o__Bacteroidales,f__S24-7,g__,s__
zOTU_2781,k__Bacteria,p__Firmicutes,c__Clostridia,o__Clostridiales,f__[Mogibacteriaceae],g__,s__
zOTU_2783,k__Bacteria,p__Bacteroidetes,c__Bacteroidia,o__Bacteroidales,f__Prevotellaceae,g__Prevotella,s__
zOTU_2784,k__Bacteria,p__Actinobacteria,c__Coriobacteriia,o__Coriobacteriales,f__Coriobacteriaceae,g__,s__
zOTU_2785,k__Bacteria,p__Bacteroidetes,c__Bacteroidia,o__Bacteroidales,f__Prevotellaceae,g__Prevotella,s__
zOTU_2786,k__Bacteria,p__Firmicutes,c__Clostridia,o__Clostridiales,f__Lachnospiraceae,g__Anaerostipes,s__
zOTU_2787,k__Bacteria,p__Spirochaetes,c__Spirochaetes,o__Spirochaetales,f__Spirochaetaceae,g__Treponema,s__
zOTU_2788,k__Bacteria,p__Firmicutes,c__Clostridia,o__Clostridiales,f__Ruminococcaceae,g__Ruminococcus,s__
zOTU_2789,k__Bacteria,p__Firmicutes,c__Bacilli,o__Bacillales,f__Staphylococcaceae,g__Staphylococcus,s__equorum
zOTU_279,k__Bacteria,p__Firmicutes,c__Clostridia,o__Clostridiales,f__Lachnospiraceae,g__Butyrivibrio,s__
zOTU_2790,k__Bacteria,p__Bacteroidetes,c__Bacteroidia,o__Bacteroidales,f__,g__,s__
zOTU_2791,k__Bacteria,p__Bacteroidetes,c__Bacteroidia,o__Bacteroidales,f__Prevotellaceae,g__Prevotella,s__
zOTU_2792,k__Bacteria,p__Actinobacteria,c__Coriobacteriia,o__Coriobacteriales,f__Coriobacteriaceae,g__,s__
zOTU_2793,k__Bacteria,p__Firmicutes,c__Bacilli,o__Lactobacillales,f__Lactobacillaceae,g__Lactobacillus,s__mucosae
zOTU_2794,k__Bacteria,p__Bacteroidetes,c__Bacteroidia,o__Bacteroidales,f__S24-7,g__,s__
zOTU_2795,k__Bacteria,p__Bacteroidetes,c__Bacteroidia,o__Bacteroidales,f__Prevotellaceae,g__Prevotella,s__
zOTU_2796,k__Bacteria,p__Firmicutes,c__Erysipelotrichi,o__Erysipelotrichales,f__Erysipelotrichaceae,g__RFN20,s__
zOTU_2797,k__Bacteria,p__Bacteroidetes,c__Bacteroidia,o__Bacteroidales,f__Prevotellaceae,g__Prevotella,s__
zOTU_2798,k__Bacteria,p__Proteobacteria,c__Deltaproteobacteria,o__GMD14H09,f__,g__,s__
zOTU_2799,k__Bacteria,p__Bacteroidetes,c__Bacteroidia,o__Bacteroidales,f__Prevotellaceae,g__Prevotella,s__
zOTU_28,k__Bacteria,p__Firmicutes,c__Clostridia,o__Clostridiales,f__Lachnospiraceae,g__,s__
zOTU_280,k__Bacteria,p__Firmicutes,c__Clostridia,o__Clostridiales,f__Lachnospiraceae,g__Butyrivibrio,s__
zOTU_2800,k__Bacteria,p__Firmicutes,c__Clostridia,o__Clostridiales,f__Clostridiaceae,g__Clostridium,s__
zOTU_2801,k__Bacteria,p__Bacteroidetes,c__Bacteroidia,o__Bacteroidales,f__Prevotellaceae,g__Prevotella,s__
zOTU_2802,k__Bacteria,p__Firmicutes,c__Clostridia,o__Clostridiales,f__Lachnospiraceae,g__,s__
zOTU_2803,k__Bacteria,p__Firmicutes,c__Clostridia,o__Clostridiales,f__Lachnospiraceae,g__,s__
zOTU_2804,k__Bacteria,p__Bacteroidetes,c__Bacteroidia,o__Bacteroidales,f__[Paraprevotellaceae],g__CF231,s__
zOTU_2805,k__Bacteria,p__Firmicutes,c__Clostridia,o__Clostridiales,f__,g__,s__
zOTU_2806,k__Bacteria,p__Firmicutes,c__Clostridia,o__Clostridiales,f__Ruminococcaceae,g__,s__
zOTU_2807,k__Bacteria,p__Bacteroidetes,c__Bacteroidia,o__Bacteroidales,f__Prevotellaceae,g__Prevotella,s__
zOTU_2808,k__Bacteria,p__Firmicutes,c__Erysipelotrichi,o__Erysipelotrichales,f__Erysipelotrichaceae,g__Bulleidia,
zOTU_2809,k__Bacteria,p__Bacteroidetes,c__Bacteroidia,o__Bacteroidales,f__S24-7,g__,s__
zOTU_281,k__Bacteria,p__Bacteroidetes,c__Bacteroidia,o__Bacteroidales,f__Prevotellaceae,g__Prevotella,s__
zOTU_2810,k__Bacteria,p__Firmicutes,c__Clostridia,o__Clostridiales,f__Christensenellaceae,g__,s__
zOTU_2811,k__Bacteria,p__Bacteroidetes,c__Bacteroidia,o__Bacteroidales,f__RF16,g__,s__
zOTU_2812,k__Bacteria,p__Firmicutes,c__Clostridia,o__Clostridiales,f__Lachnospiraceae,g__Blautia,s__
zOTU_2813,k__Bacteria,p__Bacteroidetes,c__Bacteroidia,o__Bacteroidales,f__Prevotellaceae,g__Prevotella,s__
zOTU_2814,k__Bacteria,p__Cyanobacteria,c__4C0d-2,o__YS2,f__,g__,s__
zOTU_2815,k__Bacteria,p__Bacteroidetes,c__Bacteroidia,o__Bacteroidales,f__S24-7,g__,s__
zOTU_2816,k__Bacteria,p__Bacteroidetes,c__Bacteroidia,o__Bacteroidales,f__[Paraprevotellaceae],g__,s__
zOTU_2817,k__Bacteria,p__Bacteroidetes,c__Bacteroidia,o__Bacteroidales,f__,g__,s__
zOTU_2818,k__Bacteria,p__Bacteroidetes,c__Bacteroidia,o__Bacteroidales,f__,g__,s__
zOTU_2819,k__Bacteria,p__Bacteroidetes,c__Bacteroidia,o__Bacteroidales,f__Prevotellaceae,g__Prevotella,s__
zOTU_282,k__Bacteria,p__Bacteroidetes,c__Bacteroidia,o__Bacteroidales,f__,g__,s__
zOTU_2820,k__Bacteria,p__Firmicutes,c__Clostridia,o__Clostridiales,f__Veillonellaceae,g__Schwartzia,s__
zOTU_2821,k__Bacteria,p__Proteobacteria,c__Alphaproteobacteria,o__RF32,f__,g__,s__
zOTU_2822,k__Bacteria,p__Proteobacteria,c__Alphaproteobacteria,o__RF32,f__,g__,s__
zOTU_2824,k__Bacteria,p__Bacteroidetes,c__Bacteroidia,o__Bacteroidales,f__,g__,s__
zOTU_2825,k__Bacteria,p__Bacteroidetes,c__Bacteroidia,o__Bacteroidales,f__Prevotellaceae,g__Prevotella,s__
zOTU_2826,k__Bacteria,p__Bacteroidetes,c__Bacteroidia,o__Bacteroidales,f__Prevotellaceae,g__Prevotella,
zOTU_2827,k__Bacteria,p__Bacteroidetes,c__Bacteroidia,o__Bacteroidales,f__[Paraprevotellaceae],g__CF231,s__
zOTU_2828,k__Bacteria,p__Actinobacteria,c__Coriobacteriia,o__Coriobacteriales,f__Coriobacteriaceae,g__Adlercreutzia,s__
zOTU_2829,k__Bacteria,p__Actinobacteria,c__Coriobacteriia,o__Coriobacteriales,f__Coriobacteriaceae,g__,s__
zOTU_283,k__Bacteria,p__Bacteroidetes,c__Bacteroidia,o__Bacteroidales,f__Prevotellaceae,g__Prevotella,s__
zOTU_2830,k__Bacteria,p__Bacteroidetes,c__Bacteroidia,o__Bacteroidales,f__[Paraprevotellaceae],,
zOTU_2831,k__Bacteria,p__Firmicutes,c__Erysipelotrichi,o__Erysipelotrichales,f__Erysipelotrichaceae,g__RFN20,s__
zOTU_2832,k__Bacteria,p__Firmicutes,c__Clostridia,o__Clostridiales,f__Clostridiaceae,g__,s__
zOTU_2833,k__Bacteria,p__Bacteroidetes,c__Bacteroidia,o__Bacteroidales,f__Prevotellaceae,g__Prevotella,s__
zOTU_2834,k__Bacteria,p__Bacteroidetes,c__Bacteroidia,o__Bacteroidales,f__[Paraprevotellaceae],g__,s__
zOTU_2835,k__Bacteria,p__Bacteroidetes,c__Bacteroidia,o__Bacteroidales,f__Prevotellaceae,g__Prevotella,s__
zOTU_2836,k__Bacteria,p__Bacteroidetes,c__Bacteroidia,o__Bacteroidales,f__Prevotellaceae,g__Prevotella,s__
zOTU_2838,k__Bacteria,p__Bacteroidetes,c__Bacteroidia,o__Bacteroidales,f__[Paraprevotellaceae],g__CF231,s__
zOTU_2839,k__Bacteria,p__Bacteroidetes,c__Bacteroidia,o__Bacteroidales,f__S24-7,g__,s__
zOTU_284,k__Bacteria,p__Bacteroidetes,c__Bacteroidia,o__Bacteroidales,f__Prevotellaceae,g__Prevotella,s__
zOTU_2840,k__Bacteria,p__Firmicutes,c__Clostridia,o__Clostridiales,f__Lachnospiraceae,g__,s__
zOTU_2841,k__Bacteria,p__Bacteroidetes,c__Bacteroidia,o__Bacteroidales,f__,g__,s__
zOTU_2842,k__Bacteria,p__Firmicutes,c__Erysipelotrichi,o__Erysipelotrichales,f__Erysipelotrichaceae,g__p-75-a5,s__
zOTU_2843,k__Bacteria,p__Firmicutes,c__Clostridia,o__Clostridiales,f__[Mogibacteriaceae],g__,s__
zOTU_2844,k__Bacteria,p__Proteobacteria,c__Alphaproteobacteria,o__RF32,f__,g__,s__
zOTU_2845,k__Bacteria,p__Firmicutes,c__Clostridia,o__Clostridiales,f__,g__,s__
zOTU_2846,k__Bacteria,p__Bacteroidetes,c__Bacteroidia,o__Bacteroidales,f__Prevotellaceae,g__Prevotella,s__
zOTU_2847,k__Bacteria,p__Spirochaetes,c__Spirochaetes,o__Spirochaetales,f__Spirochaetaceae,g__Treponema,s__
zOTU_2848,k__Bacteria,p__Bacteroidetes,c__Bacteroidia,o__Bacteroidales,f__Prevotellaceae,g__Prevotella,s__
zOTU_2849,k__Bacteria,p__Firmicutes,c__Clostridia,o__Clostridiales,f__,g__,s__
zOTU_285,k__Bacteria,p__Firmicutes,c__Clostridia,o__Clostridiales,f__Lachnospiraceae,g__,s__
zOTU_2850,k__Bacteria,p__Spirochaetes,c__Spirochaetes,o__Spirochaetales,f__Spirochaetaceae,g__Treponema,s__
zOTU_2851,k__Bacteria,p__Bacteroidetes,c__Bacteroidia,o__Bacteroidales,f__Prevotellaceae,g__Prevotella,s__
zOTU_2852,k__Bacteria,p__Firmicutes,c__Clostridia,o__Clostridiales,f__Ruminococcaceae,g__,s__
zOTU_2853,k__Bacteria,p__Bacteroidetes,c__Bacteroidia,o__Bacteroidales,f__BS11,g__,s__
zOTU_2854,k__Bacteria,p__Firmicutes,c__Clostridia,o__Clostridiales,f__,g__,s__
zOTU_2855,k__Bacteria,p__Bacteroidetes,c__Bacteroidia,o__Bacteroidales,f__Prevotellaceae,g__Prevotella,s__
zOTU_2856,k__Bacteria,p__Bacteroidetes,c__Bacteroidia,o__Bacteroidales,f__Prevotellaceae,g__Prevotella,s__
zOTU_2857,k__Bacteria,p__Bacteroidetes,c__Bacteroidia,o__Bacteroidales,f__,g__,s__
zOTU_2858,k__Bacteria,p__Firmicutes,c__Clostridia,o__Clostridiales,f__Ruminococcaceae,g__,s__
zOTU_2859,k__Bacteria,p__Firmicutes,c__Clostridia,o__Clostridiales,f__Ruminococcaceae,g__,s__
zOTU_286,k__Bacteria,p__Bacteroidetes,c__Bacteroidia,o__Bacteroidales,f__,g__,s__
zOTU_2860,k__Bacteria,p__Firmicutes,c__Clostridia,o__Clostridiales,f__Lachnospiraceae,g__,s__
zOTU_2861,k__Bacteria,p__Bacteroidetes,c__Bacteroidia,o__Bacteroidales,f__[Paraprevotellaceae],g__CF231,s__
zOTU_2862,k__Bacteria,p__Firmicutes,c__Clostridia,o__Clostridiales,f__Lachnospiraceae,g__,s__
zOTU_2863,k__Bacteria,p__Firmicutes,c__Clostridia,o__Clostridiales,f__Lachnospiraceae,g__,s__
zOTU_2864,k__Bacteria,p__Proteobacteria,c__Gammaproteobacteria,o__Aeromonadales,f__Succinivibrionaceae,,
zOTU_2865,k__Bacteria,p__Firmicutes,c__Erysipelotrichi,o__Erysipelotrichales,f__Erysipelotrichaceae,g__RFN20,s__
zOTU_2866,k__Bacteria,p__Bacteroidetes,c__Bacteroidia,o__Bacteroidales,f__Prevotellaceae,g__Prevotella,s__
zOTU_2867,k__Bacteria,p__Firmicutes,c__Clostridia,o__Clostridiales,f__Ruminococcaceae,g__,s__
zOTU_2868,k__Bacteria,p__Bacteroidetes,c__Bacteroidia,o__Bacteroidales,f__Prevotellaceae,g__Prevotella,s__
zOTU_2869,k__Bacteria,p__Bacteroidetes,c__Bacteroidia,o__Bacteroidales,f__,g__,s__
zOTU_287,k__Bacteria,p__Bacteroidetes,c__Bacteroidia,o__Bacteroidales,f__Prevotellaceae,g__Prevotella,s__
zOTU_2870,k__Bacteria,p__Bacteroidetes,c__Bacteroidia,o__Bacteroidales,f__Prevotellaceae,g__Prevotella,s__copri
zOTU_2871,k__Bacteria,p__Bacteroidetes,c__Bacteroidia,o__Bacteroidales,f__Prevotellaceae,g__Prevotella,s__
zOTU_2872,k__Bacteria,p__Bacteroidetes,c__Bacteroidia,o__Bacteroidales,f__Prevotellaceae,g__Prevotella,s__
zOTU_2873,k__Bacteria,p__Bacteroidetes,c__Bacteroidia,o__Bacteroidales,f__,g__,s__
zOTU_2874,k__Bacteria,p__Firmicutes,c__Clostridia,o__Clostridiales,f__Lachnospiraceae,g__Blautia,s__
zOTU_2875,k__Bacteria,p__Firmicutes,c__Clostridia,o__Clostridiales,f__Ruminococcaceae,g__,s__
zOTU_2876,k__Bacteria,p__Firmicutes,c__Clostridia,o__Clostridiales,f__,g__,s__
zOTU_2877,k__Bacteria,p__Bacteroidetes,c__Bacteroidia,o__Bacteroidales,f__,g__,s__
zOTU_2878,k__Bacteria,p__Bacteroidetes,c__Bacteroidia,o__Bacteroidales,f__Prevotellaceae,g__Prevotella,s__
zOTU_2879,k__Bacteria,p__Spirochaetes,c__Spirochaetes,o__Spirochaetales,f__Spirochaetaceae,g__Treponema,s__
zOTU_288,k__Bacteria,p__Bacteroidetes,c__Bacteroidia,o__Bacteroidales,f__Prevotellaceae,g__Prevotella,s__
zOTU_2880,k__Bacteria,p__Firmicutes,c__Clostridia,o__Clostridiales,f__Ruminococcaceae,g__Ruminococcus,s__
zOTU_2881,k__Bacteria,p__Firmicutes,c__Clostridia,o__Clostridiales,f__,g__,s__
zOTU_2882,k__Bacteria,p__Bacteroidetes,c__Bacteroidia,o__Bacteroidales,f__Prevotellaceae,g__Prevotella,s__
zOTU_2884,k__Bacteria,p__Bacteroidetes,c__Bacteroidia,o__Bacteroidales,f__Prevotellaceae,g__Prevotella,s__
zOTU_2885,k__Bacteria,p__Bacteroidetes,c__Bacteroidia,o__Bacteroidales,f__Prevotellaceae,g__Prevotella,s__
zOTU_2886,k__Bacteria,p__Bacteroidetes,c__Bacteroidia,o__Bacteroidales,f__,g__,s__
zOTU_2887,k__Bacteria,p__Bacteroidetes,c__Bacteroidia,o__Bacteroidales,f__Bacteroidaceae,g__BF311,s__
zOTU_2888,k__Bacteria,p__Firmicutes,c__Clostridia,o__Clostridiales,f__Ruminococcaceae,g__,s__
zOTU_2889,k__Bacteria,p__Bacteroidetes,c__Bacteroidia,o__Bacteroidales,f__,g__,s__
zOTU_289,k__Bacteria,p__Proteobacteria,c__Gammaproteobacteria,o__Aeromonadales,f__Succinivibrionaceae,g__,s__
zOTU_2890,k__Bacteria,p__Firmicutes,c__Clostridia,o__Clostridiales,f__Ruminococcaceae,g__Ruminococcus,s__
zOTU_2891,k__Bacteria,p__Bacteroidetes,c__Bacteroidia,o__Bacteroidales,f__Prevotellaceae,g__Prevotella,s__
zOTU_2892,k__Bacteria,p__Bacteroidetes,c__Bacteroidia,o__Bacteroidales,f__Prevotellaceae,g__Prevotella,s__
zOTU_2893,k__Bacteria,p__Bacteroidetes,c__Bacteroidia,o__Bacteroidales,f__Prevotellaceae,g__Prevotella,s__
zOTU_2894,k__Bacteria,p__Firmicutes,c__Clostridia,o__Clostridiales,f__Christensenellaceae,g__,s__
zOTU_2895,k__Bacteria,p__Firmicutes,c__Clostridia,o__Clostridiales,f__Veillonellaceae,g__Selenomonas,s__
zOTU_2896,k__Bacteria,p__Proteobacteria,c__Gammaproteobacteria,o__Aeromonadales,f__Succinivibrionaceae,g__,s__
zOTU_2897,k__Bacteria,p__Bacteroidetes,c__Bacteroidia,o__Bacteroidales,f__Prevotellaceae,g__Prevotella,s__
zOTU_2899,k__Bacteria,p__Firmicutes,c__Clostridia,o__Clostridiales,f__Lachnospiraceae,g__,s__
zOTU_29,k__Bacteria,p__Firmicutes,c__Clostridia,o__Clostridiales,f__Lachnospiraceae,g__,s__
zOTU_290,k__Bacteria,p__Firmicutes,c__Clostridia,o__Clostridiales,f__Lachnospiraceae,g__[Ruminococcus],s__
zOTU_2900,k__Bacteria,p__Bacteroidetes,c__Bacteroidia,o__Bacteroidales,f__Prevotellaceae,g__Prevotella,s__
zOTU_2901,k__Bacteria,p__Proteobacteria,c__Deltaproteobacteria,o__Desulfovibrionales,f__Desulfovibrionaceae,g__Desulfovibrio,s__D168
zOTU_2902,k__Bacteria,p__Bacteroidetes,c__Bacteroidia,o__Bacteroidales,f__Prevotellaceae,g__Prevotella,s__
zOTU_2903,k__Bacteria,p__Bacteroidetes,c__Bacteroidia,o__Bacteroidales,f__Prevotellaceae,g__Prevotella,s__
zOTU_2904,k__Bacteria,p__Bacteroidetes,c__Bacteroidia,o__Bacteroidales,f__Prevotellaceae,g__Prevotella,s__
zOTU_2905,k__Bacteria,p__Bacteroidetes,c__Bacteroidia,o__Bacteroidales,f__Prevotellaceae,g__Prevotella,s__
zOTU_2906,k__Bacteria,p__Bacteroidetes,c__Bacteroidia,o__Bacteroidales,f__,g__,s__
zOTU_2907,k__Bacteria,p__Firmicutes,c__Clostridia,o__Clostridiales,f__Ruminococcaceae,g__,s__
zOTU_2908,k__Bacteria,p__Bacteroidetes,c__Bacteroidia,o__Bacteroidales,f__Prevotellaceae,g__Prevotella,s__
zOTU_2909,k__Bacteria,p__Bacteroidetes,c__Bacteroidia,o__Bacteroidales,f__[Paraprevotellaceae],g__CF231,s__
zOTU_291,k__Bacteria,p__Firmicutes,c__Clostridia,o__Clostridiales,f__Ruminococcaceae,g__,s__
zOTU_2910,k__Bacteria,p__Actinobacteria,c__Actinobacteria,o__Bifidobacteriales,f__Bifidobacteriaceae,g__,s__
zOTU_2911,k__Bacteria,p__Firmicutes,c__Clostridia,o__Clostridiales,f__Ruminococcaceae,g__,s__
zOTU_2912,k__Bacteria,p__Firmicutes,c__Clostridia,o__Clostridiales,f__Ruminococcaceae,g__,s__
zOTU_2913,k__Bacteria,p__Firmicutes,c__Clostridia,o__Clostridiales,f__Ruminococcaceae,g__,s__
zOTU_2914,k__Bacteria,p__Bacteroidetes,c__Bacteroidia,o__Bacteroidales,f__Prevotellaceae,g__Prevotella,s__
zOTU_2915,k__Bacteria,p__Proteobacteria,c__Alphaproteobacteria,o__,f__,g__,s__
zOTU_2916,k__Bacteria,p__Bacteroidetes,c__Bacteroidia,o__Bacteroidales,f__S24-7,g__,s__
zOTU_2917,k__Bacteria,p__Bacteroidetes,c__Bacteroidia,o__Bacteroidales,f__Prevotellaceae,g__Prevotella,s__
zOTU_2918,k__Bacteria,p__Firmicutes,c__Clostridia,o__Clostridiales,f__Ruminococcaceae,g__Ruminococcus,s__
zOTU_2919,k__Bacteria,p__Firmicutes,c__Clostridia,o__Clostridiales,f__,g__,s__
zOTU_292,k__Bacteria,p__Firmicutes,c__Clostridia,o__Clostridiales,f__Ruminococcaceae,g__,s__
zOTU_2920,k__Bacteria,p__Firmicutes,c__Clostridia,o__Clostridiales,f__Ruminococcaceae,g__,s__
zOTU_2921,k__Bacteria,p__Bacteroidetes,c__Bacteroidia,o__Bacteroidales,f__,g__,s__
zOTU_2922,k__Bacteria,p__Firmicutes,c__Clostridia,o__Clostridiales,f__Ruminococcaceae,g__,s__
zOTU_2923,k__Bacteria,p__Bacteroidetes,c__Bacteroidia,o__Bacteroidales,f__Prevotellaceae,g__Prevotella,s__
zOTU_2924,k__Bacteria,p__Firmicutes,c__Clostridia,o__Clostridiales,f__Ruminococcaceae,g__,s__
zOTU_2925,k__Bacteria,p__Firmicutes,c__Clostridia,o__Clostridiales,f__Ruminococcaceae,g__Ruminococcus,s__
zOTU_2926,k__Bacteria,p__Bacteroidetes,c__Bacteroidia,o__Bacteroidales,f__Prevotellaceae,g__Prevotella,s__
zOTU_2927,k__Bacteria,p__Bacteroidetes,c__Bacteroidia,o__Bacteroidales,f__Prevotellaceae,g__Prevotella,s__
zOTU_2928,k__Bacteria,p__Firmicutes,c__Clostridia,o__Clostridiales,f__Lachnospiraceae,g__,s__
zOTU_2929,k__Bacteria,p__Bacteroidetes,c__Bacteroidia,o__Bacteroidales,f__BS11,g__,s__
zOTU_293,k__Bacteria,p__Bacteroidetes,c__Bacteroidia,o__Bacteroidales,f__Prevotellaceae,g__Prevotella,s__
zOTU_2930,k__Bacteria,p__Bacteroidetes,c__Bacteroidia,o__Bacteroidales,f__,g__,s__
zOTU_2931,k__Bacteria,p__Bacteroidetes,c__Bacteroidia,o__Bacteroidales,f__[Paraprevotellaceae],g__CF231,s__
zOTU_2932,k__Bacteria,p__Firmicutes,c__Clostridia,o__Clostridiales,f__Ruminococcaceae,g__,s__
zOTU_2933,k__Bacteria,p__Bacteroidetes,c__Bacteroidia,o__Bacteroidales,f__Prevotellaceae,g__Prevotella,s__
zOTU_2934,k__Bacteria,p__Bacteroidetes,c__Bacteroidia,o__Bacteroidales,f__,g__,s__
zOTU_2935,k__Bacteria,p__Bacteroidetes,c__Bacteroidia,o__Bacteroidales,f__Prevotellaceae,g__Prevotella,s__
zOTU_2936,k__Bacteria,p__Firmicutes,c__Clostridia,o__Clostridiales,f__Ruminococcaceae,g__,s__
zOTU_2937,k__Bacteria,p__Cyanobacteria,c__4C0d-2,o__YS2,f__,g__,s__
zOTU_2938,k__Bacteria,p__Bacteroidetes,c__Bacteroidia,o__Bacteroidales,f__Prevotellaceae,g__Prevotella,s__stercorea
zOTU_2939,k__Bacteria,p__Firmicutes,c__Clostridia,o__Clostridiales,f__Clostridiaceae,g__Clostridium,s__
zOTU_294,k__Bacteria,p__Firmicutes,c__Clostridia,o__Clostridiales,f__Veillonellaceae,g__Succiniclasticum,s__
zOTU_2940,k__Bacteria,p__Firmicutes,c__Clostridia,o__Clostridiales,f__Ruminococcaceae,g__,s__
zOTU_2941,k__Bacteria,p__Fibrobacteres,c__Fibrobacteria,o__Fibrobacterales,f__Fibrobacteraceae,g__Fibrobacter,s__succinogenes
zOTU_2942,k__Bacteria,p__Bacteroidetes,c__Bacteroidia,o__Bacteroidales,f__Prevotellaceae,g__Prevotella,s__
zOTU_2943,k__Bacteria,p__Bacteroidetes,c__Bacteroidia,o__Bacteroidales,f__Prevotellaceae,g__Prevotella,s__
zOTU_2944,k__Bacteria,p__Spirochaetes,c__Spirochaetes,o__Spirochaetales,f__Spirochaetaceae,g__Treponema,s__
zOTU_2945,k__Bacteria,p__Firmicutes,c__Erysipelotrichi,o__Erysipelotrichales,f__Erysipelotrichaceae,g__RFN20,s__
zOTU_2946,k__Bacteria,p__Firmicutes,c__Clostridia,o__Clostridiales,f__,g__,s__
zOTU_2947,k__Bacteria,p__Firmicutes,c__Clostridia,o__Clostridiales,f__Lachnospiraceae,g__Butyrivibrio,s__
zOTU_2948,k__Bacteria,p__Firmicutes,c__Clostridia,o__Clostridiales,f__[Mogibacteriaceae],g__,s__
zOTU_2949,k__Bacteria,p__Firmicutes,c__Clostridia,o__Clostridiales,f__,g__,s__
zOTU_295,k__Bacteria,p__Bacteroidetes,c__Bacteroidia,o__Bacteroidales,f__,g__,s__
zOTU_2950,k__Bacteria,p__Firmicutes,c__Clostridia,o__Clostridiales,f__Lachnospiraceae,,
zOTU_2951,k__Bacteria,p__Bacteroidetes,c__Bacteroidia,o__Bacteroidales,f__,g__,s__
zOTU_2952,k__Bacteria,p__Firmicutes,c__Clostridia,o__Clostridiales,f__Lachnospiraceae,g__Lachnospira,s__
zOTU_2953,k__Bacteria,p__Firmicutes,c__Clostridia,o__Clostridiales,f__,g__,s__
zOTU_2954,k__Bacteria,p__Actinobacteria,c__Actinobacteria,o__Actinomycetales,f__Actinomycetaceae,g__,s__
zOTU_2955,k__Bacteria,p__Bacteroidetes,c__Bacteroidia,o__Bacteroidales,f__Prevotellaceae,g__Prevotella,s__copri
zOTU_2956,k__Bacteria,p__Bacteroidetes,c__Bacteroidia,o__Bacteroidales,f__S24-7,g__,s__
zOTU_2957,k__Bacteria,p__Firmicutes,c__Clostridia,o__Clostridiales,f__Ruminococcaceae,g__Ruminococcus,s__
zOTU_2958,k__Bacteria,p__Firmicutes,c__Clostridia,o__Clostridiales,f__Ruminococcaceae,g__,s__
zOTU_2959,k__Bacteria,p__Cyanobacteria,c__4C0d-2,o__YS2,f__,g__,s__
zOTU_296,k__Bacteria,p__Bacteroidetes,c__Bacteroidia,o__Bacteroidales,f__Prevotellaceae,g__Prevotella,s__
zOTU_2960,k__Bacteria,p__Firmicutes,c__Clostridia,o__Clostridiales,f__Ruminococcaceae,g__Ruminococcus,s__
zOTU_2961,k__Bacteria,p__Bacteroidetes,c__Bacteroidia,o__Bacteroidales,f__,g__,s__
zOTU_2962,k__Bacteria,p__Bacteroidetes,c__Bacteroidia,o__Bacteroidales,f__,g__,s__
zOTU_2963,k__Bacteria,p__Bacteroidetes,c__Bacteroidia,o__Bacteroidales,f__,g__,s__
zOTU_2964,k__Bacteria,p__Bacteroidetes,c__Bacteroidia,o__Bacteroidales,f__Prevotellaceae,g__Prevotella,s__
zOTU_2965,k__Bacteria,p__Firmicutes,c__Clostridia,o__Clostridiales,f__,g__,s__
zOTU_2966,k__Bacteria,p__Bacteroidetes,c__Bacteroidia,o__Bacteroidales,f__Prevotellaceae,g__Prevotella,s__
zOTU_2967,k__Bacteria,p__Bacteroidetes,c__Bacteroidia,o__Bacteroidales,f__BS11,g__,s__
zOTU_2968,k__Bacteria,p__Firmicutes,c__Clostridia,o__Clostridiales,f__Lachnospiraceae,g__,s__
zOTU_2969,k__Bacteria,p__Spirochaetes,c__Spirochaetes,o__Spirochaetales,f__Spirochaetaceae,g__Treponema,s__
zOTU_297,k__Bacteria,p__Firmicutes,c__Clostridia,o__Clostridiales,f__[Mogibacteriaceae],g__,s__
zOTU_2970,k__Bacteria,p__Bacteroidetes,c__Bacteroidia,o__Bacteroidales,f__Prevotellaceae,g__Prevotella,s__
zOTU_2971,k__Bacteria,p__Bacteroidetes,c__Bacteroidia,o__Bacteroidales,f__,g__,s__
zOTU_2972,k__Bacteria,p__Bacteroidetes,c__Bacteroidia,o__Bacteroidales,f__[Paraprevotellaceae],g__CF231,s__
zOTU_2973,k__Bacteria,p__Bacteroidetes,c__Bacteroidia,o__Bacteroidales,f__Prevotellaceae,g__Prevotella,s__
zOTU_2974,k__Bacteria,p__Bacteroidetes,c__Bacteroidia,o__Bacteroidales,f__S24-7,g__,s__
zOTU_2975,k__Bacteria,p__Bacteroidetes,c__Bacteroidia,o__Bacteroidales,f__S24-7,g__,s__
zOTU_2976,k__Bacteria,p__Firmicutes,c__Clostridia,o__Clostridiales,f__,g__,s__
zOTU_2977,k__Bacteria,p__Bacteroidetes,c__Bacteroidia,o__Bacteroidales,f__Prevotellaceae,g__Prevotella,s__
zOTU_2978,k__Bacteria,p__Bacteroidetes,c__Bacteroidia,o__Bacteroidales,f__Prevotellaceae,g__Prevotella,s__
zOTU_2979,k__Bacteria,p__Bacteroidetes,c__Bacteroidia,o__Bacteroidales,f__Prevotellaceae,g__Prevotella,s__
zOTU_298,k__Bacteria,p__Bacteroidetes,c__Bacteroidia,o__Bacteroidales,f__RF16,g__,s__
zOTU_2980,k__Bacteria,p__Actinobacteria,c__Coriobacteriia,o__Coriobacteriales,f__Coriobacteriaceae,g__,s__
zOTU_2981,k__Bacteria,p__Firmicutes,c__Clostridia,o__Clostridiales,f__,g__,s__
zOTU_2982,k__Bacteria,p__Firmicutes,c__Clostridia,o__Clostridiales,f__Ruminococcaceae,g__Ruminococcus,s__
zOTU_2983,k__Bacteria,p__Bacteroidetes,c__Bacteroidia,o__Bacteroidales,f__Prevotellaceae,g__Prevotella,s__
zOTU_2984,k__Bacteria,p__Firmicutes,c__Clostridia,o__Clostridiales,f__Lachnospiraceae,g__,s__
zOTU_2985,k__Bacteria,p__Bacteroidetes,c__Bacteroidia,o__Bacteroidales,f__Prevotellaceae,g__Prevotella,s__
zOTU_2986,k__Bacteria,p__Bacteroidetes,c__Bacteroidia,o__Bacteroidales,f__,g__,s__
zOTU_2987,k__Bacteria,p__Bacteroidetes,c__Bacteroidia,o__Bacteroidales,f__Prevotellaceae,g__Prevotella,s__
zOTU_2988,k__Bacteria,p__Actinobacteria,c__OPB41,o__,f__,g__,s__
zOTU_2989,k__Bacteria,p__Bacteroidetes,c__Bacteroidia,o__Bacteroidales,f__Prevotellaceae,g__Prevotella,s__
zOTU_299,k__Bacteria,p__Bacteroidetes,c__Bacteroidia,o__Bacteroidales,f__Prevotellaceae,g__Prevotella,s__
zOTU_2990,k__Bacteria,p__Firmicutes,c__Bacilli,o__Lactobacillales,f__,g__,s__
zOTU_2991,k__Bacteria,p__Bacteroidetes,c__Bacteroidia,o__Bacteroidales,f__Prevotellaceae,g__Prevotella,s__copri
zOTU_2992,k__Bacteria,p__Bacteroidetes,c__Bacteroidia,o__Bacteroidales,f__,g__,s__
zOTU_2993,k__Bacteria,p__Bacteroidetes,c__Bacteroidia,o__Bacteroidales,f__RF16,g__,s__
zOTU_2994,k__Bacteria,p__Firmicutes,c__Clostridia,o__Clostridiales,f__Ruminococcaceae,g__Ruminococcus,s__
zOTU_2995,k__Bacteria,p__Tenericutes,c__Mollicutes,o__Mycoplasmatales,f__Mycoplasmataceae,g__,s__
zOTU_2996,k__Bacteria,p__Bacteroidetes,c__Bacteroidia,o__Bacteroidales,f__Prevotellaceae,g__Prevotella,s__
zOTU_2997,k__Bacteria,p__TM7,c__TM7-3,o__,f__,g__,s__
zOTU_2998,k__Bacteria,p__Bacteroidetes,c__Bacteroidia,o__Bacteroidales,f__[Paraprevotellaceae],g__YRC22,s__
zOTU_2999,k__Bacteria,p__Firmicutes,c__Clostridia,o__Clostridiales,f__,g__,s__
zOTU_3,k__Bacteria,p__Firmicutes,c__Clostridia,o__Clostridiales,f__Ruminococcaceae,g__,s__
zOTU_30,k__Bacteria,p__Bacteroidetes,c__Bacteroidia,o__Bacteroidales,f__Prevotellaceae,g__Prevotella,s__
zOTU_300,k__Bacteria,p__Firmicutes,c__Clostridia,o__Clostridiales,f__Lachnospiraceae,g__Coprococcus,s__eutactus
zOTU_3000,k__Bacteria,p__Bacteroidetes,c__Bacteroidia,o__Bacteroidales,f__Prevotellaceae,g__Prevotella,s__
zOTU_3001,k__Bacteria,p__Bacteroidetes,c__Bacteroidia,o__Bacteroidales,f__Prevotellaceae,g__Prevotella,s__
zOTU_3002,k__Bacteria,p__Firmicutes,c__Clostridia,o__Clostridiales,f__,g__,s__
zOTU_3003,k__Bacteria,p__Bacteroidetes,c__Bacteroidia,o__Bacteroidales,f__Prevotellaceae,g__Prevotella,s__copri
zOTU_3004,k__Bacteria,p__Bacteroidetes,c__Bacteroidia,o__Bacteroidales,f__Prevotellaceae,g__Prevotella,s__
zOTU_3005,k__Bacteria,p__Spirochaetes,c__Spirochaetes,o__Spirochaetales,f__Spirochaetaceae,g__Treponema,s__
zOTU_3006,k__Bacteria,p__Bacteroidetes,c__Bacteroidia,o__Bacteroidales,f__Prevotellaceae,g__Prevotella,s__
zOTU_3007,k__Bacteria,p__Firmicutes,c__Erysipelotrichi,o__Erysipelotrichales,f__Erysipelotrichaceae,g__L7A_E11,s__
zOTU_3009,k__Bacteria,p__Bacteroidetes,c__Bacteroidia,o__Bacteroidales,f__Prevotellaceae,g__Prevotella,s__
zOTU_301,k__Bacteria,p__Bacteroidetes,c__Bacteroidia,o__Bacteroidales,f__Prevotellaceae,g__Prevotella,s__
zOTU_3010,k__Bacteria,p__Firmicutes,c__Clostridia,o__Clostridiales,f__Lachnospiraceae,g__Butyrivibrio,s__
zOTU_3011,k__Bacteria,p__Bacteroidetes,c__Bacteroidia,o__Bacteroidales,f__Prevotellaceae,g__Prevotella,s__
zOTU_3012,k__Bacteria,p__Bacteroidetes,c__Bacteroidia,o__Bacteroidales,f__,g__,s__
zOTU_3013,k__Bacteria,p__Bacteroidetes,c__Bacteroidia,o__Bacteroidales,f__Prevotellaceae,g__Prevotella,s__
zOTU_3014,k__Bacteria,p__Bacteroidetes,c__Bacteroidia,o__Bacteroidales,f__Prevotellaceae,g__Prevotella,s__
zOTU_3016,k__Bacteria,p__Firmicutes,c__Clostridia,o__Clostridiales,f__,g__,s__
zOTU_3017,k__Bacteria,p__Firmicutes,c__Clostridia,o__Clostridiales,f__,g__,s__
zOTU_3018,k__Bacteria,p__Bacteroidetes,c__Bacteroidia,o__Bacteroidales,f__Prevotellaceae,g__Prevotella,s__
zOTU_3019,k__Bacteria,p__Firmicutes,c__Clostridia,o__Clostridiales,f__Lachnospiraceae,g__,s__
zOTU_302,k__Bacteria,p__Bacteroidetes,c__Bacteroidia,o__Bacteroidales,f__Prevotellaceae,g__Prevotella,s__
zOTU_3020,k__Bacteria,p__Bacteroidetes,c__Bacteroidia,o__Bacteroidales,f__Prevotellaceae,g__Prevotella,s__
zOTU_3021,k__Bacteria,p__Bacteroidetes,c__Bacteroidia,o__Bacteroidales,f__Prevotellaceae,g__Prevotella,s__
zOTU_3022,k__Bacteria,p__Bacteroidetes,c__Bacteroidia,o__Bacteroidales,f__,g__,s__
zOTU_3023,k__Bacteria,p__Firmicutes,c__Clostridia,o__Clostridiales,f__Ruminococcaceae,g__Ruminococcus,s__
zOTU_3024,k__Bacteria,p__Bacteroidetes,c__Bacteroidia,o__Bacteroidales,f__Prevotellaceae,g__Prevotella,s__
zOTU_3025,k__Bacteria,p__Firmicutes,c__Clostridia,o__Clostridiales,f__Ruminococcaceae,g__,s__
zOTU_3026,k__Bacteria,p__Bacteroidetes,c__Bacteroidia,o__Bacteroidales,f__Prevotellaceae,g__Prevotella,s__
zOTU_3027,k__Bacteria,p__Bacteroidetes,c__Bacteroidia,o__Bacteroidales,,,
zOTU_3028,k__Bacteria,p__Bacteroidetes,c__Bacteroidia,o__Bacteroidales,f__Prevotellaceae,g__Prevotella,s__
zOTU_3029,k__Bacteria,p__Firmicutes,c__Clostridia,o__Clostridiales,f__,g__,s__
zOTU_303,k__Bacteria,p__Firmicutes,c__Clostridia,o__Clostridiales,f__Ruminococcaceae,g__,s__
zOTU_3031,k__Bacteria,p__Spirochaetes,c__Spirochaetes,o__Spirochaetales,f__Spirochaetaceae,g__Treponema,s__
zOTU_3032,k__Bacteria,p__Bacteroidetes,c__Bacteroidia,o__Bacteroidales,f__Prevotellaceae,g__Prevotella,s__
zOTU_3033,k__Bacteria,p__Bacteroidetes,c__Bacteroidia,o__Bacteroidales,f__Prevotellaceae,g__Prevotella,s__
zOTU_3034,k__Bacteria,p__Bacteroidetes,c__Bacteroidia,o__Bacteroidales,f__Prevotellaceae,g__Prevotella,s__
zOTU_3035,k__Bacteria,p__Bacteroidetes,c__Bacteroidia,o__Bacteroidales,f__Prevotellaceae,g__Prevotella,s__
zOTU_3036,k__Bacteria,p__Bacteroidetes,c__Bacteroidia,o__Bacteroidales,f__Prevotellaceae,g__Prevotella,s__
zOTU_3037,k__Bacteria,p__Bacteroidetes,c__Bacteroidia,o__Bacteroidales,f__Prevotellaceae,g__Prevotella,s__
zOTU_3038,k__Bacteria,p__Bacteroidetes,c__Bacteroidia,o__Bacteroidales,f__Prevotellaceae,g__Prevotella,s__
zOTU_3039,k__Bacteria,p__Bacteroidetes,c__Bacteroidia,o__Bacteroidales,f__S24-7,g__,s__
zOTU_304,k__Bacteria,p__Bacteroidetes,c__Bacteroidia,o__Bacteroidales,f__,g__,s__
zOTU_3040,k__Bacteria,p__Bacteroidetes,c__Bacteroidia,o__Bacteroidales,f__Prevotellaceae,g__Prevotella,s__
zOTU_3041,k__Bacteria,p__Firmicutes,c__Clostridia,o__Clostridiales,f__Ruminococcaceae,g__Ruminococcus,s__
zOTU_3042,k__Bacteria,p__Bacteroidetes,c__Bacteroidia,o__Bacteroidales,f__,g__,s__
zOTU_3043,k__Bacteria,p__Bacteroidetes,c__Bacteroidia,o__Bacteroidales,f__Prevotellaceae,g__Prevotella,s__
zOTU_3044,k__Bacteria,p__Firmicutes,c__Clostridia,o__Clostridiales,f__Veillonellaceae,g__Succiniclasticum,s__
zOTU_3045,k__Bacteria,p__Firmicutes,c__Clostridia,o__Clostridiales,f__Ruminococcaceae,g__Oscillospira,s__
zOTU_3046,k__Bacteria,p__Actinobacteria,,,,,
zOTU_3047,k__Bacteria,p__Bacteroidetes,c__Bacteroidia,o__Bacteroidales,f__Prevotellaceae,g__Prevotella,s__
zOTU_3048,k__Bacteria,p__Bacteroidetes,c__Bacteroidia,o__Bacteroidales,f__,g__,s__
zOTU_3049,k__Bacteria,p__Actinobacteria,c__OPB41,o__,f__,g__,s__
zOTU_305,k__Bacteria,p__Bacteroidetes,c__Bacteroidia,o__Bacteroidales,f__Prevotellaceae,g__Prevotella,s__
zOTU_3050,k__Bacteria,p__Bacteroidetes,c__Bacteroidia,o__Bacteroidales,f__Prevotellaceae,g__Prevotella,s__
zOTU_3051,k__Bacteria,p__Firmicutes,c__Clostridia,o__Clostridiales,f__,g__,s__
zOTU_3052,k__Bacteria,p__Bacteroidetes,c__Bacteroidia,o__Bacteroidales,f__Prevotellaceae,g__Prevotella,s__
zOTU_3053,k__Bacteria,p__Actinobacteria,c__OPB41,o__,f__,g__,s__
zOTU_3054,k__Bacteria,p__Bacteroidetes,c__Bacteroidia,o__Bacteroidales,f__,g__,s__
zOTU_3056,k__Bacteria,p__Firmicutes,c__Clostridia,o__Clostridiales,f__Ruminococcaceae,g__Ruminococcus,s__
zOTU_3057,k__Bacteria,p__Firmicutes,c__Clostridia,o__Clostridiales,f__Lachnospiraceae,g__,s__
zOTU_3058,k__Bacteria,p__Bacteroidetes,c__Bacteroidia,o__Bacteroidales,f__Prevotellaceae,g__Prevotella,s__
zOTU_3059,k__Bacteria,p__Bacteroidetes,c__Bacteroidia,o__Bacteroidales,f__Prevotellaceae,g__Prevotella,s__
zOTU_306,k__Bacteria,p__Actinobacteria,c__Actinobacteria,o__Bifidobacteriales,f__Bifidobacteriaceae,g__,s__
zOTU_3060,k__Bacteria,p__Bacteroidetes,c__Bacteroidia,o__Bacteroidales,f__,g__,s__
zOTU_3061,k__Bacteria,p__Firmicutes,c__Clostridia,o__Clostridiales,f__Lachnospiraceae,g__,s__
zOTU_3062,k__Bacteria,p__Actinobacteria,c__Coriobacteriia,o__Coriobacteriales,f__Coriobacteriaceae,g__Atopobium,s__
zOTU_3063,k__Bacteria,p__Bacteroidetes,c__Bacteroidia,o__Bacteroidales,f__Prevotellaceae,g__Prevotella,
zOTU_3064,k__Bacteria,p__Bacteroidetes,c__Bacteroidia,o__Bacteroidales,f__Prevotellaceae,g__Prevotella,s__
zOTU_3065,k__Bacteria,p__Bacteroidetes,c__Bacteroidia,o__Bacteroidales,f__[Paraprevotellaceae],g__CF231,s__
zOTU_3066,k__Bacteria,p__Bacteroidetes,c__Bacteroidia,o__Bacteroidales,f__Prevotellaceae,g__Prevotella,s__
zOTU_3067,k__Bacteria,p__Firmicutes,c__Clostridia,o__Clostridiales,f__Peptostreptococcaceae,g__,s__
zOTU_3068,k__Bacteria,p__Bacteroidetes,c__Bacteroidia,o__Bacteroidales,f__,g__,s__
zOTU_3069,k__Bacteria,p__Bacteroidetes,c__Bacteroidia,o__Bacteroidales,f__S24-7,g__,s__
zOTU_307,k__Bacteria,p__Bacteroidetes,c__Bacteroidia,o__Bacteroidales,f__Prevotellaceae,g__Prevotella,s__
zOTU_3070,k__Bacteria,p__Bacteroidetes,c__Bacteroidia,o__Bacteroidales,f__Prevotellaceae,g__Prevotella,s__
zOTU_3071,k__Bacteria,p__Firmicutes,c__Clostridia,o__Clostridiales,f__Ruminococcaceae,g__,s__
zOTU_3072,k__Bacteria,p__Proteobacteria,c__Deltaproteobacteria,o__GMD14H09,f__,g__,s__
zOTU_3073,k__Bacteria,p__Bacteroidetes,c__Bacteroidia,o__Bacteroidales,f__,g__,s__
zOTU_3074,k__Bacteria,p__Bacteroidetes,c__Bacteroidia,o__Bacteroidales,f__Prevotellaceae,g__Prevotella,s__
zOTU_3075,k__Bacteria,p__Proteobacteria,c__Deltaproteobacteria,o__Desulfobacterales,f__Desulfobulbaceae,g__Desulfobulbus,s__
zOTU_3076,k__Bacteria,p__Bacteroidetes,c__Bacteroidia,o__Bacteroidales,f__Prevotellaceae,g__Prevotella,s__
zOTU_3077,k__Bacteria,p__Firmicutes,c__Clostridia,o__Clostridiales,f__Clostridiaceae,g__,s__
zOTU_3078,k__Bacteria,p__Firmicutes,c__Clostridia,o__Clostridiales,f__,g__,s__
zOTU_3079,k__Bacteria,p__Firmicutes,c__Clostridia,o__Clostridiales,f__Lachnospiraceae,,
zOTU_308,k__Bacteria,p__Firmicutes,c__Clostridia,o__Clostridiales,f__Ruminococcaceae,g__,s__
zOTU_3080,k__Bacteria,p__Bacteroidetes,c__Bacteroidia,o__Bacteroidales,f__Prevotellaceae,g__Prevotella,s__
zOTU_3081,k__Bacteria,p__Bacteroidetes,c__Bacteroidia,o__Bacteroidales,f__Prevotellaceae,g__Prevotella,s__
zOTU_3082,k__Bacteria,p__Firmicutes,c__Clostridia,o__Clostridiales,f__Clostridiaceae,g__Clostridium,s__
zOTU_3083,k__Bacteria,p__Bacteroidetes,c__Bacteroidia,o__Bacteroidales,f__[Paraprevotellaceae],g__YRC22,s__
zOTU_3084,k__Bacteria,p__Bacteroidetes,c__Bacteroidia,o__Bacteroidales,f__,g__,s__
zOTU_3085,k__Bacteria,p__Firmicutes,c__Clostridia,o__Clostridiales,f__Lachnospiraceae,,
zOTU_3086,k__Bacteria,p__Bacteroidetes,c__Bacteroidia,o__Bacteroidales,f__Prevotellaceae,g__Prevotella,s__
zOTU_3087,k__Bacteria,p__Firmicutes,c__Clostridia,o__Clostridiales,f__Lachnospiraceae,g__,s__
zOTU_3088,k__Bacteria,p__Bacteroidetes,c__Bacteroidia,o__Bacteroidales,f__Prevotellaceae,g__Prevotella,s__
zOTU_3089,k__Bacteria,p__Bacteroidetes,c__Bacteroidia,o__Bacteroidales,f__S24-7,g__,s__
zOTU_309,k__Bacteria,p__Firmicutes,c__Clostridia,o__Clostridiales,f__Lachnospiraceae,g__Butyrivibrio,s__
zOTU_3090,k__Bacteria,p__Cyanobacteria,c__4C0d-2,o__YS2,f__,g__,s__
zOTU_3091,k__Bacteria,p__Firmicutes,c__Clostridia,o__Clostridiales,f__Ruminococcaceae,g__,s__
zOTU_3092,k__Bacteria,p__Firmicutes,c__Clostridia,o__Clostridiales,f__Ruminococcaceae,g__,s__
zOTU_3093,k__Bacteria,p__Bacteroidetes,c__Bacteroidia,o__Bacteroidales,f__Prevotellaceae,g__Prevotella,s__
zOTU_3094,k__Bacteria,p__Firmicutes,c__Clostridia,o__Clostridiales,f__Ruminococcaceae,g__,s__
zOTU_3095,k__Bacteria,p__Proteobacteria,c__Gammaproteobacteria,o__Enterobacteriales,f__Enterobacteriaceae,g__,s__
zOTU_3096,k__Bacteria,p__Firmicutes,c__Clostridia,o__Clostridiales,f__,g__,s__
zOTU_3097,k__Bacteria,p__Bacteroidetes,c__Bacteroidia,o__Bacteroidales,f__,g__,s__
zOTU_3098,k__Bacteria,p__Firmicutes,c__Clostridia,o__Clostridiales,f__Ruminococcaceae,g__,s__
zOTU_3099,k__Bacteria,p__Tenericutes,c__Mollicutes,o__Anaeroplasmatales,f__Anaeroplasmataceae,g__,s__
zOTU_31,k__Bacteria,p__Firmicutes,c__Clostridia,o__Clostridiales,f__Ruminococcaceae,g__Ruminococcus,s__
zOTU_310,k__Bacteria,p__Actinobacteria,c__Coriobacteriia,o__Coriobacteriales,f__Coriobacteriaceae,g__,s__
zOTU_3100,k__Bacteria,p__Bacteroidetes,c__Bacteroidia,o__Bacteroidales,f__Prevotellaceae,g__Prevotella,s__
zOTU_3101,k__Bacteria,p__Bacteroidetes,c__Bacteroidia,o__Bacteroidales,f__Prevotellaceae,g__Prevotella,s__
zOTU_3102,k__Bacteria,p__Bacteroidetes,c__Bacteroidia,o__Bacteroidales,f__p-2534-18B5,g__,s__
zOTU_3103,k__Bacteria,p__Bacteroidetes,c__Bacteroidia,o__Bacteroidales,f__Prevotellaceae,g__Prevotella,s__stercorea
zOTU_3104,k__Bacteria,p__Firmicutes,c__Clostridia,o__Clostridiales,f__,g__,s__
zOTU_3105,k__Bacteria,p__Bacteroidetes,c__Bacteroidia,o__Bacteroidales,f__Prevotellaceae,g__Prevotella,s__
zOTU_3106,k__Bacteria,p__Firmicutes,c__Clostridia,o__Clostridiales,f__,g__,s__
zOTU_3107,k__Bacteria,p__Bacteroidetes,c__Bacteroidia,o__Bacteroidales,f__Prevotellaceae,g__Prevotella,s__
zOTU_3108,k__Bacteria,p__Firmicutes,c__Clostridia,o__Clostridiales,f__Ruminococcaceae,g__,s__
zOTU_3109,k__Bacteria,p__Bacteroidetes,c__Bacteroidia,o__Bacteroidales,f__Prevotellaceae,g__Prevotella,s__
zOTU_311,k__Bacteria,p__Bacteroidetes,c__Bacteroidia,o__Bacteroidales,f__Prevotellaceae,g__Prevotella,s__
zOTU_3110,k__Bacteria,p__Firmicutes,c__Clostridia,o__Clostridiales,f__Ruminococcaceae,g__,s__
zOTU_3111,k__Bacteria,p__Firmicutes,c__Clostridia,o__Clostridiales,f__[Mogibacteriaceae],g__,s__
zOTU_3112,k__Bacteria,p__Bacteroidetes,c__Bacteroidia,o__Bacteroidales,f__Prevotellaceae,g__Prevotella,s__
zOTU_3113,k__Bacteria,p__Firmicutes,c__Clostridia,o__Clostridiales,f__Ruminococcaceae,g__Ruminococcus,s__
zOTU_3114,k__Bacteria,p__Firmicutes,c__Clostridia,o__Clostridiales,f__[Mogibacteriaceae],g__,s__
zOTU_3115,k__Bacteria,p__Firmicutes,c__Clostridia,o__Clostridiales,f__,g__,s__
zOTU_3116,k__Bacteria,p__WPS-2,c__,o__,f__,g__,s__
zOTU_3117,k__Bacteria,p__Spirochaetes,c__Spirochaetes,o__Spirochaetales,f__Spirochaetaceae,g__Treponema,s__
zOTU_3118,k__Bacteria,p__Cyanobacteria,c__4C0d-2,o__YS2,f__,g__,s__
zOTU_3119,k__Bacteria,p__Bacteroidetes,c__Bacteroidia,o__Bacteroidales,f__Prevotellaceae,g__Prevotella,s__
zOTU_312,k__Bacteria,p__Firmicutes,c__Clostridia,o__Clostridiales,f__Lachnospiraceae,g__,s__
zOTU_3120,k__Bacteria,p__Bacteroidetes,c__Bacteroidia,o__Bacteroidales,f__,g__,s__
zOTU_3121,k__Bacteria,p__Bacteroidetes,c__Bacteroidia,o__Bacteroidales,f__Prevotellaceae,g__Prevotella,s__
zOTU_3122,k__Bacteria,p__Proteobacteria,c__Deltaproteobacteria,o__Desulfobacterales,f__Desulfobulbaceae,g__Desulfobulbus,s__
zOTU_3123,k__Bacteria,p__Bacteroidetes,c__Bacteroidia,o__Bacteroidales,f__[Paraprevotellaceae],g__,s__
zOTU_3124,k__Bacteria,p__Firmicutes,c__Erysipelotrichi,o__Erysipelotrichales,f__Erysipelotrichaceae,g__RFN20,s__
zOTU_3125,k__Bacteria,p__Bacteroidetes,c__Bacteroidia,o__Bacteroidales,f__,g__,s__
zOTU_3126,k__Bacteria,p__Firmicutes,c__Clostridia,o__Clostridiales,f__Ruminococcaceae,g__,s__
zOTU_3127,k__Bacteria,p__Bacteroidetes,c__Bacteroidia,o__Bacteroidales,f__Prevotellaceae,g__Prevotella,s__
zOTU_3128,k__Bacteria,p__Firmicutes,c__Clostridia,o__Clostridiales,f__Ruminococcaceae,g__Oscillospira,s__
zOTU_3129,k__Bacteria,p__Firmicutes,c__Clostridia,o__Clostridiales,f__Lachnospiraceae,g__,s__
zOTU_313,k__Bacteria,p__Firmicutes,c__Clostridia,o__Clostridiales,f__,g__,s__
zOTU_3130,k__Bacteria,p__Firmicutes,c__Clostridia,o__Clostridiales,f__,g__,s__
zOTU_3131,k__Bacteria,p__Bacteroidetes,c__Bacteroidia,o__Bacteroidales,f__Prevotellaceae,g__Prevotella,s__
zOTU_3132,k__Bacteria,p__Firmicutes,c__Clostridia,o__Clostridiales,f__,g__,s__
zOTU_3133,k__Bacteria,p__Firmicutes,c__Clostridia,o__Clostridiales,f__,g__,s__
zOTU_3134,k__Bacteria,p__Bacteroidetes,c__Bacteroidia,o__Bacteroidales,f__,g__,s__
zOTU_3135,k__Bacteria,p__Bacteroidetes,c__Bacteroidia,o__Bacteroidales,f__Prevotellaceae,g__Prevotella,s__
zOTU_3136,k__Bacteria,p__Bacteroidetes,c__Bacteroidia,o__Bacteroidales,f__Prevotellaceae,g__Prevotella,s__
zOTU_3137,k__Bacteria,p__Bacteroidetes,c__Bacteroidia,o__Bacteroidales,f__Prevotellaceae,g__Prevotella,s__
zOTU_3138,k__Bacteria,p__Synergistetes,c__Synergistia,o__Synergistales,f__Dethiosulfovibrionaceae,g__TG5,s__
zOTU_3139,k__Bacteria,p__Bacteroidetes,c__Bacteroidia,o__Bacteroidales,f__Prevotellaceae,g__Prevotella,s__
zOTU_314,k__Bacteria,p__Firmicutes,c__Clostridia,o__Clostridiales,f__Ruminococcaceae,g__Ruminococcus,s__
zOTU_3140,k__Bacteria,p__Firmicutes,c__Clostridia,o__Clostridiales,f__,g__,s__
zOTU_3141,k__Bacteria,p__Bacteroidetes,c__Bacteroidia,o__Bacteroidales,f__Prevotellaceae,g__Prevotella,s__
zOTU_3142,k__Bacteria,p__Firmicutes,c__Clostridia,o__Clostridiales,f__,g__,s__
zOTU_3143,k__Bacteria,p__Proteobacteria,c__Alphaproteobacteria,o__Rickettsiales,f__,g__,s__
zOTU_3144,k__Bacteria,p__Firmicutes,c__Erysipelotrichi,o__Erysipelotrichales,f__Erysipelotrichaceae,g__RFN20,s__
zOTU_3145,k__Bacteria,p__Bacteroidetes,c__Bacteroidia,o__Bacteroidales,f__Prevotellaceae,g__Prevotella,s__
zOTU_3146,k__Bacteria,p__Bacteroidetes,c__Bacteroidia,o__Bacteroidales,f__,g__,s__
zOTU_3147,k__Bacteria,p__Actinobacteria,c__Actinobacteria,o__Actinomycetales,f__Actinomycetaceae,,
zOTU_3148,k__Bacteria,p__Spirochaetes,c__Spirochaetes,o__Spirochaetales,f__Spirochaetaceae,g__Treponema,s__
zOTU_315,k__Bacteria,p__Bacteroidetes,c__Bacteroidia,o__Bacteroidales,f__Prevotellaceae,g__Prevotella,s__
zOTU_3150,k__Bacteria,p__Firmicutes,c__Clostridia,o__Clostridiales,f__Lachnospiraceae,g__,s__
zOTU_3151,k__Bacteria,p__Bacteroidetes,c__Bacteroidia,o__Bacteroidales,f__Prevotellaceae,g__Prevotella,s__
zOTU_3152,k__Bacteria,p__Tenericutes,c__Mollicutes,o__Anaeroplasmatales,f__Anaeroplasmataceae,g__Anaeroplasma,s__
zOTU_3153,k__Bacteria,p__Bacteroidetes,c__Bacteroidia,o__Bacteroidales,f__,g__,s__
zOTU_3154,k__Bacteria,p__Bacteroidetes,c__Bacteroidia,o__Bacteroidales,f__,g__,s__
zOTU_3155,k__Bacteria,p__Firmicutes,c__Clostridia,o__Clostridiales,f__Lachnospiraceae,g__Butyrivibrio,s__
zOTU_3156,k__Bacteria,p__Bacteroidetes,c__Bacteroidia,o__Bacteroidales,f__Prevotellaceae,g__Prevotella,s__
zOTU_3157,k__Bacteria,p__Bacteroidetes,c__Bacteroidia,o__Bacteroidales,f__Prevotellaceae,g__Prevotella,s__
zOTU_3158,k__Bacteria,p__Firmicutes,c__Clostridia,o__Clostridiales,f__Clostridiaceae,g__Clostridium,s__
zOTU_3159,k__Bacteria,p__Bacteroidetes,c__Bacteroidia,o__Bacteroidales,f__BS11,g__,s__
zOTU_316,k__Bacteria,p__Actinobacteria,c__Coriobacteriia,o__Coriobacteriales,f__Coriobacteriaceae,g__,s__
zOTU_3160,k__Bacteria,p__Bacteroidetes,c__Bacteroidia,o__Bacteroidales,f__Prevotellaceae,g__Prevotella,s__
zOTU_3161,k__Bacteria,p__Firmicutes,c__Erysipelotrichi,o__Erysipelotrichales,f__Erysipelotrichaceae,g__RFN20,s__
zOTU_3162,k__Bacteria,p__Bacteroidetes,c__Bacteroidia,o__Bacteroidales,f__Prevotellaceae,g__Prevotella,s__
zOTU_3163,k__Bacteria,p__Fibrobacteres,c__Fibrobacteria,o__Fibrobacterales,f__Fibrobacteraceae,g__Fibrobacter,s__succinogenes
zOTU_3164,k__Bacteria,p__Bacteroidetes,c__Bacteroidia,o__Bacteroidales,f__Prevotellaceae,g__Prevotella,s__
zOTU_3165,k__Bacteria,p__Bacteroidetes,c__Bacteroidia,o__Bacteroidales,f__Prevotellaceae,g__Prevotella,s__
zOTU_3166,k__Bacteria,p__Bacteroidetes,c__Bacteroidia,o__Bacteroidales,f__RF16,g__,s__
zOTU_3167,k__Bacteria,p__Actinobacteria,c__Actinobacteria,o__Bifidobacteriales,f__Bifidobacteriaceae,g__Bifidobacterium,s__thermacidophilum
zOTU_3169,k__Bacteria,p__Firmicutes,c__Clostridia,o__Clostridiales,f__,g__,s__
zOTU_317,k__Bacteria,p__Bacteroidetes,c__Bacteroidia,o__Bacteroidales,f__S24-7,g__,s__
zOTU_3170,k__Bacteria,p__TM7,c__TM7-3,o__CW040,f__F16,g__,s__
zOTU_3171,k__Bacteria,p__Bacteroidetes,c__Bacteroidia,o__Bacteroidales,f__Prevotellaceae,g__Prevotella,s__
zOTU_3172,k__Bacteria,p__Bacteroidetes,c__Bacteroidia,o__Bacteroidales,f__Prevotellaceae,g__Prevotella,s__
zOTU_3173,k__Bacteria,p__Bacteroidetes,c__Bacteroidia,o__Bacteroidales,f__BS11,g__,s__
zOTU_3174,k__Bacteria,p__Bacteroidetes,c__Bacteroidia,o__Bacteroidales,f__BS11,g__,s__
zOTU_3175,k__Bacteria,p__Firmicutes,c__Clostridia,o__Clostridiales,f__[Mogibacteriaceae],g__Mogibacterium,s__
zOTU_3176,k__Bacteria,p__Bacteroidetes,c__Bacteroidia,o__Bacteroidales,f__BS11,g__,s__
zOTU_3177,k__Bacteria,p__Bacteroidetes,c__Bacteroidia,o__Bacteroidales,f__Prevotellaceae,g__Prevotella,s__
zOTU_3178,k__Bacteria,p__Synergistetes,c__Synergistia,o__Synergistales,f__Dethiosulfovibrionaceae,g__Pyramidobacter,s__
zOTU_3179,k__Bacteria,p__Firmicutes,c__Clostridia,o__Clostridiales,f__,g__,s__
zOTU_318,k__Bacteria,p__Firmicutes,c__Clostridia,o__Clostridiales,f__Lachnospiraceae,g__Butyrivibrio,s__
zOTU_3180,k__Bacteria,p__Bacteroidetes,c__Bacteroidia,o__Bacteroidales,f__Prevotellaceae,g__Prevotella,s__
zOTU_3181,k__Bacteria,p__Bacteroidetes,c__Bacteroidia,o__Bacteroidales,f__[Paraprevotellaceae],g__,s__
zOTU_3182,k__Bacteria,p__Firmicutes,c__Clostridia,o__Clostridiales,f__Ruminococcaceae,g__,s__
zOTU_3183,k__Bacteria,p__Bacteroidetes,c__Bacteroidia,o__Bacteroidales,f__Prevotellaceae,g__Prevotella,s__
zOTU_3184,k__Bacteria,p__Bacteroidetes,c__Bacteroidia,o__Bacteroidales,f__S24-7,g__,s__
zOTU_3185,k__Bacteria,p__Bacteroidetes,c__Bacteroidia,o__Bacteroidales,f__Prevotellaceae,g__Prevotella,s__
zOTU_3186,k__Bacteria,p__Tenericutes,c__Mollicutes,o__RF39,f__,g__,s__
zOTU_3187,k__Bacteria,p__Bacteroidetes,c__Bacteroidia,o__Bacteroidales,f__Prevotellaceae,g__Prevotella,s__
zOTU_3188,k__Bacteria,p__Spirochaetes,c__Spirochaetes,o__Spirochaetales,f__Spirochaetaceae,g__Treponema,s__
zOTU_3189,k__Bacteria,p__Actinobacteria,c__Actinobacteria,o__Actinomycetales,f__Streptomycetaceae,g__Streptomyces,s__mashuensis
zOTU_319,k__Bacteria,p__Firmicutes,c__Clostridia,o__Clostridiales,f__Lachnospiraceae,,
zOTU_3190,k__Bacteria,p__Cyanobacteria,c__4C0d-2,o__YS2,f__,g__,s__
zOTU_3191,k__Bacteria,p__Firmicutes,c__Clostridia,o__Clostridiales,f__Clostridiaceae,g__Clostridium,s__
zOTU_3192,k__Bacteria,p__Bacteroidetes,c__Bacteroidia,o__Bacteroidales,f__Prevotellaceae,g__Prevotella,s__
zOTU_3193,k__Bacteria,p__Firmicutes,c__Clostridia,o__Clostridiales,f__Ruminococcaceae,g__,s__
zOTU_3194,k__Bacteria,p__Bacteroidetes,c__Bacteroidia,o__Bacteroidales,f__[Paraprevotellaceae],g__,s__
zOTU_3195,k__Bacteria,p__Firmicutes,c__Clostridia,o__Clostridiales,f__,g__,s__
zOTU_3196,k__Bacteria,p__Firmicutes,c__Clostridia,o__Clostridiales,f__Christensenellaceae,g__,s__
zOTU_3197,k__Bacteria,p__Firmicutes,c__Clostridia,o__Clostridiales,f__Ruminococcaceae,g__,s__
zOTU_3198,k__Bacteria,p__Bacteroidetes,c__Bacteroidia,o__Bacteroidales,f__Prevotellaceae,g__Prevotella,s__
zOTU_3199,k__Bacteria,p__Bacteroidetes,c__Bacteroidia,o__Bacteroidales,f__Prevotellaceae,g__Prevotella,s__
zOTU_32,k__Bacteria,p__Actinobacteria,c__Coriobacteriia,o__Coriobacteriales,f__Coriobacteriaceae,g__,s__
zOTU_320,k__Bacteria,p__Bacteroidetes,c__Bacteroidia,o__Bacteroidales,f__[Paraprevotellaceae],g__YRC22,s__
zOTU_3200,k__Bacteria,p__Bacteroidetes,c__Bacteroidia,o__Bacteroidales,f__Prevotellaceae,g__Prevotella,s__
zOTU_3201,k__Bacteria,p__Firmicutes,c__Clostridia,o__Clostridiales,f__Veillonellaceae,g__Selenomonas,s__
zOTU_3202,k__Bacteria,p__Actinobacteria,c__Coriobacteriia,o__Coriobacteriales,f__Coriobacteriaceae,g__Atopobium,s__
zOTU_3203,k__Bacteria,p__Actinobacteria,,,,,
zOTU_3204,k__Bacteria,p__Cyanobacteria,c__4C0d-2,o__YS2,f__,g__,s__
zOTU_3205,k__Bacteria,p__Firmicutes,c__Clostridia,o__Clostridiales,f__Clostridiaceae,g__Clostridium,s__
zOTU_3206,k__Bacteria,p__Cyanobacteria,c__4C0d-2,o__YS2,f__,g__,s__
zOTU_3208,k__Bacteria,p__Bacteroidetes,c__Bacteroidia,o__Bacteroidales,f__S24-7,g__,s__
zOTU_3209,k__Bacteria,p__Bacteroidetes,c__Bacteroidia,o__Bacteroidales,f__Prevotellaceae,g__Prevotella,s__
zOTU_321,k__Bacteria,p__Bacteroidetes,c__Bacteroidia,o__Bacteroidales,f__Prevotellaceae,g__Prevotella,s__
zOTU_3210,k__Bacteria,p__Actinobacteria,c__Coriobacteriia,o__Coriobacteriales,f__Coriobacteriaceae,g__,s__
zOTU_3211,k__Bacteria,p__Bacteroidetes,c__Bacteroidia,o__Bacteroidales,f__Prevotellaceae,g__Prevotella,s__
zOTU_3212,k__Bacteria,p__Bacteroidetes,c__Bacteroidia,o__Bacteroidales,f__Prevotellaceae,g__Prevotella,s__
zOTU_3213,k__Bacteria,p__Firmicutes,c__Clostridia,o__Clostridiales,f__Lachnospiraceae,g__,s__
zOTU_3214,k__Bacteria,p__Bacteroidetes,c__Bacteroidia,o__Bacteroidales,f__,g__,s__
zOTU_3215,k__Bacteria,p__Firmicutes,c__Clostridia,o__Clostridiales,f__,g__,s__
zOTU_3216,k__Bacteria,p__Firmicutes,c__Clostridia,o__Clostridiales,f__Ruminococcaceae,g__Oscillospira,s__
zOTU_3217,k__Bacteria,p__Bacteroidetes,c__Bacteroidia,o__Bacteroidales,f__,g__,s__
zOTU_3218,k__Bacteria,p__Bacteroidetes,c__Bacteroidia,o__Bacteroidales,f__Prevotellaceae,g__Prevotella,s__
zOTU_3219,k__Bacteria,p__Bacteroidetes,c__Bacteroidia,o__Bacteroidales,f__Prevotellaceae,g__Prevotella,s__
zOTU_322,k__Bacteria,p__Actinobacteria,c__Coriobacteriia,o__Coriobacteriales,f__Coriobacteriaceae,g__,s__
zOTU_3220,k__Bacteria,p__Firmicutes,c__Clostridia,o__Clostridiales,f__Lachnospiraceae,,
zOTU_3221,k__Bacteria,p__Firmicutes,c__Erysipelotrichi,o__Erysipelotrichales,f__Erysipelotrichaceae,g__RFN20,s__
zOTU_3222,k__Bacteria,p__Bacteroidetes,c__Bacteroidia,o__Bacteroidales,f__[Paraprevotellaceae],g__YRC22,s__
zOTU_3223,k__Bacteria,p__Bacteroidetes,c__Bacteroidia,o__Bacteroidales,f__Prevotellaceae,g__Prevotella,s__
zOTU_3224,k__Bacteria,p__Firmicutes,c__Clostridia,o__Clostridiales,f__Ruminococcaceae,g__,s__
zOTU_3225,k__Bacteria,p__Firmicutes,c__Clostridia,o__Clostridiales,f__,g__,s__
zOTU_3226,k__Bacteria,p__Bacteroidetes,c__Bacteroidia,o__Bacteroidales,f__[Paraprevotellaceae],g__CF231,s__
zOTU_3227,k__Bacteria,p__Bacteroidetes,c__Bacteroidia,o__Bacteroidales,f__Prevotellaceae,g__Prevotella,
zOTU_3228,k__Bacteria,p__Firmicutes,c__Clostridia,o__Clostridiales,f__Clostridiaceae,g__,s__
zOTU_3229,k__Bacteria,p__Firmicutes,c__Clostridia,o__Clostridiales,f__,g__,s__
zOTU_323,k__Bacteria,p__Firmicutes,c__Clostridia,o__Clostridiales,f__Lachnospiraceae,g__,s__
zOTU_3230,k__Bacteria,p__Proteobacteria,c__Alphaproteobacteria,o__RF32,f__,g__,s__
zOTU_3231,k__Bacteria,p__Spirochaetes,c__Spirochaetes,o__Spirochaetales,f__Spirochaetaceae,g__Treponema,s__
zOTU_3232,k__Bacteria,p__Firmicutes,c__Clostridia,o__Clostridiales,f__Christensenellaceae,g__,s__
zOTU_3233,k__Bacteria,p__Fibrobacteres,c__Fibrobacteria,o__Fibrobacterales,f__Fibrobacteraceae,g__Fibrobacter,s__succinogenes
zOTU_3234,k__Bacteria,p__Bacteroidetes,c__Bacteroidia,o__Bacteroidales,f__[Paraprevotellaceae],g__CF231,s__
zOTU_3235,k__Bacteria,p__Firmicutes,c__Clostridia,o__Clostridiales,f__,g__,s__
zOTU_3236,k__Bacteria,p__Bacteroidetes,c__Bacteroidia,o__Bacteroidales,f__Prevotellaceae,g__Prevotella,s__stercorea
zOTU_3237,k__Bacteria,p__Bacteroidetes,c__Bacteroidia,o__Bacteroidales,f__,g__,s__
zOTU_3238,k__Bacteria,p__Bacteroidetes,c__Bacteroidia,o__Bacteroidales,f__,g__,s__
zOTU_3239,k__Bacteria,p__Firmicutes,c__Clostridia,o__Clostridiales,f__,g__,s__
zOTU_324,k__Bacteria,p__Firmicutes,c__Clostridia,o__Clostridiales,f__Ruminococcaceae,g__Ruminococcus,s__albus
zOTU_3240,k__Bacteria,p__Firmicutes,c__Clostridia,o__Clostridiales,f__Ruminococcaceae,g__,s__
zOTU_3241,k__Bacteria,p__Firmicutes,c__Clostridia,o__Clostridiales,f__,g__,s__
zOTU_3242,k__Bacteria,p__Bacteroidetes,c__Bacteroidia,o__Bacteroidales,f__Prevotellaceae,g__Prevotella,s__
zOTU_3243,k__Bacteria,p__Proteobacteria,c__Alphaproteobacteria,o__RF32,f__,g__,s__
zOTU_3244,k__Bacteria,p__Firmicutes,c__Erysipelotrichi,o__Erysipelotrichales,f__Erysipelotrichaceae,g__RFN20,s__
zOTU_3245,k__Bacteria,p__Firmicutes,c__Clostridia,o__Clostridiales,f__Ruminococcaceae,g__,s__
zOTU_3246,k__Bacteria,p__Bacteroidetes,c__Bacteroidia,o__Bacteroidales,f__Prevotellaceae,g__Prevotella,s__
zOTU_3247,k__Bacteria,p__Bacteroidetes,c__Bacteroidia,o__Bacteroidales,f__Prevotellaceae,g__Prevotella,s__
zOTU_3248,k__Bacteria,p__Firmicutes,c__Clostridia,o__Clostridiales,f__Ruminococcaceae,g__,s__
zOTU_3249,k__Bacteria,p__Tenericutes,c__Mollicutes,o__Anaeroplasmatales,f__Anaeroplasmataceae,g__Anaeroplasma,s__
zOTU_325,k__Bacteria,p__Bacteroidetes,c__Bacteroidia,o__Bacteroidales,f__Prevotellaceae,g__Prevotella,s__
zOTU_3250,k__Bacteria,p__Bacteroidetes,c__Bacteroidia,o__Bacteroidales,f__,g__,s__
zOTU_3251,k__Bacteria,p__Bacteroidetes,c__Bacteroidia,o__Bacteroidales,f__Prevotellaceae,g__Prevotella,s__
zOTU_3252,k__Bacteria,p__Tenericutes,c__Mollicutes,o__Anaeroplasmatales,f__Anaeroplasmataceae,g__Anaeroplasma,s__
zOTU_3253,k__Bacteria,p__Spirochaetes,c__Spirochaetes,o__Spirochaetales,f__Spirochaetaceae,g__Treponema,s__
zOTU_3254,k__Bacteria,p__Cyanobacteria,c__4C0d-2,o__YS2,f__,g__,s__
zOTU_3255,k__Bacteria,p__Spirochaetes,c__Spirochaetes,o__Spirochaetales,f__Spirochaetaceae,g__Treponema,s__
zOTU_3258,k__Bacteria,p__Bacteroidetes,c__Bacteroidia,o__Bacteroidales,f__[Paraprevotellaceae],g__,s__
zOTU_3259,k__Bacteria,p__Firmicutes,c__Clostridia,o__Clostridiales,f__Ruminococcaceae,g__Ruminococcus,s__
zOTU_326,k__Bacteria,p__Bacteroidetes,c__Bacteroidia,o__Bacteroidales,f__Prevotellaceae,g__Prevotella,s__
zOTU_3260,k__Bacteria,p__Proteobacteria,c__Deltaproteobacteria,o__Desulfovibrionales,f__Desulfovibrionaceae,g__Desulfovibrio,s__
zOTU_3261,k__Bacteria,p__Bacteroidetes,c__Bacteroidia,o__Bacteroidales,f__,g__,s__
zOTU_3262,k__Bacteria,p__Firmicutes,c__Erysipelotrichi,o__Erysipelotrichales,f__Erysipelotrichaceae,g__RFN20,s__
zOTU_3263,k__Bacteria,p__Firmicutes,c__Clostridia,o__Clostridiales,f__Veillonellaceae,g__Succiniclasticum,s__
zOTU_3264,k__Bacteria,p__Bacteroidetes,c__Bacteroidia,o__Bacteroidales,f__,g__,s__
zOTU_3265,k__Bacteria,p__Proteobacteria,c__Deltaproteobacteria,o__Desulfovibrionales,f__Desulfovibrionaceae,g__,s__
zOTU_3266,k__Bacteria,p__Bacteroidetes,c__Bacteroidia,o__Bacteroidales,f__Prevotellaceae,g__Prevotella,s__
zOTU_3267,k__Bacteria,p__Bacteroidetes,c__Bacteroidia,o__Bacteroidales,f__Prevotellaceae,g__Prevotella,s__
zOTU_3268,k__Bacteria,p__Cyanobacteria,c__4C0d-2,o__YS2,f__,g__,s__
zOTU_327,k__Bacteria,p__Actinobacteria,c__Actinobacteria,o__Bifidobacteriales,f__Bifidobacteriaceae,g__Bifidobacterium,s__adolescentis
zOTU_3271,k__Bacteria,p__Bacteroidetes,c__Bacteroidia,o__Bacteroidales,f__Prevotellaceae,g__Prevotella,s__
zOTU_3272,k__Bacteria,p__Bacteroidetes,c__Bacteroidia,o__Bacteroidales,f__[Paraprevotellaceae],g__CF231,s__
zOTU_3273,k__Bacteria,p__Firmicutes,c__Clostridia,o__Clostridiales,f__[Mogibacteriaceae],g__,s__
zOTU_3274,k__Bacteria,p__Bacteroidetes,c__Bacteroidia,o__Bacteroidales,f__Prevotellaceae,g__Prevotella,s__
zOTU_3275,k__Bacteria,p__Bacteroidetes,c__Bacteroidia,o__Bacteroidales,f__,g__,s__
zOTU_3276,k__Bacteria,p__Bacteroidetes,c__Bacteroidia,o__Bacteroidales,f__Prevotellaceae,g__Prevotella,s__
zOTU_3277,k__Bacteria,p__Firmicutes,c__Erysipelotrichi,o__Erysipelotrichales,f__Erysipelotrichaceae,g__Bulleidia,s__
zOTU_3279,k__Bacteria,p__Proteobacteria,c__Betaproteobacteria,o__Burkholderiales,f__Comamonadaceae,g__,s__
zOTU_328,k__Bacteria,p__Bacteroidetes,c__Bacteroidia,o__Bacteroidales,f__Prevotellaceae,g__Prevotella,s__
zOTU_3281,k__Bacteria,p__Cyanobacteria,c__4C0d-2,o__YS2,f__,g__,s__
zOTU_3282,k__Bacteria,p__Firmicutes,c__Clostridia,o__Clostridiales,f__Ruminococcaceae,g__,s__
zOTU_3283,k__Bacteria,p__Firmicutes,c__Clostridia,o__Clostridiales,f__Ruminococcaceae,g__,s__
zOTU_3284,k__Bacteria,p__Firmicutes,c__Clostridia,o__Clostridiales,f__[Mogibacteriaceae],g__,s__
zOTU_3285,k__Bacteria,p__Bacteroidetes,c__Bacteroidia,o__Bacteroidales,f__Prevotellaceae,g__Prevotella,s__
zOTU_3286,k__Bacteria,p__Cyanobacteria,c__4C0d-2,o__YS2,f__,g__,s__
zOTU_3287,k__Bacteria,p__Firmicutes,c__Clostridia,o__Clostridiales,f__,g__,s__
zOTU_3288,k__Bacteria,p__Bacteroidetes,c__Bacteroidia,o__Bacteroidales,f__,g__,s__
zOTU_3289,k__Bacteria,p__Bacteroidetes,c__Bacteroidia,o__Bacteroidales,f__,g__,s__
zOTU_329,k__Bacteria,p__Bacteroidetes,c__Bacteroidia,o__Bacteroidales,f__[Paraprevotellaceae],g__,s__
zOTU_3290,k__Bacteria,p__Spirochaetes,c__Spirochaetes,o__Spirochaetales,f__Spirochaetaceae,g__Treponema,s__
zOTU_3291,k__Bacteria,p__Spirochaetes,c__Spirochaetes,o__Spirochaetales,f__Spirochaetaceae,g__Treponema,s__
zOTU_3292,k__Bacteria,p__Bacteroidetes,c__Bacteroidia,o__Bacteroidales,f__Prevotellaceae,g__Prevotella,s__
zOTU_3293,k__Bacteria,p__Bacteroidetes,c__Bacteroidia,o__Bacteroidales,f__[Paraprevotellaceae],,
zOTU_3294,k__Bacteria,p__Firmicutes,c__Erysipelotrichi,o__Erysipelotrichales,f__Erysipelotrichaceae,g__RFN20,s__
zOTU_3295,k__Bacteria,p__Spirochaetes,c__Spirochaetes,o__Spirochaetales,f__Spirochaetaceae,g__Treponema,s__
zOTU_3296,k__Bacteria,p__Bacteroidetes,c__Bacteroidia,o__Bacteroidales,f__Prevotellaceae,g__Prevotella,s__
zOTU_3297,k__Bacteria,p__Proteobacteria,c__Deltaproteobacteria,o__GMD14H09,f__,g__,s__
zOTU_3298,k__Bacteria,p__Bacteroidetes,c__Bacteroidia,o__Bacteroidales,f__Prevotellaceae,g__Prevotella,s__
zOTU_3299,k__Bacteria,p__Bacteroidetes,c__Bacteroidia,o__Bacteroidales,f__Prevotellaceae,g__Prevotella,s__
zOTU_330,k__Bacteria,p__Bacteroidetes,c__Bacteroidia,o__Bacteroidales,f__[Paraprevotellaceae],g__YRC22,s__
zOTU_3300,k__Bacteria,p__Bacteroidetes,c__Bacteroidia,o__Bacteroidales,f__Prevotellaceae,g__Prevotella,s__
zOTU_3301,k__Bacteria,p__Bacteroidetes,c__Bacteroidia,o__Bacteroidales,f__Prevotellaceae,g__Prevotella,s__
zOTU_3302,k__Bacteria,p__Bacteroidetes,c__Bacteroidia,o__Bacteroidales,f__,g__,s__
zOTU_3303,k__Bacteria,p__Firmicutes,c__Clostridia,o__Clostridiales,f__,g__,s__
zOTU_3304,k__Bacteria,p__Bacteroidetes,c__Bacteroidia,o__Bacteroidales,f__Prevotellaceae,g__Prevotella,s__
zOTU_3305,k__Bacteria,p__Bacteroidetes,c__Bacteroidia,o__Bacteroidales,f__[Paraprevotellaceae],g__,s__
zOTU_3306,k__Bacteria,p__Bacteroidetes,c__Bacteroidia,o__Bacteroidales,f__S24-7,g__,s__
zOTU_3307,k__Bacteria,p__Firmicutes,c__Clostridia,o__Clostridiales,f__Veillonellaceae,g__,s__
zOTU_3308,k__Bacteria,p__Cyanobacteria,c__4C0d-2,o__YS2,f__,g__,s__
zOTU_3309,k__Bacteria,p__Bacteroidetes,c__Bacteroidia,o__Bacteroidales,f__Prevotellaceae,g__Prevotella,s__
zOTU_331,k__Bacteria,p__Firmicutes,c__Clostridia,o__Clostridiales,f__,g__,s__
zOTU_3310,k__Bacteria,p__Bacteroidetes,c__Bacteroidia,o__Bacteroidales,f__Prevotellaceae,g__Prevotella,s__
zOTU_3311,k__Bacteria,p__Bacteroidetes,c__Bacteroidia,o__Bacteroidales,f__Prevotellaceae,g__Prevotella,s__
zOTU_3312,k__Bacteria,p__Bacteroidetes,c__Bacteroidia,o__Bacteroidales,f__Prevotellaceae,g__Prevotella,s__
zOTU_3313,k__Bacteria,p__Bacteroidetes,c__Bacteroidia,o__Bacteroidales,f__Prevotellaceae,g__Prevotella,s__
zOTU_3314,k__Bacteria,p__Bacteroidetes,c__Bacteroidia,o__Bacteroidales,f__Bacteroidaceae,g__BF311,s__
zOTU_3315,k__Bacteria,p__Bacteroidetes,c__Bacteroidia,o__Bacteroidales,f__,g__,s__
zOTU_3316,k__Bacteria,p__Bacteroidetes,c__Bacteroidia,o__Bacteroidales,f__Prevotellaceae,g__Prevotella,s__
zOTU_3317,k__Bacteria,p__Firmicutes,c__Clostridia,o__Clostridiales,f__Ruminococcaceae,g__,s__
zOTU_3318,k__Bacteria,p__Actinobacteria,c__Coriobacteriia,o__Coriobacteriales,f__Coriobacteriaceae,g__,s__
zOTU_3319,k__Bacteria,p__Bacteroidetes,c__Bacteroidia,o__Bacteroidales,f__Prevotellaceae,g__Prevotella,s__
zOTU_332,k__Bacteria,p__Bacteroidetes,c__Bacteroidia,o__Bacteroidales,f__Prevotellaceae,g__Prevotella,s__
zOTU_3320,k__Bacteria,p__Bacteroidetes,c__Bacteroidia,o__Bacteroidales,f__,g__,s__
zOTU_3322,k__Bacteria,p__Bacteroidetes,c__Bacteroidia,o__Bacteroidales,f__S24-7,g__,s__
zOTU_3323,k__Bacteria,p__Bacteroidetes,c__Bacteroidia,o__Bacteroidales,f__Prevotellaceae,g__Prevotella,s__
zOTU_3324,k__Bacteria,p__Firmicutes,c__Clostridia,o__Clostridiales,f__Veillonellaceae,g__Succiniclasticum,s__
zOTU_3325,k__Bacteria,p__Spirochaetes,c__Spirochaetes,o__Spirochaetales,f__Spirochaetaceae,g__Treponema,s__
zOTU_3326,k__Bacteria,p__Bacteroidetes,c__Bacteroidia,o__Bacteroidales,f__Prevotellaceae,g__Prevotella,s__
zOTU_3327,k__Bacteria,p__Bacteroidetes,c__Bacteroidia,o__Bacteroidales,f__Prevotellaceae,g__Prevotella,s__
zOTU_3328,k__Bacteria,p__Bacteroidetes,c__Bacteroidia,o__Bacteroidales,f__Prevotellaceae,g__Prevotella,s__
zOTU_3329,k__Bacteria,p__Firmicutes,c__Erysipelotrichi,o__Erysipelotrichales,f__Erysipelotrichaceae,g__,s__
zOTU_333,k__Bacteria,p__Bacteroidetes,c__Bacteroidia,o__Bacteroidales,f__Prevotellaceae,g__Prevotella,s__
zOTU_3330,k__Bacteria,p__Firmicutes,c__Clostridia,o__Clostridiales,f__,g__,s__
zOTU_3332,k__Bacteria,p__Spirochaetes,c__Spirochaetes,o__Spirochaetales,f__Spirochaetaceae,g__,s__
zOTU_3333,k__Bacteria,p__Tenericutes,c__Mollicutes,o__RF39,f__,g__,s__
zOTU_3334,k__Bacteria,p__Firmicutes,c__Clostridia,o__Clostridiales,f__[Mogibacteriaceae],g__,s__
zOTU_3335,k__Bacteria,p__Bacteroidetes,c__Bacteroidia,o__Bacteroidales,f__Prevotellaceae,g__Prevotella,s__
zOTU_3336,k__Bacteria,p__Spirochaetes,c__Spirochaetes,o__Spirochaetales,f__Spirochaetaceae,g__Treponema,s__
zOTU_3337,k__Bacteria,p__Bacteroidetes,c__Bacteroidia,o__Bacteroidales,f__[Paraprevotellaceae],g__,s__
zOTU_3339,k__Bacteria,p__Firmicutes,c__Clostridia,o__Clostridiales,f__Ruminococcaceae,g__Ruminococcus,s__
zOTU_334,k__Bacteria,p__Firmicutes,c__Clostridia,o__Clostridiales,f__,g__,s__
zOTU_3340,k__Bacteria,p__Bacteroidetes,c__Bacteroidia,o__Bacteroidales,f__Prevotellaceae,g__Prevotella,s__
zOTU_3341,k__Bacteria,p__Firmicutes,c__Clostridia,o__Clostridiales,f__Ruminococcaceae,g__Ruminococcus,s__
zOTU_3342,k__Bacteria,p__Bacteroidetes,c__Bacteroidia,o__Bacteroidales,f__[Paraprevotellaceae],g__,s__
zOTU_3343,k__Bacteria,p__Bacteroidetes,c__Bacteroidia,o__Bacteroidales,f__Prevotellaceae,g__Prevotella,s__
zOTU_3344,k__Bacteria,p__Bacteroidetes,c__Bacteroidia,o__Bacteroidales,f__,g__,s__
zOTU_3345,k__Bacteria,p__Firmicutes,c__Clostridia,o__Clostridiales,f__Ruminococcaceae,g__Ruminococcus,s__
zOTU_3346,k__Bacteria,p__Bacteroidetes,c__Bacteroidia,o__Bacteroidales,f__Prevotellaceae,g__Prevotella,s__
zOTU_3347,k__Bacteria,p__Bacteroidetes,c__Bacteroidia,o__Bacteroidales,f__,g__,s__
zOTU_3348,k__Bacteria,p__Bacteroidetes,c__Bacteroidia,o__Bacteroidales,f__Prevotellaceae,g__Prevotella,s__
zOTU_3349,k__Bacteria,p__Bacteroidetes,c__Bacteroidia,o__Bacteroidales,f__Prevotellaceae,g__Prevotella,s__
zOTU_335,k__Bacteria,p__Bacteroidetes,c__Bacteroidia,o__Bacteroidales,f__Prevotellaceae,g__Prevotella,s__
zOTU_3350,k__Bacteria,p__Bacteroidetes,c__Bacteroidia,o__Bacteroidales,f__Prevotellaceae,g__Prevotella,s__
zOTU_3351,k__Bacteria,p__Bacteroidetes,c__Bacteroidia,o__Bacteroidales,f__Prevotellaceae,g__Prevotella,s__
zOTU_3352,k__Bacteria,p__Bacteroidetes,c__Bacteroidia,o__Bacteroidales,f__Bacteroidaceae,g__BF311,s__
zOTU_3353,k__Bacteria,p__Firmicutes,c__Clostridia,o__Clostridiales,f__,g__,s__
zOTU_3354,k__Bacteria,p__Bacteroidetes,c__Bacteroidia,o__Bacteroidales,f__,g__,s__
zOTU_3355,k__Bacteria,p__Firmicutes,c__Clostridia,o__Clostridiales,f__Lachnospiraceae,g__Butyrivibrio,s__
zOTU_3356,k__Bacteria,p__Bacteroidetes,c__Bacteroidia,o__Bacteroidales,f__,g__,s__
zOTU_3357,k__Bacteria,p__Bacteroidetes,c__Bacteroidia,o__Bacteroidales,f__Prevotellaceae,g__Prevotella,s__
zOTU_3358,k__Bacteria,p__Spirochaetes,c__Spirochaetes,o__Spirochaetales,f__Spirochaetaceae,g__Treponema,s__
zOTU_3359,k__Bacteria,p__Bacteroidetes,c__Bacteroidia,o__Bacteroidales,f__[Paraprevotellaceae],g__YRC22,s__
zOTU_336,k__Bacteria,p__Bacteroidetes,c__Bacteroidia,o__Bacteroidales,f__,g__,s__
zOTU_3360,k__Bacteria,p__Firmicutes,c__Clostridia,o__Clostridiales,f__,g__,s__
zOTU_3361,k__Bacteria,p__Firmicutes,c__Clostridia,o__Clostridiales,f__Lachnospiraceae,g__Butyrivibrio,s__
zOTU_3362,k__Bacteria,p__Bacteroidetes,c__Bacteroidia,o__Bacteroidales,f__Prevotellaceae,g__Prevotella,s__
zOTU_3363,k__Bacteria,p__Bacteroidetes,c__Bacteroidia,o__Bacteroidales,f__Prevotellaceae,g__Prevotella,s__
zOTU_3364,k__Bacteria,p__Firmicutes,c__Clostridia,o__Clostridiales,f__,g__,s__
zOTU_3365,k__Bacteria,p__Bacteroidetes,c__Bacteroidia,o__Bacteroidales,f__Prevotellaceae,g__Prevotella,s__
zOTU_3366,k__Bacteria,p__Firmicutes,c__Erysipelotrichi,o__Erysipelotrichales,f__Erysipelotrichaceae,g__L7A_E11,s__
zOTU_3367,k__Bacteria,p__Firmicutes,c__Bacilli,o__Lactobacillales,f__Leuconostocaceae,g__Weissella,s__
zOTU_3368,k__Bacteria,p__Bacteroidetes,c__Bacteroidia,o__Bacteroidales,f__Prevotellaceae,g__Prevotella,s__
zOTU_3369,k__Bacteria,p__Firmicutes,c__Erysipelotrichi,o__Erysipelotrichales,f__Erysipelotrichaceae,g__RFN20,s__
zOTU_337,k__Bacteria,p__Firmicutes,c__Clostridia,o__Clostridiales,f__,g__,s__
zOTU_3370,k__Bacteria,p__Bacteroidetes,c__Bacteroidia,o__Bacteroidales,f__Prevotellaceae,g__Prevotella,s__
zOTU_3371,k__Bacteria,p__Bacteroidetes,c__Bacteroidia,o__Bacteroidales,f__,g__,s__
zOTU_3372,k__Bacteria,p__Firmicutes,c__Erysipelotrichi,o__Erysipelotrichales,f__Erysipelotrichaceae,g__RFN20,s__
zOTU_3373,k__Bacteria,p__Firmicutes,c__Erysipelotrichi,o__Erysipelotrichales,f__Erysipelotrichaceae,g__RFN20,s__
zOTU_3374,k__Bacteria,p__Bacteroidetes,c__Bacteroidia,o__Bacteroidales,f__,g__,s__
zOTU_3375,k__Bacteria,p__Firmicutes,c__Clostridia,o__Clostridiales,f__,g__,s__
zOTU_3376,k__Bacteria,p__Firmicutes,c__Clostridia,o__Clostridiales,f__[Mogibacteriaceae],g__,s__
zOTU_3377,k__Bacteria,p__Bacteroidetes,c__Bacteroidia,o__Bacteroidales,f__BS11,g__,s__
zOTU_3378,k__Bacteria,p__Firmicutes,c__Clostridia,o__Clostridiales,f__Lachnospiraceae,g__Blautia,s__
zOTU_3379,k__Bacteria,p__Bacteroidetes,c__Bacteroidia,o__Bacteroidales,f__Prevotellaceae,g__Prevotella,s__
zOTU_338,k__Bacteria,p__Firmicutes,c__Clostridia,o__Clostridiales,f__Lachnospiraceae,g__,s__
zOTU_3380,k__Bacteria,p__Bacteroidetes,c__Bacteroidia,o__Bacteroidales,f__[Paraprevotellaceae],g__,s__
zOTU_3381,k__Bacteria,p__Firmicutes,c__Clostridia,o__Clostridiales,f__Ruminococcaceae,g__Ruminococcus,s__
zOTU_3382,k__Bacteria,p__Bacteroidetes,c__Bacteroidia,o__Bacteroidales,f__Prevotellaceae,g__Prevotella,s__
zOTU_3383,k__Bacteria,p__Bacteroidetes,c__Bacteroidia,o__Bacteroidales,f__Prevotellaceae,g__Prevotella,s__
zOTU_3384,k__Bacteria,p__Bacteroidetes,c__Bacteroidia,o__Bacteroidales,f__Prevotellaceae,g__,s__
zOTU_3386,k__Bacteria,p__Bacteroidetes,c__Bacteroidia,o__Bacteroidales,f__Prevotellaceae,g__Prevotella,s__
zOTU_3387,k__Bacteria,p__Proteobacteria,c__Deltaproteobacteria,o__Desulfovibrionales,f__Desulfovibrionaceae,g__Desulfovibrio,s__D168
zOTU_3388,k__Bacteria,p__Fibrobacteres,c__Fibrobacteria,o__Fibrobacterales,f__Fibrobacteraceae,g__Fibrobacter,s__succinogenes
zOTU_3389,k__Bacteria,p__Firmicutes,c__Clostridia,o__Clostridiales,f__,g__,s__
zOTU_3390,k__Bacteria,p__Bacteroidetes,c__Bacteroidia,o__Bacteroidales,f__Prevotellaceae,g__Prevotella,s__
zOTU_3391,k__Bacteria,p__Bacteroidetes,c__Bacteroidia,o__Bacteroidales,f__[Paraprevotellaceae],g__CF231,s__
zOTU_3392,k__Bacteria,p__Bacteroidetes,c__Bacteroidia,o__Bacteroidales,f__,g__,s__
zOTU_3393,k__Bacteria,p__TM7,c__TM7-3,o__CW040,f__F16,g__,s__
zOTU_3394,k__Bacteria,p__Proteobacteria,c__Gammaproteobacteria,o__Aeromonadales,f__Succinivibrionaceae,g__,s__
zOTU_3395,k__Bacteria,p__Bacteroidetes,c__Bacteroidia,o__Bacteroidales,f__[Paraprevotellaceae],g__,s__
zOTU_3396,k__Bacteria,p__Bacteroidetes,c__Bacteroidia,o__Bacteroidales,f__[Paraprevotellaceae],g__CF231,s__
zOTU_3397,k__Bacteria,p__Firmicutes,c__Erysipelotrichi,o__Erysipelotrichales,f__Erysipelotrichaceae,g__[Eubacterium],s__cylindroides
zOTU_3398,k__Bacteria,p__Bacteroidetes,c__Bacteroidia,o__Bacteroidales,f__Prevotellaceae,g__Prevotella,s__
zOTU_3399,k__Bacteria,p__Bacteroidetes,c__Bacteroidia,o__Bacteroidales,f__[Paraprevotellaceae],g__,s__
zOTU_34,k__Bacteria,p__Bacteroidetes,c__Bacteroidia,o__Bacteroidales,f__Prevotellaceae,g__Prevotella,s__
zOTU_340,k__Bacteria,p__Bacteroidetes,c__Bacteroidia,o__Bacteroidales,f__Prevotellaceae,g__Prevotella,s__
zOTU_3400,k__Bacteria,p__Spirochaetes,c__Spirochaetes,o__Spirochaetales,f__Spirochaetaceae,g__Treponema,s__
zOTU_3401,k__Bacteria,p__Bacteroidetes,c__Bacteroidia,o__Bacteroidales,f__Prevotellaceae,g__Prevotella,s__
zOTU_3402,k__Bacteria,p__Bacteroidetes,c__Bacteroidia,o__Bacteroidales,f__S24-7,g__,s__
zOTU_3403,k__Bacteria,p__Firmicutes,c__Clostridia,o__Clostridiales,f__Ruminococcaceae,g__Ruminococcus,s__
zOTU_3404,k__Bacteria,p__Bacteroidetes,c__Bacteroidia,o__Bacteroidales,f__Prevotellaceae,g__Prevotella,s__
zOTU_3405,k__Bacteria,p__Actinobacteria,c__Coriobacteriia,o__Coriobacteriales,f__Coriobacteriaceae,g__,s__
zOTU_3406,k__Bacteria,p__Bacteroidetes,c__Bacteroidia,o__Bacteroidales,f__[Paraprevotellaceae],g__Paraprevotella,s__
zOTU_3407,k__Bacteria,p__Bacteroidetes,c__Bacteroidia,o__Bacteroidales,f__Prevotellaceae,g__Prevotella,s__
zOTU_3408,k__Bacteria,p__Bacteroidetes,c__Bacteroidia,o__Bacteroidales,f__Prevotellaceae,g__Prevotella,s__melaninogenica
zOTU_3409,k__Bacteria,p__Firmicutes,c__Clostridia,o__Clostridiales,f__Veillonellaceae,g__,s__
zOTU_341,k__Bacteria,p__Firmicutes,c__Clostridia,o__Clostridiales,f__,g__,s__
zOTU_3410,k__Bacteria,p__Firmicutes,c__Clostridia,o__Clostridiales,f__[Mogibacteriaceae],g__,s__
zOTU_3411,k__Bacteria,p__Bacteroidetes,c__Bacteroidia,o__Bacteroidales,f__,g__,s__
zOTU_3412,k__Bacteria,p__Firmicutes,c__Clostridia,o__Clostridiales,f__Lachnospiraceae,g__,s__
zOTU_3413,k__Bacteria,p__Bacteroidetes,c__Bacteroidia,o__Bacteroidales,f__[Paraprevotellaceae],g__,s__
zOTU_3415,k__Bacteria,p__Firmicutes,c__Erysipelotrichi,o__Erysipelotrichales,f__Erysipelotrichaceae,g__Bulleidia,s__
zOTU_3416,k__Bacteria,p__Actinobacteria,c__Coriobacteriia,o__Coriobacteriales,f__Coriobacteriaceae,g__,s__
zOTU_3417,k__Bacteria,p__Bacteroidetes,c__Bacteroidia,o__Bacteroidales,f__Prevotellaceae,g__Prevotella,s__
zOTU_3418,k__Bacteria,p__Bacteroidetes,c__Bacteroidia,o__Bacteroidales,f__,g__,s__
zOTU_3419,k__Bacteria,p__Bacteroidetes,c__Bacteroidia,o__Bacteroidales,f__Prevotellaceae,g__Prevotella,s__
zOTU_342,k__Bacteria,p__Bacteroidetes,c__Bacteroidia,o__Bacteroidales,f__Prevotellaceae,g__Prevotella,s__
zOTU_3420,k__Bacteria,p__Proteobacteria,c__Deltaproteobacteria,o__Desulfovibrionales,f__Desulfovibrionaceae,g__Desulfovibrio,s__D168
zOTU_3421,k__Bacteria,p__Bacteroidetes,c__Bacteroidia,o__Bacteroidales,f__,g__,s__
zOTU_3422,k__Bacteria,p__Firmicutes,c__Clostridia,o__Clostridiales,f__[Tissierellaceae],g__Sedimentibacter,s__
zOTU_3423,k__Bacteria,p__Bacteroidetes,c__Bacteroidia,o__Bacteroidales,f__Prevotellaceae,g__Prevotella,s__copri
zOTU_3424,k__Bacteria,p__Bacteroidetes,c__Bacteroidia,o__Bacteroidales,f__[Paraprevotellaceae],g__CF231,s__
zOTU_3425,k__Bacteria,p__TM7,c__TM7-3,o__CW040,f__F16,g__,s__
zOTU_3426,k__Bacteria,p__Bacteroidetes,c__Bacteroidia,o__Bacteroidales,f__,g__,s__
zOTU_3427,k__Bacteria,p__Bacteroidetes,c__Bacteroidia,o__Bacteroidales,f__,g__,s__
zOTU_3428,k__Bacteria,p__Firmicutes,c__Clostridia,o__Clostridiales,f__Ruminococcaceae,g__,s__
zOTU_3429,k__Bacteria,p__Bacteroidetes,c__Bacteroidia,o__Bacteroidales,f__Prevotellaceae,g__Prevotella,
zOTU_343,k__Bacteria,p__Bacteroidetes,c__Bacteroidia,o__Bacteroidales,f__Prevotellaceae,g__Prevotella,s__
zOTU_3430,k__Bacteria,p__Firmicutes,c__Clostridia,o__Clostridiales,f__Ruminococcaceae,g__Ruminococcus,s__
zOTU_3431,k__Bacteria,p__Spirochaetes,c__Spirochaetes,o__Spirochaetales,f__Spirochaetaceae,g__Treponema,s__
zOTU_3434,k__Bacteria,p__Bacteroidetes,c__Bacteroidia,o__Bacteroidales,f__Prevotellaceae,g__Prevotella,s__
zOTU_3435,k__Bacteria,p__Firmicutes,c__Clostridia,o__Clostridiales,f__Veillonellaceae,g__,s__
zOTU_3436,k__Bacteria,p__Fibrobacteres,c__Fibrobacteria,o__Fibrobacterales,f__Fibrobacteraceae,g__Fibrobacter,s__succinogenes
zOTU_3437,k__Bacteria,p__Bacteroidetes,c__Bacteroidia,o__Bacteroidales,f__,g__,s__
zOTU_3438,k__Bacteria,p__Bacteroidetes,c__Bacteroidia,o__Bacteroidales,f__Prevotellaceae,g__Prevotella,s__
zOTU_3439,k__Bacteria,p__Firmicutes,c__Clostridia,o__Clostridiales,f__Ruminococcaceae,g__,s__
zOTU_344,k__Bacteria,p__Bacteroidetes,c__Bacteroidia,o__Bacteroidales,f__Prevotellaceae,g__Prevotella,s__
zOTU_3440,k__Bacteria,p__Bacteroidetes,c__Bacteroidia,o__Bacteroidales,f__Prevotellaceae,g__Prevotella,s__
zOTU_3441,k__Bacteria,p__Firmicutes,c__Clostridia,o__Clostridiales,f__Ruminococcaceae,g__Ruminococcus,s__
zOTU_3442,k__Bacteria,p__Firmicutes,c__Clostridia,o__Clostridiales,f__Ruminococcaceae,g__,s__
zOTU_3443,k__Bacteria,p__Firmicutes,c__Clostridia,o__Clostridiales,f__Clostridiaceae,g__Clostridium,s__
zOTU_3444,k__Bacteria,p__Spirochaetes,c__Spirochaetes,o__Spirochaetales,f__Spirochaetaceae,g__Treponema,s__
zOTU_3446,k__Bacteria,p__Bacteroidetes,c__Bacteroidia,o__Bacteroidales,f__Prevotellaceae,g__Prevotella,s__
zOTU_3447,k__Bacteria,p__Bacteroidetes,c__Bacteroidia,o__Bacteroidales,f__Prevotellaceae,g__Prevotella,s__
zOTU_3448,k__Bacteria,p__Proteobacteria,c__Deltaproteobacteria,o__Desulfobacterales,f__Desulfobulbaceae,g__Desulfobulbus,s__
zOTU_3449,k__Bacteria,p__Bacteroidetes,c__Bacteroidia,o__Bacteroidales,f__,g__,s__
zOTU_345,k__Bacteria,p__Firmicutes,c__Clostridia,o__Clostridiales,f__Lachnospiraceae,g__Coprococcus,s__
zOTU_3450,k__Bacteria,p__Fibrobacteres,c__Fibrobacteria,o__Fibrobacterales,f__Fibrobacteraceae,g__Fibrobacter,s__succinogenes
zOTU_3451,k__Bacteria,p__Bacteroidetes,c__Bacteroidia,o__Bacteroidales,f__,g__,s__
zOTU_3452,k__Bacteria,p__Bacteroidetes,c__Bacteroidia,o__Bacteroidales,f__Prevotellaceae,g__Prevotella,s__
zOTU_3453,k__Bacteria,p__Bacteroidetes,c__Bacteroidia,o__Bacteroidales,f__,g__,s__
zOTU_3454,k__Bacteria,p__Firmicutes,c__Clostridia,o__Clostridiales,f__[Mogibacteriaceae],g__,s__
zOTU_3455,k__Bacteria,p__Cyanobacteria,c__4C0d-2,o__YS2,f__,g__,s__
zOTU_3456,k__Bacteria,p__Bacteroidetes,c__Bacteroidia,o__Bacteroidales,f__,g__,s__
zOTU_3457,k__Bacteria,p__Firmicutes,c__Clostridia,o__Clostridiales,f__[Mogibacteriaceae],g__,s__
zOTU_3458,k__Bacteria,p__Firmicutes,c__Clostridia,o__Clostridiales,f__Ruminococcaceae,g__,s__
zOTU_3459,k__Bacteria,p__Bacteroidetes,c__Bacteroidia,o__Bacteroidales,f__Prevotellaceae,g__Prevotella,s__
zOTU_346,k__Bacteria,p__Bacteroidetes,c__Bacteroidia,o__Bacteroidales,f__S24-7,g__,s__
zOTU_3460,k__Bacteria,p__Bacteroidetes,c__Bacteroidia,o__Bacteroidales,f__Prevotellaceae,g__Prevotella,s__
zOTU_3461,k__Bacteria,p__Spirochaetes,c__Spirochaetes,o__Spirochaetales,f__Spirochaetaceae,g__Treponema,s__
zOTU_3462,k__Bacteria,p__Bacteroidetes,c__Bacteroidia,o__Bacteroidales,f__,g__,s__
zOTU_3463,k__Bacteria,p__Bacteroidetes,c__Bacteroidia,o__Bacteroidales,f__Prevotellaceae,g__Prevotella,s__
zOTU_3464,k__Bacteria,p__Bacteroidetes,c__Bacteroidia,o__Bacteroidales,f__Prevotellaceae,g__Prevotella,s__
zOTU_3465,k__Bacteria,p__Bacteroidetes,c__Bacteroidia,o__Bacteroidales,f__Prevotellaceae,g__Prevotella,s__
zOTU_3466,k__Bacteria,p__Firmicutes,c__Clostridia,o__Clostridiales,f__Ruminococcaceae,g__,s__
zOTU_3467,k__Bacteria,p__Bacteroidetes,c__Bacteroidia,o__Bacteroidales,f__Prevotellaceae,g__Prevotella,s__
zOTU_347,k__Bacteria,p__Bacteroidetes,c__Bacteroidia,o__Bacteroidales,f__Prevotellaceae,g__Prevotella,s__
zOTU_3470,k__Bacteria,p__Bacteroidetes,c__Bacteroidia,o__Bacteroidales,f__RF16,g__,s__
zOTU_3471,k__Bacteria,p__Bacteroidetes,c__Bacteroidia,o__Bacteroidales,f__,g__,s__
zOTU_3472,k__Bacteria,p__Bacteroidetes,c__Bacteroidia,o__Bacteroidales,f__,g__,s__
zOTU_3473,k__Bacteria,p__Fibrobacteres,c__Fibrobacteria,o__Fibrobacterales,f__Fibrobacteraceae,g__Fibrobacter,s__succinogenes
zOTU_3474,k__Bacteria,p__Bacteroidetes,c__Bacteroidia,o__Bacteroidales,f__Prevotellaceae,g__Prevotella,s__
zOTU_3476,k__Bacteria,p__Firmicutes,c__Clostridia,o__Clostridiales,f__,g__,s__
zOTU_3477,k__Bacteria,p__Bacteroidetes,c__Bacteroidia,o__Bacteroidales,f__Prevotellaceae,g__Prevotella,s__
zOTU_3478,k__Bacteria,p__Bacteroidetes,c__Bacteroidia,o__Bacteroidales,f__Bacteroidaceae,g__BF311,s__
zOTU_3479,k__Bacteria,p__Actinobacteria,c__Actinobacteria,o__Actinomycetales,f__Corynebacteriaceae,g__Corynebacterium,s__
zOTU_348,k__Bacteria,p__Firmicutes,c__Clostridia,o__Clostridiales,f__,g__,s__
zOTU_3480,k__Bacteria,p__Firmicutes,c__Clostridia,o__Clostridiales,f__[Mogibacteriaceae],g__,s__
zOTU_3481,k__Bacteria,p__Bacteroidetes,c__Bacteroidia,o__Bacteroidales,f__Bacteroidaceae,g__Bacteroides,s__
zOTU_3482,k__Bacteria,p__Bacteroidetes,c__Bacteroidia,o__Bacteroidales,f__Prevotellaceae,g__Prevotella,s__
zOTU_3483,k__Bacteria,p__Firmicutes,c__Clostridia,o__Clostridiales,,,
zOTU_3484,k__Bacteria,p__Bacteroidetes,c__Bacteroidia,o__Bacteroidales,f__[Paraprevotellaceae],g__CF231,s__
zOTU_3485,k__Bacteria,p__Firmicutes,c__Clostridia,o__Clostridiales,f__,g__,s__
zOTU_3486,k__Bacteria,p__Bacteroidetes,c__Bacteroidia,o__Bacteroidales,f__[Paraprevotellaceae],g__CF231,s__
zOTU_3487,k__Bacteria,p__Spirochaetes,c__Spirochaetes,o__Spirochaetales,f__Spirochaetaceae,g__Treponema,s__
zOTU_3488,k__Bacteria,p__Bacteroidetes,c__Bacteroidia,o__Bacteroidales,f__Prevotellaceae,g__Prevotella,s__
zOTU_3489,k__Bacteria,p__Bacteroidetes,c__Bacteroidia,o__Bacteroidales,f__Prevotellaceae,g__Prevotella,s__stercorea
zOTU_349,k__Bacteria,p__Bacteroidetes,c__Bacteroidia,o__Bacteroidales,f__Prevotellaceae,g__Prevotella,s__
zOTU_3490,k__Bacteria,p__Firmicutes,c__Clostridia,o__Clostridiales,f__,g__,s__
zOTU_3491,k__Bacteria,p__Firmicutes,c__Clostridia,o__Clostridiales,f__Veillonellaceae,g__,s__
zOTU_3492,k__Bacteria,p__Firmicutes,c__Clostridia,o__Clostridiales,f__Veillonellaceae,g__,s__
zOTU_3493,k__Bacteria,p__Firmicutes,c__Clostridia,o__Clostridiales,f__Ruminococcaceae,g__Ruminococcus,s__
zOTU_3494,k__Bacteria,p__Tenericutes,c__Mollicutes,o__Acholeplasmatales,f__,g__,s__
zOTU_3495,k__Bacteria,p__Bacteroidetes,c__Bacteroidia,o__Bacteroidales,f__Prevotellaceae,g__Prevotella,s__
zOTU_3496,k__Bacteria,p__Firmicutes,c__Clostridia,o__Clostridiales,f__Ruminococcaceae,g__,s__
zOTU_3497,k__Bacteria,p__Actinobacteria,c__Coriobacteriia,o__Coriobacteriales,f__Coriobacteriaceae,g__,s__
zOTU_3498,k__Bacteria,p__Bacteroidetes,c__Bacteroidia,o__Bacteroidales,f__Prevotellaceae,g__Prevotella,s__
zOTU_3499,k__Bacteria,p__Firmicutes,c__Clostridia,o__Clostridiales,f__Ruminococcaceae,g__,s__
zOTU_35,k__Bacteria,p__Bacteroidetes,c__Bacteroidia,o__Bacteroidales,f__Prevotellaceae,g__Prevotella,s__
zOTU_350,k__Bacteria,p__Bacteroidetes,c__Bacteroidia,o__Bacteroidales,f__Prevotellaceae,g__Prevotella,s__
zOTU_3500,k__Bacteria,p__Bacteroidetes,c__Bacteroidia,o__Bacteroidales,f__,g__,s__
zOTU_3501,k__Bacteria,p__Cyanobacteria,c__4C0d-2,o__YS2,f__,g__,s__
zOTU_3502,k__Bacteria,p__WPS-2,c__,o__,f__,g__,s__
zOTU_3503,k__Bacteria,p__Bacteroidetes,c__Bacteroidia,o__Bacteroidales,f__Prevotellaceae,g__Prevotella,s__
zOTU_3504,k__Bacteria,p__Bacteroidetes,c__Bacteroidia,o__Bacteroidales,f__Prevotellaceae,g__Prevotella,s__
zOTU_3505,k__Bacteria,p__Firmicutes,c__Clostridia,o__Clostridiales,f__Lachnospiraceae,g__,s__
zOTU_3506,k__Bacteria,p__Bacteroidetes,c__Bacteroidia,o__Bacteroidales,f__,g__,s__
zOTU_3507,k__Bacteria,p__Firmicutes,c__Clostridia,o__Clostridiales,f__[Mogibacteriaceae],g__,s__
zOTU_3508,k__Bacteria,p__Bacteroidetes,c__Bacteroidia,o__Bacteroidales,f__Prevotellaceae,g__Prevotella,s__
zOTU_3509,k__Bacteria,p__Bacteroidetes,c__Bacteroidia,o__Bacteroidales,f__Prevotellaceae,g__Prevotella,s__
zOTU_351,k__Bacteria,p__Bacteroidetes,c__Bacteroidia,o__Bacteroidales,f__Prevotellaceae,g__Prevotella,s__
zOTU_3510,k__Bacteria,p__Bacteroidetes,c__Bacteroidia,o__Bacteroidales,f__S24-7,g__,s__
zOTU_3511,k__Bacteria,p__Firmicutes,c__Clostridia,o__Clostridiales,f__Clostridiaceae,g__,s__
zOTU_3512,k__Bacteria,p__Bacteroidetes,c__Bacteroidia,o__Bacteroidales,f__,g__,s__
zOTU_3513,k__Bacteria,p__Bacteroidetes,c__Bacteroidia,o__Bacteroidales,f__S24-7,g__,s__
zOTU_3514,k__Bacteria,p__Bacteroidetes,c__Bacteroidia,o__Bacteroidales,f__,g__,s__
zOTU_3515,k__Bacteria,p__Firmicutes,c__Clostridia,o__Clostridiales,f__,g__,s__
zOTU_3516,k__Bacteria,p__Proteobacteria,c__Alphaproteobacteria,o__Rickettsiales,,,
zOTU_3517,k__Bacteria,p__Firmicutes,c__Clostridia,o__Clostridiales,f__[Mogibacteriaceae],g__,s__
zOTU_3518,k__Bacteria,p__Bacteroidetes,c__Bacteroidia,o__Bacteroidales,f__,g__,s__
zOTU_3519,k__Bacteria,p__Bacteroidetes,c__Bacteroidia,o__Bacteroidales,f__Prevotellaceae,g__Prevotella,s__stercorea
zOTU_352,k__Bacteria,p__Firmicutes,c__Clostridia,o__Clostridiales,f__Lachnospiraceae,g__,s__
zOTU_3520,k__Bacteria,p__Bacteroidetes,c__Bacteroidia,o__Bacteroidales,f__Prevotellaceae,g__Prevotella,s__
zOTU_3521,k__Bacteria,p__Bacteroidetes,c__Bacteroidia,o__Bacteroidales,f__Prevotellaceae,g__Prevotella,s__
zOTU_3522,k__Bacteria,p__Bacteroidetes,c__Bacteroidia,o__Bacteroidales,f__Prevotellaceae,g__Prevotella,s__
zOTU_3523,k__Bacteria,p__Bacteroidetes,c__Bacteroidia,o__Bacteroidales,f__Prevotellaceae,g__Prevotella,s__
zOTU_3524,k__Bacteria,p__Firmicutes,c__Clostridia,o__Clostridiales,f__Christensenellaceae,g__,s__
zOTU_3525,k__Bacteria,p__Firmicutes,c__Clostridia,o__Clostridiales,f__,g__,s__
zOTU_3526,k__Bacteria,p__Bacteroidetes,c__Bacteroidia,o__Bacteroidales,f__Prevotellaceae,g__Prevotella,s__
zOTU_3528,k__Bacteria,p__Proteobacteria,c__Alphaproteobacteria,o__RF32,f__,g__,s__
zOTU_3529,k__Bacteria,p__Bacteroidetes,c__Bacteroidia,o__Bacteroidales,f__,g__,s__
zOTU_353,k__Bacteria,p__Firmicutes,c__Clostridia,o__Clostridiales,f__Ruminococcaceae,g__,s__
zOTU_3530,k__Bacteria,p__Firmicutes,c__Clostridia,o__Clostridiales,f__,g__,s__
zOTU_3531,k__Bacteria,p__Spirochaetes,c__Spirochaetes,o__Spirochaetales,f__Spirochaetaceae,g__Treponema,s__
zOTU_3532,k__Bacteria,p__Bacteroidetes,c__Bacteroidia,o__Bacteroidales,f__Prevotellaceae,g__Prevotella,s__
zOTU_3533,k__Bacteria,p__Firmicutes,c__Erysipelotrichi,o__Erysipelotrichales,f__Erysipelotrichaceae,g__RFN20,s__
zOTU_3534,k__Bacteria,p__Spirochaetes,c__Spirochaetes,o__Spirochaetales,f__Spirochaetaceae,g__Treponema,s__
zOTU_3535,k__Bacteria,p__Firmicutes,c__Clostridia,o__Clostridiales,f__Ruminococcaceae,g__Ruminococcus,s__
zOTU_3536,k__Bacteria,p__Bacteroidetes,c__Bacteroidia,o__Bacteroidales,f__Prevotellaceae,g__Prevotella,s__
zOTU_3537,k__Bacteria,p__Firmicutes,c__Clostridia,o__Clostridiales,f__Ruminococcaceae,g__,s__
zOTU_3538,k__Bacteria,p__Fibrobacteres,c__Fibrobacteria,o__Fibrobacterales,f__Fibrobacteraceae,g__Fibrobacter,s__
zOTU_3539,k__Bacteria,p__Firmicutes,c__Erysipelotrichi,o__Erysipelotrichales,f__Erysipelotrichaceae,g__Bulleidia,s__
zOTU_354,k__Bacteria,p__Bacteroidetes,c__Bacteroidia,o__Bacteroidales,f__Prevotellaceae,g__Prevotella,s__
zOTU_3540,k__Bacteria,p__WPS-2,c__,o__,f__,g__,s__
zOTU_3541,k__Bacteria,p__Bacteroidetes,c__Bacteroidia,o__Bacteroidales,f__Prevotellaceae,g__Prevotella,s__
zOTU_3542,k__Bacteria,p__Bacteroidetes,c__Bacteroidia,o__Bacteroidales,f__Prevotellaceae,g__Prevotella,s__
zOTU_3543,k__Bacteria,p__Firmicutes,c__Erysipelotrichi,o__Erysipelotrichales,f__Erysipelotrichaceae,g__RFN20,s__
zOTU_3544,k__Bacteria,p__Bacteroidetes,c__Bacteroidia,o__Bacteroidales,f__Prevotellaceae,g__Prevotella,s__
zOTU_3545,k__Bacteria,p__Firmicutes,c__Clostridia,o__Clostridiales,f__Ruminococcaceae,g__,s__
zOTU_3546,k__Bacteria,p__Firmicutes,c__Erysipelotrichi,o__Erysipelotrichales,f__Erysipelotrichaceae,g__Bulleidia,s__
zOTU_3547,k__Bacteria,p__Bacteroidetes,c__Bacteroidia,o__Bacteroidales,f__Prevotellaceae,g__Prevotella,s__
zOTU_3548,k__Bacteria,p__Bacteroidetes,c__Bacteroidia,o__Bacteroidales,f__Prevotellaceae,g__Prevotella,s__
zOTU_3549,k__Bacteria,p__Bacteroidetes,c__Bacteroidia,o__Bacteroidales,f__Prevotellaceae,g__Prevotella,s__
zOTU_355,k__Bacteria,p__Bacteroidetes,c__Bacteroidia,o__Bacteroidales,f__S24-7,g__,s__
zOTU_3550,k__Bacteria,p__Bacteroidetes,c__Bacteroidia,o__Bacteroidales,f__Prevotellaceae,g__Prevotella,s__stercorea
zOTU_3551,k__Bacteria,p__Actinobacteria,c__Actinobacteria,o__Actinomycetales,f__Corynebacteriaceae,g__Corynebacterium,s__
zOTU_3552,k__Bacteria,p__Actinobacteria,c__Coriobacteriia,o__Coriobacteriales,f__Coriobacteriaceae,g__Adlercreutzia,s__
zOTU_3554,k__Bacteria,p__Bacteroidetes,c__Bacteroidia,o__Bacteroidales,f__[Paraprevotellaceae],g__CF231,s__
zOTU_3555,k__Bacteria,p__Firmicutes,c__Erysipelotrichi,o__Erysipelotrichales,f__Erysipelotrichaceae,g__L7A_E11,s__
zOTU_3556,k__Bacteria,p__Bacteroidetes,c__Bacteroidia,o__Bacteroidales,f__Prevotellaceae,g__Prevotella,s__
zOTU_3557,k__Bacteria,p__Actinobacteria,c__Coriobacteriia,o__Coriobacteriales,f__Coriobacteriaceae,g__,s__
zOTU_3558,k__Bacteria,p__Bacteroidetes,c__Bacteroidia,o__Bacteroidales,f__[Paraprevotellaceae],g__YRC22,s__
zOTU_3559,k__Bacteria,p__Bacteroidetes,c__Bacteroidia,o__Bacteroidales,f__Prevotellaceae,g__Prevotella,s__
zOTU_356,k__Bacteria,p__Bacteroidetes,c__Bacteroidia,o__Bacteroidales,f__Prevotellaceae,g__Prevotella,s__
zOTU_3560,k__Bacteria,p__Firmicutes,c__Clostridia,o__Clostridiales,f__,g__,s__
zOTU_3561,k__Bacteria,p__Bacteroidetes,c__Bacteroidia,o__Bacteroidales,f__,g__,s__
zOTU_3562,k__Bacteria,p__Firmicutes,c__Clostridia,o__Clostridiales,f__Clostridiaceae,g__Tindallia_Anoxynatronum,s__
zOTU_3563,k__Bacteria,p__Firmicutes,c__Clostridia,o__Clostridiales,f__Peptococcaceae,g__Peptococcus,s__
zOTU_3564,k__Bacteria,p__Bacteroidetes,c__Bacteroidia,o__Bacteroidales,f__Prevotellaceae,g__Prevotella,s__copri
zOTU_3565,k__Bacteria,p__Bacteroidetes,c__Bacteroidia,o__Bacteroidales,f__,g__,s__
zOTU_3566,k__Bacteria,p__Bacteroidetes,c__Bacteroidia,o__Bacteroidales,f__[Paraprevotellaceae],g__CF231,s__
zOTU_3567,k__Bacteria,p__Firmicutes,c__Clostridia,o__Clostridiales,f__Lachnospiraceae,g__[Ruminococcus],s__
zOTU_3568,k__Bacteria,p__Firmicutes,c__Clostridia,o__Clostridiales,f__[Mogibacteriaceae],g__,s__
zOTU_3569,k__Bacteria,p__Bacteroidetes,c__Bacteroidia,o__Bacteroidales,f__Prevotellaceae,g__Prevotella,s__
zOTU_357,k__Bacteria,p__Firmicutes,c__Clostridia,o__Clostridiales,f__Lachnospiraceae,g__Butyrivibrio,s__
zOTU_3570,k__Bacteria,p__Spirochaetes,c__Spirochaetes,o__Spirochaetales,f__Spirochaetaceae,g__Treponema,s__
zOTU_3571,k__Bacteria,p__Firmicutes,c__Clostridia,o__Clostridiales,f__Veillonellaceae,g__Selenomonas,s__
zOTU_3572,k__Bacteria,p__Bacteroidetes,c__Bacteroidia,o__Bacteroidales,f__,g__,s__
zOTU_3573,k__Bacteria,p__Bacteroidetes,c__Bacteroidia,o__Bacteroidales,f__Prevotellaceae,g__Prevotella,s__
zOTU_3574,k__Bacteria,p__Bacteroidetes,c__Bacteroidia,o__Bacteroidales,f__Prevotellaceae,g__Prevotella,s__
zOTU_3575,k__Bacteria,p__Firmicutes,c__Clostridia,o__Clostridiales,f__Ruminococcaceae,g__Ruminococcus,s__
zOTU_3576,k__Bacteria,p__Actinobacteria,c__Coriobacteriia,o__Coriobacteriales,f__Coriobacteriaceae,g__,s__
zOTU_3577,k__Bacteria,p__Firmicutes,c__Clostridia,o__Clostridiales,f__Veillonellaceae,g__Dialister,s__
zOTU_3578,k__Bacteria,p__Spirochaetes,c__Spirochaetes,o__Spirochaetales,f__Spirochaetaceae,g__Treponema,s__
zOTU_3579,k__Bacteria,p__Fibrobacteres,c__Fibrobacteria,o__Fibrobacterales,f__Fibrobacteraceae,g__Fibrobacter,s__succinogenes
zOTU_358,k__Bacteria,p__Bacteroidetes,c__Bacteroidia,o__Bacteroidales,f__Prevotellaceae,g__Prevotella,s__
zOTU_3580,k__Bacteria,p__Firmicutes,c__Clostridia,o__Clostridiales,f__[Mogibacteriaceae],g__,s__
zOTU_3581,k__Bacteria,p__Actinobacteria,c__Actinobacteria,o__Actinomycetales,f__Corynebacteriaceae,g__Corynebacterium,s__variabile
zOTU_3582,k__Bacteria,p__Firmicutes,c__Clostridia,o__Clostridiales,f__,g__,s__
zOTU_3583,k__Bacteria,p__Firmicutes,c__Clostridia,o__Clostridiales,f__,g__,s__
zOTU_3584,k__Bacteria,p__Spirochaetes,c__Spirochaetes,o__Spirochaetales,f__Spirochaetaceae,g__Treponema,s__
zOTU_3585,k__Bacteria,p__Bacteroidetes,c__Bacteroidia,o__Bacteroidales,f__Prevotellaceae,g__Prevotella,s__
zOTU_3586,k__Bacteria,p__Bacteroidetes,c__Bacteroidia,o__Bacteroidales,f__S24-7,g__,s__
zOTU_3587,k__Bacteria,p__Firmicutes,c__Clostridia,o__Clostridiales,f__[Mogibacteriaceae],g__,s__
zOTU_3589,k__Bacteria,p__Bacteroidetes,c__Bacteroidia,o__Bacteroidales,f__Prevotellaceae,g__Prevotella,s__
zOTU_359,k__Bacteria,p__Bacteroidetes,c__Bacteroidia,o__Bacteroidales,f__Prevotellaceae,g__Prevotella,s__
zOTU_3590,k__Bacteria,p__Firmicutes,c__Erysipelotrichi,o__Erysipelotrichales,f__Erysipelotrichaceae,g__RFN20,s__
zOTU_3591,k__Bacteria,p__Bacteroidetes,c__Bacteroidia,o__Bacteroidales,f__,g__,s__
zOTU_3592,k__Bacteria,p__Bacteroidetes,c__Bacteroidia,o__Bacteroidales,f__,g__,s__
zOTU_3594,k__Bacteria,p__Firmicutes,c__Clostridia,o__Clostridiales,f__Lachnospiraceae,g__Butyrivibrio,s__
zOTU_3596,k__Bacteria,p__Bacteroidetes,c__Bacteroidia,o__Bacteroidales,f__Prevotellaceae,g__Prevotella,s__
zOTU_3597,k__Bacteria,p__Firmicutes,c__Clostridia,o__Clostridiales,f__Lachnospiraceae,g__Butyrivibrio,s__
zOTU_3598,k__Bacteria,p__Bacteroidetes,c__Bacteroidia,o__Bacteroidales,f__Prevotellaceae,g__Prevotella,s__
zOTU_3599,k__Bacteria,p__Tenericutes,c__Mollicutes,o__Anaeroplasmatales,f__Anaeroplasmataceae,g__Anaeroplasma,s__
zOTU_36,k__Bacteria,p__Bacteroidetes,c__Bacteroidia,o__Bacteroidales,f__Prevotellaceae,g__Prevotella,s__
zOTU_360,k__Bacteria,p__Firmicutes,c__Clostridia,o__Clostridiales,f__Lachnospiraceae,g__Blautia,s__
zOTU_3600,k__Bacteria,p__Spirochaetes,c__Spirochaetes,o__Spirochaetales,f__Spirochaetaceae,g__Treponema,s__
zOTU_3601,k__Bacteria,p__Firmicutes,c__Clostridia,o__Clostridiales,f__Lachnospiraceae,g__,s__
zOTU_3602,k__Bacteria,p__Bacteroidetes,c__Bacteroidia,o__Bacteroidales,f__,g__,s__
zOTU_3604,k__Bacteria,p__Firmicutes,c__Clostridia,o__Clostridiales,f__Ruminococcaceae,g__Oscillospira,s__
zOTU_3605,k__Bacteria,p__Bacteroidetes,c__Bacteroidia,o__Bacteroidales,f__Prevotellaceae,g__Prevotella,s__
zOTU_3606,k__Bacteria,p__Firmicutes,c__Clostridia,o__Clostridiales,f__Ruminococcaceae,g__,s__
zOTU_3607,k__Bacteria,p__Bacteroidetes,c__Bacteroidia,o__Bacteroidales,f__,g__,s__
zOTU_3608,k__Bacteria,p__Firmicutes,c__Clostridia,o__Clostridiales,f__Ruminococcaceae,g__Ruminococcus,s__
zOTU_3609,k__Bacteria,p__Bacteroidetes,c__Bacteroidia,o__Bacteroidales,f__Prevotellaceae,g__Prevotella,s__
zOTU_361,k__Bacteria,p__Firmicutes,c__Clostridia,o__Clostridiales,f__,g__,s__
zOTU_3610,k__Bacteria,p__Firmicutes,c__Clostridia,o__Clostridiales,f__,g__,s__
zOTU_3611,k__Bacteria,p__Firmicutes,c__Clostridia,o__Clostridiales,f__Ruminococcaceae,g__,s__
zOTU_3612,k__Bacteria,p__Bacteroidetes,c__Bacteroidia,o__Bacteroidales,f__Prevotellaceae,g__Prevotella,s__
zOTU_3614,k__Bacteria,p__Bacteroidetes,c__Bacteroidia,o__Bacteroidales,f__Prevotellaceae,g__Prevotella,s__
zOTU_3615,k__Bacteria,p__Spirochaetes,c__Spirochaetes,o__Spirochaetales,f__Spirochaetaceae,g__Treponema,s__
zOTU_3616,k__Bacteria,p__Bacteroidetes,c__Bacteroidia,o__Bacteroidales,f__Prevotellaceae,g__Prevotella,s__
zOTU_3617,k__Bacteria,p__Firmicutes,c__Clostridia,o__Clostridiales,f__,g__,s__
zOTU_3618,k__Bacteria,p__Spirochaetes,c__Spirochaetes,o__Sphaerochaetales,f__Sphaerochaetaceae,g__Sphaerochaeta,s__
zOTU_3619,k__Bacteria,p__Actinobacteria,c__Actinobacteria,o__Actinomycetales,f__Microbacteriaceae,g__Mycetocola,s__
zOTU_362,k__Bacteria,p__Bacteroidetes,c__Bacteroidia,o__Bacteroidales,f__Prevotellaceae,g__Prevotella,s__
zOTU_3620,k__Bacteria,p__Bacteroidetes,c__Bacteroidia,o__Bacteroidales,f__Prevotellaceae,g__Prevotella,s__
zOTU_3621,k__Bacteria,p__Firmicutes,c__Erysipelotrichi,o__Erysipelotrichales,f__Erysipelotrichaceae,g__RFN20,s__
zOTU_3622,k__Bacteria,p__Bacteroidetes,c__Bacteroidia,o__Bacteroidales,f__Prevotellaceae,g__Prevotella,s__
zOTU_3623,k__Bacteria,p__Bacteroidetes,c__Bacteroidia,o__Bacteroidales,f__Prevotellaceae,g__Prevotella,s__
zOTU_3624,k__Bacteria,p__Firmicutes,c__Clostridia,o__Clostridiales,f__Lachnospiraceae,g__Blautia,s__
zOTU_3625,k__Bacteria,p__Bacteroidetes,c__Bacteroidia,o__Bacteroidales,f__,g__,s__
zOTU_3626,k__Bacteria,p__Actinobacteria,c__Coriobacteriia,o__Coriobacteriales,f__Coriobacteriaceae,g__Collinsella,s__
zOTU_3627,k__Bacteria,p__Firmicutes,c__Clostridia,o__Clostridiales,f__Ruminococcaceae,g__Ruminococcus,s__
zOTU_3628,k__Bacteria,p__Bacteroidetes,c__Bacteroidia,o__Bacteroidales,f__[Paraprevotellaceae],g__CF231,s__
zOTU_363,k__Bacteria,p__Bacteroidetes,c__Bacteroidia,o__Bacteroidales,f__Prevotellaceae,g__Prevotella,s__
zOTU_3630,k__Bacteria,p__Bacteroidetes,c__Bacteroidia,o__Bacteroidales,f__Prevotellaceae,g__Prevotella,s__
zOTU_3631,k__Bacteria,p__Bacteroidetes,c__Bacteroidia,o__Bacteroidales,f__,g__,s__
zOTU_3632,k__Bacteria,p__Firmicutes,c__Clostridia,o__Clostridiales,f__Lachnospiraceae,g__,s__
zOTU_3633,k__Bacteria,p__Bacteroidetes,c__Bacteroidia,o__Bacteroidales,f__Prevotellaceae,g__Prevotella,s__
zOTU_3634,k__Bacteria,p__Bacteroidetes,c__Bacteroidia,o__Bacteroidales,f__Prevotellaceae,g__Prevotella,s__
zOTU_3635,k__Bacteria,p__Bacteroidetes,c__Bacteroidia,o__Bacteroidales,f__Prevotellaceae,g__Prevotella,s__
zOTU_3636,k__Bacteria,p__Firmicutes,c__Clostridia,o__Clostridiales,f__,g__,s__
zOTU_3637,k__Bacteria,p__Firmicutes,c__Clostridia,o__Clostridiales,f__[Mogibacteriaceae],g__,s__
zOTU_3638,k__Bacteria,p__Bacteroidetes,c__Bacteroidia,o__Bacteroidales,f__Prevotellaceae,g__Prevotella,s__
zOTU_3639,k__Bacteria,p__Proteobacteria,c__Betaproteobacteria,,,,
zOTU_364,k__Bacteria,p__Fibrobacteres,c__Fibrobacteria,o__Fibrobacterales,f__Fibrobacteraceae,g__Fibrobacter,s__succinogenes
zOTU_3640,k__Bacteria,p__Bacteroidetes,c__Bacteroidia,o__Bacteroidales,f__Prevotellaceae,g__Prevotella,s__
zOTU_3641,k__Bacteria,p__Cyanobacteria,c__4C0d-2,o__YS2,f__,g__,s__
zOTU_3642,k__Bacteria,p__Bacteroidetes,c__Bacteroidia,o__Bacteroidales,f__Prevotellaceae,g__Prevotella,s__
zOTU_3643,k__Bacteria,p__Bacteroidetes,c__Bacteroidia,o__Bacteroidales,f__,g__,s__
zOTU_3644,k__Bacteria,p__Proteobacteria,c__Deltaproteobacteria,o__GMD14H09,f__,g__,s__
zOTU_3645,k__Bacteria,p__Bacteroidetes,c__Bacteroidia,o__Bacteroidales,f__Prevotellaceae,g__Prevotella,s__
zOTU_3646,k__Bacteria,p__Bacteroidetes,c__Bacteroidia,o__Bacteroidales,f__Prevotellaceae,g__Prevotella,s__
zOTU_3647,k__Bacteria,p__Bacteroidetes,c__Bacteroidia,o__Bacteroidales,f__Prevotellaceae,g__Prevotella,s__
zOTU_3649,k__Bacteria,p__Cyanobacteria,c__Chloroplast,o__Streptophyta,f__,g__,s__
zOTU_365,k__Bacteria,p__Bacteroidetes,c__Bacteroidia,o__Bacteroidales,f__Prevotellaceae,g__Prevotella,s__
zOTU_3650,k__Bacteria,p__Firmicutes,c__Clostridia,o__Clostridiales,f__Ruminococcaceae,g__,s__
zOTU_3652,k__Bacteria,p__Bacteroidetes,c__Bacteroidia,o__Bacteroidales,f__S24-7,g__,s__
zOTU_3653,k__Bacteria,p__Bacteroidetes,c__Bacteroidia,o__Bacteroidales,f__[Paraprevotellaceae],g__,s__
zOTU_3654,k__Bacteria,p__Bacteroidetes,c__Bacteroidia,o__Bacteroidales,f__Prevotellaceae,g__Prevotella,s__
zOTU_3655,k__Bacteria,p__Bacteroidetes,c__Bacteroidia,o__Bacteroidales,f__S24-7,g__,s__
zOTU_3656,k__Bacteria,p__Bacteroidetes,c__Bacteroidia,o__Bacteroidales,f__Prevotellaceae,g__Prevotella,s__
zOTU_3657,k__Bacteria,p__Actinobacteria,c__Actinobacteria,o__Actinomycetales,f__Corynebacteriaceae,g__Corynebacterium,s__
zOTU_3658,k__Bacteria,p__Spirochaetes,c__Spirochaetes,o__Spirochaetales,f__Spirochaetaceae,g__Treponema,s__
zOTU_3659,k__Bacteria,p__Bacteroidetes,c__Bacteroidia,o__Bacteroidales,f__BS11,g__,s__
zOTU_366,k__Bacteria,p__Bacteroidetes,c__Bacteroidia,o__Bacteroidales,f__Prevotellaceae,g__Prevotella,s__stercorea
zOTU_3660,k__Bacteria,p__Cyanobacteria,c__4C0d-2,o__YS2,f__,g__,s__
zOTU_3661,k__Bacteria,p__Bacteroidetes,c__Bacteroidia,o__Bacteroidales,f__Prevotellaceae,g__Prevotella,s__
zOTU_3662,k__Bacteria,p__Bacteroidetes,c__Bacteroidia,o__Bacteroidales,f__,g__,s__
zOTU_3663,k__Bacteria,p__Bacteroidetes,c__Bacteroidia,o__Bacteroidales,f__[Paraprevotellaceae],g__CF231,s__
zOTU_3664,k__Bacteria,p__Cyanobacteria,c__4C0d-2,o__YS2,f__,g__,s__
zOTU_3665,k__Bacteria,p__Bacteroidetes,c__Bacteroidia,o__Bacteroidales,f__Prevotellaceae,g__Prevotella,s__
zOTU_3667,k__Bacteria,p__Firmicutes,c__Clostridia,o__Clostridiales,f__[Mogibacteriaceae],g__,s__
zOTU_3668,k__Bacteria,p__Bacteroidetes,c__Bacteroidia,o__Bacteroidales,f__Prevotellaceae,g__Prevotella,s__
zOTU_3669,k__Bacteria,p__Bacteroidetes,c__Bacteroidia,o__Bacteroidales,f__,g__,s__
zOTU_367,k__Bacteria,p__Firmicutes,c__Clostridia,o__Clostridiales,f__Ruminococcaceae,g__Ruminococcus,s__
zOTU_3670,k__Bacteria,p__Bacteroidetes,c__Bacteroidia,o__Bacteroidales,f__Prevotellaceae,g__Prevotella,s__
zOTU_3671,k__Bacteria,p__Bacteroidetes,c__Bacteroidia,o__Bacteroidales,f__,g__,s__
zOTU_3672,k__Bacteria,p__Bacteroidetes,c__Bacteroidia,o__Bacteroidales,f__Prevotellaceae,g__Prevotella,s__
zOTU_3673,k__Bacteria,p__Firmicutes,c__Erysipelotrichi,o__Erysipelotrichales,f__Erysipelotrichaceae,g__RFN20,s__
zOTU_3674,k__Bacteria,p__Firmicutes,c__Clostridia,o__Clostridiales,f__[Mogibacteriaceae],g__,s__
zOTU_3675,k__Bacteria,p__Bacteroidetes,c__Bacteroidia,o__Bacteroidales,f__Prevotellaceae,g__Prevotella,s__
zOTU_3677,k__Bacteria,p__Bacteroidetes,c__Bacteroidia,o__Bacteroidales,f__Prevotellaceae,g__Prevotella,s__
zOTU_3678,k__Bacteria,p__Bacteroidetes,c__Bacteroidia,o__Bacteroidales,f__Prevotellaceae,g__Prevotella,s__
zOTU_3679,k__Bacteria,p__Firmicutes,c__Erysipelotrichi,o__Erysipelotrichales,f__Erysipelotrichaceae,g__RFN20,s__
zOTU_368,k__Bacteria,p__Firmicutes,c__Clostridia,o__Clostridiales,f__Veillonellaceae,g__Anaerovibrio,s__
zOTU_3681,k__Bacteria,p__Bacteroidetes,c__Bacteroidia,o__Bacteroidales,f__Prevotellaceae,g__Prevotella,s__
zOTU_3682,k__Bacteria,p__Bacteroidetes,c__Bacteroidia,o__Bacteroidales,f__,g__,s__
zOTU_3683,k__Bacteria,p__Cyanobacteria,c__4C0d-2,o__YS2,f__,g__,s__
zOTU_3684,k__Bacteria,p__Firmicutes,c__Clostridia,o__Clostridiales,f__Ruminococcaceae,g__,s__
zOTU_3686,k__Bacteria,p__Spirochaetes,c__Spirochaetes,o__Spirochaetales,f__Spirochaetaceae,g__Treponema,s__
zOTU_3687,k__Bacteria,p__Firmicutes,c__Erysipelotrichi,o__Erysipelotrichales,f__Erysipelotrichaceae,g__RFN20,s__
zOTU_3688,k__Bacteria,p__Firmicutes,c__Clostridia,o__Clostridiales,f__Ruminococcaceae,g__,s__
zOTU_3689,k__Bacteria,p__Bacteroidetes,c__Bacteroidia,o__Bacteroidales,f__,g__,s__
zOTU_369,k__Bacteria,p__Bacteroidetes,c__Bacteroidia,o__Bacteroidales,f__Prevotellaceae,g__Prevotella,s__
zOTU_3690,k__Bacteria,p__Fibrobacteres,c__Fibrobacteria,o__Fibrobacterales,f__Fibrobacteraceae,g__Fibrobacter,s__succinogenes
zOTU_3691,k__Bacteria,p__Firmicutes,c__Erysipelotrichi,o__Erysipelotrichales,f__Erysipelotrichaceae,g__RFN20,s__
zOTU_3692,k__Bacteria,p__Bacteroidetes,c__Bacteroidia,o__Bacteroidales,f__,g__,s__
zOTU_3693,k__Bacteria,p__Bacteroidetes,c__Bacteroidia,o__Bacteroidales,f__S24-7,g__,s__
zOTU_3695,k__Bacteria,p__Bacteroidetes,c__Bacteroidia,o__Bacteroidales,f__Prevotellaceae,g__Prevotella,s__
zOTU_3696,k__Bacteria,p__Actinobacteria,c__Coriobacteriia,o__Coriobacteriales,f__Coriobacteriaceae,g__,s__
zOTU_3697,k__Bacteria,p__Firmicutes,c__Clostridia,o__Clostridiales,f__Ruminococcaceae,g__Ruminococcus,s__
zOTU_3698,k__Bacteria,p__Firmicutes,c__Clostridia,o__Clostridiales,f__Lachnospiraceae,,
zOTU_3699,k__Bacteria,p__Firmicutes,c__Clostridia,o__Clostridiales,f__Ruminococcaceae,g__,s__
zOTU_37,k__Bacteria,p__Bacteroidetes,c__Bacteroidia,o__Bacteroidales,f__Prevotellaceae,g__Prevotella,s__
zOTU_370,k__Bacteria,p__Firmicutes,c__Clostridia,o__Clostridiales,f__Lachnospiraceae,,
zOTU_3700,k__Bacteria,p__Bacteroidetes,c__Bacteroidia,o__Bacteroidales,f__Prevotellaceae,g__Prevotella,s__
zOTU_3701,k__Bacteria,p__Bacteroidetes,c__Bacteroidia,o__Bacteroidales,f__Prevotellaceae,g__Prevotella,s__
zOTU_3702,k__Bacteria,p__Bacteroidetes,c__Bacteroidia,o__Bacteroidales,f__Prevotellaceae,g__Prevotella,s__
zOTU_3703,k__Bacteria,p__Bacteroidetes,c__Bacteroidia,o__Bacteroidales,f__Prevotellaceae,g__Prevotella,s__stercorea
zOTU_3704,k__Bacteria,p__Bacteroidetes,c__Bacteroidia,o__Bacteroidales,f__Prevotellaceae,g__Prevotella,s__
zOTU_3705,k__Bacteria,p__Firmicutes,c__Clostridia,o__Clostridiales,f__Ruminococcaceae,g__,s__
zOTU_3706,k__Bacteria,p__Cyanobacteria,c__4C0d-2,o__YS2,f__,g__,s__
zOTU_3707,k__Bacteria,p__Firmicutes,c__Clostridia,o__Clostridiales,f__Eubacteriaceae,g__Pseudoramibacter_Eubacterium,s__
zOTU_3709,k__Bacteria,p__Spirochaetes,c__Spirochaetes,o__Spirochaetales,f__Spirochaetaceae,g__Treponema,s__
zOTU_371,k__Bacteria,p__Firmicutes,c__Clostridia,o__Clostridiales,f__Ruminococcaceae,g__Ruminococcus,s__
zOTU_3710,k__Bacteria,p__Bacteroidetes,c__Bacteroidia,o__Bacteroidales,f__Prevotellaceae,g__Prevotella,s__
zOTU_3711,k__Bacteria,p__Firmicutes,c__Clostridia,o__Clostridiales,f__[Mogibacteriaceae],g__,s__
zOTU_3712,k__Bacteria,p__Proteobacteria,c__Deltaproteobacteria,o__Desulfovibrionales,f__Desulfovibrionaceae,g__Desulfovibrio,s__D168
zOTU_3714,k__Bacteria,p__Bacteroidetes,c__Bacteroidia,o__Bacteroidales,f__Prevotellaceae,g__Prevotella,s__
zOTU_3715,k__Bacteria,p__Bacteroidetes,c__Bacteroidia,o__Bacteroidales,f__S24-7,g__,s__
zOTU_3716,k__Bacteria,p__Firmicutes,c__Clostridia,o__Clostridiales,f__,g__,s__
zOTU_3717,k__Bacteria,p__Bacteroidetes,c__Bacteroidia,o__Bacteroidales,f__S24-7,g__,s__
zOTU_3718,k__Bacteria,p__Bacteroidetes,c__Bacteroidia,o__Bacteroidales,f__Prevotellaceae,g__Prevotella,s__
zOTU_3719,k__Bacteria,p__Firmicutes,c__Clostridia,o__Clostridiales,f__,g__,s__
zOTU_372,k__Bacteria,p__Firmicutes,c__Clostridia,o__Clostridiales,f__Lachnospiraceae,g__,s__
zOTU_3720,k__Bacteria,p__Bacteroidetes,c__Bacteroidia,o__Bacteroidales,f__Prevotellaceae,g__Prevotella,s__
zOTU_3721,k__Bacteria,p__Bacteroidetes,c__Bacteroidia,o__Bacteroidales,f__Prevotellaceae,g__Prevotella,s__
zOTU_3722,k__Bacteria,p__Bacteroidetes,c__Bacteroidia,o__Bacteroidales,f__Prevotellaceae,g__Prevotella,s__copri
zOTU_3724,k__Bacteria,p__Bacteroidetes,c__Bacteroidia,o__Bacteroidales,f__,g__,s__
zOTU_3725,k__Bacteria,p__Firmicutes,c__Clostridia,o__Clostridiales,f__Ruminococcaceae,g__Ruminococcus,s__
zOTU_3726,k__Bacteria,p__Bacteroidetes,c__Bacteroidia,o__Bacteroidales,f__,g__,s__
zOTU_3727,k__Bacteria,p__Bacteroidetes,c__Bacteroidia,o__Bacteroidales,f__Prevotellaceae,g__Prevotella,s__
zOTU_3728,k__Bacteria,p__Bacteroidetes,c__Bacteroidia,o__Bacteroidales,f__Prevotellaceae,g__Prevotella,s__
zOTU_3729,k__Bacteria,p__Bacteroidetes,c__Bacteroidia,o__Bacteroidales,f__Prevotellaceae,g__Prevotella,s__
zOTU_373,k__Bacteria,p__Bacteroidetes,c__Bacteroidia,o__Bacteroidales,f__S24-7,g__,s__
zOTU_3730,k__Bacteria,p__Firmicutes,c__Clostridia,o__Clostridiales,f__Ruminococcaceae,g__,s__
zOTU_3731,k__Bacteria,p__Bacteroidetes,c__Bacteroidia,o__Bacteroidales,f__Prevotellaceae,g__Prevotella,s__
zOTU_3732,k__Bacteria,p__Bacteroidetes,c__Bacteroidia,o__Bacteroidales,f__Prevotellaceae,g__Prevotella,s__
zOTU_3733,k__Bacteria,p__Bacteroidetes,c__Bacteroidia,o__Bacteroidales,f__,g__,s__
zOTU_3734,k__Bacteria,p__Tenericutes,c__Mollicutes,o__Anaeroplasmatales,f__Anaeroplasmataceae,g__Anaeroplasma,s__
zOTU_3735,k__Bacteria,p__Bacteroidetes,c__Bacteroidia,o__Bacteroidales,f__S24-7,g__,s__
zOTU_3736,k__Bacteria,p__Firmicutes,c__Clostridia,o__Clostridiales,f__Ruminococcaceae,g__Oscillospira,s__
zOTU_3737,k__Bacteria,p__SR1,c__,o__,f__,g__,s__
zOTU_3738,k__Bacteria,p__Bacteroidetes,c__Bacteroidia,o__Bacteroidales,f__Prevotellaceae,g__Prevotella,s__
zOTU_3739,k__Bacteria,p__Firmicutes,c__Clostridia,o__Clostridiales,f__Veillonellaceae,g__Selenomonas,s__ruminantium
zOTU_374,k__Bacteria,p__Firmicutes,c__Clostridia,o__Clostridiales,f__,g__,s__
zOTU_3740,k__Bacteria,p__Firmicutes,c__Clostridia,o__Clostridiales,f__Clostridiaceae,g__Clostridium,s__
zOTU_3741,k__Bacteria,p__Bacteroidetes,c__Bacteroidia,o__Bacteroidales,f__Prevotellaceae,g__Prevotella,s__
zOTU_3742,k__Bacteria,p__Firmicutes,c__Clostridia,o__Clostridiales,,,
zOTU_3743,k__Bacteria,p__Proteobacteria,c__Alphaproteobacteria,o__Sphingomonadales,f__Sphingomonadaceae,g__Sphingomonas,s__
zOTU_3744,k__Bacteria,p__Firmicutes,c__Erysipelotrichi,o__Erysipelotrichales,f__Erysipelotrichaceae,g__RFN20,s__
zOTU_3745,k__Bacteria,p__Proteobacteria,c__Alphaproteobacteria,o__RF32,f__,g__,s__
zOTU_3746,k__Bacteria,p__Firmicutes,c__Clostridia,o__Clostridiales,f__Lachnospiraceae,g__,s__
zOTU_3747,k__Bacteria,p__Firmicutes,c__Clostridia,o__Clostridiales,f__Eubacteriaceae,g__Anaerofustis,s__
zOTU_3748,k__Bacteria,p__Firmicutes,c__Clostridia,o__Clostridiales,f__[Mogibacteriaceae],g__,s__
zOTU_3749,k__Bacteria,p__Bacteroidetes,c__Bacteroidia,o__Bacteroidales,f__[Paraprevotellaceae],g__YRC22,s__
zOTU_375,k__Bacteria,p__Firmicutes,c__Clostridia,o__Clostridiales,f__Lachnospiraceae,g__Butyrivibrio,s__
zOTU_3750,k__Bacteria,p__Bacteroidetes,c__Bacteroidia,o__Bacteroidales,f__[Paraprevotellaceae],g__,s__
zOTU_3751,k__Bacteria,p__Firmicutes,c__Clostridia,o__Clostridiales,f__Ruminococcaceae,g__Ruminococcus,s__
zOTU_3752,k__Bacteria,p__Spirochaetes,c__Spirochaetes,o__Spirochaetales,f__Spirochaetaceae,g__Treponema,s__
zOTU_3753,k__Bacteria,p__Firmicutes,c__Clostridia,o__Clostridiales,f__Lachnospiraceae,g__Butyrivibrio,s__
zOTU_3754,k__Bacteria,p__Bacteroidetes,c__Bacteroidia,o__Bacteroidales,f__[Paraprevotellaceae],g__CF231,s__
zOTU_3755,k__Bacteria,p__Firmicutes,c__Erysipelotrichi,o__Erysipelotrichales,f__Erysipelotrichaceae,g__RFN20,s__
zOTU_3756,k__Bacteria,p__Bacteroidetes,c__Bacteroidia,o__Bacteroidales,f__S24-7,g__,s__
zOTU_3757,k__Bacteria,p__Bacteroidetes,c__Bacteroidia,o__Bacteroidales,f__Prevotellaceae,g__Prevotella,s__
zOTU_3758,k__Bacteria,p__Bacteroidetes,c__Bacteroidia,o__Bacteroidales,f__Prevotellaceae,g__Prevotella,s__
zOTU_3759,k__Bacteria,p__Firmicutes,c__Clostridia,o__Clostridiales,f__Veillonellaceae,g__,s__
zOTU_376,k__Bacteria,p__Bacteroidetes,c__Bacteroidia,o__Bacteroidales,f__Prevotellaceae,g__Prevotella,s__
zOTU_3760,k__Bacteria,p__Cyanobacteria,c__4C0d-2,o__YS2,f__,g__,s__
zOTU_3761,k__Bacteria,p__Spirochaetes,c__Spirochaetes,o__Spirochaetales,f__Spirochaetaceae,g__Treponema,s__
zOTU_3762,k__Bacteria,p__Bacteroidetes,c__Bacteroidia,o__Bacteroidales,f__BS11,g__,s__
zOTU_3763,k__Bacteria,p__Bacteroidetes,c__Bacteroidia,o__Bacteroidales,f__Prevotellaceae,g__Prevotella,s__
zOTU_3764,k__Bacteria,p__Tenericutes,c__Mollicutes,o__Anaeroplasmatales,f__Anaeroplasmataceae,g__Anaeroplasma,s__
zOTU_3765,k__Bacteria,p__Firmicutes,c__Erysipelotrichi,o__Erysipelotrichales,f__Erysipelotrichaceae,g__RFN20,s__
zOTU_3766,k__Bacteria,p__Firmicutes,c__Clostridia,o__Clostridiales,f__Ruminococcaceae,g__,s__
zOTU_3767,k__Bacteria,p__Firmicutes,c__Erysipelotrichi,o__Erysipelotrichales,f__Erysipelotrichaceae,g__Asteroleplasma,s__anaerobium
zOTU_3768,k__Bacteria,p__Bacteroidetes,c__Bacteroidia,o__Bacteroidales,f__,g__,s__
zOTU_3769,k__Bacteria,p__Firmicutes,c__Clostridia,o__Clostridiales,f__Ruminococcaceae,g__,s__
zOTU_377,k__Bacteria,p__Bacteroidetes,c__Bacteroidia,o__Bacteroidales,f__Prevotellaceae,g__Prevotella,s__
zOTU_3771,k__Bacteria,p__Bacteroidetes,c__Bacteroidia,o__Bacteroidales,f__BS11,g__,s__
zOTU_3772,k__Bacteria,p__Bacteroidetes,c__Bacteroidia,o__Bacteroidales,f__Prevotellaceae,g__Prevotella,s__
zOTU_3773,k__Bacteria,p__Proteobacteria,c__Alphaproteobacteria,o__,f__,g__,s__
zOTU_3774,k__Bacteria,p__Firmicutes,c__Clostridia,o__Clostridiales,f__Ruminococcaceae,g__,s__
zOTU_3775,k__Bacteria,p__Bacteroidetes,c__Bacteroidia,o__Bacteroidales,f__,g__,s__
zOTU_3776,k__Bacteria,p__Firmicutes,c__Clostridia,o__Clostridiales,f__Ruminococcaceae,g__,s__
zOTU_3777,k__Bacteria,p__Firmicutes,c__Clostridia,o__Clostridiales,f__Ruminococcaceae,g__Ruminococcus,s__
zOTU_3778,k__Bacteria,p__Bacteroidetes,c__Bacteroidia,o__Bacteroidales,f__Prevotellaceae,g__Prevotella,s__
zOTU_3779,k__Bacteria,p__Cyanobacteria,c__4C0d-2,o__YS2,f__,g__,s__
zOTU_378,k__Bacteria,p__Bacteroidetes,c__Bacteroidia,o__Bacteroidales,f__Prevotellaceae,g__Prevotella,s__
zOTU_3780,k__Bacteria,p__Firmicutes,c__Erysipelotrichi,o__Erysipelotrichales,f__Erysipelotrichaceae,g__RFN20,s__
zOTU_3781,k__Bacteria,p__Bacteroidetes,c__Bacteroidia,o__Bacteroidales,f__Prevotellaceae,g__Prevotella,s__
zOTU_3782,k__Bacteria,p__Bacteroidetes,c__Bacteroidia,o__Bacteroidales,f__,g__,s__
zOTU_3783,k__Bacteria,p__Fibrobacteres,c__Fibrobacteria,o__Fibrobacterales,f__Fibrobacteraceae,g__Fibrobacter,s__succinogenes
zOTU_3784,k__Bacteria,p__Bacteroidetes,c__Bacteroidia,o__Bacteroidales,f__,g__,s__
zOTU_3785,k__Bacteria,p__Bacteroidetes,c__Bacteroidia,o__Bacteroidales,f__Prevotellaceae,g__Prevotella,s__
zOTU_3786,k__Bacteria,p__Bacteroidetes,c__Bacteroidia,o__Bacteroidales,f__,g__,s__
zOTU_3787,k__Bacteria,p__Bacteroidetes,c__Bacteroidia,o__Bacteroidales,f__Prevotellaceae,g__Prevotella,s__
zOTU_3788,k__Bacteria,p__Bacteroidetes,c__Bacteroidia,o__Bacteroidales,f__Prevotellaceae,g__Prevotella,s__
zOTU_3789,k__Bacteria,p__Firmicutes,c__Clostridia,o__Clostridiales,f__Ruminococcaceae,g__Ruminococcus,s__
zOTU_379,k__Bacteria,p__Firmicutes,c__Clostridia,o__Clostridiales,f__Ruminococcaceae,g__,s__
zOTU_3790,k__Bacteria,p__Firmicutes,c__Clostridia,o__Clostridiales,f__Ruminococcaceae,g__,s__
zOTU_3791,k__Bacteria,p__WPS-2,c__,o__,f__,g__,s__
zOTU_3792,k__Bacteria,p__Firmicutes,c__Erysipelotrichi,o__Erysipelotrichales,f__Erysipelotrichaceae,g__RFN20,s__
zOTU_3793,k__Bacteria,p__Bacteroidetes,c__Bacteroidia,o__Bacteroidales,f__Prevotellaceae,g__Prevotella,s__
zOTU_3794,k__Bacteria,p__Firmicutes,c__Clostridia,o__Clostridiales,f__Veillonellaceae,g__Selenomonas,s__ruminantium
zOTU_3796,k__Bacteria,p__Bacteroidetes,c__Bacteroidia,o__Bacteroidales,f__Prevotellaceae,g__Prevotella,s__
zOTU_3797,k__Bacteria,p__Bacteroidetes,c__Bacteroidia,o__Bacteroidales,f__,g__,s__
zOTU_3798,k__Bacteria,p__Bacteroidetes,c__Bacteroidia,o__Bacteroidales,f__Prevotellaceae,g__Prevotella,s__
zOTU_3799,k__Bacteria,p__Firmicutes,c__Clostridia,o__Clostridiales,f__Eubacteriaceae,g__Anaerofustis,s__
zOTU_38,k__Bacteria,p__Firmicutes,c__Clostridia,o__Clostridiales,f__,g__,s__
zOTU_380,k__Bacteria,p__Firmicutes,c__Clostridia,o__Clostridiales,f__,g__,s__
zOTU_3801,k__Bacteria,p__Firmicutes,c__Clostridia,o__Clostridiales,f__Ruminococcaceae,g__,s__
zOTU_3802,k__Bacteria,p__Firmicutes,c__Erysipelotrichi,o__Erysipelotrichales,f__Erysipelotrichaceae,g__[Eubacterium],s__cylindroides
zOTU_3803,k__Bacteria,p__Bacteroidetes,c__Bacteroidia,o__Bacteroidales,f__Prevotellaceae,g__Prevotella,s__
zOTU_3804,k__Bacteria,p__Firmicutes,c__Clostridia,o__Clostridiales,f__[Mogibacteriaceae],g__,s__
zOTU_3805,k__Bacteria,p__Firmicutes,c__Clostridia,o__Clostridiales,f__Lachnospiraceae,g__,s__
zOTU_3806,k__Bacteria,p__Spirochaetes,c__Spirochaetes,o__Spirochaetales,f__Spirochaetaceae,g__Treponema,s__
zOTU_3807,k__Bacteria,p__Bacteroidetes,c__Bacteroidia,o__Bacteroidales,f__RF16,g__,s__
zOTU_3808,k__Bacteria,p__Firmicutes,c__Clostridia,o__Clostridiales,f__Lachnospiraceae,g__Coprococcus,s__
zOTU_3809,k__Bacteria,p__Bacteroidetes,c__Bacteroidia,o__Bacteroidales,f__Prevotellaceae,g__Prevotella,s__
zOTU_381,k__Bacteria,p__Bacteroidetes,c__Bacteroidia,o__Bacteroidales,f__Prevotellaceae,g__Prevotella,s__
zOTU_3810,k__Bacteria,p__Bacteroidetes,c__Bacteroidia,o__Bacteroidales,f__S24-7,g__,s__
zOTU_3811,k__Bacteria,p__Bacteroidetes,c__Bacteroidia,o__Bacteroidales,f__Prevotellaceae,g__,s__
zOTU_3812,k__Bacteria,p__Firmicutes,c__Clostridia,o__Clostridiales,f__,g__,s__
zOTU_3813,k__Bacteria,p__Firmicutes,c__Clostridia,o__Clostridiales,f__Lachnospiraceae,g__Anaerostipes,s__
zOTU_3814,k__Bacteria,p__Bacteroidetes,c__Bacteroidia,o__Bacteroidales,f__,g__,s__
zOTU_3815,k__Bacteria,p__Actinobacteria,c__Coriobacteriia,o__Coriobacteriales,f__Coriobacteriaceae,g__,s__
zOTU_3816,k__Bacteria,p__Tenericutes,c__Mollicutes,o__RF39,f__,g__,s__
zOTU_3817,k__Bacteria,p__Bacteroidetes,c__Bacteroidia,o__Bacteroidales,f__Prevotellaceae,g__Prevotella,
zOTU_3818,k__Bacteria,p__Firmicutes,c__Clostridia,o__Clostridiales,f__Veillonellaceae,g__,s__
zOTU_3819,k__Bacteria,p__Firmicutes,c__Clostridia,o__Clostridiales,f__,g__,s__
zOTU_382,k__Bacteria,p__Firmicutes,c__Clostridia,o__Clostridiales,f__,g__,s__
zOTU_3820,k__Bacteria,p__Bacteroidetes,c__Bacteroidia,o__Bacteroidales,f__Prevotellaceae,g__Prevotella,s__
zOTU_3821,k__Bacteria,p__Proteobacteria,c__Deltaproteobacteria,o__Desulfobacterales,f__Desulfobulbaceae,g__Desulfobulbus,s__
zOTU_3823,k__Bacteria,p__Firmicutes,c__Clostridia,o__Clostridiales,f__Ruminococcaceae,g__,s__
zOTU_3824,k__Bacteria,p__Cyanobacteria,c__4C0d-2,o__YS2,f__,g__,s__
zOTU_3825,k__Bacteria,p__Firmicutes,c__Clostridia,o__Clostridiales,f__Lachnospiraceae,g__Butyrivibrio,s__
zOTU_3826,k__Bacteria,p__Firmicutes,c__Clostridia,o__Clostridiales,f__Lachnospiraceae,g__,s__
zOTU_3827,k__Bacteria,p__Actinobacteria,c__Coriobacteriia,o__Coriobacteriales,f__Coriobacteriaceae,g__Adlercreutzia,s__
zOTU_3828,k__Bacteria,p__Bacteroidetes,c__Bacteroidia,o__Bacteroidales,f__[Paraprevotellaceae],g__CF231,s__
zOTU_3829,k__Bacteria,p__Bacteroidetes,c__Bacteroidia,o__Bacteroidales,f__Prevotellaceae,g__Prevotella,s__copri
zOTU_383,k__Bacteria,p__Firmicutes,c__Clostridia,o__Clostridiales,f__,g__,s__
zOTU_3830,k__Bacteria,p__Bacteroidetes,c__Bacteroidia,o__Bacteroidales,f__Prevotellaceae,g__Prevotella,s__
zOTU_3831,k__Bacteria,p__Firmicutes,c__Erysipelotrichi,o__Erysipelotrichales,f__Erysipelotrichaceae,g__RFN20,s__
zOTU_3832,k__Bacteria,p__Bacteroidetes,c__Bacteroidia,o__Bacteroidales,f__Prevotellaceae,g__Prevotella,s__
zOTU_3833,k__Bacteria,p__Bacteroidetes,c__Bacteroidia,o__Bacteroidales,f__[Paraprevotellaceae],g__CF231,s__
zOTU_3834,k__Bacteria,p__Bacteroidetes,c__Bacteroidia,o__Bacteroidales,f__Prevotellaceae,g__Prevotella,s__
zOTU_3835,k__Bacteria,p__Bacteroidetes,c__Bacteroidia,o__Bacteroidales,f__[Paraprevotellaceae],g__CF231,s__
zOTU_3836,k__Bacteria,p__Firmicutes,c__Clostridia,o__Clostridiales,f__Ruminococcaceae,g__,s__
zOTU_3837,k__Bacteria,p__Firmicutes,c__Clostridia,o__Clostridiales,f__Ruminococcaceae,g__,s__
zOTU_3838,k__Bacteria,p__Bacteroidetes,c__Bacteroidia,o__Bacteroidales,f__Prevotellaceae,g__Prevotella,s__
zOTU_3839,k__Bacteria,p__Bacteroidetes,c__Bacteroidia,o__Bacteroidales,f__Prevotellaceae,g__Prevotella,s__
zOTU_384,k__Bacteria,p__Firmicutes,c__Clostridia,o__Clostridiales,f__Ruminococcaceae,g__Ruminococcus,s__
zOTU_3840,k__Bacteria,p__Firmicutes,c__Clostridia,o__Clostridiales,f__,g__,s__
zOTU_3841,k__Bacteria,p__Bacteroidetes,c__Bacteroidia,o__Bacteroidales,f__Prevotellaceae,g__Prevotella,s__
zOTU_3842,k__Bacteria,p__Firmicutes,c__Clostridia,o__Clostridiales,f__,g__,s__
zOTU_3843,k__Bacteria,p__Bacteroidetes,c__Bacteroidia,o__Bacteroidales,f__Prevotellaceae,g__Prevotella,s__
zOTU_3844,k__Bacteria,p__Fibrobacteres,c__Fibrobacteria,o__Fibrobacterales,f__Fibrobacteraceae,g__Fibrobacter,s__succinogenes
zOTU_3845,k__Bacteria,p__Bacteroidetes,c__Bacteroidia,o__Bacteroidales,f__Prevotellaceae,g__Prevotella,s__
zOTU_3846,k__Bacteria,p__Firmicutes,c__Clostridia,o__Clostridiales,f__Ruminococcaceae,g__Ruminococcus,s__
zOTU_3847,k__Bacteria,p__Firmicutes,c__Bacilli,o__Lactobacillales,f__Lactobacillaceae,g__Lactobacillus,s__
zOTU_3848,k__Bacteria,p__Bacteroidetes,c__Bacteroidia,o__Bacteroidales,f__S24-7,g__,s__
zOTU_385,k__Bacteria,p__Firmicutes,c__Clostridia,o__Clostridiales,f__Lachnospiraceae,,
zOTU_3852,k__Bacteria,p__Bacteroidetes,c__Bacteroidia,o__Bacteroidales,f__S24-7,g__,s__
zOTU_3853,k__Bacteria,p__Bacteroidetes,c__Bacteroidia,o__Bacteroidales,f__Prevotellaceae,g__Prevotella,s__
zOTU_3854,k__Bacteria,p__Bacteroidetes,c__Bacteroidia,o__Bacteroidales,f__[Paraprevotellaceae],g__YRC22,s__
zOTU_3855,k__Bacteria,p__Bacteroidetes,c__Bacteroidia,o__Bacteroidales,f__,g__,s__
zOTU_3856,k__Bacteria,p__Bacteroidetes,c__Bacteroidia,o__Bacteroidales,f__Prevotellaceae,g__Prevotella,s__
zOTU_3857,k__Bacteria,p__Firmicutes,c__Clostridia,o__Clostridiales,f__Veillonellaceae,g__Anaerovibrio,s__
zOTU_3858,k__Bacteria,p__Firmicutes,c__Clostridia,o__Clostridiales,f__,g__,s__
zOTU_3859,k__Bacteria,p__Bacteroidetes,c__Bacteroidia,o__Bacteroidales,f__Prevotellaceae,g__Prevotella,s__
zOTU_386,k__Bacteria,p__Firmicutes,c__Erysipelotrichi,o__Erysipelotrichales,f__Erysipelotrichaceae,g__Bulleidia,s__
zOTU_3860,k__Bacteria,p__Tenericutes,c__RF3,o__ML615J-28,f__,g__,s__
zOTU_3861,k__Bacteria,p__Firmicutes,c__Clostridia,o__Clostridiales,f__Ruminococcaceae,g__Ruminococcus,s__
zOTU_3862,k__Bacteria,p__Firmicutes,c__Clostridia,o__Clostridiales,f__Lachnospiraceae,g__Butyrivibrio,s__
zOTU_3863,k__Bacteria,p__Bacteroidetes,c__Bacteroidia,o__Bacteroidales,f__[Paraprevotellaceae],g__CF231,s__
zOTU_3864,k__Bacteria,p__Firmicutes,c__Clostridia,o__Clostridiales,f__Clostridiaceae,g__Clostridium,s__
zOTU_3865,k__Bacteria,p__Spirochaetes,c__Spirochaetes,o__Spirochaetales,f__Spirochaetaceae,g__Treponema,s__
zOTU_3866,k__Bacteria,p__Bacteroidetes,c__Bacteroidia,o__Bacteroidales,f__[Paraprevotellaceae],g__CF231,s__
zOTU_3867,k__Bacteria,p__Bacteroidetes,c__Bacteroidia,o__Bacteroidales,f__Prevotellaceae,g__Prevotella,s__
zOTU_3868,k__Bacteria,p__Firmicutes,c__Clostridia,o__Clostridiales,f__Ruminococcaceae,g__,s__
zOTU_3869,k__Bacteria,p__Firmicutes,c__Clostridia,o__Clostridiales,f__Lachnospiraceae,g__Butyrivibrio,s__
zOTU_387,k__Bacteria,p__Bacteroidetes,c__Bacteroidia,o__Bacteroidales,f__Prevotellaceae,g__Prevotella,s__
zOTU_3870,k__Bacteria,p__Proteobacteria,c__Deltaproteobacteria,o__GMD14H09,f__,g__,s__
zOTU_3871,k__Bacteria,p__Actinobacteria,c__Coriobacteriia,o__Coriobacteriales,f__Coriobacteriaceae,g__,s__
zOTU_3872,k__Bacteria,p__Spirochaetes,c__Spirochaetes,o__Spirochaetales,f__Spirochaetaceae,g__Treponema,s__
zOTU_3873,k__Bacteria,p__Firmicutes,c__Clostridia,o__Clostridiales,f__Christensenellaceae,g__,s__
zOTU_3874,k__Bacteria,p__Spirochaetes,c__Spirochaetes,o__Spirochaetales,f__Spirochaetaceae,g__Treponema,s__
zOTU_3875,k__Bacteria,p__Bacteroidetes,c__Bacteroidia,o__Bacteroidales,f__,g__,s__
zOTU_3876,k__Bacteria,p__Bacteroidetes,c__Bacteroidia,o__Bacteroidales,f__Prevotellaceae,g__Prevotella,s__
zOTU_3877,k__Bacteria,p__Firmicutes,c__Erysipelotrichi,o__Erysipelotrichales,f__Erysipelotrichaceae,g__Bulleidia,s__
zOTU_3878,k__Bacteria,p__Firmicutes,c__Clostridia,o__Clostridiales,f__,g__,s__
zOTU_3879,k__Bacteria,p__Elusimicrobia,c__Endomicrobia,o__,f__,g__,s__
zOTU_388,k__Bacteria,p__Bacteroidetes,c__Bacteroidia,o__Bacteroidales,f__[Paraprevotellaceae],,
zOTU_3880,k__Bacteria,p__Tenericutes,c__Mollicutes,o__RF39,f__,g__,s__
zOTU_3881,k__Bacteria,p__Bacteroidetes,c__Bacteroidia,o__Bacteroidales,f__,g__,s__
zOTU_3882,k__Bacteria,p__Firmicutes,c__Clostridia,o__Clostridiales,f__Ruminococcaceae,g__,s__
zOTU_3883,k__Bacteria,p__Firmicutes,c__Bacilli,o__Lactobacillales,f__Lactobacillaceae,g__Lactobacillus,s__
zOTU_3884,k__Bacteria,p__Bacteroidetes,c__Bacteroidia,o__Bacteroidales,f__Prevotellaceae,g__Prevotella,s__
zOTU_3885,k__Bacteria,p__Bacteroidetes,c__Bacteroidia,o__Bacteroidales,f__S24-7,g__,s__
zOTU_3886,k__Bacteria,p__Firmicutes,c__Clostridia,o__Clostridiales,f__Lachnospiraceae,g__Butyrivibrio,s__
zOTU_3887,k__Bacteria,p__Bacteroidetes,c__Bacteroidia,o__Bacteroidales,f__Prevotellaceae,g__Prevotella,s__
zOTU_3888,k__Bacteria,p__Firmicutes,c__Clostridia,o__Clostridiales,f__Ruminococcaceae,g__Ruminococcus,s__
zOTU_3889,k__Bacteria,p__Bacteroidetes,c__Bacteroidia,o__Bacteroidales,f__,g__,s__
zOTU_389,k__Bacteria,p__Firmicutes,c__Clostridia,o__Clostridiales,f__Lachnospiraceae,g__Coprococcus,s__
zOTU_3890,k__Bacteria,p__Bacteroidetes,c__Bacteroidia,o__Bacteroidales,f__Prevotellaceae,g__Prevotella,s__
zOTU_3891,k__Bacteria,p__Bacteroidetes,c__Bacteroidia,o__Bacteroidales,f__[Paraprevotellaceae],g__YRC22,s__
zOTU_3892,k__Bacteria,p__Firmicutes,c__Clostridia,o__Clostridiales,f__Lachnospiraceae,,
zOTU_3893,k__Bacteria,p__Tenericutes,c__Mollicutes,o__Acholeplasmatales,f__Acholeplasmataceae,g__,s__
zOTU_3895,k__Bacteria,p__Bacteroidetes,c__Bacteroidia,o__Bacteroidales,f__[Paraprevotellaceae],g__CF231,s__
zOTU_3896,k__Bacteria,p__Bacteroidetes,c__Bacteroidia,o__Bacteroidales,f__,g__,s__
zOTU_3897,k__Bacteria,p__Firmicutes,c__Erysipelotrichi,o__Erysipelotrichales,f__Erysipelotrichaceae,g__RFN20,s__
zOTU_3898,k__Bacteria,p__Bacteroidetes,c__Bacteroidia,o__Bacteroidales,f__,g__,s__
zOTU_3899,k__Bacteria,p__Fibrobacteres,c__Fibrobacteria,o__Fibrobacterales,f__Fibrobacteraceae,g__Fibrobacter,s__succinogenes
zOTU_39,k__Bacteria,p__Bacteroidetes,c__Bacteroidia,o__Bacteroidales,f__Prevotellaceae,g__Prevotella,s__
zOTU_390,k__Bacteria,p__Actinobacteria,c__Coriobacteriia,o__Coriobacteriales,f__Coriobacteriaceae,g__,s__
zOTU_3900,k__Bacteria,p__Bacteroidetes,c__Bacteroidia,o__Bacteroidales,f__,g__,s__
zOTU_3901,k__Bacteria,p__Firmicutes,c__Clostridia,o__Clostridiales,f__,g__,s__
zOTU_3902,k__Bacteria,p__Fibrobacteres,c__Fibrobacteria,o__Fibrobacterales,f__Fibrobacteraceae,g__Fibrobacter,s__
zOTU_3903,k__Bacteria,p__Firmicutes,c__Clostridia,o__Clostridiales,f__Clostridiaceae,g__,s__
zOTU_3905,k__Bacteria,p__Bacteroidetes,c__Bacteroidia,o__Bacteroidales,f__Prevotellaceae,g__Prevotella,s__
zOTU_3906,k__Bacteria,p__Spirochaetes,c__Spirochaetes,o__Spirochaetales,f__Spirochaetaceae,g__Treponema,s__
zOTU_3907,k__Bacteria,p__Firmicutes,c__Clostridia,o__Clostridiales,f__Veillonellaceae,g__Succiniclasticum,s__
zOTU_3908,k__Bacteria,p__Firmicutes,c__Clostridia,o__Clostridiales,f__Lachnospiraceae,,
zOTU_3909,k__Bacteria,p__Firmicutes,c__Clostridia,o__Clostridiales,f__Lachnospiraceae,g__Anaerostipes,s__
zOTU_391,k__Bacteria,p__Bacteroidetes,c__Bacteroidia,o__Bacteroidales,f__Prevotellaceae,g__Prevotella,s__
zOTU_3910,k__Bacteria,p__Bacteroidetes,c__Bacteroidia,o__Bacteroidales,f__Prevotellaceae,g__Prevotella,s__
zOTU_3911,k__Bacteria,p__Bacteroidetes,c__Bacteroidia,o__Bacteroidales,f__S24-7,g__,s__
zOTU_3912,k__Bacteria,p__Bacteroidetes,c__Bacteroidia,o__Bacteroidales,f__S24-7,g__,s__
zOTU_3913,k__Bacteria,p__Firmicutes,c__Erysipelotrichi,o__Erysipelotrichales,f__Erysipelotrichaceae,g__RFN20,s__
zOTU_3914,k__Bacteria,p__Bacteroidetes,c__Bacteroidia,o__Bacteroidales,f__[Paraprevotellaceae],g__YRC22,s__
zOTU_3915,k__Bacteria,p__Firmicutes,c__Erysipelotrichi,o__Erysipelotrichales,f__Erysipelotrichaceae,g__RFN20,s__
zOTU_3916,k__Bacteria,p__Bacteroidetes,c__Bacteroidia,o__Bacteroidales,f__[Paraprevotellaceae],g__CF231,s__
zOTU_3917,k__Bacteria,p__Actinobacteria,c__Actinobacteria,o__Actinomycetales,f__Nocardiaceae,g__Rhodococcus,s__fascians
zOTU_3918,k__Bacteria,p__Bacteroidetes,c__Bacteroidia,o__Bacteroidales,f__Prevotellaceae,g__Prevotella,s__
zOTU_3919,k__Bacteria,p__Firmicutes,c__Clostridia,o__Clostridiales,f__Lachnospiraceae,g__Butyrivibrio,s__
zOTU_392,k__Bacteria,p__Firmicutes,c__Clostridia,o__Clostridiales,f__,g__,s__
zOTU_3920,k__Bacteria,p__Firmicutes,c__Clostridia,o__Clostridiales,f__Clostridiaceae,g__Clostridium,s__
zOTU_3921,k__Bacteria,p__Tenericutes,c__Mollicutes,o__Anaeroplasmatales,f__Anaeroplasmataceae,g__Anaeroplasma,s__
zOTU_3922,k__Bacteria,p__Firmicutes,c__Clostridia,o__Clostridiales,f__[Mogibacteriaceae],g__,s__
zOTU_3923,k__Bacteria,p__Synergistetes,c__Synergistia,o__Synergistales,f__Dethiosulfovibrionaceae,g__TG5,s__
zOTU_3924,k__Bacteria,p__Actinobacteria,c__Actinobacteria,o__Actinomycetales,f__Dietziaceae,g__Dietzia,s__
zOTU_3925,k__Bacteria,p__Bacteroidetes,c__Bacteroidia,o__Bacteroidales,f__,g__,s__
zOTU_3926,k__Bacteria,p__Bacteroidetes,c__Bacteroidia,o__Bacteroidales,f__Prevotellaceae,g__Prevotella,s__
zOTU_3927,k__Bacteria,p__Bacteroidetes,c__Bacteroidia,o__Bacteroidales,f__Prevotellaceae,g__Prevotella,s__
zOTU_3928,k__Bacteria,p__Bacteroidetes,c__Bacteroidia,o__Bacteroidales,f__Prevotellaceae,g__Prevotella,s__
zOTU_3929,k__Bacteria,p__Firmicutes,c__Erysipelotrichi,o__Erysipelotrichales,f__Erysipelotrichaceae,g__Bulleidia,s__
zOTU_393,k__Bacteria,p__Firmicutes,c__Erysipelotrichi,o__Erysipelotrichales,f__Erysipelotrichaceae,g__RFN20,s__
zOTU_3930,k__Bacteria,p__Bacteroidetes,c__Bacteroidia,o__Bacteroidales,f__Prevotellaceae,g__Prevotella,s__
zOTU_3931,k__Bacteria,p__Bacteroidetes,c__Bacteroidia,o__Bacteroidales,f__BS11,g__,s__
zOTU_3932,k__Bacteria,p__Bacteroidetes,c__Bacteroidia,o__Bacteroidales,f__S24-7,g__,s__
zOTU_3933,k__Bacteria,p__Actinobacteria,c__Coriobacteriia,o__Coriobacteriales,f__Coriobacteriaceae,g__Adlercreutzia,s__
zOTU_3934,k__Bacteria,p__Proteobacteria,c__Deltaproteobacteria,o__Desulfobacterales,f__Desulfobulbaceae,g__Desulfobulbus,s__
zOTU_3935,k__Bacteria,p__Bacteroidetes,c__Bacteroidia,o__Bacteroidales,f__Prevotellaceae,g__Prevotella,s__
zOTU_3937,k__Bacteria,p__Bacteroidetes,c__Bacteroidia,o__Bacteroidales,f__Prevotellaceae,g__Prevotella,s__
zOTU_3938,k__Bacteria,p__Bacteroidetes,c__Bacteroidia,o__Bacteroidales,f__Prevotellaceae,g__Prevotella,s__
zOTU_3939,k__Bacteria,p__Actinobacteria,c__Coriobacteriia,o__Coriobacteriales,f__Coriobacteriaceae,g__Adlercreutzia,s__
zOTU_394,k__Bacteria,p__Bacteroidetes,c__Bacteroidia,o__Bacteroidales,f__[Paraprevotellaceae],g__CF231,s__
zOTU_3941,k__Bacteria,p__Bacteroidetes,c__Bacteroidia,o__Bacteroidales,f__Prevotellaceae,g__Prevotella,s__
zOTU_3942,k__Bacteria,p__Bacteroidetes,c__Bacteroidia,o__Bacteroidales,f__,g__,s__
zOTU_3943,k__Bacteria,p__Spirochaetes,c__Spirochaetes,o__Spirochaetales,f__Spirochaetaceae,g__Treponema,s__
zOTU_3944,k__Bacteria,p__Bacteroidetes,c__Bacteroidia,o__Bacteroidales,f__Prevotellaceae,g__Prevotella,s__
zOTU_3945,k__Bacteria,p__Spirochaetes,c__Spirochaetes,o__Sphaerochaetales,f__Sphaerochaetaceae,g__Sphaerochaeta,s__
zOTU_3946,k__Bacteria,p__Bacteroidetes,c__Bacteroidia,o__Bacteroidales,f__Prevotellaceae,g__Prevotella,s__
zOTU_3947,k__Bacteria,p__Bacteroidetes,c__Bacteroidia,o__Bacteroidales,f__[Paraprevotellaceae],g__CF231,s__
zOTU_3948,k__Bacteria,p__Spirochaetes,c__Spirochaetes,o__Spirochaetales,f__Spirochaetaceae,g__Treponema,s__
zOTU_3949,k__Bacteria,p__Bacteroidetes,c__Bacteroidia,o__Bacteroidales,f__Prevotellaceae,g__Prevotella,s__
zOTU_395,k__Bacteria,p__Bacteroidetes,c__Bacteroidia,o__Bacteroidales,f__Prevotellaceae,g__Prevotella,s__
zOTU_3950,k__Bacteria,p__Firmicutes,c__Erysipelotrichi,o__Erysipelotrichales,f__Erysipelotrichaceae,g__L7A_E11,s__
zOTU_3951,k__Bacteria,p__Firmicutes,c__Clostridia,o__Clostridiales,f__Ruminococcaceae,g__,s__
zOTU_3952,k__Bacteria,p__Firmicutes,c__Clostridia,o__Clostridiales,f__Lachnospiraceae,g__Butyrivibrio,s__
zOTU_3953,k__Bacteria,p__Bacteroidetes,c__Bacteroidia,o__Bacteroidales,f__[Paraprevotellaceae],g__,s__
zOTU_3954,k__Bacteria,p__Firmicutes,c__Clostridia,o__Clostridiales,f__,g__,s__
zOTU_3956,k__Bacteria,p__Bacteroidetes,c__Bacteroidia,o__Bacteroidales,f__Prevotellaceae,g__Prevotella,s__
zOTU_3957,k__Bacteria,p__Spirochaetes,c__Spirochaetes,o__Sphaerochaetales,f__Sphaerochaetaceae,g__Sphaerochaeta,s__
zOTU_3958,k__Bacteria,p__Firmicutes,c__Clostridia,o__Clostridiales,f__,g__,s__
zOTU_3959,k__Bacteria,p__Bacteroidetes,c__Bacteroidia,o__Bacteroidales,f__Prevotellaceae,g__Prevotella,s__
zOTU_396,k__Bacteria,p__Bacteroidetes,c__Bacteroidia,o__Bacteroidales,f__,g__,s__
zOTU_3960,k__Bacteria,p__Bacteroidetes,c__Bacteroidia,o__Bacteroidales,f__S24-7,g__,s__
zOTU_3961,k__Bacteria,p__Firmicutes,c__Clostridia,o__Clostridiales,f__Ruminococcaceae,g__,s__
zOTU_3962,k__Bacteria,p__Proteobacteria,c__Alphaproteobacteria,o__RF32,f__,g__,s__
zOTU_3963,k__Bacteria,p__Bacteroidetes,c__Bacteroidia,o__Bacteroidales,f__[Paraprevotellaceae],g__CF231,s__
zOTU_3964,k__Bacteria,p__Bacteroidetes,c__Bacteroidia,o__Bacteroidales,f__,g__,s__
zOTU_3965,k__Bacteria,p__Firmicutes,c__Erysipelotrichi,o__Erysipelotrichales,f__Erysipelotrichaceae,g__Asteroleplasma,s__anaerobium
zOTU_3966,k__Bacteria,p__Firmicutes,c__Clostridia,o__Clostridiales,f__Lachnospiraceae,g__,s__
zOTU_3967,k__Bacteria,p__Bacteroidetes,c__Bacteroidia,o__Bacteroidales,f__,g__,s__
zOTU_3968,k__Bacteria,p__WPS-2,c__,o__,f__,g__,s__
zOTU_3969,k__Bacteria,p__Bacteroidetes,c__Bacteroidia,o__Bacteroidales,f__,g__,s__
zOTU_397,k__Bacteria,p__Bacteroidetes,c__Bacteroidia,o__Bacteroidales,f__[Paraprevotellaceae],g__YRC22,s__
zOTU_3970,k__Bacteria,p__Bacteroidetes,c__Bacteroidia,o__Bacteroidales,f__Prevotellaceae,g__Prevotella,s__
zOTU_3971,k__Bacteria,p__Firmicutes,c__Clostridia,o__Clostridiales,f__,g__,s__
zOTU_3972,k__Bacteria,p__Firmicutes,c__Clostridia,o__Clostridiales,f__Veillonellaceae,g__Selenomonas,s__
zOTU_3973,k__Bacteria,p__Actinobacteria,c__Coriobacteriia,o__Coriobacteriales,f__Coriobacteriaceae,g__Adlercreutzia,s__
zOTU_3974,k__Bacteria,p__Firmicutes,c__Erysipelotrichi,o__Erysipelotrichales,f__Erysipelotrichaceae,g__RFN20,s__
zOTU_3976,k__Bacteria,p__Spirochaetes,c__Spirochaetes,o__Spirochaetales,f__Spirochaetaceae,g__Treponema,s__
zOTU_3977,k__Bacteria,p__Firmicutes,c__Clostridia,o__Clostridiales,f__Ruminococcaceae,g__,s__
zOTU_3978,k__Bacteria,p__Firmicutes,c__Erysipelotrichi,o__Erysipelotrichales,f__Erysipelotrichaceae,g__RFN20,s__
zOTU_3979,k__Bacteria,p__Firmicutes,c__Clostridia,o__Clostridiales,f__,g__,s__
zOTU_398,k__Bacteria,p__Firmicutes,c__Clostridia,o__Clostridiales,f__,g__,s__
zOTU_3980,k__Bacteria,p__Firmicutes,c__Clostridia,o__Clostridiales,f__Clostridiaceae,g__,s__
zOTU_3981,k__Bacteria,p__Firmicutes,c__Clostridia,o__Clostridiales,f__[Acidaminobacteraceae],g__Fusibacter,s__
zOTU_3982,k__Bacteria,p__Bacteroidetes,c__Bacteroidia,o__Bacteroidales,f__RF16,g__,s__
zOTU_3983,k__Bacteria,p__Bacteroidetes,c__Bacteroidia,o__Bacteroidales,f__,g__,s__
zOTU_3985,k__Bacteria,p__Proteobacteria,c__Alphaproteobacteria,o__Rickettsiales,f__,g__,s__
zOTU_3986,k__Bacteria,p__Firmicutes,c__Clostridia,o__Clostridiales,f__Lachnospiraceae,g__Butyrivibrio,s__
zOTU_3987,k__Bacteria,p__Bacteroidetes,c__Bacteroidia,o__Bacteroidales,f__Prevotellaceae,g__Prevotella,s__
zOTU_3988,k__Bacteria,p__Bacteroidetes,c__Bacteroidia,o__Bacteroidales,f__Prevotellaceae,g__Prevotella,s__
zOTU_3989,k__Bacteria,p__Bacteroidetes,c__Bacteroidia,o__Bacteroidales,f__,g__,s__
zOTU_399,k__Bacteria,p__Firmicutes,c__Clostridia,o__Clostridiales,f__Lachnospiraceae,g__,s__
zOTU_3990,k__Bacteria,p__Fibrobacteres,c__Fibrobacteria,o__Fibrobacterales,f__Fibrobacteraceae,g__Fibrobacter,s__succinogenes
zOTU_3991,k__Bacteria,p__TM7,c__TM7-3,o__CW040,f__F16,g__,s__
zOTU_3992,k__Bacteria,p__Bacteroidetes,c__Bacteroidia,o__Bacteroidales,f__Prevotellaceae,g__Prevotella,s__copri
zOTU_3993,k__Bacteria,p__Bacteroidetes,c__Bacteroidia,o__Bacteroidales,f__Prevotellaceae,g__Prevotella,s__
zOTU_3994,k__Bacteria,p__Spirochaetes,c__Spirochaetes,o__Spirochaetales,f__Spirochaetaceae,g__Treponema,s__
zOTU_3995,k__Bacteria,p__Tenericutes,c__Mollicutes,o__Anaeroplasmatales,f__Anaeroplasmataceae,g__Anaeroplasma,s__
zOTU_3996,k__Bacteria,p__Firmicutes,c__Clostridia,o__Clostridiales,f__Ruminococcaceae,g__Ruminococcus,s__
zOTU_3997,k__Bacteria,p__Bacteroidetes,c__Bacteroidia,o__Bacteroidales,f__Prevotellaceae,g__Prevotella,s__
zOTU_3998,k__Bacteria,p__Bacteroidetes,c__Bacteroidia,o__Bacteroidales,f__Prevotellaceae,g__Prevotella,s__
zOTU_3999,k__Bacteria,p__Spirochaetes,c__Spirochaetes,o__Sphaerochaetales,f__Sphaerochaetaceae,g__Sphaerochaeta,s__
zOTU_4,k__Bacteria,p__Firmicutes,c__Clostridia,o__Clostridiales,f__Lachnospiraceae,g__,s__
zOTU_40,k__Bacteria,p__Bacteroidetes,c__Bacteroidia,o__Bacteroidales,f__Prevotellaceae,g__Prevotella,s__
zOTU_400,k__Bacteria,p__Bacteroidetes,c__Bacteroidia,o__Bacteroidales,f__S24-7,g__,s__
zOTU_4000,k__Bacteria,p__Bacteroidetes,c__Bacteroidia,o__Bacteroidales,f__,g__,s__
zOTU_4001,k__Bacteria,p__Bacteroidetes,c__Bacteroidia,o__Bacteroidales,f__RF16,g__,s__
zOTU_4002,k__Bacteria,p__Bacteroidetes,c__Bacteroidia,o__Bacteroidales,f__Prevotellaceae,g__Prevotella,
zOTU_4003,k__Bacteria,p__Firmicutes,c__Clostridia,o__Clostridiales,f__,g__,s__
zOTU_4004,k__Bacteria,p__Firmicutes,c__Clostridia,o__Clostridiales,f__Veillonellaceae,g__Dialister,s__
zOTU_4005,k__Bacteria,p__Firmicutes,c__Clostridia,o__Clostridiales,f__Ruminococcaceae,g__,s__
zOTU_4006,k__Bacteria,p__Firmicutes,c__Clostridia,o__Clostridiales,f__Clostridiaceae,g__Clostridium,s__
zOTU_4008,k__Bacteria,p__Bacteroidetes,c__Bacteroidia,o__Bacteroidales,f__Prevotellaceae,g__Prevotella,s__
zOTU_4009,k__Bacteria,p__Proteobacteria,c__Gammaproteobacteria,o__Xanthomonadales,f__Xanthomonadaceae,g__Stenotrophomonas,s__
zOTU_401,k__Bacteria,p__Firmicutes,c__Clostridia,o__Clostridiales,f__Lachnospiraceae,g__,s__
zOTU_4010,k__Bacteria,p__Bacteroidetes,c__Bacteroidia,o__Bacteroidales,f__Prevotellaceae,g__Prevotella,s__
zOTU_4011,k__Bacteria,p__Firmicutes,c__Erysipelotrichi,o__Erysipelotrichales,f__Erysipelotrichaceae,g__L7A_E11,s__
zOTU_4012,k__Bacteria,p__Bacteroidetes,c__Bacteroidia,o__Bacteroidales,f__Prevotellaceae,g__Prevotella,s__
zOTU_4013,k__Bacteria,p__Bacteroidetes,c__Bacteroidia,o__Bacteroidales,f__Prevotellaceae,g__Prevotella,s__
zOTU_4014,k__Bacteria,p__Bacteroidetes,c__Bacteroidia,o__Bacteroidales,f__Prevotellaceae,g__Prevotella,s__
zOTU_4015,k__Bacteria,p__Bacteroidetes,c__Bacteroidia,o__Bacteroidales,f__,g__,s__
zOTU_4016,k__Bacteria,p__WPS-2,c__,o__,f__,g__,s__
zOTU_4017,k__Bacteria,p__Bacteroidetes,c__Bacteroidia,o__Bacteroidales,f__Prevotellaceae,g__Prevotella,s__
zOTU_4018,k__Bacteria,p__Firmicutes,c__Clostridia,o__Clostridiales,f__,g__,s__
zOTU_4019,k__Bacteria,p__Bacteroidetes,c__Bacteroidia,o__Bacteroidales,f__Prevotellaceae,g__Prevotella,s__
zOTU_402,k__Bacteria,p__Firmicutes,c__Clostridia,o__Clostridiales,f__Lachnospiraceae,g__,s__
zOTU_4020,k__Bacteria,p__TM7,c__TM7-3,o__CW040,f__F16,g__,s__
zOTU_4021,k__Bacteria,p__Bacteroidetes,c__Bacteroidia,o__Bacteroidales,f__Prevotellaceae,g__Prevotella,s__
zOTU_4022,k__Bacteria,p__Bacteroidetes,c__Bacteroidia,o__Bacteroidales,f__Prevotellaceae,g__Prevotella,s__
zOTU_4023,k__Bacteria,p__Bacteroidetes,c__Bacteroidia,o__Bacteroidales,f__Prevotellaceae,g__Prevotella,s__
zOTU_4024,k__Bacteria,p__Firmicutes,c__Clostridia,o__Clostridiales,f__[Tissierellaceae],g__Sporanaerobacter,s__
zOTU_4025,k__Bacteria,p__Spirochaetes,c__Spirochaetes,o__Spirochaetales,f__Spirochaetaceae,g__Treponema,s__
zOTU_4026,k__Bacteria,p__Firmicutes,c__Clostridia,o__Clostridiales,f__Clostridiaceae,g__Clostridium,s__tertium
zOTU_4027,k__Bacteria,p__Bacteroidetes,c__Bacteroidia,o__Bacteroidales,f__,g__,s__
zOTU_4029,k__Bacteria,p__Spirochaetes,c__Spirochaetes,o__Spirochaetales,f__Spirochaetaceae,g__Treponema,s__
zOTU_403,k__Bacteria,p__Bacteroidetes,c__Bacteroidia,o__Bacteroidales,f__Prevotellaceae,g__Prevotella,s__
zOTU_4030,k__Bacteria,p__Bacteroidetes,c__Bacteroidia,o__Bacteroidales,f__[Paraprevotellaceae],g__CF231,s__
zOTU_4031,k__Bacteria,p__Bacteroidetes,c__Bacteroidia,o__Bacteroidales,f__Prevotellaceae,g__Prevotella,s__
zOTU_4032,k__Bacteria,p__Bacteroidetes,c__Bacteroidia,o__Bacteroidales,f__Prevotellaceae,g__Prevotella,s__
zOTU_4033,k__Bacteria,p__Bacteroidetes,c__Bacteroidia,o__Bacteroidales,f__,g__,s__
zOTU_4034,k__Bacteria,p__Bacteroidetes,c__Bacteroidia,o__Bacteroidales,f__Prevotellaceae,g__Prevotella,s__
zOTU_4035,k__Bacteria,p__Bacteroidetes,c__Bacteroidia,o__Bacteroidales,f__BS11,g__,s__
zOTU_4036,k__Bacteria,p__Bacteroidetes,c__Bacteroidia,o__Bacteroidales,f__Prevotellaceae,g__Prevotella,s__stercorea
zOTU_4037,k__Bacteria,p__Bacteroidetes,c__Bacteroidia,o__Bacteroidales,f__Prevotellaceae,g__Prevotella,s__
zOTU_4038,k__Bacteria,p__Actinobacteria,c__Actinobacteria,o__Actinomycetales,f__Propionibacteriaceae,g__,s__
zOTU_4039,k__Bacteria,p__Bacteroidetes,c__Bacteroidia,o__Bacteroidales,f__Prevotellaceae,g__Prevotella,s__
zOTU_404,k__Bacteria,p__Firmicutes,c__Clostridia,o__Clostridiales,f__Lachnospiraceae,g__Butyrivibrio,s__
zOTU_4040,k__Bacteria,p__Bacteroidetes,c__Bacteroidia,o__Bacteroidales,f__Prevotellaceae,g__Prevotella,s__
zOTU_4041,k__Bacteria,p__Bacteroidetes,c__Bacteroidia,o__Bacteroidales,f__Prevotellaceae,g__Prevotella,s__
zOTU_4042,k__Bacteria,p__Firmicutes,c__Clostridia,o__Clostridiales,f__Ruminococcaceae,g__,s__
zOTU_4043,k__Bacteria,p__Fibrobacteres,c__Fibrobacteria,o__Fibrobacterales,f__Fibrobacteraceae,g__Fibrobacter,s__
zOTU_4044,k__Bacteria,p__Firmicutes,c__Clostridia,o__Clostridiales,f__Christensenellaceae,g__,s__
zOTU_4046,k__Bacteria,p__Firmicutes,c__Clostridia,o__Clostridiales,f__Ruminococcaceae,g__Ruminococcus,s__
zOTU_4047,k__Bacteria,p__Firmicutes,c__Erysipelotrichi,o__Erysipelotrichales,f__Erysipelotrichaceae,g__RFN20,s__
zOTU_4048,k__Bacteria,p__Bacteroidetes,c__Bacteroidia,o__Bacteroidales,f__Prevotellaceae,g__Prevotella,s__
zOTU_4049,k__Bacteria,p__Bacteroidetes,c__Bacteroidia,o__Bacteroidales,f__,g__,s__
zOTU_405,k__Bacteria,p__Bacteroidetes,c__Bacteroidia,o__Bacteroidales,f__,g__,s__
zOTU_4050,k__Bacteria,p__Firmicutes,c__Clostridia,o__Clostridiales,f__Ruminococcaceae,g__,s__
zOTU_4052,k__Bacteria,p__Firmicutes,c__Clostridia,o__Clostridiales,f__Ruminococcaceae,g__,s__
zOTU_4053,k__Bacteria,p__Bacteroidetes,c__Bacteroidia,o__Bacteroidales,f__Prevotellaceae,g__Prevotella,s__
zOTU_4054,k__Bacteria,p__Firmicutes,c__Erysipelotrichi,o__Erysipelotrichales,f__Erysipelotrichaceae,g__RFN20,s__
zOTU_4055,k__Bacteria,p__Firmicutes,c__Clostridia,o__Clostridiales,,,
zOTU_4056,k__Bacteria,p__Bacteroidetes,c__Bacteroidia,o__Bacteroidales,f__Prevotellaceae,g__Prevotella,s__stercorea
zOTU_4057,k__Bacteria,p__Bacteroidetes,c__Bacteroidia,o__Bacteroidales,f__[Paraprevotellaceae],g__CF231,s__
zOTU_4058,k__Bacteria,p__Firmicutes,c__Erysipelotrichi,o__Erysipelotrichales,f__Erysipelotrichaceae,g__RFN20,s__
zOTU_4059,k__Bacteria,p__Bacteroidetes,c__Bacteroidia,o__Bacteroidales,f__Prevotellaceae,g__Prevotella,s__
zOTU_406,k__Bacteria,p__Bacteroidetes,c__Bacteroidia,o__Bacteroidales,f__Prevotellaceae,g__Prevotella,s__
zOTU_4060,k__Bacteria,p__Firmicutes,c__Clostridia,o__Clostridiales,f__Lachnospiraceae,g__Butyrivibrio,s__
zOTU_4062,k__Bacteria,p__Firmicutes,c__Clostridia,o__Clostridiales,f__,g__,s__
zOTU_4063,k__Bacteria,p__Bacteroidetes,c__Bacteroidia,o__Bacteroidales,f__Prevotellaceae,g__Prevotella,s__
zOTU_4064,k__Bacteria,p__Firmicutes,c__Erysipelotrichi,o__Erysipelotrichales,f__Erysipelotrichaceae,g__Erysipelothrix,s__
zOTU_4065,k__Bacteria,p__Bacteroidetes,c__Bacteroidia,o__Bacteroidales,f__,g__,s__
zOTU_4066,k__Bacteria,p__Bacteroidetes,c__Bacteroidia,o__Bacteroidales,f__Prevotellaceae,g__Prevotella,s__
zOTU_4067,k__Bacteria,p__Bacteroidetes,c__Bacteroidia,o__Bacteroidales,f__Prevotellaceae,g__Prevotella,s__
zOTU_4068,k__Bacteria,p__Firmicutes,c__Erysipelotrichi,o__Erysipelotrichales,f__Erysipelotrichaceae,g__Bulleidia,s__
zOTU_4069,k__Bacteria,p__Firmicutes,c__Clostridia,o__Clostridiales,f__[Mogibacteriaceae],g__,s__
zOTU_407,k__Bacteria,p__Firmicutes,c__Clostridia,o__Clostridiales,f__,g__,s__
zOTU_4070,k__Bacteria,p__Bacteroidetes,c__Bacteroidia,o__Bacteroidales,f__S24-7,g__,s__
zOTU_4071,k__Bacteria,p__Bacteroidetes,c__Bacteroidia,o__Bacteroidales,f__,g__,s__
zOTU_4072,k__Bacteria,p__Bacteroidetes,c__Bacteroidia,o__Bacteroidales,f__Prevotellaceae,g__Prevotella,s__
zOTU_4073,k__Bacteria,p__Cyanobacteria,c__4C0d-2,o__YS2,f__,g__,s__
zOTU_4074,k__Bacteria,p__Actinobacteria,c__Actinobacteria,o__Actinomycetales,f__,g__,s__
zOTU_4075,k__Bacteria,p__Fibrobacteres,c__Fibrobacteria,o__Fibrobacterales,f__Fibrobacteraceae,g__Fibrobacter,s__
zOTU_4076,k__Bacteria,p__Firmicutes,c__Bacilli,o__Lactobacillales,f__Lactobacillaceae,g__Pediococcus,
zOTU_4077,k__Bacteria,p__Bacteroidetes,c__Bacteroidia,o__Bacteroidales,f__Prevotellaceae,g__Prevotella,s__
zOTU_4078,k__Bacteria,p__Firmicutes,c__Erysipelotrichi,o__Erysipelotrichales,f__Erysipelotrichaceae,g__Bulleidia,s__
zOTU_4079,k__Bacteria,p__Bacteroidetes,c__Bacteroidia,o__Bacteroidales,f__Prevotellaceae,g__Prevotella,s__
zOTU_408,k__Bacteria,p__Actinobacteria,c__Coriobacteriia,o__Coriobacteriales,f__Coriobacteriaceae,g__,s__
zOTU_4080,k__Bacteria,p__Firmicutes,c__Clostridia,o__Clostridiales,f__[Mogibacteriaceae],g__,s__
zOTU_4081,k__Bacteria,p__Firmicutes,c__Clostridia,o__Clostridiales,f__,g__,s__
zOTU_4082,k__Bacteria,p__Bacteroidetes,c__Bacteroidia,o__Bacteroidales,f__[Paraprevotellaceae],g__CF231,s__
zOTU_4083,k__Bacteria,p__Bacteroidetes,c__Bacteroidia,o__Bacteroidales,f__Prevotellaceae,g__Prevotella,s__
zOTU_4084,k__Bacteria,p__Firmicutes,c__Clostridia,o__Clostridiales,f__,g__,s__
zOTU_4085,k__Bacteria,p__Bacteroidetes,c__Bacteroidia,o__Bacteroidales,f__Prevotellaceae,g__Prevotella,s__
zOTU_4086,k__Bacteria,p__Bacteroidetes,c__Bacteroidia,o__Bacteroidales,f__S24-7,g__,s__
zOTU_4087,k__Bacteria,p__Firmicutes,c__Clostridia,o__Clostridiales,f__Lachnospiraceae,g__Butyrivibrio,s__
zOTU_4088,k__Bacteria,p__Tenericutes,c__Mollicutes,o__RF39,f__,g__,s__
zOTU_4089,k__Bacteria,p__TM7,c__TM7-3,o__CW040,f__F16,g__,s__
zOTU_409,k__Bacteria,p__Actinobacteria,c__Coriobacteriia,o__Coriobacteriales,f__Coriobacteriaceae,g__,s__
zOTU_4091,k__Bacteria,p__Firmicutes,c__Clostridia,o__Clostridiales,f__Ruminococcaceae,g__,s__
zOTU_4092,k__Bacteria,p__Firmicutes,c__Erysipelotrichi,o__Erysipelotrichales,f__Erysipelotrichaceae,g__L7A_E11,s__
zOTU_4093,k__Bacteria,p__Bacteroidetes,c__Bacteroidia,o__Bacteroidales,f__,g__,s__
zOTU_4094,k__Bacteria,p__Bacteroidetes,c__Bacteroidia,o__Bacteroidales,f__Prevotellaceae,g__Prevotella,s__
zOTU_4095,k__Bacteria,p__Firmicutes,c__Clostridia,o__Clostridiales,f__Ruminococcaceae,g__Ruminococcus,s__
zOTU_4096,k__Bacteria,p__Bacteroidetes,c__Bacteroidia,o__Bacteroidales,f__Prevotellaceae,g__Prevotella,s__
zOTU_4097,k__Bacteria,p__Bacteroidetes,c__Bacteroidia,o__Bacteroidales,f__,g__,s__
zOTU_4098,k__Bacteria,p__Bacteroidetes,c__Bacteroidia,o__Bacteroidales,f__Prevotellaceae,g__Prevotella,s__
zOTU_4099,k__Bacteria,p__Bacteroidetes,c__Bacteroidia,o__Bacteroidales,f__[Paraprevotellaceae],g__CF231,s__
zOTU_41,k__Bacteria,p__Bacteroidetes,c__Bacteroidia,o__Bacteroidales,f__Prevotellaceae,g__Prevotella,s__
zOTU_410,k__Bacteria,p__Bacteroidetes,c__Bacteroidia,o__Bacteroidales,f__Prevotellaceae,g__Prevotella,s__
zOTU_4100,k__Bacteria,p__Bacteroidetes,c__Bacteroidia,o__Bacteroidales,f__,g__,s__
zOTU_4101,k__Bacteria,p__Spirochaetes,c__Spirochaetes,o__Spirochaetales,f__Spirochaetaceae,g__,s__
zOTU_4102,k__Bacteria,p__Bacteroidetes,c__Bacteroidia,o__Bacteroidales,f__,g__,s__
zOTU_4103,k__Bacteria,p__Firmicutes,c__Clostridia,o__Clostridiales,f__Ruminococcaceae,,
zOTU_4104,k__Bacteria,p__Firmicutes,c__Clostridia,o__MBA08,f__,g__,s__
zOTU_4105,k__Bacteria,p__Firmicutes,c__Clostridia,o__Clostridiales,f__Lachnospiraceae,,
zOTU_4106,k__Bacteria,p__Bacteroidetes,c__Bacteroidia,o__Bacteroidales,f__Prevotellaceae,g__Prevotella,s__
zOTU_4107,k__Bacteria,p__Firmicutes,c__Clostridia,o__Clostridiales,f__,g__,s__
zOTU_4108,k__Bacteria,p__Proteobacteria,c__Deltaproteobacteria,o__Desulfobacterales,f__Desulfobulbaceae,g__Desulfobulbus,s__
zOTU_4109,k__Bacteria,p__Firmicutes,c__Clostridia,o__Clostridiales,f__Lachnospiraceae,g__Butyrivibrio,s__
zOTU_411,k__Bacteria,p__Firmicutes,c__Clostridia,o__Clostridiales,f__Ruminococcaceae,g__Ruminococcus,s__
zOTU_4110,k__Bacteria,p__Bacteroidetes,c__Bacteroidia,o__Bacteroidales,f__Prevotellaceae,g__Prevotella,s__
zOTU_4111,k__Bacteria,p__Bacteroidetes,c__Bacteroidia,o__Bacteroidales,f__Prevotellaceae,g__Prevotella,s__
zOTU_4112,k__Bacteria,p__Firmicutes,c__Clostridia,o__Clostridiales,f__,g__,s__
zOTU_4113,k__Bacteria,p__Bacteroidetes,c__Bacteroidia,o__Bacteroidales,f__Prevotellaceae,g__Prevotella,s__
zOTU_4115,k__Bacteria,p__Spirochaetes,c__Spirochaetes,o__Spirochaetales,f__Spirochaetaceae,g__Treponema,s__
zOTU_4116,k__Bacteria,p__Bacteroidetes,c__Bacteroidia,o__Bacteroidales,f__[Paraprevotellaceae],g__CF231,s__
zOTU_4117,k__Bacteria,p__Actinobacteria,c__Coriobacteriia,o__Coriobacteriales,f__Coriobacteriaceae,g__,s__
zOTU_4118,k__Bacteria,p__Bacteroidetes,c__Bacteroidia,o__Bacteroidales,f__S24-7,g__,s__
zOTU_4119,k__Bacteria,p__Bacteroidetes,c__Flavobacteriia,o__Flavobacteriales,f__[Weeksellaceae],g__Wautersiella,s__
zOTU_412,k__Bacteria,p__Firmicutes,c__Clostridia,o__Clostridiales,f__Lachnospiraceae,g__,s__
zOTU_4120,k__Bacteria,p__Bacteroidetes,c__Bacteroidia,o__Bacteroidales,f__Prevotellaceae,g__Prevotella,s__
zOTU_4121,k__Bacteria,p__Bacteroidetes,c__Bacteroidia,o__Bacteroidales,f__S24-7,g__,s__
zOTU_4122,k__Bacteria,p__Firmicutes,c__Erysipelotrichi,o__Erysipelotrichales,f__Erysipelotrichaceae,g__PSB-M-3,s__
zOTU_4123,k__Bacteria,p__Firmicutes,c__Erysipelotrichi,o__Erysipelotrichales,f__Erysipelotrichaceae,g__RFN20,s__
zOTU_4124,k__Bacteria,p__Bacteroidetes,c__Bacteroidia,o__Bacteroidales,f__Prevotellaceae,g__Prevotella,s__
zOTU_4125,k__Bacteria,p__Bacteroidetes,c__Bacteroidia,o__Bacteroidales,f__Prevotellaceae,g__Prevotella,s__
zOTU_4126,k__Bacteria,p__Proteobacteria,c__Betaproteobacteria,o__Neisseriales,f__Neisseriaceae,g__,s__
zOTU_4127,k__Bacteria,p__Bacteroidetes,c__Bacteroidia,o__Bacteroidales,f__Prevotellaceae,g__Prevotella,s__
zOTU_4128,k__Bacteria,p__Bacteroidetes,c__Bacteroidia,o__Bacteroidales,f__Prevotellaceae,g__Prevotella,s__copri
zOTU_4129,k__Bacteria,p__Firmicutes,c__Clostridia,o__Clostridiales,f__Lachnospiraceae,g__Shuttleworthia,s__
zOTU_413,k__Bacteria,p__Actinobacteria,c__Coriobacteriia,o__Coriobacteriales,f__Coriobacteriaceae,g__,s__
zOTU_4130,k__Bacteria,p__Firmicutes,c__Clostridia,o__Clostridiales,f__[Mogibacteriaceae],g__,s__
zOTU_4131,k__Bacteria,p__Bacteroidetes,c__Bacteroidia,o__Bacteroidales,f__S24-7,g__,s__
zOTU_4132,k__Bacteria,p__Bacteroidetes,c__Bacteroidia,o__Bacteroidales,f__[Paraprevotellaceae],,
zOTU_4133,k__Bacteria,p__Firmicutes,c__Clostridia,o__Clostridiales,f__Christensenellaceae,g__,s__
zOTU_4134,k__Bacteria,p__Bacteroidetes,c__Bacteroidia,o__Bacteroidales,f__Prevotellaceae,g__Prevotella,s__
zOTU_4135,k__Bacteria,p__Bacteroidetes,c__Bacteroidia,o__Bacteroidales,f__Prevotellaceae,g__Prevotella,s__
zOTU_4136,k__Bacteria,p__Firmicutes,c__Clostridia,o__Clostridiales,f__,g__,s__
zOTU_4137,k__Bacteria,p__Bacteroidetes,c__Bacteroidia,o__Bacteroidales,f__Prevotellaceae,g__Prevotella,s__
zOTU_4138,k__Bacteria,p__Firmicutes,c__Clostridia,o__Clostridiales,f__[Mogibacteriaceae],g__,s__
zOTU_4139,k__Bacteria,p__Bacteroidetes,c__Bacteroidia,o__Bacteroidales,f__Prevotellaceae,g__Prevotella,s__
zOTU_414,k__Bacteria,p__Firmicutes,c__Clostridia,o__Clostridiales,f__Lachnospiraceae,g__,s__
zOTU_4142,k__Bacteria,p__Bacteroidetes,c__Bacteroidia,o__Bacteroidales,f__Prevotellaceae,g__Prevotella,s__
zOTU_4143,k__Bacteria,p__Bacteroidetes,c__Bacteroidia,o__Bacteroidales,f__,g__,s__
zOTU_4144,k__Bacteria,p__Bacteroidetes,c__Bacteroidia,o__Bacteroidales,f__,g__,s__
zOTU_4145,k__Bacteria,p__Firmicutes,c__Clostridia,o__Clostridiales,f__Ruminococcaceae,g__,s__
zOTU_4146,k__Bacteria,p__Bacteroidetes,c__Bacteroidia,o__Bacteroidales,f__Prevotellaceae,g__Prevotella,s__
zOTU_4147,k__Bacteria,p__Bacteroidetes,c__Bacteroidia,o__Bacteroidales,f__Prevotellaceae,g__Prevotella,s__
zOTU_4148,k__Bacteria,p__Firmicutes,c__Clostridia,o__Clostridiales,f__Ruminococcaceae,g__,s__
zOTU_4149,k__Bacteria,p__Spirochaetes,c__Spirochaetes,o__Spirochaetales,f__Spirochaetaceae,g__Treponema,s__
zOTU_415,k__Bacteria,p__Firmicutes,c__Clostridia,o__Clostridiales,f__Veillonellaceae,g__Selenomonas,s__ruminantium
zOTU_4151,k__Bacteria,p__WPS-2,c__,o__,f__,g__,s__
zOTU_4152,k__Bacteria,p__Firmicutes,c__Clostridia,o__Clostridiales,f__Ruminococcaceae,g__,s__
zOTU_4153,k__Bacteria,p__Bacteroidetes,c__Bacteroidia,o__Bacteroidales,f__,g__,s__
zOTU_4155,k__Bacteria,p__Firmicutes,c__Clostridia,o__Clostridiales,f__Ruminococcaceae,g__Ruminococcus,s__
zOTU_4156,k__Bacteria,p__Bacteroidetes,c__Bacteroidia,o__Bacteroidales,f__Rikenellaceae,g__Blvii28,s__
zOTU_4157,k__Bacteria,p__Bacteroidetes,c__Bacteroidia,o__Bacteroidales,f__,g__,s__
zOTU_4158,k__Bacteria,p__Firmicutes,c__Clostridia,o__Clostridiales,f__Ruminococcaceae,g__Oscillospira,s__
zOTU_4159,k__Bacteria,p__Firmicutes,c__Clostridia,o__Clostridiales,f__Lachnospiraceae,g__Butyrivibrio,s__
zOTU_416,k__Bacteria,p__Firmicutes,c__Clostridia,o__Clostridiales,f__Lachnospiraceae,g__,s__
zOTU_4161,k__Bacteria,p__Firmicutes,c__Clostridia,o__Clostridiales,f__[Mogibacteriaceae],g__,s__
zOTU_4162,k__Bacteria,p__Firmicutes,c__Clostridia,o__Clostridiales,f__,g__,s__
zOTU_4163,k__Bacteria,p__Firmicutes,c__Clostridia,o__Clostridiales,f__Lachnospiraceae,g__,s__
zOTU_4164,k__Bacteria,p__Firmicutes,c__Clostridia,o__Clostridiales,f__Lachnospiraceae,g__,s__
zOTU_4165,k__Bacteria,p__Bacteroidetes,c__Bacteroidia,o__Bacteroidales,f__,g__,s__
zOTU_4166,k__Bacteria,p__Bacteroidetes,c__Bacteroidia,o__Bacteroidales,f__[Paraprevotellaceae],g__,s__
zOTU_4167,k__Bacteria,p__Bacteroidetes,c__Bacteroidia,o__Bacteroidales,f__,g__,s__
zOTU_4168,k__Bacteria,p__Firmicutes,c__Clostridia,o__Clostridiales,f__,g__,s__
zOTU_4169,k__Bacteria,p__Bacteroidetes,c__Bacteroidia,o__Bacteroidales,f__Prevotellaceae,g__Prevotella,s__stercorea
zOTU_417,k__Bacteria,p__Bacteroidetes,c__Bacteroidia,o__Bacteroidales,f__[Paraprevotellaceae],g__YRC22,s__
zOTU_4170,k__Bacteria,p__Firmicutes,c__Clostridia,o__Clostridiales,f__Christensenellaceae,g__,s__
zOTU_4171,k__Bacteria,p__Bacteroidetes,c__Bacteroidia,o__Bacteroidales,f__Prevotellaceae,g__Prevotella,s__
zOTU_4172,k__Bacteria,p__Bacteroidetes,c__Bacteroidia,o__Bacteroidales,f__,g__,s__
zOTU_4173,k__Bacteria,p__Bacteroidetes,c__Bacteroidia,o__Bacteroidales,f__,g__,s__
zOTU_4175,k__Bacteria,p__Tenericutes,c__Mollicutes,o__Anaeroplasmatales,f__Anaeroplasmataceae,g__Anaeroplasma,s__
zOTU_4177,k__Bacteria,p__Proteobacteria,c__Gammaproteobacteria,o__Enterobacteriales,f__Enterobacteriaceae,g__Erwinia,s__
zOTU_4178,k__Bacteria,p__Bacteroidetes,c__Bacteroidia,o__Bacteroidales,f__,g__,s__
zOTU_418,k__Bacteria,p__Bacteroidetes,c__Bacteroidia,o__Bacteroidales,f__Prevotellaceae,g__Prevotella,s__
zOTU_4180,k__Bacteria,p__Bacteroidetes,c__Bacteroidia,o__Bacteroidales,f__,g__,s__
zOTU_4181,k__Bacteria,p__Firmicutes,c__Clostridia,o__Clostridiales,f__Christensenellaceae,g__,s__
zOTU_4182,k__Bacteria,p__Bacteroidetes,c__Bacteroidia,o__Bacteroidales,f__Prevotellaceae,g__Prevotella,s__
zOTU_4183,k__Bacteria,p__Firmicutes,c__Clostridia,o__Clostridiales,f__Ruminococcaceae,g__,s__
zOTU_4184,k__Bacteria,p__Firmicutes,c__Clostridia,o__Clostridiales,f__Lachnospiraceae,g__,s__
zOTU_4185,k__Bacteria,p__WPS-2,c__,o__,f__,g__,s__
zOTU_4186,k__Bacteria,p__Firmicutes,c__Clostridia,o__Clostridiales,f__,g__,s__
zOTU_4187,k__Bacteria,p__Bacteroidetes,c__Bacteroidia,o__Bacteroidales,f__Prevotellaceae,g__Prevotella,s__
zOTU_4188,k__Bacteria,p__Bacteroidetes,c__Bacteroidia,o__Bacteroidales,f__Prevotellaceae,g__Prevotella,s__
zOTU_4189,k__Bacteria,p__Firmicutes,c__Clostridia,o__Clostridiales,f__Ruminococcaceae,g__Ruminococcus,s__
zOTU_419,k__Bacteria,p__Firmicutes,c__Clostridia,o__Clostridiales,f__Ruminococcaceae,g__,s__
zOTU_4190,k__Bacteria,p__Firmicutes,c__Clostridia,o__Clostridiales,f__Lachnospiraceae,g__Blautia,s__
zOTU_4191,k__Bacteria,p__Bacteroidetes,c__Bacteroidia,o__Bacteroidales,f__Prevotellaceae,g__Prevotella,s__
zOTU_4192,k__Bacteria,p__Bacteroidetes,c__Bacteroidia,o__Bacteroidales,f__Prevotellaceae,g__Prevotella,s__
zOTU_4193,k__Bacteria,p__Firmicutes,c__Clostridia,o__Clostridiales,f__Clostridiaceae,g__Clostridium,s__
zOTU_4194,k__Bacteria,p__Firmicutes,c__Clostridia,o__Clostridiales,f__Veillonellaceae,g__,s__
zOTU_4195,k__Bacteria,p__Firmicutes,c__Clostridia,o__Clostridiales,f__Veillonellaceae,g__Selenomonas,s__
zOTU_4196,k__Bacteria,p__Bacteroidetes,c__Bacteroidia,o__Bacteroidales,f__[Paraprevotellaceae],g__CF231,s__
zOTU_4197,k__Bacteria,p__Firmicutes,c__Clostridia,o__Clostridiales,f__,g__,s__
zOTU_4198,k__Bacteria,p__Bacteroidetes,c__Bacteroidia,o__Bacteroidales,f__Prevotellaceae,g__Prevotella,s__
zOTU_4199,k__Bacteria,p__Firmicutes,c__Bacilli,o__Lactobacillales,f__Lactobacillaceae,g__Lactobacillus,s__
zOTU_42,k__Bacteria,p__Firmicutes,c__Clostridia,o__Clostridiales,f__Veillonellaceae,g__Succiniclasticum,s__
zOTU_420,k__Bacteria,p__Firmicutes,c__Clostridia,o__Clostridiales,f__Lachnospiraceae,g__Butyrivibrio,s__
zOTU_4200,k__Bacteria,p__Bacteroidetes,c__Bacteroidia,o__Bacteroidales,f__S24-7,g__,s__
zOTU_4201,k__Bacteria,p__Spirochaetes,c__Spirochaetes,o__Spirochaetales,f__Spirochaetaceae,g__Treponema,s__
zOTU_4202,k__Bacteria,p__Bacteroidetes,c__Bacteroidia,o__Bacteroidales,f__Prevotellaceae,g__Prevotella,s__
zOTU_4203,k__Bacteria,p__Proteobacteria,c__Deltaproteobacteria,o__Desulfobacterales,f__Desulfobulbaceae,g__Desulfobulbus,s__
zOTU_4205,k__Bacteria,p__Firmicutes,c__Clostridia,o__Clostridiales,f__Ruminococcaceae,g__,s__
zOTU_4206,k__Bacteria,p__Bacteroidetes,c__Bacteroidia,o__Bacteroidales,f__Prevotellaceae,g__Prevotella,s__
zOTU_4207,k__Bacteria,p__Firmicutes,c__Erysipelotrichi,o__Erysipelotrichales,f__Erysipelotrichaceae,g__Bulleidia,s__
zOTU_4208,k__Bacteria,p__Firmicutes,c__Erysipelotrichi,o__Erysipelotrichales,f__Erysipelotrichaceae,g__p-75-a5,s__
zOTU_4209,k__Bacteria,p__Spirochaetes,c__Spirochaetes,o__Spirochaetales,f__Spirochaetaceae,g__Treponema,s__
zOTU_421,k__Bacteria,p__Bacteroidetes,c__Bacteroidia,o__Bacteroidales,f__,g__,s__
zOTU_4210,k__Bacteria,p__Cyanobacteria,c__4C0d-2,o__YS2,f__,g__,s__
zOTU_4211,k__Bacteria,p__Firmicutes,c__Bacilli,o__Lactobacillales,f__Lactobacillaceae,g__Lactobacillus,s__
zOTU_4212,k__Bacteria,p__Bacteroidetes,c__Bacteroidia,o__Bacteroidales,f__[Paraprevotellaceae],g__Paraprevotella,s__
zOTU_4213,k__Bacteria,p__Bacteroidetes,c__Bacteroidia,o__Bacteroidales,f__Prevotellaceae,g__Prevotella,s__
zOTU_4214,k__Bacteria,p__Bacteroidetes,c__Bacteroidia,o__Bacteroidales,f__Prevotellaceae,g__Prevotella,s__
zOTU_4215,k__Bacteria,p__Bacteroidetes,c__Bacteroidia,o__Bacteroidales,f__Prevotellaceae,g__Prevotella,s__
zOTU_4216,k__Bacteria,p__Bacteroidetes,c__Bacteroidia,o__Bacteroidales,f__[Paraprevotellaceae],,
zOTU_4217,k__Bacteria,p__Bacteroidetes,c__Bacteroidia,o__Bacteroidales,f__Prevotellaceae,g__Prevotella,s__
zOTU_4218,k__Bacteria,p__Tenericutes,c__Mollicutes,o__Mycoplasmatales,f__Mycoplasmataceae,g__,s__
zOTU_422,k__Bacteria,p__Bacteroidetes,c__Bacteroidia,o__Bacteroidales,f__RF16,g__,s__
zOTU_4220,k__Bacteria,p__Firmicutes,c__Clostridia,o__Clostridiales,f__Ruminococcaceae,g__Ruminococcus,s__
zOTU_4221,k__Bacteria,p__Bacteroidetes,c__Bacteroidia,o__Bacteroidales,f__[Paraprevotellaceae],g__CF231,s__
zOTU_4222,k__Bacteria,p__Bacteroidetes,c__Bacteroidia,o__Bacteroidales,f__Prevotellaceae,g__Prevotella,s__
zOTU_4223,k__Bacteria,p__Bacteroidetes,c__Bacteroidia,o__Bacteroidales,f__Prevotellaceae,g__Prevotella,s__
zOTU_4224,k__Bacteria,p__Spirochaetes,c__Spirochaetes,o__Spirochaetales,f__Spirochaetaceae,g__Treponema,s__
zOTU_4225,k__Bacteria,p__Firmicutes,c__Clostridia,o__Clostridiales,f__,g__,s__
zOTU_4226,k__Bacteria,p__Proteobacteria,c__Deltaproteobacteria,o__Desulfobacterales,f__Desulfobulbaceae,g__Desulfobulbus,s__
zOTU_4227,k__Bacteria,p__Firmicutes,c__Clostridia,o__Clostridiales,f__Lachnospiraceae,,
zOTU_4228,k__Bacteria,p__Bacteroidetes,c__Bacteroidia,o__Bacteroidales,f__Prevotellaceae,g__Prevotella,s__
zOTU_4229,k__Bacteria,p__Firmicutes,c__Erysipelotrichi,o__Erysipelotrichales,f__Erysipelotrichaceae,g__p-75-a5,s__
zOTU_4230,k__Bacteria,p__Firmicutes,c__Erysipelotrichi,o__Erysipelotrichales,f__Erysipelotrichaceae,g__RFN20,s__
zOTU_4231,k__Bacteria,p__Fibrobacteres,c__Fibrobacteria,o__Fibrobacterales,f__Fibrobacteraceae,g__Fibrobacter,s__succinogenes
zOTU_4232,k__Bacteria,p__Firmicutes,c__Clostridia,o__Clostridiales,f__Lachnospiraceae,g__,s__
zOTU_4233,k__Bacteria,p__Bacteroidetes,c__Bacteroidia,o__Bacteroidales,f__Prevotellaceae,g__Prevotella,s__
zOTU_4234,k__Bacteria,p__Bacteroidetes,c__Bacteroidia,o__Bacteroidales,f__Prevotellaceae,g__Prevotella,s__
zOTU_4235,k__Bacteria,p__Firmicutes,c__Clostridia,o__Clostridiales,f__[Mogibacteriaceae],g__,s__
zOTU_4236,k__Bacteria,p__Bacteroidetes,c__Bacteroidia,o__Bacteroidales,f__S24-7,g__,s__
zOTU_4237,k__Bacteria,p__Bacteroidetes,c__Bacteroidia,o__Bacteroidales,f__,g__,s__
zOTU_4238,k__Bacteria,p__Firmicutes,c__Clostridia,o__Clostridiales,f__Veillonellaceae,g__,s__
zOTU_4239,k__Bacteria,p__Firmicutes,c__Clostridia,o__Clostridiales,f__,g__,s__
zOTU_424,k__Bacteria,p__Firmicutes,c__Clostridia,o__Clostridiales,f__,g__,s__
zOTU_4240,k__Bacteria,p__Firmicutes,c__Clostridia,o__Clostridiales,f__Ruminococcaceae,g__Ruminococcus,s__
zOTU_4241,k__Bacteria,p__Spirochaetes,c__Spirochaetes,o__Spirochaetales,f__Spirochaetaceae,g__Treponema,s__
zOTU_4242,k__Bacteria,p__Bacteroidetes,c__Bacteroidia,o__Bacteroidales,f__S24-7,g__,s__
zOTU_4244,k__Bacteria,p__Firmicutes,c__Clostridia,o__Clostridiales,f__,g__,s__
zOTU_4245,k__Bacteria,p__Bacteroidetes,c__Bacteroidia,o__Bacteroidales,f__Prevotellaceae,g__Prevotella,s__
zOTU_4246,k__Bacteria,p__Firmicutes,c__Clostridia,o__Clostridiales,f__,g__,s__
zOTU_4247,k__Bacteria,p__Firmicutes,c__Clostridia,o__Clostridiales,f__,g__,s__
zOTU_4248,k__Bacteria,p__Firmicutes,c__Clostridia,o__Clostridiales,f__Lachnospiraceae,g__Coprococcus,s__
zOTU_4249,k__Bacteria,p__Synergistetes,c__Synergistia,o__Synergistales,f__Dethiosulfovibrionaceae,g__TG5,s__
zOTU_425,k__Bacteria,p__Firmicutes,c__Clostridia,o__Clostridiales,f__Veillonellaceae,g__,s__
zOTU_4250,k__Bacteria,p__Bacteroidetes,c__Bacteroidia,o__Bacteroidales,f__[Paraprevotellaceae],g__,s__
zOTU_4251,k__Bacteria,p__Firmicutes,c__Clostridia,o__Clostridiales,f__Ruminococcaceae,g__,s__
zOTU_4252,k__Bacteria,p__Firmicutes,c__Clostridia,o__Clostridiales,f__Ruminococcaceae,g__,s__
zOTU_4253,k__Bacteria,p__Firmicutes,c__Erysipelotrichi,o__Erysipelotrichales,f__Erysipelotrichaceae,g__Bulleidia,s__
zOTU_4254,k__Bacteria,p__Proteobacteria,c__Alphaproteobacteria,o__RF32,f__,g__,s__
zOTU_4255,k__Bacteria,p__Firmicutes,c__Clostridia,o__Clostridiales,f__Ruminococcaceae,g__Ruminococcus,s__
zOTU_4256,k__Bacteria,p__Bacteroidetes,c__Bacteroidia,o__Bacteroidales,f__Prevotellaceae,g__Prevotella,s__
zOTU_4257,k__Bacteria,p__Tenericutes,c__Mollicutes,o__Anaeroplasmatales,f__Anaeroplasmataceae,g__Anaeroplasma,s__
zOTU_4258,k__Bacteria,p__Bacteroidetes,c__Bacteroidia,o__Bacteroidales,f__Prevotellaceae,g__Prevotella,s__
zOTU_4259,k__Bacteria,p__Bacteroidetes,c__Bacteroidia,o__Bacteroidales,f__Prevotellaceae,g__Prevotella,s__
zOTU_426,k__Bacteria,p__Bacteroidetes,c__Bacteroidia,o__Bacteroidales,f__[Paraprevotellaceae],g__YRC22,s__
zOTU_4260,k__Bacteria,p__Bacteroidetes,c__Bacteroidia,o__Bacteroidales,f__,g__,s__
zOTU_4261,k__Bacteria,p__Firmicutes,c__Clostridia,o__Clostridiales,f__Ruminococcaceae,g__,s__
zOTU_4262,k__Bacteria,p__Firmicutes,c__Clostridia,o__Clostridiales,f__,g__,s__
zOTU_4263,k__Bacteria,p__Bacteroidetes,c__Bacteroidia,o__Bacteroidales,f__,g__,s__
zOTU_4264,k__Bacteria,p__Spirochaetes,c__Spirochaetes,o__Spirochaetales,f__Spirochaetaceae,g__Treponema,s__
zOTU_4265,k__Bacteria,p__Proteobacteria,c__Deltaproteobacteria,o__Desulfobacterales,f__Desulfobulbaceae,g__Desulfobulbus,s__
zOTU_4266,k__Bacteria,p__Firmicutes,c__Clostridia,o__Clostridiales,f__Ruminococcaceae,g__,s__
zOTU_4267,k__Bacteria,p__Firmicutes,c__Erysipelotrichi,o__Erysipelotrichales,f__Erysipelotrichaceae,g__RFN20,s__
zOTU_4268,k__Bacteria,p__Firmicutes,c__Erysipelotrichi,o__Erysipelotrichales,f__Erysipelotrichaceae,g__RFN20,s__
zOTU_4269,k__Bacteria,p__Firmicutes,c__Clostridia,o__Clostridiales,f__Ruminococcaceae,g__Ruminococcus,s__
zOTU_427,k__Bacteria,p__Bacteroidetes,c__Bacteroidia,o__Bacteroidales,f__Prevotellaceae,g__Prevotella,s__
zOTU_4270,k__Bacteria,p__Firmicutes,c__Clostridia,o__Clostridiales,f__Lachnospiraceae,g__,s__
zOTU_4271,k__Bacteria,p__Firmicutes,c__Clostridia,o__Clostridiales,f__Ruminococcaceae,g__Ruminococcus,s__
zOTU_4273,k__Bacteria,p__Fibrobacteres,c__Fibrobacteria,o__Fibrobacterales,f__Fibrobacteraceae,g__Fibrobacter,s__succinogenes
zOTU_4274,k__Bacteria,p__Tenericutes,c__Mollicutes,o__Anaeroplasmatales,f__Anaeroplasmataceae,g__Anaeroplasma,s__
zOTU_4275,k__Bacteria,p__Cyanobacteria,c__4C0d-2,o__YS2,f__,g__,s__
zOTU_4277,k__Bacteria,p__Bacteroidetes,c__Bacteroidia,o__Bacteroidales,f__[Paraprevotellaceae],g__CF231,s__
zOTU_4279,k__Bacteria,p__Proteobacteria,c__Gammaproteobacteria,o__Enterobacteriales,f__Enterobacteriaceae,,
zOTU_428,k__Bacteria,p__Bacteroidetes,c__Bacteroidia,o__Bacteroidales,f__Prevotellaceae,g__Prevotella,s__
zOTU_4280,k__Bacteria,p__Proteobacteria,c__Deltaproteobacteria,o__Desulfobacterales,f__Desulfobulbaceae,g__Desulfobulbus,s__
zOTU_4281,k__Bacteria,p__Firmicutes,c__Clostridia,o__Clostridiales,f__,g__,s__
zOTU_4282,k__Bacteria,p__Firmicutes,c__Clostridia,o__Clostridiales,f__Lachnospiraceae,g__,s__
zOTU_4283,k__Bacteria,p__Firmicutes,c__Clostridia,o__Clostridiales,f__,g__,s__
zOTU_4284,k__Bacteria,p__Firmicutes,c__Clostridia,o__Clostridiales,f__Lachnospiraceae,,
zOTU_4285,k__Bacteria,p__Bacteroidetes,c__Bacteroidia,o__Bacteroidales,f__Prevotellaceae,g__Prevotella,s__
zOTU_4286,k__Bacteria,p__Proteobacteria,c__Deltaproteobacteria,o__Desulfovibrionales,f__Desulfovibrionaceae,g__Desulfovibrio,s__D168
zOTU_4288,k__Bacteria,p__Bacteroidetes,c__Bacteroidia,o__Bacteroidales,f__RF16,g__,s__
zOTU_4289,k__Bacteria,p__Proteobacteria,c__Alphaproteobacteria,o__Rickettsiales,f__,g__,s__
zOTU_429,k__Bacteria,p__Bacteroidetes,c__Bacteroidia,o__Bacteroidales,f__Prevotellaceae,g__Prevotella,s__
zOTU_4290,k__Bacteria,p__Firmicutes,c__Clostridia,o__Clostridiales,f__Lachnospiraceae,g__Butyrivibrio,s__
zOTU_4291,k__Bacteria,p__Firmicutes,c__Clostridia,o__Clostridiales,f__Lachnospiraceae,g__,s__
zOTU_4292,k__Bacteria,p__Chloroflexi,c__Anaerolineae,o__Anaerolineales,f__Anaerolinaceae,g__SHD-231,s__
zOTU_4293,k__Bacteria,p__Proteobacteria,c__Gammaproteobacteria,o__Xanthomonadales,f__Xanthomonadaceae,g__,s__
zOTU_4294,k__Bacteria,p__Bacteroidetes,c__Bacteroidia,o__Bacteroidales,f__,g__,s__
zOTU_4295,k__Bacteria,p__Firmicutes,c__Clostridia,o__Clostridiales,f__,g__,s__
zOTU_4296,k__Bacteria,p__Bacteroidetes,c__Bacteroidia,o__Bacteroidales,f__S24-7,g__,s__
zOTU_4297,k__Bacteria,p__Firmicutes,c__Clostridia,o__Clostridiales,f__Ruminococcaceae,g__Ruminococcus,s__
zOTU_4298,k__Bacteria,p__Firmicutes,c__Clostridia,o__Clostridiales,f__Ruminococcaceae,g__,s__
zOTU_4299,k__Bacteria,p__Firmicutes,c__Clostridia,o__Clostridiales,f__Clostridiaceae,g__,s__
zOTU_43,k__Bacteria,p__Firmicutes,c__Clostridia,o__Clostridiales,f__,g__,s__
zOTU_430,k__Bacteria,p__Firmicutes,c__Clostridia,o__Clostridiales,f__Ruminococcaceae,g__Ruminococcus,s__
zOTU_4300,k__Bacteria,p__Cyanobacteria,c__4C0d-2,o__YS2,f__,g__,s__
zOTU_4301,k__Bacteria,p__Bacteroidetes,c__Bacteroidia,o__Bacteroidales,f__Prevotellaceae,g__Prevotella,s__
zOTU_4303,k__Bacteria,p__Bacteroidetes,c__Bacteroidia,o__Bacteroidales,f__Prevotellaceae,g__Prevotella,s__
zOTU_4304,k__Bacteria,p__Firmicutes,c__Clostridia,o__Clostridiales,f__[Mogibacteriaceae],g__Anaerovorax,s__
zOTU_4305,k__Bacteria,p__Firmicutes,c__Clostridia,o__Clostridiales,f__Ruminococcaceae,g__,s__
zOTU_4306,k__Bacteria,p__Bacteroidetes,c__Bacteroidia,o__Bacteroidales,f__Prevotellaceae,g__Prevotella,s__
zOTU_4307,k__Bacteria,p__Bacteroidetes,c__Bacteroidia,o__Bacteroidales,f__Prevotellaceae,g__Prevotella,s__copri
zOTU_4308,k__Bacteria,p__Firmicutes,c__Clostridia,o__Clostridiales,f__Lachnospiraceae,g__,s__
zOTU_4309,k__Bacteria,p__Firmicutes,c__Clostridia,o__Clostridiales,f__Lachnospiraceae,g__Butyrivibrio,s__
zOTU_431,k__Bacteria,p__Firmicutes,c__Clostridia,o__Clostridiales,f__Clostridiaceae,g__Clostridium,s__
zOTU_4311,k__Bacteria,p__Cyanobacteria,c__4C0d-2,o__YS2,f__,g__,s__
zOTU_4312,k__Bacteria,p__Bacteroidetes,c__Bacteroidia,o__Bacteroidales,f__Prevotellaceae,g__Prevotella,s__
zOTU_4314,k__Bacteria,p__Firmicutes,c__Clostridia,o__Clostridiales,f__Ruminococcaceae,g__Ruminococcus,s__
zOTU_4315,k__Bacteria,p__Bacteroidetes,c__Bacteroidia,o__Bacteroidales,f__Prevotellaceae,g__Prevotella,s__
zOTU_4316,k__Bacteria,p__Bacteroidetes,c__Bacteroidia,o__Bacteroidales,f__Prevotellaceae,g__Prevotella,s__
zOTU_4317,k__Bacteria,p__Firmicutes,c__Clostridia,o__Clostridiales,,,
zOTU_4318,k__Bacteria,p__Firmicutes,c__Clostridia,o__Clostridiales,f__Ruminococcaceae,g__Ruminococcus,s__
zOTU_4319,k__Bacteria,p__Firmicutes,c__Bacilli,o__Lactobacillales,f__Lactobacillaceae,g__Lactobacillus,s__
zOTU_432,k__Bacteria,p__Firmicutes,c__Clostridia,o__Clostridiales,f__Lachnospiraceae,g__,s__
zOTU_4321,k__Bacteria,p__Bacteroidetes,c__Bacteroidia,o__Bacteroidales,f__BS11,g__,s__
zOTU_4322,k__Bacteria,p__Bacteroidetes,c__Bacteroidia,o__Bacteroidales,f__[Paraprevotellaceae],g__CF231,s__
zOTU_4323,k__Bacteria,p__Bacteroidetes,c__Bacteroidia,o__Bacteroidales,f__,g__,s__
zOTU_4324,k__Bacteria,p__Bacteroidetes,c__Bacteroidia,o__Bacteroidales,f__Prevotellaceae,g__Prevotella,s__
zOTU_4325,k__Bacteria,p__Bacteroidetes,c__Bacteroidia,o__Bacteroidales,f__RF16,g__,s__
zOTU_4326,k__Bacteria,p__Bacteroidetes,c__Bacteroidia,o__Bacteroidales,f__Prevotellaceae,g__Prevotella,s__
zOTU_4327,k__Bacteria,p__Firmicutes,c__Clostridia,o__Clostridiales,f__Ruminococcaceae,g__,s__
zOTU_4328,k__Bacteria,p__Actinobacteria,c__Actinobacteria,o__Actinomycetales,f__Microbacteriaceae,g__,s__
zOTU_4329,k__Bacteria,p__Bacteroidetes,c__Bacteroidia,o__Bacteroidales,f__,g__,s__
zOTU_433,k__Bacteria,p__Bacteroidetes,c__Bacteroidia,o__Bacteroidales,f__Prevotellaceae,g__Prevotella,s__
zOTU_4331,k__Bacteria,p__Spirochaetes,c__Spirochaetes,o__Spirochaetales,f__Spirochaetaceae,g__Treponema,s__
zOTU_4332,k__Bacteria,p__Firmicutes,c__Clostridia,o__Clostridiales,f__Lachnospiraceae,g__Moryella,s__
zOTU_4333,k__Bacteria,p__Firmicutes,c__Clostridia,o__Clostridiales,f__Ruminococcaceae,g__Ruminococcus,s__
zOTU_4334,k__Bacteria,p__Firmicutes,c__Clostridia,o__Clostridiales,f__Veillonellaceae,g__Schwartzia,s__
zOTU_4335,k__Bacteria,p__Firmicutes,c__Clostridia,o__Clostridiales,f__Ruminococcaceae,g__Ruminococcus,s__
zOTU_4336,k__Bacteria,p__Firmicutes,c__Clostridia,o__Clostridiales,f__Veillonellaceae,g__,s__
zOTU_4337,k__Bacteria,p__Bacteroidetes,c__Bacteroidia,o__Bacteroidales,f__BS11,g__,s__
zOTU_4338,k__Bacteria,p__Firmicutes,c__Clostridia,o__Clostridiales,f__Ruminococcaceae,g__,s__
zOTU_4339,k__Bacteria,p__Firmicutes,c__Clostridia,o__Clostridiales,f__Ruminococcaceae,g__Ruminococcus,s__
zOTU_434,k__Bacteria,p__Bacteroidetes,c__Bacteroidia,o__Bacteroidales,f__Prevotellaceae,g__Prevotella,s__
zOTU_4340,k__Bacteria,p__Bacteroidetes,c__Bacteroidia,o__Bacteroidales,f__Prevotellaceae,g__Prevotella,s__
zOTU_4341,k__Bacteria,p__Firmicutes,c__Clostridia,o__Clostridiales,f__Ruminococcaceae,g__,s__
zOTU_4342,k__Bacteria,p__Firmicutes,c__Clostridia,o__Clostridiales,f__Ruminococcaceae,g__,s__
zOTU_4343,k__Bacteria,p__Firmicutes,c__Clostridia,o__Clostridiales,f__,g__,s__
zOTU_4344,k__Bacteria,p__Bacteroidetes,c__Bacteroidia,o__Bacteroidales,f__Prevotellaceae,g__Prevotella,s__
zOTU_4345,k__Bacteria,p__Firmicutes,c__Erysipelotrichi,o__Erysipelotrichales,f__Erysipelotrichaceae,g__p-75-a5,s__
zOTU_4347,k__Bacteria,p__Tenericutes,c__Mollicutes,o__Acholeplasmatales,f__,g__,s__
zOTU_4348,k__Bacteria,p__Actinobacteria,c__Actinobacteria,o__Actinomycetales,f__Microbacteriaceae,g__Microbacterium,s__
zOTU_4349,k__Bacteria,p__Fibrobacteres,c__Fibrobacteria,o__Fibrobacterales,f__Fibrobacteraceae,g__Fibrobacter,s__
zOTU_435,k__Bacteria,p__Firmicutes,c__Clostridia,o__Clostridiales,f__Lachnospiraceae,g__Butyrivibrio,s__
zOTU_4350,k__Bacteria,p__Bacteroidetes,c__Bacteroidia,o__Bacteroidales,f__S24-7,g__,s__
zOTU_4351,k__Bacteria,p__Bacteroidetes,c__Bacteroidia,o__Bacteroidales,f__,g__,s__
zOTU_4352,k__Bacteria,p__Bacteroidetes,c__Bacteroidia,o__Bacteroidales,f__Prevotellaceae,g__Prevotella,s__
zOTU_4353,k__Bacteria,p__Firmicutes,c__Clostridia,o__Clostridiales,f__Lachnospiraceae,g__Butyrivibrio,s__
zOTU_4354,k__Bacteria,p__Bacteroidetes,c__Bacteroidia,o__Bacteroidales,f__Prevotellaceae,g__Prevotella,s__
zOTU_4355,k__Bacteria,p__Bacteroidetes,c__Bacteroidia,o__Bacteroidales,f__,g__,s__
zOTU_4356,k__Bacteria,p__Firmicutes,c__Clostridia,o__Clostridiales,f__Ruminococcaceae,g__,s__
zOTU_4357,k__Bacteria,p__Fibrobacteres,c__Fibrobacteria,o__Fibrobacterales,f__Fibrobacteraceae,g__Fibrobacter,s__succinogenes
zOTU_4358,k__Bacteria,p__Firmicutes,c__Clostridia,o__Clostridiales,f__Lachnospiraceae,g__,s__
zOTU_4359,k__Bacteria,p__Proteobacteria,c__Alphaproteobacteria,o__Rickettsiales,f__Pelagibacteraceae,g__,s__
zOTU_436,k__Bacteria,p__Firmicutes,c__Clostridia,o__Clostridiales,f__Veillonellaceae,g__Selenomonas,s__ruminantium
zOTU_4360,k__Bacteria,p__Bacteroidetes,c__Bacteroidia,o__Bacteroidales,f__[Paraprevotellaceae],g__YRC22,s__
zOTU_4361,k__Bacteria,p__Bacteroidetes,c__Bacteroidia,o__Bacteroidales,f__Prevotellaceae,g__Prevotella,s__
zOTU_4363,k__Bacteria,p__GN02,c__BD1-5,o__,f__,g__,s__
zOTU_4364,k__Bacteria,p__Cyanobacteria,c__4C0d-2,o__YS2,f__,g__,s__
zOTU_4366,k__Bacteria,p__Bacteroidetes,c__Bacteroidia,o__Bacteroidales,f__Prevotellaceae,g__Prevotella,s__
zOTU_4367,k__Bacteria,p__Bacteroidetes,c__Bacteroidia,o__Bacteroidales,f__,g__,s__
zOTU_4369,k__Bacteria,p__Bacteroidetes,c__Bacteroidia,o__Bacteroidales,f__Prevotellaceae,g__Prevotella,s__
zOTU_437,k__Bacteria,p__Firmicutes,c__Clostridia,o__Clostridiales,f__,g__,s__
zOTU_4370,k__Bacteria,p__Firmicutes,c__Erysipelotrichi,o__Erysipelotrichales,f__Erysipelotrichaceae,g__RFN20,s__
zOTU_4371,k__Bacteria,p__Proteobacteria,c__Deltaproteobacteria,o__GMD14H09,f__,g__,s__
zOTU_4373,k__Bacteria,p__Firmicutes,c__Clostridia,o__Clostridiales,f__Lachnospiraceae,g__,s__
zOTU_4374,k__Bacteria,p__Firmicutes,c__Clostridia,o__Clostridiales,f__,g__,s__
zOTU_4376,k__Bacteria,p__Actinobacteria,c__Coriobacteriia,o__Coriobacteriales,f__Coriobacteriaceae,g__,s__
zOTU_4377,k__Bacteria,p__Firmicutes,c__Erysipelotrichi,o__Erysipelotrichales,f__Erysipelotrichaceae,g__RFN20,s__
zOTU_4378,k__Bacteria,p__Chloroflexi,c__Anaerolineae,o__Anaerolineales,f__Anaerolinaceae,g__SHD-231,s__
zOTU_4379,k__Bacteria,p__Bacteroidetes,c__Bacteroidia,o__Bacteroidales,f__Prevotellaceae,g__Prevotella,s__
zOTU_438,k__Bacteria,p__Firmicutes,c__Clostridia,o__Clostridiales,f__Lachnospiraceae,,
zOTU_4380,k__Bacteria,p__Bacteroidetes,c__Bacteroidia,o__Bacteroidales,f__BS11,g__,s__
zOTU_4381,k__Bacteria,p__Bacteroidetes,c__Bacteroidia,o__Bacteroidales,f__Prevotellaceae,g__Prevotella,s__
zOTU_4382,k__Bacteria,p__Bacteroidetes,c__Bacteroidia,o__Bacteroidales,f__Prevotellaceae,g__Prevotella,s__
zOTU_4383,k__Bacteria,p__Bacteroidetes,c__Bacteroidia,o__Bacteroidales,f__RF16,g__,s__
zOTU_4384,k__Bacteria,p__Bacteroidetes,c__Bacteroidia,o__Bacteroidales,f__Prevotellaceae,g__Prevotella,s__
zOTU_4386,k__Bacteria,p__Proteobacteria,c__Deltaproteobacteria,o__GMD14H09,f__,g__,s__
zOTU_4387,k__Bacteria,p__Bacteroidetes,c__Bacteroidia,o__Bacteroidales,f__Prevotellaceae,g__Prevotella,s__copri
zOTU_4388,k__Bacteria,p__Firmicutes,c__Clostridia,o__Clostridiales,f__,g__,s__
zOTU_4389,k__Bacteria,p__Bacteroidetes,c__Bacteroidia,o__Bacteroidales,f__S24-7,g__,s__
zOTU_439,k__Bacteria,p__Bacteroidetes,c__Bacteroidia,o__Bacteroidales,f__Prevotellaceae,g__Prevotella,s__
zOTU_4390,k__Bacteria,p__Bacteroidetes,c__Bacteroidia,o__Bacteroidales,f__Prevotellaceae,g__Prevotella,s__
zOTU_4392,k__Bacteria,p__Firmicutes,c__Clostridia,o__Clostridiales,f__Ruminococcaceae,g__,s__
zOTU_4393,k__Bacteria,p__Firmicutes,c__Clostridia,o__Clostridiales,f__Veillonellaceae,g__Selenomonas,s__ruminantium
zOTU_4394,k__Bacteria,p__Actinobacteria,c__MB-A2-108,o__0319-7L14,f__,g__,s__
zOTU_4395,k__Bacteria,p__Bacteroidetes,c__Bacteroidia,o__Bacteroidales,f__Prevotellaceae,g__Prevotella,s__
zOTU_4396,k__Bacteria,p__Spirochaetes,c__Spirochaetes,o__Spirochaetales,f__Spirochaetaceae,g__Treponema,s__
zOTU_4397,k__Bacteria,p__Firmicutes,c__Erysipelotrichi,o__Erysipelotrichales,f__Erysipelotrichaceae,g__Bulleidia,s__
zOTU_4398,k__Bacteria,p__Firmicutes,c__Clostridia,o__Clostridiales,f__Ruminococcaceae,g__,s__
zOTU_4399,k__Bacteria,p__Bacteroidetes,c__Bacteroidia,o__Bacteroidales,f__Prevotellaceae,g__Prevotella,s__
zOTU_44,k__Bacteria,p__Firmicutes,c__Clostridia,o__Clostridiales,f__Lachnospiraceae,g__,s__
zOTU_440,k__Bacteria,p__Firmicutes,c__Clostridia,o__Clostridiales,f__Ruminococcaceae,g__Ruminococcus,s__
zOTU_4400,k__Bacteria,p__Bacteroidetes,c__Bacteroidia,o__Bacteroidales,f__Prevotellaceae,g__Prevotella,s__
zOTU_4401,k__Bacteria,p__Spirochaetes,c__Spirochaetes,o__Spirochaetales,f__Spirochaetaceae,g__Treponema,s__
zOTU_4402,k__Bacteria,p__Actinobacteria,c__Coriobacteriia,o__Coriobacteriales,f__Coriobacteriaceae,g__Adlercreutzia,s__
zOTU_4404,k__Bacteria,p__Firmicutes,c__Clostridia,o__Clostridiales,f__Christensenellaceae,g__,s__
zOTU_4405,k__Bacteria,p__Spirochaetes,c__Spirochaetes,o__Spirochaetales,f__Spirochaetaceae,g__Treponema,s__
zOTU_4406,k__Bacteria,p__Bacteroidetes,c__Bacteroidia,o__Bacteroidales,f__Prevotellaceae,g__Prevotella,s__
zOTU_4407,k__Bacteria,p__Firmicutes,c__Clostridia,o__Clostridiales,f__Lachnospiraceae,g__,s__
zOTU_4408,k__Bacteria,p__Bacteroidetes,c__Bacteroidia,o__Bacteroidales,f__,g__,s__
zOTU_4409,k__Bacteria,p__Bacteroidetes,c__Bacteroidia,o__Bacteroidales,f__Prevotellaceae,g__Prevotella,s__
zOTU_441,k__Bacteria,p__Firmicutes,c__Clostridia,o__Clostridiales,f__,g__,s__
zOTU_4410,k__Bacteria,p__Firmicutes,c__Clostridia,o__Clostridiales,f__Ruminococcaceae,g__,s__
zOTU_4411,k__Bacteria,p__Proteobacteria,c__Alphaproteobacteria,o__Rickettsiales,f__,g__,s__
zOTU_4414,k__Bacteria,p__Firmicutes,c__Clostridia,o__Clostridiales,f__[Mogibacteriaceae],g__Mogibacterium,s__
zOTU_4415,k__Bacteria,p__Bacteroidetes,c__Bacteroidia,o__Bacteroidales,f__,g__,s__
zOTU_4416,k__Bacteria,p__Firmicutes,c__Clostridia,o__Clostridiales,f__Ruminococcaceae,g__,s__
zOTU_4417,k__Bacteria,p__Bacteroidetes,c__Bacteroidia,o__Bacteroidales,f__[Paraprevotellaceae],g__CF231,s__
zOTU_4418,k__Bacteria,p__Proteobacteria,c__Gammaproteobacteria,o__Aeromonadales,f__Succinivibrionaceae,,
zOTU_4419,k__Bacteria,p__Firmicutes,c__Clostridia,o__Clostridiales,,,
zOTU_442,k__Bacteria,p__Bacteroidetes,c__Bacteroidia,o__Bacteroidales,f__Prevotellaceae,g__Prevotella,s__
zOTU_4420,k__Bacteria,p__Bacteroidetes,c__Bacteroidia,o__Bacteroidales,f__Prevotellaceae,g__Prevotella,s__
zOTU_4421,k__Bacteria,p__Spirochaetes,c__Spirochaetes,o__Spirochaetales,f__Spirochaetaceae,g__Treponema,s__
zOTU_4422,k__Bacteria,p__Firmicutes,c__Clostridia,o__Clostridiales,f__,g__,s__
zOTU_4423,k__Bacteria,p__Bacteroidetes,c__Bacteroidia,o__Bacteroidales,f__Bacteroidaceae,g__BF311,s__
zOTU_4424,k__Bacteria,p__Bacteroidetes,c__Bacteroidia,o__Bacteroidales,f__[Paraprevotellaceae],g__CF231,s__
zOTU_4425,k__Bacteria,p__Firmicutes,c__Bacilli,o__Lactobacillales,f__Lactobacillaceae,g__Lactobacillus,s__
zOTU_4426,k__Bacteria,p__Firmicutes,c__Clostridia,o__Clostridiales,f__Lachnospiraceae,g__Butyrivibrio,s__
zOTU_4427,k__Bacteria,p__Firmicutes,c__Clostridia,o__Clostridiales,f__,g__,s__
zOTU_4428,k__Bacteria,p__Firmicutes,c__Clostridia,o__Clostridiales,f__Ruminococcaceae,g__,s__
zOTU_4429,k__Bacteria,p__Bacteroidetes,c__Bacteroidia,o__Bacteroidales,f__[Paraprevotellaceae],g__YRC22,s__
zOTU_443,k__Bacteria,p__Firmicutes,c__Clostridia,o__Clostridiales,f__[Mogibacteriaceae],g__,s__
zOTU_4430,k__Bacteria,p__Bacteroidetes,c__Bacteroidia,o__Bacteroidales,f__Prevotellaceae,g__Prevotella,s__
zOTU_4431,k__Bacteria,p__Bacteroidetes,c__Bacteroidia,o__Bacteroidales,f__Prevotellaceae,g__Prevotella,s__
zOTU_4432,k__Bacteria,p__Firmicutes,c__Clostridia,o__Clostridiales,f__Ruminococcaceae,g__,s__
zOTU_4433,k__Bacteria,p__Firmicutes,c__Clostridia,o__Clostridiales,f__Ruminococcaceae,g__,s__
zOTU_4434,k__Bacteria,p__Spirochaetes,c__Spirochaetes,o__Spirochaetales,f__Spirochaetaceae,g__Treponema,s__
zOTU_4436,k__Bacteria,p__Bacteroidetes,c__Bacteroidia,o__Bacteroidales,f__Prevotellaceae,g__Prevotella,s__
zOTU_4438,k__Bacteria,p__Bacteroidetes,c__Bacteroidia,o__Bacteroidales,f__[Paraprevotellaceae],g__YRC22,s__
zOTU_4439,k__Bacteria,p__Firmicutes,c__Clostridia,o__Clostridiales,f__Ruminococcaceae,g__,s__
zOTU_444,k__Bacteria,p__Bacteroidetes,c__Bacteroidia,o__Bacteroidales,f__S24-7,g__,s__
zOTU_4440,k__Bacteria,p__Bacteroidetes,c__Bacteroidia,o__Bacteroidales,f__[Paraprevotellaceae],g__,s__
zOTU_4441,k__Bacteria,p__Firmicutes,c__Clostridia,o__Clostridiales,f__Clostridiaceae,g__,s__
zOTU_4442,k__Bacteria,p__Bacteroidetes,c__Bacteroidia,o__Bacteroidales,f__Prevotellaceae,g__Prevotella,s__
zOTU_4443,k__Bacteria,p__Firmicutes,c__Clostridia,o__Clostridiales,f__Ruminococcaceae,g__Ruminococcus,s__
zOTU_4444,k__Bacteria,p__Firmicutes,c__Clostridia,o__Clostridiales,f__Lachnospiraceae,g__Moryella,s__
zOTU_4445,k__Bacteria,p__Proteobacteria,c__Deltaproteobacteria,o__Desulfovibrionales,f__Desulfovibrionaceae,g__Desulfovibrio,s__
zOTU_4446,k__Bacteria,p__Firmicutes,c__Clostridia,o__Clostridiales,f__,g__,s__
zOTU_4447,k__Bacteria,p__Firmicutes,c__Clostridia,o__Clostridiales,f__Ruminococcaceae,g__Ruminococcus,s__
zOTU_4448,k__Bacteria,p__Bacteroidetes,c__Bacteroidia,o__Bacteroidales,f__[Paraprevotellaceae],g__Paraprevotella,s__
zOTU_4449,k__Bacteria,p__Bacteroidetes,c__Bacteroidia,o__Bacteroidales,f__Prevotellaceae,g__Prevotella,s__
zOTU_445,k__Bacteria,p__Bacteroidetes,c__Bacteroidia,o__Bacteroidales,f__Prevotellaceae,g__Prevotella,s__
zOTU_4450,k__Bacteria,p__Firmicutes,c__Clostridia,o__Clostridiales,f__Ruminococcaceae,g__,s__
zOTU_4451,k__Bacteria,p__Bacteroidetes,c__Bacteroidia,o__Bacteroidales,f__Prevotellaceae,g__Prevotella,s__
zOTU_4453,k__Bacteria,p__Bacteroidetes,c__Bacteroidia,o__Bacteroidales,f__Porphyromonadaceae,g__Parabacteroides,s__
zOTU_4454,k__Bacteria,p__Firmicutes,c__Clostridia,o__Clostridiales,f__,g__,s__
zOTU_4455,k__Bacteria,p__Bacteroidetes,c__Bacteroidia,o__Bacteroidales,f__Prevotellaceae,g__Prevotella,s__
zOTU_4456,k__Bacteria,p__Firmicutes,c__Bacilli,o__Lactobacillales,f__Lactobacillaceae,g__Pediococcus,
zOTU_4457,k__Bacteria,p__Bacteroidetes,c__Bacteroidia,o__Bacteroidales,f__,g__,s__
zOTU_4458,k__Bacteria,p__Proteobacteria,c__Gammaproteobacteria,o__Enterobacteriales,f__Enterobacteriaceae,g__Erwinia,s__
zOTU_4459,k__Bacteria,p__Cyanobacteria,c__4C0d-2,o__YS2,f__,g__,s__
zOTU_446,k__Bacteria,p__Bacteroidetes,c__Bacteroidia,o__Bacteroidales,f__Prevotellaceae,g__Prevotella,s__
zOTU_4460,k__Bacteria,p__Firmicutes,c__Clostridia,o__Clostridiales,f__Veillonellaceae,g__,s__
zOTU_4461,k__Bacteria,p__Actinobacteria,c__Coriobacteriia,o__Coriobacteriales,f__Coriobacteriaceae,g__Collinsella,s__
zOTU_4462,k__Bacteria,p__Actinobacteria,c__Actinobacteria,o__Actinomycetales,f__Micrococcaceae,g__Kocuria,s__rhizophila
zOTU_4463,k__Bacteria,p__Fibrobacteres,c__Fibrobacteria,o__Fibrobacterales,f__Fibrobacteraceae,g__Fibrobacter,s__
zOTU_4464,k__Bacteria,p__Bacteroidetes,c__Bacteroidia,o__Bacteroidales,f__,g__,s__
zOTU_4465,k__Bacteria,p__Firmicutes,c__Clostridia,o__Clostridiales,f__Ruminococcaceae,g__,s__
zOTU_4466,k__Bacteria,p__Firmicutes,c__Clostridia,o__Clostridiales,f__Lachnospiraceae,g__Anaerostipes,s__
zOTU_4467,k__Bacteria,p__Bacteroidetes,c__Bacteroidia,o__Bacteroidales,f__Prevotellaceae,g__Prevotella,s__
zOTU_4468,k__Bacteria,p__Bacteroidetes,c__Bacteroidia,o__Bacteroidales,f__,g__,s__
zOTU_4469,k__Bacteria,p__Bacteroidetes,c__Bacteroidia,o__Bacteroidales,f__Prevotellaceae,g__Prevotella,s__
zOTU_447,k__Bacteria,p__Bacteroidetes,c__Bacteroidia,o__Bacteroidales,f__Prevotellaceae,g__Prevotella,s__
zOTU_4470,k__Bacteria,p__Bacteroidetes,c__Bacteroidia,o__Bacteroidales,f__Prevotellaceae,g__Prevotella,s__
zOTU_4471,k__Bacteria,p__Firmicutes,c__Clostridia,o__Clostridiales,f__Ruminococcaceae,g__,s__
zOTU_4472,k__Bacteria,p__Bacteroidetes,c__Bacteroidia,o__Bacteroidales,f__Prevotellaceae,g__Prevotella,s__
zOTU_4473,k__Bacteria,p__Bacteroidetes,c__Bacteroidia,o__Bacteroidales,f__Prevotellaceae,g__Prevotella,s__
zOTU_4475,k__Bacteria,p__Firmicutes,c__Clostridia,o__Clostridiales,f__Lachnospiraceae,,
zOTU_4476,k__Bacteria,p__Bacteroidetes,c__Bacteroidia,o__Bacteroidales,f__Prevotellaceae,g__Prevotella,s__
zOTU_4477,k__Bacteria,p__Bacteroidetes,c__Bacteroidia,o__Bacteroidales,f__Prevotellaceae,g__Prevotella,s__
zOTU_4478,k__Bacteria,p__Bacteroidetes,c__Bacteroidia,o__Bacteroidales,f__BS11,g__,s__
zOTU_4479,k__Bacteria,p__Firmicutes,c__Clostridia,o__Clostridiales,f__Lachnospiraceae,,
zOTU_448,k__Bacteria,p__Firmicutes,c__Clostridia,o__Clostridiales,f__Lachnospiraceae,g__Butyrivibrio,s__
zOTU_4480,k__Bacteria,p__Firmicutes,c__Clostridia,o__Clostridiales,f__Lachnospiraceae,g__Butyrivibrio,s__
zOTU_4481,k__Bacteria,p__Bacteroidetes,c__Bacteroidia,o__Bacteroidales,f__,g__,s__
zOTU_4482,k__Bacteria,p__Actinobacteria,c__Actinobacteria,o__Actinomycetales,f__Corynebacteriaceae,g__Corynebacterium,s__
zOTU_4483,k__Bacteria,p__Bacteroidetes,c__Bacteroidia,o__Bacteroidales,f__S24-7,g__,s__
zOTU_4484,k__Bacteria,p__Fibrobacteres,c__Fibrobacteria,o__Fibrobacterales,f__Fibrobacteraceae,g__Fibrobacter,s__succinogenes
zOTU_4485,k__Bacteria,p__Bacteroidetes,c__Bacteroidia,o__Bacteroidales,f__,g__,s__
zOTU_4486,k__Bacteria,p__Firmicutes,c__Erysipelotrichi,o__Erysipelotrichales,f__Erysipelotrichaceae,g__RFN20,s__
zOTU_4488,k__Bacteria,p__Bacteroidetes,c__Bacteroidia,o__Bacteroidales,f__Prevotellaceae,g__Prevotella,s__
zOTU_4489,k__Bacteria,p__Firmicutes,c__Clostridia,o__Clostridiales,f__Lachnospiraceae,g__,s__
zOTU_449,k__Bacteria,p__Firmicutes,c__Clostridia,o__Clostridiales,f__Ruminococcaceae,g__Ruminococcus,s__
zOTU_4490,k__Bacteria,p__Actinobacteria,c__Actinobacteria,o__Actinomycetales,f__Actinomycetaceae,g__,s__
zOTU_4491,k__Bacteria,p__Bacteroidetes,c__Bacteroidia,o__Bacteroidales,f__Prevotellaceae,g__Prevotella,s__
zOTU_4492,k__Bacteria,p__Spirochaetes,c__Spirochaetes,o__Spirochaetales,f__Spirochaetaceae,g__Treponema,s__
zOTU_4493,k__Bacteria,p__Bacteroidetes,c__Bacteroidia,o__Bacteroidales,f__S24-7,g__,s__
zOTU_4494,k__Bacteria,p__Cyanobacteria,c__4C0d-2,o__YS2,f__,g__,s__
zOTU_4495,k__Bacteria,p__Firmicutes,c__Clostridia,o__Clostridiales,f__Veillonellaceae,g__Selenomonas,s__
zOTU_4496,k__Bacteria,p__Bacteroidetes,c__Bacteroidia,o__Bacteroidales,f__Prevotellaceae,g__Prevotella,s__
zOTU_4497,k__Bacteria,p__Bacteroidetes,c__Bacteroidia,o__Bacteroidales,f__Prevotellaceae,g__Prevotella,s__
zOTU_4498,k__Bacteria,p__Bacteroidetes,c__Bacteroidia,o__Bacteroidales,f__Prevotellaceae,g__Prevotella,s__
zOTU_4499,k__Bacteria,p__Bacteroidetes,c__Bacteroidia,o__Bacteroidales,f__Prevotellaceae,g__Prevotella,s__
zOTU_45,k__Bacteria,p__Bacteroidetes,c__Bacteroidia,o__Bacteroidales,f__Prevotellaceae,g__Prevotella,s__
zOTU_450,k__Bacteria,p__Firmicutes,c__Clostridia,o__Clostridiales,f__Ruminococcaceae,g__Oscillospira,s__
zOTU_4500,k__Bacteria,p__Bacteroidetes,c__Bacteroidia,o__Bacteroidales,f__,g__,s__
zOTU_4501,k__Bacteria,p__Bacteroidetes,c__Bacteroidia,o__Bacteroidales,f__Prevotellaceae,g__Prevotella,s__
zOTU_4502,k__Bacteria,p__Tenericutes,c__Mollicutes,o__Anaeroplasmatales,f__Anaeroplasmataceae,g__Anaeroplasma,s__
zOTU_4503,k__Bacteria,p__Firmicutes,c__Clostridia,o__Clostridiales,f__Ruminococcaceae,g__Oscillospira,s__
zOTU_4504,k__Bacteria,p__Bacteroidetes,c__Bacteroidia,o__Bacteroidales,f__Prevotellaceae,g__Prevotella,s__
zOTU_4505,k__Bacteria,p__Actinobacteria,c__Actinobacteria,o__Actinomycetales,f__Microbacteriaceae,g__,s__
zOTU_4506,k__Bacteria,p__Firmicutes,c__Clostridia,o__Clostridiales,f__Ruminococcaceae,g__,s__
zOTU_4507,k__Bacteria,p__Bacteroidetes,c__Bacteroidia,o__Bacteroidales,f__Prevotellaceae,g__Prevotella,s__
zOTU_4508,k__Bacteria,p__Firmicutes,c__Clostridia,o__Clostridiales,f__Lachnospiraceae,g__,s__
zOTU_4509,k__Bacteria,p__Firmicutes,c__Clostridia,o__Clostridiales,f__Ruminococcaceae,g__Ruminococcus,s__
zOTU_451,k__Bacteria,p__Firmicutes,c__Clostridia,o__Clostridiales,f__,g__,s__
zOTU_4510,k__Bacteria,p__Bacteroidetes,c__Bacteroidia,o__Bacteroidales,f__Prevotellaceae,g__Prevotella,s__
zOTU_4511,k__Bacteria,p__Bacteroidetes,c__Bacteroidia,o__Bacteroidales,f__,g__,s__
zOTU_4512,k__Bacteria,p__Spirochaetes,c__Spirochaetes,o__Spirochaetales,f__Spirochaetaceae,g__Treponema,s__
zOTU_4513,k__Bacteria,p__Bacteroidetes,c__Bacteroidia,o__Bacteroidales,f__Prevotellaceae,g__Prevotella,s__
zOTU_4514,k__Bacteria,p__Firmicutes,c__Clostridia,o__Clostridiales,f__Ruminococcaceae,g__,s__
zOTU_4515,k__Bacteria,p__Firmicutes,c__Clostridia,o__Clostridiales,f__[Mogibacteriaceae],g__,s__
zOTU_4516,k__Bacteria,p__Firmicutes,c__Clostridia,o__Clostridiales,f__Lachnospiraceae,g__,s__
zOTU_4517,k__Bacteria,p__Firmicutes,c__Clostridia,o__Clostridiales,f__Ruminococcaceae,g__,s__
zOTU_4518,k__Bacteria,p__Firmicutes,c__Clostridia,o__Clostridiales,f__Syntrophomonadaceae,g__Syntrophomonas,s__
zOTU_4519,k__Bacteria,p__Firmicutes,c__Clostridia,o__Clostridiales,f__Ruminococcaceae,g__Ruminococcus,s__
zOTU_452,k__Bacteria,p__Bacteroidetes,c__Bacteroidia,o__Bacteroidales,f__Prevotellaceae,g__Prevotella,s__
zOTU_4520,k__Bacteria,p__TM7,c__TM7-3,o__CW040,f__F16,g__,s__
zOTU_4521,k__Bacteria,p__Firmicutes,c__Erysipelotrichi,o__Erysipelotrichales,f__Erysipelotrichaceae,g__p-75-a5,s__
zOTU_4522,k__Bacteria,p__Firmicutes,c__Clostridia,o__Clostridiales,f__[Mogibacteriaceae],g__,s__
zOTU_4523,k__Bacteria,p__Firmicutes,c__Clostridia,o__Clostridiales,f__,g__,s__
zOTU_4524,k__Bacteria,p__Firmicutes,c__Clostridia,o__Clostridiales,f__Lachnospiraceae,g__,s__
zOTU_4525,k__Bacteria,p__Bacteroidetes,c__Bacteroidia,o__Bacteroidales,f__BS11,g__,s__
zOTU_4526,k__Bacteria,p__Bacteroidetes,c__Bacteroidia,o__Bacteroidales,f__,g__,s__
zOTU_4527,k__Bacteria,p__Bacteroidetes,c__Bacteroidia,o__Bacteroidales,f__BS11,g__,s__
zOTU_4528,k__Bacteria,p__Bacteroidetes,c__Bacteroidia,o__Bacteroidales,f__Prevotellaceae,g__Prevotella,s__
zOTU_4529,k__Bacteria,p__Bacteroidetes,c__Bacteroidia,o__Bacteroidales,f__Prevotellaceae,g__Prevotella,s__
zOTU_453,k__Bacteria,p__Firmicutes,c__Clostridia,o__Clostridiales,f__Lachnospiraceae,g__Coprococcus,s__
zOTU_4530,k__Bacteria,p__Bacteroidetes,c__Bacteroidia,o__Bacteroidales,f__S24-7,g__,s__
zOTU_454,k__Bacteria,p__Firmicutes,c__Clostridia,o__Clostridiales,f__Lachnospiraceae,g__,s__
zOTU_455,k__Bacteria,p__Firmicutes,c__Clostridia,o__Clostridiales,f__Ruminococcaceae,g__,s__
zOTU_456,k__Bacteria,p__Bacteroidetes,c__Bacteroidia,o__Bacteroidales,f__Prevotellaceae,g__Prevotella,s__
zOTU_457,k__Bacteria,p__Bacteroidetes,c__Bacteroidia,o__Bacteroidales,f__Prevotellaceae,g__Prevotella,s__
zOTU_458,k__Bacteria,p__Bacteroidetes,c__Bacteroidia,o__Bacteroidales,f__[Paraprevotellaceae],g__,s__
zOTU_459,k__Bacteria,p__Firmicutes,c__Clostridia,o__Clostridiales,f__,g__,s__
zOTU_46,k__Bacteria,p__Firmicutes,c__Clostridia,o__Clostridiales,f__Lachnospiraceae,g__Butyrivibrio,s__
zOTU_460,k__Bacteria,p__Firmicutes,c__Clostridia,o__Clostridiales,f__Veillonellaceae,g__Succiniclasticum,s__
zOTU_461,k__Bacteria,p__Bacteroidetes,c__Bacteroidia,o__Bacteroidales,f__Prevotellaceae,g__Prevotella,s__
zOTU_462,k__Bacteria,p__Bacteroidetes,c__Bacteroidia,o__Bacteroidales,f__[Paraprevotellaceae],g__CF231,s__
zOTU_463,k__Bacteria,p__Bacteroidetes,c__Bacteroidia,o__Bacteroidales,f__Prevotellaceae,g__Prevotella,s__
zOTU_464,k__Bacteria,p__Firmicutes,c__Clostridia,o__Clostridiales,f__Lachnospiraceae,g__,s__
zOTU_465,k__Bacteria,p__Firmicutes,c__Clostridia,o__Clostridiales,f__,g__,s__
zOTU_466,k__Bacteria,p__Bacteroidetes,c__Bacteroidia,o__Bacteroidales,f__Prevotellaceae,g__Prevotella,s__
zOTU_467,k__Bacteria,p__Bacteroidetes,c__Bacteroidia,o__Bacteroidales,f__[Paraprevotellaceae],g__,s__
zOTU_468,k__Bacteria,p__Bacteroidetes,c__Bacteroidia,o__Bacteroidales,f__Prevotellaceae,g__Prevotella,s__
zOTU_469,k__Bacteria,p__Firmicutes,c__Clostridia,o__Clostridiales,f__Lachnospiraceae,g__,s__
zOTU_47,k__Bacteria,p__Firmicutes,c__Clostridia,o__Clostridiales,f__Veillonellaceae,g__Succiniclasticum,s__
zOTU_470,k__Bacteria,p__Bacteroidetes,c__Bacteroidia,o__Bacteroidales,f__,g__,s__
zOTU_471,k__Bacteria,p__Actinobacteria,c__Coriobacteriia,o__Coriobacteriales,f__Coriobacteriaceae,g__Atopobium,s__vaginae
zOTU_472,k__Bacteria,p__Firmicutes,c__Clostridia,o__Clostridiales,f__,g__,s__
zOTU_473,k__Bacteria,p__Cyanobacteria,c__4C0d-2,o__YS2,f__,g__,s__
zOTU_474,k__Bacteria,p__Bacteroidetes,c__Bacteroidia,o__Bacteroidales,f__Prevotellaceae,g__Prevotella,s__
zOTU_475,k__Bacteria,p__Firmicutes,c__Clostridia,o__Clostridiales,f__,g__,s__
zOTU_476,k__Bacteria,p__Firmicutes,c__Clostridia,o__Clostridiales,f__Lachnospiraceae,g__,s__
zOTU_477,k__Bacteria,p__Bacteroidetes,c__Bacteroidia,o__Bacteroidales,f__,g__,s__
zOTU_478,k__Bacteria,p__Bacteroidetes,c__Bacteroidia,o__Bacteroidales,f__Prevotellaceae,g__Prevotella,s__
zOTU_479,k__Bacteria,p__Firmicutes,c__Clostridia,o__Clostridiales,f__Ruminococcaceae,g__,s__
zOTU_48,k__Bacteria,p__Bacteroidetes,c__Bacteroidia,o__Bacteroidales,f__Prevotellaceae,g__Prevotella,s__
zOTU_480,k__Bacteria,p__Firmicutes,c__Clostridia,o__Clostridiales,f__Lachnospiraceae,g__,s__
zOTU_481,k__Bacteria,p__Bacteroidetes,c__Bacteroidia,o__Bacteroidales,f__[Paraprevotellaceae],g__YRC22,s__
zOTU_482,k__Bacteria,p__Bacteroidetes,c__Bacteroidia,o__Bacteroidales,f__Prevotellaceae,g__Prevotella,s__
zOTU_483,k__Bacteria,p__Bacteroidetes,c__Bacteroidia,o__Bacteroidales,f__Prevotellaceae,g__Prevotella,s__
zOTU_484,k__Bacteria,p__Bacteroidetes,c__Bacteroidia,o__Bacteroidales,f__Prevotellaceae,g__Prevotella,s__
zOTU_485,k__Bacteria,p__Firmicutes,c__Clostridia,o__Clostridiales,f__,g__,s__
zOTU_486,k__Bacteria,p__Firmicutes,c__Clostridia,o__Clostridiales,f__Lachnospiraceae,g__,s__
zOTU_487,k__Bacteria,p__Firmicutes,c__Clostridia,o__Clostridiales,f__Lachnospiraceae,g__,s__
zOTU_488,k__Bacteria,p__Bacteroidetes,c__Bacteroidia,o__Bacteroidales,f__Prevotellaceae,g__Prevotella,s__
zOTU_489,k__Bacteria,p__Bacteroidetes,c__Bacteroidia,o__Bacteroidales,f__Prevotellaceae,g__Prevotella,s__
zOTU_49,k__Bacteria,p__Firmicutes,c__Clostridia,o__Clostridiales,f__Ruminococcaceae,g__Ruminococcus,s__
zOTU_490,k__Bacteria,p__Firmicutes,c__Clostridia,o__Clostridiales,f__Ruminococcaceae,g__Ruminococcus,s__
zOTU_491,k__Bacteria,p__Bacteroidetes,c__Bacteroidia,o__Bacteroidales,f__Prevotellaceae,g__Prevotella,s__
zOTU_492,k__Bacteria,p__Bacteroidetes,c__Bacteroidia,o__Bacteroidales,f__Prevotellaceae,g__Prevotella,s__
zOTU_493,k__Bacteria,p__Bacteroidetes,c__Bacteroidia,o__Bacteroidales,f__Prevotellaceae,g__Prevotella,s__
zOTU_494,k__Bacteria,p__Firmicutes,c__Clostridia,o__Clostridiales,f__[Mogibacteriaceae],g__,s__
zOTU_495,k__Bacteria,p__Firmicutes,c__Clostridia,o__Clostridiales,f__Ruminococcaceae,g__,s__
zOTU_496,k__Bacteria,p__Firmicutes,c__Clostridia,o__Clostridiales,f__Lachnospiraceae,g__Coprococcus,s__
zOTU_497,k__Bacteria,p__Firmicutes,c__Clostridia,o__Clostridiales,f__,g__,s__
zOTU_498,k__Bacteria,p__Bacteroidetes,c__Bacteroidia,o__Bacteroidales,f__Prevotellaceae,g__Prevotella,s__
zOTU_499,k__Bacteria,p__Bacteroidetes,c__Bacteroidia,o__Bacteroidales,f__Prevotellaceae,g__Prevotella,s__
zOTU_5,k__Bacteria,p__Firmicutes,c__Clostridia,o__Clostridiales,f__Ruminococcaceae,g__,s__
zOTU_50,k__Bacteria,p__Bacteroidetes,c__Bacteroidia,o__Bacteroidales,f__Prevotellaceae,g__Prevotella,s__
zOTU_500,k__Bacteria,p__Bacteroidetes,c__Bacteroidia,o__Bacteroidales,f__Prevotellaceae,g__Prevotella,s__
zOTU_501,k__Bacteria,p__Spirochaetes,c__Spirochaetes,o__Spirochaetales,f__Spirochaetaceae,g__Treponema,s__
zOTU_502,k__Bacteria,p__Bacteroidetes,c__Bacteroidia,o__Bacteroidales,f__Prevotellaceae,g__Prevotella,s__
zOTU_503,k__Bacteria,p__Bacteroidetes,c__Bacteroidia,o__Bacteroidales,f__,g__,s__
zOTU_504,k__Bacteria,p__Bacteroidetes,c__Bacteroidia,o__Bacteroidales,f__Prevotellaceae,g__Prevotella,s__
zOTU_505,k__Bacteria,p__Bacteroidetes,c__Bacteroidia,o__Bacteroidales,f__[Paraprevotellaceae],g__,s__
zOTU_506,k__Bacteria,p__Bacteroidetes,c__Bacteroidia,o__Bacteroidales,f__Prevotellaceae,g__Prevotella,s__
zOTU_507,k__Bacteria,p__Firmicutes,c__Clostridia,o__Clostridiales,f__Ruminococcaceae,g__Ruminococcus,s__
zOTU_508,k__Bacteria,p__Bacteroidetes,c__Bacteroidia,o__Bacteroidales,f__[Paraprevotellaceae],g__YRC22,s__
zOTU_509,k__Bacteria,p__Bacteroidetes,c__Bacteroidia,o__Bacteroidales,f__,g__,s__
zOTU_51,k__Bacteria,p__Bacteroidetes,c__Bacteroidia,o__Bacteroidales,f__[Paraprevotellaceae],g__YRC22,s__
zOTU_510,k__Bacteria,p__Firmicutes,c__Clostridia,o__Clostridiales,f__Lachnospiraceae,g__Butyrivibrio,s__
zOTU_511,k__Bacteria,p__Bacteroidetes,c__Bacteroidia,o__Bacteroidales,f__Bacteroidaceae,g__BF311,s__
zOTU_512,k__Bacteria,p__Bacteroidetes,c__Bacteroidia,o__Bacteroidales,f__Prevotellaceae,g__Prevotella,s__
zOTU_513,k__Bacteria,p__Bacteroidetes,c__Bacteroidia,o__Bacteroidales,f__Prevotellaceae,g__Prevotella,s__
zOTU_514,k__Bacteria,p__Firmicutes,c__Clostridia,o__Clostridiales,f__Ruminococcaceae,g__,s__
zOTU_515,k__Bacteria,p__Firmicutes,c__Clostridia,o__Clostridiales,f__Ruminococcaceae,g__Ruminococcus,s__
zOTU_516,k__Bacteria,p__Firmicutes,c__Clostridia,o__Clostridiales,f__Ruminococcaceae,g__Ruminococcus,s__
zOTU_517,k__Bacteria,p__Bacteroidetes,c__Bacteroidia,o__Bacteroidales,f__RF16,g__,s__
zOTU_518,k__Bacteria,p__Firmicutes,c__Clostridia,o__Clostridiales,f__Lachnospiraceae,g__Coprococcus,s__
zOTU_519,k__Bacteria,p__Bacteroidetes,c__Bacteroidia,o__Bacteroidales,f__,g__,s__
zOTU_52,k__Bacteria,p__Firmicutes,c__Clostridia,o__Clostridiales,f__,g__,s__
zOTU_520,k__Bacteria,p__Bacteroidetes,c__Bacteroidia,o__Bacteroidales,f__Prevotellaceae,g__Prevotella,s__
zOTU_521,k__Bacteria,p__Firmicutes,c__Clostridia,o__Clostridiales,f__Lachnospiraceae,g__,s__
zOTU_522,k__Bacteria,p__Bacteroidetes,c__Bacteroidia,o__Bacteroidales,f__Prevotellaceae,g__Prevotella,s__
zOTU_523,k__Bacteria,p__Bacteroidetes,c__Bacteroidia,o__Bacteroidales,f__Prevotellaceae,g__Prevotella,s__
zOTU_524,k__Bacteria,p__Bacteroidetes,c__Bacteroidia,o__Bacteroidales,f__RF16,g__,s__
zOTU_525,k__Bacteria,p__Bacteroidetes,c__Bacteroidia,o__Bacteroidales,f__,g__,s__
zOTU_526,k__Bacteria,p__Firmicutes,c__Clostridia,o__Clostridiales,f__Lachnospiraceae,g__,s__
zOTU_527,k__Bacteria,p__Bacteroidetes,c__Bacteroidia,o__Bacteroidales,f__Prevotellaceae,g__Prevotella,s__
zOTU_528,k__Bacteria,p__Firmicutes,c__Clostridia,o__Clostridiales,f__Ruminococcaceae,g__,s__
zOTU_529,k__Bacteria,p__Firmicutes,c__Clostridia,o__Clostridiales,f__,g__,s__
zOTU_53,k__Bacteria,p__Bacteroidetes,c__Bacteroidia,o__Bacteroidales,f__Prevotellaceae,g__Prevotella,s__
zOTU_530,k__Bacteria,p__Bacteroidetes,c__Bacteroidia,o__Bacteroidales,f__,g__,s__
zOTU_531,k__Bacteria,p__Bacteroidetes,c__Bacteroidia,o__Bacteroidales,f__Prevotellaceae,g__Prevotella,s__
zOTU_532,k__Bacteria,p__Bacteroidetes,c__Bacteroidia,o__Bacteroidales,f__,g__,s__
zOTU_533,k__Bacteria,p__Bacteroidetes,c__Bacteroidia,o__Bacteroidales,f__Prevotellaceae,g__Prevotella,s__
zOTU_534,k__Bacteria,p__Firmicutes,c__Clostridia,o__Clostridiales,f__Lachnospiraceae,g__,s__
zOTU_535,k__Bacteria,p__Bacteroidetes,c__Bacteroidia,o__Bacteroidales,f__Prevotellaceae,g__Prevotella,s__
zOTU_536,k__Bacteria,p__Bacteroidetes,c__Bacteroidia,o__Bacteroidales,f__[Paraprevotellaceae],g__YRC22,s__
zOTU_537,k__Bacteria,p__Bacteroidetes,c__Bacteroidia,o__Bacteroidales,f__Prevotellaceae,g__Prevotella,s__
zOTU_538,k__Bacteria,p__Bacteroidetes,c__Bacteroidia,o__Bacteroidales,f__Prevotellaceae,g__Prevotella,s__
zOTU_539,k__Bacteria,p__Fibrobacteres,c__Fibrobacteria,o__Fibrobacterales,f__Fibrobacteraceae,g__Fibrobacter,s__succinogenes
zOTU_54,k__Bacteria,p__Firmicutes,c__Clostridia,o__Clostridiales,f__Lachnospiraceae,g__Butyrivibrio,s__
zOTU_540,k__Bacteria,p__Bacteroidetes,c__Bacteroidia,o__Bacteroidales,f__,g__,s__
zOTU_541,k__Bacteria,p__Firmicutes,c__Clostridia,o__Clostridiales,f__[Mogibacteriaceae],g__,s__
zOTU_542,k__Bacteria,p__Bacteroidetes,c__Bacteroidia,o__Bacteroidales,f__Prevotellaceae,g__Prevotella,s__
zOTU_543,k__Bacteria,p__Bacteroidetes,c__Bacteroidia,o__Bacteroidales,f__,g__,s__
zOTU_544,k__Bacteria,p__Actinobacteria,c__Coriobacteriia,o__Coriobacteriales,f__Coriobacteriaceae,g__Adlercreutzia,s__
zOTU_545,k__Bacteria,p__Firmicutes,c__Clostridia,o__Clostridiales,f__Ruminococcaceae,g__,s__
zOTU_546,k__Bacteria,p__Firmicutes,c__Clostridia,o__Clostridiales,f__[Mogibacteriaceae],g__,s__
zOTU_547,k__Bacteria,p__Firmicutes,c__Clostridia,o__Clostridiales,f__Lachnospiraceae,g__Butyrivibrio,s__
zOTU_548,k__Bacteria,p__Bacteroidetes,c__Bacteroidia,o__Bacteroidales,f__,g__,s__
zOTU_549,k__Bacteria,p__Bacteroidetes,c__Bacteroidia,o__Bacteroidales,f__Bacteroidaceae,g__BF311,s__
zOTU_55,k__Bacteria,p__Firmicutes,c__Clostridia,o__Clostridiales,f__Veillonellaceae,g__Succiniclasticum,s__
zOTU_550,k__Bacteria,p__Bacteroidetes,c__Bacteroidia,o__Bacteroidales,f__Prevotellaceae,g__Prevotella,s__
zOTU_551,k__Bacteria,p__Bacteroidetes,c__Bacteroidia,o__Bacteroidales,f__Prevotellaceae,g__Prevotella,s__
zOTU_552,k__Bacteria,p__Bacteroidetes,c__Bacteroidia,o__Bacteroidales,f__[Paraprevotellaceae],g__,s__
zOTU_553,k__Bacteria,p__Actinobacteria,c__Coriobacteriia,o__Coriobacteriales,f__Coriobacteriaceae,g__,s__
zOTU_554,k__Bacteria,p__Firmicutes,c__Clostridia,o__Clostridiales,f__[Mogibacteriaceae],g__,s__
zOTU_555,k__Bacteria,p__Bacteroidetes,c__Bacteroidia,o__Bacteroidales,f__Prevotellaceae,g__Prevotella,s__
zOTU_556,k__Bacteria,p__Firmicutes,c__Clostridia,o__Clostridiales,f__[Mogibacteriaceae],g__,s__
zOTU_557,k__Bacteria,p__Firmicutes,c__Clostridia,o__Clostridiales,f__Ruminococcaceae,g__,s__
zOTU_558,k__Bacteria,p__Bacteroidetes,c__Bacteroidia,o__Bacteroidales,f__Prevotellaceae,g__Prevotella,s__
zOTU_559,k__Bacteria,p__Firmicutes,c__Clostridia,o__Clostridiales,f__,g__,s__
zOTU_56,k__Bacteria,p__Firmicutes,c__Clostridia,o__Clostridiales,f__Ruminococcaceae,g__,s__
zOTU_560,k__Bacteria,p__Bacteroidetes,c__Bacteroidia,o__Bacteroidales,f__Prevotellaceae,g__Prevotella,s__
zOTU_561,k__Bacteria,p__Firmicutes,c__Clostridia,o__Clostridiales,f__Ruminococcaceae,g__Ruminococcus,s__
zOTU_562,k__Bacteria,p__Bacteroidetes,c__Bacteroidia,o__Bacteroidales,f__Prevotellaceae,g__Prevotella,s__
zOTU_563,k__Bacteria,p__Proteobacteria,c__Gammaproteobacteria,o__Aeromonadales,f__Succinivibrionaceae,g__,s__
zOTU_564,k__Bacteria,p__Actinobacteria,c__Coriobacteriia,o__Coriobacteriales,f__Coriobacteriaceae,g__,s__
zOTU_565,k__Bacteria,p__Bacteroidetes,c__Bacteroidia,o__Bacteroidales,f__Prevotellaceae,g__Prevotella,s__
zOTU_566,k__Bacteria,p__Actinobacteria,c__Coriobacteriia,o__Coriobacteriales,f__Coriobacteriaceae,g__Adlercreutzia,s__
zOTU_567,k__Bacteria,p__Bacteroidetes,c__Bacteroidia,o__Bacteroidales,f__,g__,s__
zOTU_568,k__Bacteria,p__Bacteroidetes,c__Bacteroidia,o__Bacteroidales,f__Prevotellaceae,g__Prevotella,s__
zOTU_569,k__Bacteria,p__Firmicutes,c__Clostridia,o__Clostridiales,f__Clostridiaceae,g__Clostridium,s__
zOTU_57,k__Bacteria,p__Bacteroidetes,c__Bacteroidia,o__Bacteroidales,f__Prevotellaceae,g__Prevotella,s__
zOTU_570,k__Bacteria,p__Firmicutes,c__Clostridia,o__Clostridiales,f__,g__,s__
zOTU_571,k__Bacteria,p__Bacteroidetes,c__Bacteroidia,o__Bacteroidales,f__Prevotellaceae,g__Prevotella,s__
zOTU_572,k__Bacteria,p__Firmicutes,c__Clostridia,o__Clostridiales,f__Lachnospiraceae,g__,s__
zOTU_573,k__Bacteria,p__Bacteroidetes,c__Bacteroidia,o__Bacteroidales,f__Prevotellaceae,g__Prevotella,s__
zOTU_574,k__Bacteria,p__Bacteroidetes,c__Bacteroidia,o__Bacteroidales,f__Prevotellaceae,g__Prevotella,s__
zOTU_575,k__Bacteria,p__Bacteroidetes,c__Bacteroidia,o__Bacteroidales,f__Prevotellaceae,g__Prevotella,s__
zOTU_576,k__Bacteria,p__Bacteroidetes,c__Bacteroidia,o__Bacteroidales,f__Prevotellaceae,g__Prevotella,s__
zOTU_577,k__Bacteria,p__Bacteroidetes,c__Bacteroidia,o__Bacteroidales,f__[Paraprevotellaceae],g__YRC22,s__
zOTU_578,k__Bacteria,p__Firmicutes,c__Clostridia,o__Clostridiales,f__Lachnospiraceae,g__Butyrivibrio,s__
zOTU_579,k__Bacteria,p__Proteobacteria,c__Gammaproteobacteria,o__Alteromonadales,,,
zOTU_58,k__Bacteria,p__Bacteroidetes,c__Bacteroidia,o__Bacteroidales,f__Prevotellaceae,g__Prevotella,s__
zOTU_580,k__Bacteria,p__Bacteroidetes,c__Bacteroidia,o__Bacteroidales,f__Prevotellaceae,g__Prevotella,s__
zOTU_581,k__Bacteria,p__Firmicutes,c__Clostridia,o__Clostridiales,f__,g__,s__
zOTU_582,k__Bacteria,p__Bacteroidetes,c__Bacteroidia,o__Bacteroidales,f__Prevotellaceae,g__Prevotella,s__
zOTU_583,k__Bacteria,p__Bacteroidetes,c__Bacteroidia,o__Bacteroidales,f__Prevotellaceae,g__Prevotella,s__
zOTU_584,k__Bacteria,p__Firmicutes,c__Clostridia,o__Clostridiales,f__[Mogibacteriaceae],g__,s__
zOTU_585,k__Bacteria,p__Bacteroidetes,c__Bacteroidia,o__Bacteroidales,f__Prevotellaceae,g__Prevotella,s__
zOTU_586,k__Bacteria,p__Firmicutes,c__Clostridia,o__Clostridiales,f__Ruminococcaceae,g__,s__
zOTU_587,k__Bacteria,p__Firmicutes,c__Clostridia,o__Clostridiales,f__,g__,s__
zOTU_588,k__Bacteria,p__Firmicutes,c__Clostridia,o__Clostridiales,f__Lachnospiraceae,g__Butyrivibrio,s__
zOTU_589,k__Bacteria,p__Bacteroidetes,c__Bacteroidia,o__Bacteroidales,f__Prevotellaceae,g__Prevotella,s__
zOTU_59,k__Bacteria,p__Firmicutes,c__Clostridia,o__Clostridiales,f__,g__,s__
zOTU_590,k__Bacteria,p__Firmicutes,c__Clostridia,o__Clostridiales,f__Lachnospiraceae,g__Moryella,s__
zOTU_591,k__Bacteria,p__Firmicutes,c__Clostridia,o__Clostridiales,f__,g__,s__
zOTU_592,k__Bacteria,p__Firmicutes,c__Clostridia,o__Clostridiales,f__Lachnospiraceae,g__[Ruminococcus],s__
zOTU_593,k__Bacteria,p__Firmicutes,c__Clostridia,o__Clostridiales,f__,g__,s__
zOTU_594,k__Bacteria,p__Bacteroidetes,c__Bacteroidia,o__Bacteroidales,f__Prevotellaceae,g__Prevotella,s__
zOTU_595,k__Bacteria,p__Actinobacteria,c__Coriobacteriia,o__Coriobacteriales,f__Coriobacteriaceae,g__,s__
zOTU_596,k__Bacteria,p__Bacteroidetes,c__Bacteroidia,o__Bacteroidales,f__S24-7,g__,s__
zOTU_597,k__Bacteria,p__Bacteroidetes,c__Bacteroidia,o__Bacteroidales,f__[Paraprevotellaceae],g__YRC22,s__
zOTU_598,k__Bacteria,p__Fibrobacteres,c__Fibrobacteria,o__Fibrobacterales,f__Fibrobacteraceae,g__Fibrobacter,s__succinogenes
zOTU_599,k__Bacteria,p__Bacteroidetes,c__Bacteroidia,o__Bacteroidales,f__Prevotellaceae,g__Prevotella,s__
zOTU_6,k__Bacteria,p__Firmicutes,c__Clostridia,o__Clostridiales,f__Veillonellaceae,g__Succiniclasticum,s__
zOTU_60,k__Bacteria,p__Firmicutes,c__Clostridia,o__Clostridiales,f__,g__,s__
zOTU_600,k__Bacteria,p__Firmicutes,c__Clostridia,o__Clostridiales,f__Christensenellaceae,g__,s__
zOTU_601,k__Bacteria,p__Bacteroidetes,c__Bacteroidia,o__Bacteroidales,f__Prevotellaceae,g__Prevotella,s__
zOTU_602,k__Bacteria,p__Firmicutes,c__Clostridia,o__Clostridiales,f__[Mogibacteriaceae],g__,s__
zOTU_603,k__Bacteria,p__Firmicutes,c__Clostridia,o__Clostridiales,f__,g__,s__
zOTU_604,k__Bacteria,p__Firmicutes,c__Clostridia,o__Clostridiales,f__Clostridiaceae,g__Clostridium,s__
zOTU_605,k__Bacteria,p__Bacteroidetes,c__Bacteroidia,o__Bacteroidales,f__S24-7,g__,s__
zOTU_606,k__Bacteria,p__Bacteroidetes,c__Bacteroidia,o__Bacteroidales,f__Prevotellaceae,g__Prevotella,s__
zOTU_607,k__Bacteria,p__Firmicutes,c__Clostridia,o__Clostridiales,f__Lachnospiraceae,g__,s__
zOTU_608,k__Bacteria,p__Firmicutes,c__Clostridia,o__Clostridiales,f__[Mogibacteriaceae],g__,s__
zOTU_609,k__Bacteria,p__Bacteroidetes,c__Bacteroidia,o__Bacteroidales,f__Prevotellaceae,g__Prevotella,s__
zOTU_61,k__Bacteria,p__Bacteroidetes,c__Bacteroidia,o__Bacteroidales,f__Prevotellaceae,g__Prevotella,s__
zOTU_610,k__Bacteria,p__Bacteroidetes,c__Bacteroidia,o__Bacteroidales,f__Prevotellaceae,g__Prevotella,s__
zOTU_611,k__Bacteria,p__Fibrobacteres,c__Fibrobacteria,o__Fibrobacterales,f__Fibrobacteraceae,g__Fibrobacter,s__succinogenes
zOTU_612,k__Bacteria,p__Bacteroidetes,c__Bacteroidia,o__Bacteroidales,f__Prevotellaceae,g__Prevotella,s__
zOTU_613,k__Bacteria,p__Firmicutes,c__Clostridia,o__Clostridiales,f__Ruminococcaceae,g__,s__
zOTU_614,k__Bacteria,p__Firmicutes,c__Clostridia,o__Clostridiales,f__Lachnospiraceae,g__,s__
zOTU_615,k__Bacteria,p__Bacteroidetes,c__Bacteroidia,o__Bacteroidales,f__Prevotellaceae,g__Prevotella,s__
zOTU_616,k__Bacteria,p__Firmicutes,c__Clostridia,o__Clostridiales,f__,g__,s__
zOTU_617,k__Bacteria,p__Firmicutes,c__Clostridia,o__Clostridiales,f__Lachnospiraceae,g__[Ruminococcus],s__
zOTU_618,k__Bacteria,p__Firmicutes,c__Clostridia,o__Clostridiales,f__Ruminococcaceae,g__Ruminococcus,s__
zOTU_619,k__Bacteria,p__Bacteroidetes,c__Bacteroidia,o__Bacteroidales,f__Prevotellaceae,g__Prevotella,s__
zOTU_62,k__Bacteria,p__Firmicutes,c__Clostridia,o__Clostridiales,f__,g__,s__
zOTU_620,k__Bacteria,p__Firmicutes,c__Clostridia,o__Clostridiales,f__Lachnospiraceae,g__,s__
zOTU_621,k__Bacteria,p__Bacteroidetes,c__Bacteroidia,o__Bacteroidales,f__S24-7,g__,s__
zOTU_622,k__Bacteria,p__Firmicutes,c__Clostridia,o__Clostridiales,f__Lachnospiraceae,g__Blautia,s__
zOTU_623,k__Bacteria,p__Firmicutes,c__Clostridia,o__Clostridiales,f__Lachnospiraceae,g__,s__
zOTU_624,k__Bacteria,p__Firmicutes,c__Clostridia,o__Clostridiales,f__Christensenellaceae,g__,s__
zOTU_625,k__Bacteria,p__Bacteroidetes,c__Bacteroidia,o__Bacteroidales,f__Prevotellaceae,g__Prevotella,s__
zOTU_626,k__Bacteria,p__Firmicutes,c__Clostridia,o__Clostridiales,f__Veillonellaceae,g__Selenomonas,s__ruminantium
zOTU_627,k__Bacteria,p__Firmicutes,c__Clostridia,o__Clostridiales,f__,g__,s__
zOTU_628,k__Bacteria,p__Firmicutes,c__Clostridia,o__Clostridiales,f__Lachnospiraceae,g__Butyrivibrio,s__
zOTU_629,k__Bacteria,p__Firmicutes,c__Clostridia,o__Clostridiales,f__,g__,s__
zOTU_63,k__Bacteria,p__Bacteroidetes,c__Bacteroidia,o__Bacteroidales,f__Prevotellaceae,g__Prevotella,s__
zOTU_630,k__Bacteria,p__Bacteroidetes,c__Bacteroidia,o__Bacteroidales,f__Prevotellaceae,g__Prevotella,s__ruminicola
zOTU_631,k__Bacteria,p__Bacteroidetes,c__Bacteroidia,o__Bacteroidales,f__S24-7,g__,s__
zOTU_632,k__Bacteria,p__Bacteroidetes,c__Bacteroidia,o__Bacteroidales,f__Prevotellaceae,g__Prevotella,s__
zOTU_633,k__Bacteria,p__Bacteroidetes,c__Bacteroidia,o__Bacteroidales,f__[Paraprevotellaceae],g__YRC22,s__
zOTU_634,k__Bacteria,p__Bacteroidetes,c__Bacteroidia,o__Bacteroidales,f__Prevotellaceae,g__Prevotella,s__
zOTU_635,k__Bacteria,p__Proteobacteria,c__Deltaproteobacteria,o__Desulfovibrionales,f__Desulfovibrionaceae,g__Desulfovibrio,s__D168
zOTU_636,k__Bacteria,p__Bacteroidetes,c__Bacteroidia,o__Bacteroidales,f__Prevotellaceae,g__Prevotella,s__
zOTU_637,k__Bacteria,p__Firmicutes,c__Clostridia,o__Clostridiales,f__Lachnospiraceae,g__[Ruminococcus],s__
zOTU_638,k__Bacteria,p__Firmicutes,c__Clostridia,o__Clostridiales,f__,g__,s__
zOTU_639,k__Bacteria,p__Bacteroidetes,c__Bacteroidia,o__Bacteroidales,f__Prevotellaceae,g__Prevotella,s__
zOTU_64,k__Bacteria,p__Firmicutes,c__Clostridia,o__Clostridiales,f__Lachnospiraceae,g__Butyrivibrio,s__
zOTU_640,k__Bacteria,p__Bacteroidetes,c__Bacteroidia,o__Bacteroidales,f__Prevotellaceae,g__Prevotella,s__
zOTU_641,k__Bacteria,p__Firmicutes,c__Clostridia,o__Clostridiales,f__Ruminococcaceae,g__,s__
zOTU_642,k__Bacteria,p__Bacteroidetes,c__Bacteroidia,o__Bacteroidales,f__Prevotellaceae,g__Prevotella,s__
zOTU_643,k__Bacteria,p__Bacteroidetes,c__Bacteroidia,o__Bacteroidales,f__Prevotellaceae,g__Prevotella,s__
zOTU_644,k__Bacteria,p__Firmicutes,c__Clostridia,o__Clostridiales,f__,g__,s__
zOTU_645,k__Bacteria,p__Bacteroidetes,c__Bacteroidia,o__Bacteroidales,f__RF16,g__,s__
zOTU_646,k__Bacteria,p__Spirochaetes,c__Spirochaetes,o__Spirochaetales,f__Spirochaetaceae,g__Treponema,s__
zOTU_647,k__Bacteria,p__Bacteroidetes,c__Bacteroidia,o__Bacteroidales,f__Prevotellaceae,g__Prevotella,s__
zOTU_648,k__Bacteria,p__Firmicutes,c__Clostridia,o__Clostridiales,f__Veillonellaceae,g__,s__
zOTU_649,k__Bacteria,p__Firmicutes,c__Clostridia,o__Clostridiales,f__Ruminococcaceae,g__,s__
zOTU_65,k__Bacteria,p__Firmicutes,c__Clostridia,o__Clostridiales,f__Lachnospiraceae,g__,s__
zOTU_650,k__Bacteria,p__Bacteroidetes,c__Bacteroidia,o__Bacteroidales,f__[Paraprevotellaceae],g__YRC22,s__
zOTU_651,k__Bacteria,p__Bacteroidetes,c__Bacteroidia,o__Bacteroidales,f__,g__,s__
zOTU_652,k__Bacteria,p__Spirochaetes,c__Spirochaetes,o__Spirochaetales,f__Spirochaetaceae,g__Treponema,s__
zOTU_653,k__Bacteria,p__Bacteroidetes,c__Bacteroidia,o__Bacteroidales,f__Prevotellaceae,g__Prevotella,s__
zOTU_654,k__Bacteria,p__Bacteroidetes,c__Bacteroidia,o__Bacteroidales,f__,g__,s__
zOTU_655,k__Bacteria,p__Bacteroidetes,c__Bacteroidia,o__Bacteroidales,f__S24-7,g__,s__
zOTU_656,k__Bacteria,p__Bacteroidetes,c__Bacteroidia,o__Bacteroidales,f__Prevotellaceae,g__Prevotella,s__
zOTU_657,k__Bacteria,p__Firmicutes,c__Clostridia,o__Clostridiales,f__[Mogibacteriaceae],g__,s__
zOTU_658,k__Bacteria,p__Bacteroidetes,c__Bacteroidia,o__Bacteroidales,f__,g__,s__
zOTU_659,k__Bacteria,p__Bacteroidetes,c__Bacteroidia,o__Bacteroidales,f__,g__,s__
zOTU_66,k__Bacteria,p__Firmicutes,c__Clostridia,o__Clostridiales,f__Veillonellaceae,g__Succiniclasticum,s__
zOTU_660,k__Bacteria,p__Firmicutes,c__Clostridia,o__Clostridiales,f__[Mogibacteriaceae],g__,s__
zOTU_661,k__Bacteria,p__Firmicutes,c__Clostridia,o__Clostridiales,f__Lachnospiraceae,,
zOTU_662,k__Bacteria,p__Bacteroidetes,c__Bacteroidia,o__Bacteroidales,f__[Paraprevotellaceae],g__YRC22,s__
zOTU_663,k__Bacteria,p__Bacteroidetes,c__Bacteroidia,o__Bacteroidales,f__Prevotellaceae,g__Prevotella,s__
zOTU_664,k__Bacteria,p__Firmicutes,c__Clostridia,o__Clostridiales,f__Lachnospiraceae,g__Roseburia,s__faecis
zOTU_665,k__Bacteria,p__Bacteroidetes,c__Bacteroidia,o__Bacteroidales,f__Prevotellaceae,g__Prevotella,s__
zOTU_666,k__Bacteria,p__Firmicutes,c__Clostridia,o__Clostridiales,f__,g__,s__
zOTU_667,k__Bacteria,p__Bacteroidetes,c__Bacteroidia,o__Bacteroidales,f__Prevotellaceae,g__Prevotella,s__
zOTU_668,k__Bacteria,p__Cyanobacteria,c__4C0d-2,o__YS2,f__,g__,s__
zOTU_669,k__Bacteria,p__Firmicutes,c__Clostridia,o__Clostridiales,f__,g__,s__
zOTU_67,k__Bacteria,p__Actinobacteria,c__Coriobacteriia,o__Coriobacteriales,f__Coriobacteriaceae,g__,s__
zOTU_670,k__Bacteria,p__Bacteroidetes,c__Bacteroidia,o__Bacteroidales,f__Prevotellaceae,g__Prevotella,s__
zOTU_671,k__Bacteria,p__Bacteroidetes,c__Bacteroidia,o__Bacteroidales,f__Prevotellaceae,g__Prevotella,s__
zOTU_672,k__Bacteria,p__Firmicutes,c__Clostridia,o__Clostridiales,f__Clostridiaceae,g__Clostridium,s__
zOTU_673,k__Bacteria,p__Firmicutes,c__Clostridia,o__Clostridiales,f__,g__,s__
zOTU_674,k__Bacteria,p__Firmicutes,c__Clostridia,o__Clostridiales,f__Lachnospiraceae,g__Butyrivibrio,s__
zOTU_675,k__Bacteria,p__Bacteroidetes,c__Bacteroidia,o__Bacteroidales,f__,g__,s__
zOTU_676,k__Bacteria,p__Bacteroidetes,c__Bacteroidia,o__Bacteroidales,f__Prevotellaceae,g__Prevotella,s__
zOTU_677,k__Bacteria,p__Bacteroidetes,c__Bacteroidia,o__Bacteroidales,f__Prevotellaceae,g__Prevotella,s__
zOTU_678,k__Bacteria,p__Bacteroidetes,c__Bacteroidia,o__Bacteroidales,f__[Paraprevotellaceae],g__YRC22,s__
zOTU_679,k__Bacteria,p__Firmicutes,c__Clostridia,o__Clostridiales,f__Lachnospiraceae,g__,s__
zOTU_68,k__Bacteria,p__Actinobacteria,c__Coriobacteriia,o__Coriobacteriales,f__Coriobacteriaceae,g__,s__
zOTU_680,k__Bacteria,p__Actinobacteria,c__Coriobacteriia,o__Coriobacteriales,f__Coriobacteriaceae,g__,s__
zOTU_681,k__Bacteria,p__Actinobacteria,c__Actinobacteria,o__Bifidobacteriales,f__Bifidobacteriaceae,g__Bifidobacterium,
zOTU_683,k__Bacteria,p__Firmicutes,c__Clostridia,o__Clostridiales,f__,g__,s__
zOTU_684,k__Bacteria,p__Bacteroidetes,c__Bacteroidia,o__Bacteroidales,f__[Paraprevotellaceae],g__YRC22,s__
zOTU_685,k__Bacteria,p__Bacteroidetes,c__Bacteroidia,o__Bacteroidales,f__Prevotellaceae,g__Prevotella,s__
zOTU_686,k__Bacteria,p__Firmicutes,c__Clostridia,o__Clostridiales,f__Lachnospiraceae,g__,s__
zOTU_687,k__Bacteria,p__Spirochaetes,c__Spirochaetes,o__Spirochaetales,f__Spirochaetaceae,g__Treponema,s__
zOTU_688,k__Bacteria,p__Firmicutes,c__Clostridia,o__Clostridiales,f__,g__,s__
zOTU_689,k__Bacteria,p__Bacteroidetes,c__Bacteroidia,o__Bacteroidales,f__Prevotellaceae,g__Prevotella,s__
zOTU_69,k__Bacteria,p__Firmicutes,c__Clostridia,o__Clostridiales,f__Ruminococcaceae,g__Ruminococcus,s__flavefaciens
zOTU_690,k__Bacteria,p__Bacteroidetes,c__Bacteroidia,o__Bacteroidales,f__Prevotellaceae,g__Prevotella,s__
zOTU_691,k__Bacteria,p__Bacteroidetes,c__Bacteroidia,o__Bacteroidales,f__[Paraprevotellaceae],g__,s__
zOTU_692,k__Bacteria,p__Firmicutes,c__Clostridia,o__Clostridiales,f__Clostridiaceae,g__,s__
zOTU_693,k__Bacteria,p__Bacteroidetes,c__Bacteroidia,o__Bacteroidales,f__Prevotellaceae,g__Prevotella,s__
zOTU_694,k__Bacteria,p__Firmicutes,c__Clostridia,o__Clostridiales,f__Lachnospiraceae,g__,s__
zOTU_695,k__Bacteria,p__Bacteroidetes,c__Bacteroidia,o__Bacteroidales,f__S24-7,g__,s__
zOTU_696,k__Bacteria,p__Firmicutes,c__Clostridia,o__Clostridiales,f__Ruminococcaceae,g__Ruminococcus,s__
zOTU_697,k__Bacteria,p__Firmicutes,c__Clostridia,o__Clostridiales,f__Lachnospiraceae,g__,s__
zOTU_698,k__Bacteria,p__Firmicutes,c__Clostridia,o__Clostridiales,f__,g__,s__
zOTU_699,k__Bacteria,p__Firmicutes,c__Clostridia,o__Clostridiales,f__,g__,s__
zOTU_7,k__Bacteria,p__Firmicutes,c__Clostridia,o__Clostridiales,f__Veillonellaceae,g__Succiniclasticum,s__
zOTU_70,k__Bacteria,p__Firmicutes,c__Clostridia,o__Clostridiales,f__,g__,s__
zOTU_700,k__Bacteria,p__Bacteroidetes,c__Bacteroidia,o__Bacteroidales,f__,g__,s__
zOTU_701,k__Bacteria,p__Actinobacteria,c__Coriobacteriia,o__Coriobacteriales,f__Coriobacteriaceae,g__,s__
zOTU_702,k__Bacteria,p__Bacteroidetes,c__Bacteroidia,o__Bacteroidales,f__Prevotellaceae,g__Prevotella,s__ruminicola
zOTU_703,k__Bacteria,p__Firmicutes,c__Clostridia,o__Clostridiales,f__Ruminococcaceae,g__Ruminococcus,s__
zOTU_704,k__Bacteria,p__Proteobacteria,c__Gammaproteobacteria,o__Enterobacteriales,f__Enterobacteriaceae,g__,s__
zOTU_705,k__Bacteria,p__Bacteroidetes,c__Bacteroidia,o__Bacteroidales,f__Prevotellaceae,g__Prevotella,s__
zOTU_706,k__Bacteria,p__Bacteroidetes,c__Bacteroidia,o__Bacteroidales,f__S24-7,g__,s__
zOTU_707,k__Bacteria,p__Firmicutes,c__Clostridia,o__Clostridiales,f__,g__,s__
zOTU_708,k__Bacteria,p__Firmicutes,c__Clostridia,o__Clostridiales,f__Ruminococcaceae,g__Ruminococcus,s__
zOTU_709,k__Bacteria,p__Firmicutes,c__Erysipelotrichi,o__Erysipelotrichales,f__Erysipelotrichaceae,g__Bulleidia,s__
zOTU_71,k__Bacteria,p__Firmicutes,c__Clostridia,o__Clostridiales,f__Lachnospiraceae,g__,s__
zOTU_710,k__Bacteria,p__Bacteroidetes,c__Bacteroidia,o__Bacteroidales,f__Prevotellaceae,g__Prevotella,s__
zOTU_711,k__Bacteria,p__Firmicutes,c__Clostridia,o__Clostridiales,f__,g__,s__
zOTU_712,k__Bacteria,p__Bacteroidetes,c__Bacteroidia,o__Bacteroidales,f__Prevotellaceae,g__Prevotella,s__stercorea
zOTU_713,k__Bacteria,p__Bacteroidetes,c__Bacteroidia,o__Bacteroidales,f__[Paraprevotellaceae],g__YRC22,s__
zOTU_714,k__Bacteria,p__Bacteroidetes,c__Bacteroidia,o__Bacteroidales,f__Prevotellaceae,g__Prevotella,s__
zOTU_715,k__Bacteria,p__Firmicutes,c__Clostridia,o__Clostridiales,f__,g__,s__
zOTU_716,k__Bacteria,p__Firmicutes,c__Clostridia,o__Clostridiales,f__Ruminococcaceae,g__Ruminococcus,s__
zOTU_717,k__Bacteria,p__Bacteroidetes,c__Bacteroidia,o__Bacteroidales,f__Prevotellaceae,g__Prevotella,s__
zOTU_718,k__Bacteria,p__Bacteroidetes,c__Bacteroidia,o__Bacteroidales,f__Prevotellaceae,g__Prevotella,s__
zOTU_719,k__Bacteria,p__Bacteroidetes,c__Bacteroidia,o__Bacteroidales,f__Prevotellaceae,g__Prevotella,s__
zOTU_72,k__Bacteria,p__Bacteroidetes,c__Bacteroidia,o__Bacteroidales,f__Prevotellaceae,g__Prevotella,s__
zOTU_720,k__Bacteria,p__Bacteroidetes,c__Bacteroidia,o__Bacteroidales,f__,g__,s__
zOTU_721,k__Bacteria,p__Bacteroidetes,c__Bacteroidia,o__Bacteroidales,f__Prevotellaceae,,
zOTU_722,k__Bacteria,p__Bacteroidetes,c__Bacteroidia,o__Bacteroidales,f__Prevotellaceae,g__Prevotella,s__
zOTU_723,k__Bacteria,p__Firmicutes,c__Clostridia,o__Clostridiales,f__Ruminococcaceae,g__,s__
zOTU_724,k__Bacteria,p__Firmicutes,c__Clostridia,o__Clostridiales,f__Ruminococcaceae,g__,s__
zOTU_725,k__Bacteria,p__Bacteroidetes,c__Bacteroidia,o__Bacteroidales,f__,g__,s__
zOTU_726,k__Bacteria,p__Bacteroidetes,c__Bacteroidia,o__Bacteroidales,f__Prevotellaceae,g__Prevotella,s__
zOTU_727,k__Bacteria,p__Firmicutes,c__Clostridia,o__Clostridiales,f__Lachnospiraceae,g__Shuttleworthia,s__
zOTU_728,k__Bacteria,p__Bacteroidetes,c__Bacteroidia,o__Bacteroidales,f__Prevotellaceae,g__Prevotella,s__
zOTU_729,k__Bacteria,p__Bacteroidetes,c__Bacteroidia,o__Bacteroidales,f__S24-7,g__,s__
zOTU_73,k__Bacteria,p__Bacteroidetes,c__Bacteroidia,o__Bacteroidales,f__,g__,s__
zOTU_730,k__Bacteria,p__Bacteroidetes,c__Bacteroidia,o__Bacteroidales,f__Prevotellaceae,g__Prevotella,s__
zOTU_731,k__Bacteria,p__Firmicutes,c__Clostridia,o__Clostridiales,f__Veillonellaceae,g__Anaerovibrio,s__
zOTU_732,k__Bacteria,p__Bacteroidetes,c__Bacteroidia,o__Bacteroidales,f__,g__,s__
zOTU_733,k__Bacteria,p__Firmicutes,c__Clostridia,o__Clostridiales,f__Lachnospiraceae,g__Butyrivibrio,s__
zOTU_734,k__Bacteria,p__Bacteroidetes,c__Bacteroidia,o__Bacteroidales,f__Prevotellaceae,g__Prevotella,s__
zOTU_735,k__Bacteria,p__Bacteroidetes,c__Bacteroidia,o__Bacteroidales,f__Prevotellaceae,g__Prevotella,s__
zOTU_736,k__Bacteria,p__Bacteroidetes,c__Bacteroidia,o__Bacteroidales,f__Prevotellaceae,g__Prevotella,s__
zOTU_737,k__Bacteria,p__Firmicutes,c__Clostridia,o__Clostridiales,f__Lachnospiraceae,g__Butyrivibrio,s__
zOTU_738,k__Bacteria,p__Bacteroidetes,c__Bacteroidia,o__Bacteroidales,f__Prevotellaceae,g__Prevotella,s__
zOTU_739,k__Bacteria,p__Firmicutes,c__Clostridia,o__Clostridiales,f__,g__,s__
zOTU_74,k__Bacteria,p__Bacteroidetes,c__Bacteroidia,o__Bacteroidales,f__Prevotellaceae,g__Prevotella,s__
zOTU_740,k__Bacteria,p__Firmicutes,c__Clostridia,o__Clostridiales,f__Lachnospiraceae,g__,s__
zOTU_741,k__Bacteria,p__Bacteroidetes,c__Bacteroidia,o__Bacteroidales,f__Prevotellaceae,g__Prevotella,s__
zOTU_742,k__Bacteria,p__Firmicutes,c__Clostridia,o__Clostridiales,f__Lachnospiraceae,g__,s__
zOTU_743,k__Bacteria,p__Bacteroidetes,c__Bacteroidia,o__Bacteroidales,f__Prevotellaceae,g__Prevotella,s__stercorea
zOTU_744,k__Bacteria,p__Firmicutes,c__Erysipelotrichi,o__Erysipelotrichales,f__Erysipelotrichaceae,g__RFN20,s__
zOTU_745,k__Bacteria,p__Firmicutes,c__Clostridia,o__Clostridiales,f__Ruminococcaceae,g__Ruminococcus,s__
zOTU_746,k__Bacteria,p__Firmicutes,c__Clostridia,o__Clostridiales,f__Ruminococcaceae,g__Oscillospira,s__
zOTU_747,k__Bacteria,p__Firmicutes,c__Clostridia,o__Clostridiales,f__,g__,s__
zOTU_748,k__Bacteria,p__TM7,c__TM7-3,o__CW040,f__F16,g__,s__
zOTU_749,k__Bacteria,p__Bacteroidetes,c__Bacteroidia,o__Bacteroidales,f__Prevotellaceae,g__Prevotella,s__
zOTU_75,k__Bacteria,p__Bacteroidetes,c__Bacteroidia,o__Bacteroidales,f__Prevotellaceae,g__Prevotella,s__
zOTU_750,k__Bacteria,p__Bacteroidetes,c__Bacteroidia,o__Bacteroidales,f__Prevotellaceae,g__Prevotella,s__
zOTU_751,k__Bacteria,p__Bacteroidetes,c__Bacteroidia,o__Bacteroidales,f__,g__,s__
zOTU_752,k__Bacteria,p__Firmicutes,c__Erysipelotrichi,o__Erysipelotrichales,f__Erysipelotrichaceae,g__Bulleidia,s__
zOTU_753,k__Bacteria,p__Bacteroidetes,c__Bacteroidia,o__Bacteroidales,f__Prevotellaceae,g__Prevotella,s__
zOTU_754,k__Bacteria,p__Bacteroidetes,c__Bacteroidia,o__Bacteroidales,f__Prevotellaceae,g__Prevotella,s__stercorea
zOTU_755,k__Bacteria,p__Spirochaetes,c__Spirochaetes,o__Spirochaetales,f__Spirochaetaceae,g__Treponema,s__
zOTU_756,k__Bacteria,p__Fibrobacteres,c__Fibrobacteria,o__Fibrobacterales,f__Fibrobacteraceae,g__Fibrobacter,s__succinogenes
zOTU_757,k__Bacteria,p__Bacteroidetes,c__Bacteroidia,o__Bacteroidales,f__Bacteroidaceae,g__BF311,s__
zOTU_758,k__Bacteria,p__Bacteroidetes,c__Bacteroidia,o__Bacteroidales,f__Prevotellaceae,g__Prevotella,s__
zOTU_759,k__Bacteria,p__Firmicutes,c__Clostridia,o__Clostridiales,f__,g__,s__
zOTU_76,k__Bacteria,p__Bacteroidetes,c__Bacteroidia,o__Bacteroidales,f__Prevotellaceae,g__Prevotella,s__stercorea
zOTU_760,k__Bacteria,p__Bacteroidetes,c__Bacteroidia,o__Bacteroidales,f__Prevotellaceae,g__Prevotella,s__stercorea
zOTU_761,k__Bacteria,p__Firmicutes,c__Clostridia,o__Clostridiales,f__Ruminococcaceae,g__,s__
zOTU_762,k__Bacteria,p__Bacteroidetes,c__Bacteroidia,o__Bacteroidales,f__,g__,s__
zOTU_763,k__Bacteria,p__Bacteroidetes,c__Bacteroidia,o__Bacteroidales,f__,g__,s__
zOTU_764,k__Bacteria,p__Bacteroidetes,c__Bacteroidia,o__Bacteroidales,f__S24-7,g__,s__
zOTU_765,k__Bacteria,p__Bacteroidetes,c__Bacteroidia,o__Bacteroidales,f__Prevotellaceae,g__Prevotella,s__
zOTU_766,k__Bacteria,p__Firmicutes,c__Clostridia,o__Clostridiales,f__Ruminococcaceae,g__Ruminococcus,s__
zOTU_767,k__Bacteria,p__Actinobacteria,c__Coriobacteriia,o__Coriobacteriales,f__Coriobacteriaceae,g__,s__
zOTU_768,k__Bacteria,p__Bacteroidetes,c__Bacteroidia,o__Bacteroidales,f__S24-7,g__,s__
zOTU_769,k__Bacteria,p__Firmicutes,c__Clostridia,o__Clostridiales,f__Ruminococcaceae,g__Ruminococcus,s__
zOTU_77,k__Bacteria,p__Firmicutes,c__Clostridia,o__Clostridiales,f__Ruminococcaceae,g__Ruminococcus,s__
zOTU_770,k__Bacteria,p__Bacteroidetes,c__Bacteroidia,o__Bacteroidales,f__,g__,s__
zOTU_771,k__Bacteria,p__Bacteroidetes,c__Bacteroidia,o__Bacteroidales,f__Prevotellaceae,g__Prevotella,s__
zOTU_772,k__Bacteria,p__Bacteroidetes,c__Bacteroidia,o__Bacteroidales,f__[Paraprevotellaceae],g__CF231,s__
zOTU_773,k__Bacteria,p__Bacteroidetes,c__Bacteroidia,o__Bacteroidales,f__Prevotellaceae,g__Prevotella,s__
zOTU_774,k__Bacteria,p__Firmicutes,c__Clostridia,o__Clostridiales,f__Veillonellaceae,g__Succiniclasticum,s__
zOTU_775,k__Bacteria,p__Bacteroidetes,c__Bacteroidia,o__Bacteroidales,f__,g__,s__
zOTU_776,k__Bacteria,p__Bacteroidetes,c__Bacteroidia,o__Bacteroidales,f__Prevotellaceae,g__Prevotella,s__
zOTU_777,k__Bacteria,p__Firmicutes,c__Clostridia,o__Clostridiales,f__Lachnospiraceae,g__Butyrivibrio,s__
zOTU_778,k__Bacteria,p__Bacteroidetes,c__Bacteroidia,o__Bacteroidales,f__Prevotellaceae,g__Prevotella,s__
zOTU_779,k__Bacteria,p__Firmicutes,c__Clostridia,o__Clostridiales,f__[Mogibacteriaceae],g__,s__
zOTU_78,k__Bacteria,p__Firmicutes,c__Erysipelotrichi,o__Erysipelotrichales,f__Erysipelotrichaceae,g__RFN20,s__
zOTU_780,k__Bacteria,p__Bacteroidetes,c__Bacteroidia,o__Bacteroidales,f__Prevotellaceae,g__Prevotella,s__
zOTU_781,k__Bacteria,p__Bacteroidetes,c__Bacteroidia,o__Bacteroidales,f__,g__,s__
zOTU_782,k__Bacteria,p__Bacteroidetes,c__Bacteroidia,o__Bacteroidales,f__Prevotellaceae,g__Prevotella,s__
zOTU_783,k__Bacteria,p__Actinobacteria,c__Coriobacteriia,o__Coriobacteriales,f__Coriobacteriaceae,g__,s__
zOTU_784,k__Bacteria,p__Bacteroidetes,c__Bacteroidia,o__Bacteroidales,f__Prevotellaceae,g__Prevotella,s__
zOTU_785,k__Bacteria,p__Bacteroidetes,c__Bacteroidia,o__Bacteroidales,f__S24-7,g__,s__
zOTU_786,k__Bacteria,p__Fibrobacteres,c__Fibrobacteria,o__Fibrobacterales,f__Fibrobacteraceae,g__Fibrobacter,s__succinogenes
zOTU_787,k__Bacteria,p__Bacteroidetes,c__Bacteroidia,o__Bacteroidales,f__Prevotellaceae,g__Prevotella,s__
zOTU_788,k__Bacteria,p__Bacteroidetes,c__Bacteroidia,o__Bacteroidales,f__[Paraprevotellaceae],g__YRC22,s__
zOTU_789,k__Bacteria,p__Bacteroidetes,c__Bacteroidia,o__Bacteroidales,f__Prevotellaceae,g__Prevotella,s__
zOTU_79,k__Bacteria,p__Firmicutes,c__Clostridia,o__Clostridiales,f__Lachnospiraceae,g__Butyrivibrio,s__
zOTU_790,k__Bacteria,p__Bacteroidetes,c__Bacteroidia,o__Bacteroidales,f__Prevotellaceae,g__Prevotella,s__
zOTU_791,k__Bacteria,p__Bacteroidetes,c__Bacteroidia,o__Bacteroidales,f__Prevotellaceae,g__Prevotella,s__
zOTU_792,k__Bacteria,p__Firmicutes,c__Clostridia,o__Clostridiales,f__,g__,s__
zOTU_793,k__Bacteria,p__Firmicutes,c__Clostridia,o__Clostridiales,f__Lachnospiraceae,g__,s__
zOTU_794,k__Bacteria,p__Actinobacteria,c__Coriobacteriia,o__Coriobacteriales,f__Coriobacteriaceae,g__,s__
zOTU_795,k__Bacteria,p__Firmicutes,c__Clostridia,o__Clostridiales,f__Ruminococcaceae,g__Ruminococcus,s__
zOTU_796,k__Bacteria,p__Firmicutes,c__Clostridia,o__Clostridiales,f__Veillonellaceae,g__Selenomonas,s__
zOTU_797,k__Bacteria,p__Spirochaetes,c__Spirochaetes,o__Spirochaetales,f__Spirochaetaceae,g__Treponema,s__
zOTU_798,k__Bacteria,p__Fibrobacteres,c__Fibrobacteria,o__Fibrobacterales,f__Fibrobacteraceae,g__Fibrobacter,s__succinogenes
zOTU_799,k__Bacteria,p__Spirochaetes,c__Spirochaetes,o__Spirochaetales,f__Spirochaetaceae,g__Treponema,s__
zOTU_80,k__Bacteria,p__SR1,c__,o__,f__,g__,s__
zOTU_800,k__Bacteria,p__Firmicutes,c__Clostridia,o__Clostridiales,f__,g__,s__
zOTU_801,k__Bacteria,p__Firmicutes,c__Clostridia,o__Clostridiales,f__Lachnospiraceae,g__,s__
zOTU_802,k__Bacteria,p__Actinobacteria,c__Coriobacteriia,o__Coriobacteriales,f__Coriobacteriaceae,g__,s__
zOTU_803,k__Bacteria,p__Firmicutes,c__Clostridia,o__Clostridiales,f__Ruminococcaceae,g__,s__
zOTU_804,k__Bacteria,p__Spirochaetes,c__Spirochaetes,o__Spirochaetales,f__Spirochaetaceae,g__Treponema,s__
zOTU_805,k__Bacteria,p__Bacteroidetes,c__Bacteroidia,o__Bacteroidales,f__S24-7,g__,s__
zOTU_806,k__Bacteria,p__Firmicutes,c__Clostridia,o__Clostridiales,f__[Mogibacteriaceae],g__,s__
zOTU_807,k__Bacteria,p__Bacteroidetes,c__Bacteroidia,o__Bacteroidales,f__Prevotellaceae,g__Prevotella,s__
zOTU_808,k__Bacteria,p__Bacteroidetes,c__Bacteroidia,o__Bacteroidales,f__S24-7,g__,s__
zOTU_81,k__Bacteria,p__Firmicutes,c__Clostridia,o__Clostridiales,f__Ruminococcaceae,g__,s__
zOTU_810,k__Bacteria,p__Firmicutes,c__Erysipelotrichi,o__Erysipelotrichales,f__Erysipelotrichaceae,g__Sharpea,s__azabuensis
zOTU_811,k__Bacteria,p__Firmicutes,c__Clostridia,o__Clostridiales,f__Ruminococcaceae,g__,s__
zOTU_812,k__Bacteria,p__Bacteroidetes,c__Bacteroidia,o__Bacteroidales,f__Prevotellaceae,g__Prevotella,s__ruminicola
zOTU_813,k__Bacteria,p__Bacteroidetes,c__Bacteroidia,o__Bacteroidales,f__S24-7,g__,s__
zOTU_814,k__Bacteria,p__Firmicutes,c__Clostridia,o__Clostridiales,f__Lachnospiraceae,g__,s__
zOTU_815,k__Bacteria,p__Firmicutes,c__Clostridia,o__Clostridiales,f__[Mogibacteriaceae],g__,s__
zOTU_816,k__Bacteria,p__Firmicutes,c__Clostridia,o__Clostridiales,f__Lachnospiraceae,g__,s__
zOTU_817,k__Bacteria,p__Bacteroidetes,c__Bacteroidia,o__Bacteroidales,f__Prevotellaceae,g__Prevotella,s__
zOTU_818,k__Bacteria,p__Firmicutes,c__Clostridia,o__Clostridiales,f__,g__,s__
zOTU_819,k__Bacteria,p__Firmicutes,c__Clostridia,o__Clostridiales,f__Ruminococcaceae,g__Ruminococcus,s__
zOTU_82,k__Bacteria,p__Bacteroidetes,c__Bacteroidia,o__Bacteroidales,f__Prevotellaceae,g__Prevotella,s__
zOTU_820,k__Bacteria,p__Bacteroidetes,c__Bacteroidia,o__Bacteroidales,f__,g__,s__
zOTU_821,k__Bacteria,p__Bacteroidetes,c__Bacteroidia,o__Bacteroidales,f__Prevotellaceae,g__Prevotella,s__
zOTU_822,k__Bacteria,p__Bacteroidetes,c__Bacteroidia,o__Bacteroidales,f__Prevotellaceae,g__Prevotella,s__
zOTU_823,k__Bacteria,p__Firmicutes,c__Clostridia,o__Clostridiales,f__Lachnospiraceae,g__,s__
zOTU_824,k__Bacteria,p__Firmicutes,c__Clostridia,o__Clostridiales,f__[Mogibacteriaceae],g__,s__
zOTU_825,k__Bacteria,p__Bacteroidetes,c__Bacteroidia,o__Bacteroidales,f__S24-7,g__,s__
zOTU_826,k__Bacteria,p__Bacteroidetes,c__Bacteroidia,o__Bacteroidales,f__Prevotellaceae,g__Prevotella,s__
zOTU_827,k__Bacteria,p__Bacteroidetes,c__Bacteroidia,o__Bacteroidales,f__S24-7,g__,s__
zOTU_828,k__Bacteria,p__Actinobacteria,c__Coriobacteriia,o__Coriobacteriales,f__Coriobacteriaceae,g__,s__
zOTU_829,k__Bacteria,p__Bacteroidetes,c__Bacteroidia,o__Bacteroidales,f__Prevotellaceae,g__Prevotella,s__
zOTU_83,k__Bacteria,p__Firmicutes,c__Clostridia,o__Clostridiales,f__Ruminococcaceae,g__Ruminococcus,s__
zOTU_830,k__Bacteria,p__Fibrobacteres,c__Fibrobacteria,o__Fibrobacterales,f__Fibrobacteraceae,g__Fibrobacter,s__succinogenes
zOTU_831,k__Bacteria,p__Firmicutes,c__Clostridia,o__Clostridiales,f__Ruminococcaceae,g__Oscillospira,s__
zOTU_832,k__Bacteria,p__Bacteroidetes,c__Bacteroidia,o__Bacteroidales,f__Prevotellaceae,g__Prevotella,s__
zOTU_833,k__Bacteria,p__Bacteroidetes,c__Bacteroidia,o__Bacteroidales,f__Prevotellaceae,g__Prevotella,s__
zOTU_834,k__Bacteria,p__Firmicutes,c__Clostridia,o__Clostridiales,f__,g__,s__
zOTU_835,k__Bacteria,p__Bacteroidetes,c__Bacteroidia,o__Bacteroidales,f__,g__,s__
zOTU_836,k__Bacteria,p__Bacteroidetes,c__Bacteroidia,o__Bacteroidales,f__Prevotellaceae,g__Prevotella,s__
zOTU_837,k__Bacteria,p__Bacteroidetes,c__Bacteroidia,o__Bacteroidales,f__,g__,s__
zOTU_838,k__Bacteria,p__Firmicutes,c__Clostridia,o__Clostridiales,f__Eubacteriaceae,g__Pseudoramibacter_Eubacterium,s__
zOTU_839,k__Bacteria,p__Bacteroidetes,c__Bacteroidia,o__Bacteroidales,f__Prevotellaceae,g__Prevotella,s__
zOTU_84,k__Bacteria,p__Firmicutes,c__Clostridia,o__Clostridiales,f__Lachnospiraceae,g__Butyrivibrio,s__
zOTU_840,k__Bacteria,p__Firmicutes,c__Clostridia,o__Clostridiales,f__[Mogibacteriaceae],g__,s__
zOTU_841,k__Bacteria,p__Firmicutes,c__Clostridia,o__Clostridiales,f__Lachnospiraceae,g__Butyrivibrio,s__
zOTU_842,k__Bacteria,p__Bacteroidetes,c__Bacteroidia,o__Bacteroidales,f__[Paraprevotellaceae],g__YRC22,s__
zOTU_843,k__Bacteria,p__Bacteroidetes,c__Bacteroidia,o__Bacteroidales,f__,g__,s__
zOTU_844,k__Bacteria,p__Firmicutes,c__Clostridia,o__Clostridiales,f__Ruminococcaceae,g__Ruminococcus,s__
zOTU_845,k__Bacteria,p__Bacteroidetes,c__Bacteroidia,o__Bacteroidales,f__Prevotellaceae,g__Prevotella,s__
zOTU_846,k__Bacteria,p__Bacteroidetes,c__Bacteroidia,o__Bacteroidales,f__Prevotellaceae,g__Prevotella,s__
zOTU_847,k__Bacteria,p__Firmicutes,c__Clostridia,o__Clostridiales,f__,g__,s__
zOTU_848,k__Bacteria,p__Bacteroidetes,c__Bacteroidia,o__Bacteroidales,f__Bacteroidaceae,g__BF311,s__
zOTU_849,k__Bacteria,p__Firmicutes,c__Clostridia,o__Clostridiales,f__,g__,s__
zOTU_85,k__Bacteria,p__Bacteroidetes,c__Bacteroidia,o__Bacteroidales,f__Prevotellaceae,g__Prevotella,s__
zOTU_850,k__Bacteria,p__Bacteroidetes,c__Bacteroidia,o__Bacteroidales,f__Prevotellaceae,g__Prevotella,s__
zOTU_851,k__Bacteria,p__Firmicutes,c__Clostridia,o__Clostridiales,f__Ruminococcaceae,g__,s__
zOTU_852,k__Bacteria,p__Bacteroidetes,c__Bacteroidia,o__Bacteroidales,f__Prevotellaceae,g__Prevotella,s__
zOTU_853,k__Bacteria,p__Firmicutes,c__Clostridia,o__Clostridiales,f__Ruminococcaceae,g__,s__
zOTU_854,k__Bacteria,p__Bacteroidetes,c__Bacteroidia,o__Bacteroidales,f__Prevotellaceae,g__Prevotella,s__
zOTU_855,k__Bacteria,p__Bacteroidetes,c__Bacteroidia,o__Bacteroidales,f__,g__,s__
zOTU_856,k__Bacteria,p__Bacteroidetes,c__Bacteroidia,o__Bacteroidales,f__Prevotellaceae,g__Prevotella,s__
zOTU_857,k__Bacteria,p__Firmicutes,c__Clostridia,o__Clostridiales,f__Ruminococcaceae,g__Ruminococcus,s__
zOTU_858,k__Bacteria,p__Firmicutes,c__Clostridia,o__Clostridiales,f__,g__,s__
zOTU_859,k__Bacteria,p__Firmicutes,c__Clostridia,o__Clostridiales,f__Lachnospiraceae,g__Coprococcus,s__
zOTU_86,k__Bacteria,p__Bacteroidetes,c__Bacteroidia,o__Bacteroidales,f__Prevotellaceae,g__Prevotella,s__
zOTU_860,k__Bacteria,p__Firmicutes,c__Clostridia,o__Clostridiales,f__Veillonellaceae,g__Selenomonas,s__
zOTU_861,k__Bacteria,p__Bacteroidetes,c__Bacteroidia,o__Bacteroidales,f__Prevotellaceae,g__Prevotella,s__
zOTU_862,k__Bacteria,p__Firmicutes,c__Clostridia,o__Clostridiales,f__Lachnospiraceae,g__Coprococcus,s__
zOTU_863,k__Bacteria,p__Bacteroidetes,c__Bacteroidia,o__Bacteroidales,f__Prevotellaceae,g__Prevotella,s__
zOTU_864,k__Bacteria,p__Actinobacteria,c__Coriobacteriia,o__Coriobacteriales,f__Coriobacteriaceae,g__Collinsella,s__
zOTU_865,k__Bacteria,p__Firmicutes,c__Clostridia,o__Clostridiales,f__,g__,s__
zOTU_866,k__Bacteria,p__Firmicutes,c__Clostridia,o__Clostridiales,f__Ruminococcaceae,g__Ruminococcus,s__
zOTU_867,k__Bacteria,p__Bacteroidetes,c__Bacteroidia,o__Bacteroidales,f__Prevotellaceae,g__Prevotella,s__
zOTU_868,k__Bacteria,p__Actinobacteria,c__Coriobacteriia,o__Coriobacteriales,f__Coriobacteriaceae,g__,s__
zOTU_869,k__Bacteria,p__Bacteroidetes,c__Bacteroidia,o__Bacteroidales,f__Prevotellaceae,g__Prevotella,s__
zOTU_87,k__Bacteria,p__Firmicutes,c__Clostridia,o__Clostridiales,f__Eubacteriaceae,g__Pseudoramibacter_Eubacterium,s__
zOTU_870,k__Bacteria,p__Bacteroidetes,c__Bacteroidia,o__Bacteroidales,f__[Paraprevotellaceae],g__CF231,s__
zOTU_871,k__Bacteria,p__Firmicutes,c__Clostridia,o__Clostridiales,f__Ruminococcaceae,g__,s__
zOTU_872,k__Bacteria,p__Bacteroidetes,c__Bacteroidia,o__Bacteroidales,f__Prevotellaceae,g__Prevotella,s__
zOTU_873,k__Bacteria,p__Firmicutes,c__Clostridia,o__Clostridiales,f__Lachnospiraceae,g__,s__
zOTU_874,k__Bacteria,p__Bacteroidetes,c__Bacteroidia,o__Bacteroidales,f__,g__,s__
zOTU_875,k__Bacteria,p__Bacteroidetes,c__Bacteroidia,o__Bacteroidales,f__,g__,s__
zOTU_876,k__Bacteria,p__Bacteroidetes,c__Bacteroidia,o__Bacteroidales,f__,g__,s__
zOTU_878,k__Bacteria,p__Bacteroidetes,c__Bacteroidia,o__Bacteroidales,f__Prevotellaceae,g__Prevotella,s__
zOTU_879,k__Bacteria,p__Firmicutes,c__Clostridia,o__Clostridiales,f__,g__,s__
zOTU_88,k__Bacteria,p__Firmicutes,c__Clostridia,o__Clostridiales,f__Ruminococcaceae,g__Ruminococcus,s__
zOTU_880,k__Bacteria,p__Firmicutes,c__Clostridia,o__Clostridiales,f__,g__,s__
zOTU_881,k__Bacteria,p__Bacteroidetes,c__Bacteroidia,o__Bacteroidales,f__Prevotellaceae,g__Prevotella,s__
zOTU_882,k__Bacteria,p__TM7,c__TM7-3,o__CW040,f__F16,g__,s__
zOTU_883,k__Bacteria,p__Bacteroidetes,c__Bacteroidia,o__Bacteroidales,f__Prevotellaceae,g__Prevotella,s__
zOTU_884,k__Bacteria,p__Firmicutes,c__Clostridia,o__Clostridiales,f__Lachnospiraceae,g__,s__
zOTU_885,k__Bacteria,p__Firmicutes,c__Clostridia,o__Clostridiales,f__Ruminococcaceae,g__,s__
zOTU_886,k__Bacteria,p__Bacteroidetes,c__Bacteroidia,o__Bacteroidales,f__[Paraprevotellaceae],,
zOTU_887,k__Bacteria,p__Firmicutes,c__Clostridia,o__Clostridiales,f__Lachnospiraceae,g__,s__
zOTU_888,k__Bacteria,p__Bacteroidetes,c__Bacteroidia,o__Bacteroidales,f__Prevotellaceae,g__Prevotella,s__
zOTU_889,k__Bacteria,p__Firmicutes,c__Clostridia,o__Clostridiales,f__,g__,s__
zOTU_89,k__Bacteria,p__Firmicutes,c__Clostridia,o__Clostridiales,f__,g__,s__
zOTU_890,k__Bacteria,p__Bacteroidetes,c__Bacteroidia,o__Bacteroidales,f__Prevotellaceae,g__Prevotella,s__
zOTU_891,k__Bacteria,p__Firmicutes,c__Clostridia,o__Clostridiales,f__Lachnospiraceae,g__Butyrivibrio,s__
zOTU_892,k__Bacteria,p__Firmicutes,c__Clostridia,o__Clostridiales,f__,g__,s__
zOTU_893,k__Bacteria,p__Firmicutes,c__Clostridia,o__Clostridiales,f__Lachnospiraceae,g__Coprococcus,s__
zOTU_894,k__Bacteria,p__Firmicutes,c__Clostridia,o__Clostridiales,f__Lachnospiraceae,g__Butyrivibrio,s__
zOTU_895,k__Bacteria,p__Bacteroidetes,c__Bacteroidia,o__Bacteroidales,f__Prevotellaceae,g__Prevotella,s__
zOTU_896,k__Bacteria,p__Bacteroidetes,c__Bacteroidia,o__Bacteroidales,f__,g__,s__
zOTU_897,k__Bacteria,p__Actinobacteria,c__Coriobacteriia,o__Coriobacteriales,f__Coriobacteriaceae,g__,s__
zOTU_898,k__Bacteria,p__Fibrobacteres,c__Fibrobacteria,o__Fibrobacterales,f__Fibrobacteraceae,g__Fibrobacter,s__succinogenes
zOTU_899,k__Bacteria,p__Bacteroidetes,c__Bacteroidia,o__Bacteroidales,f__Prevotellaceae,g__Prevotella,s__
zOTU_90,k__Bacteria,p__Bacteroidetes,c__Bacteroidia,o__Bacteroidales,f__Prevotellaceae,g__Prevotella,s__
zOTU_900,k__Bacteria,p__Spirochaetes,c__Spirochaetes,o__Spirochaetales,f__Spirochaetaceae,g__Treponema,s__
zOTU_901,k__Bacteria,p__Bacteroidetes,c__Bacteroidia,o__Bacteroidales,f__[Paraprevotellaceae],g__YRC22,s__
zOTU_902,k__Bacteria,p__Synergistetes,c__Synergistia,o__Synergistales,f__Dethiosulfovibrionaceae,g__Pyramidobacter,s__
zOTU_903,k__Bacteria,p__Bacteroidetes,c__Bacteroidia,o__Bacteroidales,f__Prevotellaceae,g__Prevotella,s__
zOTU_904,k__Bacteria,p__Bacteroidetes,c__Bacteroidia,o__Bacteroidales,f__Prevotellaceae,g__Prevotella,s__
zOTU_905,k__Bacteria,p__Firmicutes,c__Clostridia,o__Clostridiales,f__,g__,s__
zOTU_906,k__Bacteria,p__Bacteroidetes,c__Bacteroidia,o__Bacteroidales,f__Prevotellaceae,g__Prevotella,s__
zOTU_907,k__Bacteria,p__Firmicutes,c__Clostridia,o__Clostridiales,f__,g__,s__
zOTU_908,k__Bacteria,p__Bacteroidetes,c__Bacteroidia,o__Bacteroidales,f__Prevotellaceae,g__Prevotella,s__
zOTU_909,k__Bacteria,p__Bacteroidetes,c__Bacteroidia,o__Bacteroidales,f__Prevotellaceae,g__Prevotella,s__
zOTU_91,k__Bacteria,p__Bacteroidetes,c__Bacteroidia,o__Bacteroidales,f__Prevotellaceae,g__Prevotella,s__
zOTU_910,k__Bacteria,p__Firmicutes,c__Clostridia,o__Clostridiales,f__Veillonellaceae,g__,s__
zOTU_911,k__Bacteria,p__Firmicutes,c__Clostridia,o__Clostridiales,f__,g__,s__
zOTU_912,k__Bacteria,p__Bacteroidetes,c__Bacteroidia,o__Bacteroidales,f__Prevotellaceae,g__Prevotella,s__
zOTU_913,k__Bacteria,p__Bacteroidetes,c__Bacteroidia,o__Bacteroidales,f__Prevotellaceae,g__Prevotella,s__
zOTU_914,k__Bacteria,p__Firmicutes,c__Clostridia,o__Clostridiales,f__Ruminococcaceae,g__,s__
zOTU_915,k__Bacteria,p__Bacteroidetes,c__Bacteroidia,o__Bacteroidales,f__Prevotellaceae,g__Prevotella,s__
zOTU_917,k__Bacteria,p__Bacteroidetes,c__Bacteroidia,o__Bacteroidales,f__Prevotellaceae,g__Prevotella,s__
zOTU_918,k__Bacteria,p__Firmicutes,c__Clostridia,o__Clostridiales,f__,g__,s__
zOTU_919,k__Bacteria,p__Firmicutes,c__Clostridia,o__Clostridiales,f__,g__,s__
zOTU_92,k__Bacteria,p__Firmicutes,c__Clostridia,o__Clostridiales,f__Ruminococcaceae,g__Ruminococcus,s__
zOTU_920,k__Bacteria,p__Firmicutes,c__Clostridia,o__Clostridiales,f__Lachnospiraceae,g__Butyrivibrio,s__
zOTU_921,k__Bacteria,p__Firmicutes,c__Clostridia,o__Clostridiales,f__,g__,s__
zOTU_922,k__Bacteria,p__Bacteroidetes,c__Bacteroidia,o__Bacteroidales,f__Prevotellaceae,g__Prevotella,s__
zOTU_923,k__Bacteria,p__Bacteroidetes,c__Bacteroidia,o__Bacteroidales,f__Prevotellaceae,g__Prevotella,s__
zOTU_924,k__Bacteria,p__Proteobacteria,c__Deltaproteobacteria,o__Desulfovibrionales,f__Desulfovibrionaceae,g__Desulfovibrio,s__D168
zOTU_925,k__Bacteria,p__Bacteroidetes,c__Bacteroidia,o__Bacteroidales,f__[Paraprevotellaceae],g__YRC22,s__
zOTU_926,k__Bacteria,p__Bacteroidetes,c__Bacteroidia,o__Bacteroidales,f__Prevotellaceae,g__Prevotella,s__
zOTU_927,k__Bacteria,p__Firmicutes,c__Clostridia,o__Clostridiales,f__[Mogibacteriaceae],g__,s__
zOTU_928,k__Bacteria,p__Bacteroidetes,c__Bacteroidia,o__Bacteroidales,f__Prevotellaceae,g__Prevotella,s__
zOTU_929,k__Bacteria,p__Firmicutes,c__Clostridia,o__Clostridiales,f__Ruminococcaceae,g__,s__
zOTU_93,k__Bacteria,p__Firmicutes,c__Clostridia,o__Clostridiales,f__Lachnospiraceae,g__Butyrivibrio,s__
zOTU_930,k__Bacteria,p__Firmicutes,c__Clostridia,o__Clostridiales,f__Ruminococcaceae,g__Ruminococcus,s__
zOTU_931,k__Bacteria,p__Firmicutes,c__Clostridia,o__Clostridiales,f__Lachnospiraceae,g__,s__
zOTU_932,k__Bacteria,p__Firmicutes,c__Clostridia,o__Clostridiales,f__Ruminococcaceae,g__Ruminococcus,s__
zOTU_933,k__Bacteria,p__Bacteroidetes,c__Bacteroidia,o__Bacteroidales,f__Prevotellaceae,g__Prevotella,s__
zOTU_934,k__Bacteria,p__Firmicutes,c__Clostridia,o__Clostridiales,f__Ruminococcaceae,g__,s__
zOTU_935,k__Bacteria,p__Firmicutes,c__Clostridia,o__Clostridiales,f__,g__,s__
zOTU_936,k__Bacteria,p__Firmicutes,c__Clostridia,o__Clostridiales,f__Ruminococcaceae,,
zOTU_937,k__Bacteria,p__Bacteroidetes,c__Bacteroidia,o__Bacteroidales,f__Prevotellaceae,g__Prevotella,s__
zOTU_938,k__Bacteria,p__Bacteroidetes,c__Bacteroidia,o__Bacteroidales,f__Prevotellaceae,g__Prevotella,s__
zOTU_939,k__Bacteria,p__Firmicutes,c__Clostridia,o__Clostridiales,f__,g__,s__
zOTU_94,k__Bacteria,p__Bacteroidetes,c__Bacteroidia,o__Bacteroidales,f__Prevotellaceae,g__Prevotella,s__
zOTU_940,k__Bacteria,p__Bacteroidetes,c__Bacteroidia,o__Bacteroidales,f__Prevotellaceae,g__Prevotella,s__
zOTU_941,k__Bacteria,p__Bacteroidetes,c__Bacteroidia,o__Bacteroidales,f__,g__,s__
zOTU_942,k__Bacteria,p__Bacteroidetes,c__Bacteroidia,o__Bacteroidales,f__Prevotellaceae,g__Prevotella,s__
zOTU_943,k__Bacteria,p__Bacteroidetes,c__Bacteroidia,o__Bacteroidales,f__Prevotellaceae,g__Prevotella,s__
zOTU_944,k__Bacteria,p__Bacteroidetes,c__Bacteroidia,o__Bacteroidales,f__RF16,g__,s__
zOTU_945,k__Bacteria,p__Firmicutes,c__Erysipelotrichi,o__Erysipelotrichales,f__Erysipelotrichaceae,g__Bulleidia,s__
zOTU_946,k__Bacteria,p__Bacteroidetes,c__Bacteroidia,o__Bacteroidales,f__,g__,s__
zOTU_947,k__Bacteria,p__Bacteroidetes,c__Bacteroidia,o__Bacteroidales,f__S24-7,g__,s__
zOTU_948,k__Bacteria,p__Firmicutes,c__Clostridia,o__Clostridiales,f__Eubacteriaceae,g__Pseudoramibacter_Eubacterium,s__
zOTU_949,k__Bacteria,p__Bacteroidetes,c__Bacteroidia,o__Bacteroidales,f__Bacteroidaceae,g__BF311,s__
zOTU_95,k__Bacteria,p__Bacteroidetes,c__Bacteroidia,o__Bacteroidales,f__Prevotellaceae,g__Prevotella,s__
zOTU_951,k__Bacteria,p__Firmicutes,c__Bacilli,o__Lactobacillales,f__Lactobacillaceae,g__Lactobacillus,s__
zOTU_952,k__Bacteria,p__Bacteroidetes,c__Bacteroidia,o__Bacteroidales,f__Prevotellaceae,g__Prevotella,s__
zOTU_953,k__Bacteria,p__Firmicutes,c__Clostridia,o__Clostridiales,f__[Mogibacteriaceae],g__,s__
zOTU_954,k__Bacteria,p__Firmicutes,c__Clostridia,o__Clostridiales,f__,g__,s__
zOTU_955,k__Bacteria,p__Firmicutes,c__Clostridia,o__Clostridiales,f__,g__,s__
zOTU_956,k__Bacteria,p__Bacteroidetes,c__Bacteroidia,o__Bacteroidales,f__,g__,s__
zOTU_957,k__Bacteria,p__Bacteroidetes,c__Bacteroidia,o__Bacteroidales,f__Prevotellaceae,g__Prevotella,s__
zOTU_958,k__Bacteria,p__Bacteroidetes,c__Bacteroidia,o__Bacteroidales,f__Prevotellaceae,g__Prevotella,s__
zOTU_959,k__Bacteria,p__Firmicutes,c__Clostridia,o__Clostridiales,f__Lachnospiraceae,g__Blautia,s__
zOTU_96,k__Bacteria,p__Firmicutes,c__Clostridia,o__Clostridiales,f__Lachnospiraceae,g__Butyrivibrio,s__
zOTU_960,k__Bacteria,p__Bacteroidetes,c__Bacteroidia,o__Bacteroidales,f__Prevotellaceae,g__Prevotella,s__
zOTU_961,k__Bacteria,p__Bacteroidetes,c__Bacteroidia,o__Bacteroidales,f__RF16,g__,s__
zOTU_963,k__Bacteria,p__Bacteroidetes,c__Bacteroidia,o__Bacteroidales,f__Prevotellaceae,g__Prevotella,s__stercorea
zOTU_964,k__Bacteria,p__Firmicutes,c__Clostridia,o__Clostridiales,f__[Mogibacteriaceae],g__,s__
zOTU_965,k__Bacteria,p__Firmicutes,c__Clostridia,o__Clostridiales,f__[Mogibacteriaceae],g__,s__
zOTU_966,k__Bacteria,p__Actinobacteria,c__Coriobacteriia,o__Coriobacteriales,f__Coriobacteriaceae,g__,s__
zOTU_967,k__Bacteria,p__Firmicutes,c__Clostridia,o__Clostridiales,f__,g__,s__
zOTU_968,k__Bacteria,p__Firmicutes,c__Clostridia,o__Clostridiales,f__,g__,s__
zOTU_969,k__Bacteria,p__Bacteroidetes,c__Bacteroidia,o__Bacteroidales,f__S24-7,g__,s__
zOTU_97,k__Bacteria,p__Firmicutes,c__Clostridia,o__Clostridiales,f__Ruminococcaceae,g__,s__
zOTU_970,k__Bacteria,p__Bacteroidetes,c__Bacteroidia,o__Bacteroidales,f__S24-7,g__,s__
zOTU_971,k__Bacteria,p__Cyanobacteria,c__4C0d-2,o__YS2,f__,g__,s__
zOTU_972,k__Bacteria,p__Firmicutes,c__Clostridia,o__Clostridiales,f__,g__,s__
zOTU_973,k__Bacteria,p__Spirochaetes,c__Spirochaetes,o__Spirochaetales,f__Spirochaetaceae,g__Treponema,s__
zOTU_974,k__Bacteria,p__Bacteroidetes,c__Bacteroidia,o__Bacteroidales,f__Prevotellaceae,g__Prevotella,s__
zOTU_975,k__Bacteria,p__Bacteroidetes,c__Bacteroidia,o__Bacteroidales,f__Prevotellaceae,g__Prevotella,s__
zOTU_976,k__Bacteria,p__Firmicutes,c__Clostridia,o__Clostridiales,f__,g__,s__
zOTU_977,k__Bacteria,p__Firmicutes,c__Clostridia,o__Clostridiales,f__Lachnospiraceae,g__Coprococcus,s__
zOTU_978,k__Bacteria,p__Bacteroidetes,c__Bacteroidia,o__Bacteroidales,f__Prevotellaceae,g__Prevotella,s__
zOTU_979,k__Bacteria,p__Firmicutes,c__Clostridia,o__Clostridiales,f__Ruminococcaceae,g__,s__
zOTU_98,k__Bacteria,p__Firmicutes,c__Clostridia,o__Clostridiales,f__Ruminococcaceae,g__,s__
zOTU_980,k__Bacteria,p__Firmicutes,c__Clostridia,o__Clostridiales,f__Ruminococcaceae,g__,s__
zOTU_981,k__Bacteria,p__Actinobacteria,c__Coriobacteriia,o__Coriobacteriales,f__Coriobacteriaceae,,
zOTU_982,k__Bacteria,p__Bacteroidetes,c__Bacteroidia,o__Bacteroidales,f__Prevotellaceae,g__Prevotella,s__
zOTU_983,k__Bacteria,p__Firmicutes,c__Clostridia,o__Clostridiales,f__Veillonellaceae,g__,s__
zOTU_984,k__Bacteria,p__Firmicutes,c__Clostridia,o__Clostridiales,f__Lachnospiraceae,g__,s__
zOTU_985,k__Bacteria,p__Bacteroidetes,c__Bacteroidia,o__Bacteroidales,f__Prevotellaceae,g__Prevotella,s__
zOTU_986,k__Bacteria,p__Bacteroidetes,c__Bacteroidia,o__Bacteroidales,f__,g__,s__
zOTU_987,k__Bacteria,p__Bacteroidetes,c__Bacteroidia,o__Bacteroidales,f__Prevotellaceae,g__Prevotella,s__
zOTU_988,k__Bacteria,p__Bacteroidetes,c__Bacteroidia,o__Bacteroidales,f__S24-7,g__,s__
zOTU_989,k__Bacteria,p__Bacteroidetes,c__Bacteroidia,o__Bacteroidales,f__Prevotellaceae,g__Prevotella,s__
zOTU_99,k__Bacteria,p__Bacteroidetes,c__Bacteroidia,o__Bacteroidales,f__Prevotellaceae,g__Prevotella,s__
zOTU_990,k__Bacteria,p__Bacteroidetes,c__Bacteroidia,o__Bacteroidales,f__Prevotellaceae,g__Prevotella,s__
zOTU_991,k__Bacteria,p__Fibrobacteres,c__Fibrobacteria,o__Fibrobacterales,f__Fibrobacteraceae,g__Fibrobacter,s__succinogenes
zOTU_992,k__Bacteria,p__Firmicutes,c__Clostridia,o__Clostridiales,f__Lachnospiraceae,g__Anaerostipes,s__
zOTU_993,k__Bacteria,p__Firmicutes,c__Clostridia,o__Clostridiales,f__Ruminococcaceae,g__,s__
zOTU_994,k__Bacteria,p__Firmicutes,c__Clostridia,o__Clostridiales,f__Christensenellaceae,g__,s__
zOTU_995,k__Bacteria,p__Bacteroidetes,c__Bacteroidia,o__Bacteroidales,f__Prevotellaceae,g__Prevotella,s__
zOTU_996,k__Bacteria,p__Bacteroidetes,c__Bacteroidia,o__Bacteroidales,f__,g__,s__
zOTU_997,k__Bacteria,p__Firmicutes,c__Clostridia,o__Clostridiales,f__Veillonellaceae,g__Acidaminococcus,s__
zOTU_998,k__Bacteria,p__Bacteroidetes,c__Bacteroidia,o__Bacteroidales,f__Prevotellaceae,g__Prevotella,s__
zOTU_999,k__Bacteria,p__Firmicutes,c__Clostridia,o__Clostridiales,f__Lachnospiraceae,,
zOTU_1,k__Archaea,p__Euryarchaeota,c__Methanobacteria,o__Methanobacteriales,f__Methanobacteriaceae,g__Methanobrevibacter,s__
zOTU_101,k__Archaea,p__Euryarchaeota,c__Methanobacteria,o__Methanobacteriales,f__Methanobacteriaceae,g__Methanobrevibacter,s__
zOTU_1106,k__Archaea,p__Euryarchaeota,c__Thermoplasmata,o__E2,f__[Methanomassiliicoccaceae],g__vadinCA11,s__
zOTU_1124,k__Archaea,p__Euryarchaeota,c__Thermoplasmata,o__E2,f__[Methanomassiliicoccaceae],g__vadinCA11,s__
zOTU_1165,k__Archaea,p__Euryarchaeota,c__Methanobacteria,o__Methanobacteriales,f__Methanobacteriaceae,g__,s__
zOTU_12,k__Archaea,p__Euryarchaeota,c__Methanobacteria,o__Methanobacteriales,f__Methanobacteriaceae,g__Methanobrevibacter,s__
zOTU_1277,k__Archaea,p__Euryarchaeota,c__Methanobacteria,o__Methanobacteriales,f__Methanobacteriaceae,g__Methanosphaera,s__
zOTU_1399,k__Archaea,p__Euryarchaeota,c__Methanobacteria,o__Methanobacteriales,f__Methanobacteriaceae,g__Methanosphaera,s__
zOTU_1471,k__Archaea,p__Euryarchaeota,c__Thermoplasmata,o__E2,f__[Methanomassiliicoccaceae],g__vadinCA11,s__
zOTU_1580,k__Archaea,p__Euryarchaeota,c__Methanobacteria,o__Methanobacteriales,f__Methanobacteriaceae,g__Methanobrevibacter,s__
zOTU_1732,k__Archaea,p__Euryarchaeota,c__Thermoplasmata,o__E2,f__[Methanomassiliicoccaceae],g__vadinCA11,s__
zOTU_1846,k__Archaea,p__Euryarchaeota,c__Thermoplasmata,o__E2,f__[Methanomassiliicoccaceae],g__vadinCA11,s__
zOTU_19,k__Archaea,p__Euryarchaeota,c__Methanobacteria,o__Methanobacteriales,f__Methanobacteriaceae,g__Methanobrevibacter,s__
zOTU_2,k__Archaea,p__Euryarchaeota,c__Methanobacteria,o__Methanobacteriales,f__Methanobacteriaceae,g__Methanobrevibacter,s__
zOTU_25,k__Archaea,p__Euryarchaeota,c__Methanobacteria,o__Methanobacteriales,f__Methanobacteriaceae,g__Methanosphaera,s__
zOTU_2566,k__Archaea,p__Euryarchaeota,c__Thermoplasmata,o__E2,f__[Methanomassiliicoccaceae],g__vadinCA11,s__
zOTU_2782,k__Archaea,p__Euryarchaeota,c__Thermoplasmata,o__E2,f__[Methanomassiliicoccaceae],g__vadinCA11,s__
zOTU_3149,k__Archaea,p__Euryarchaeota,c__Methanomicrobia,o__Methanosarcinales,f__Methanosarcinaceae,g__Methanimicrococcus,s__
zOTU_3168,k__Archaea,p__Euryarchaeota,c__Thermoplasmata,o__E2,f__[Methanomassiliicoccaceae],g__vadinCA11,s__
zOTU_3269,k__Archaea,p__Euryarchaeota,c__Thermoplasmata,o__E2,f__[Methanomassiliicoccaceae],g__vadinCA11,s__
zOTU_33,k__Archaea,p__Euryarchaeota,c__Methanobacteria,o__Methanobacteriales,f__Methanobacteriaceae,g__Methanobrevibacter,s__
zOTU_3800,k__Archaea,p__Euryarchaeota,c__Thermoplasmata,o__E2,f__[Methanomassiliicoccaceae],g__vadinCA11,s__
zOTU_4154,k__Archaea,p__Euryarchaeota,c__Methanobacteria,o__Methanobacteriales,f__Methanobacteriaceae,g__Methanosphaera,s__
zOTU_423,k__Archaea,p__Euryarchaeota,c__Methanobacteria,o__Methanobacteriales,f__Methanobacteriaceae,g__Methanosphaera,s__
zOTU_4243,k__Archaea,p__Euryarchaeota,c__Thermoplasmata,o__E2,f__[Methanomassiliicoccaceae],g__vadinCA11,s__
zOTU_682,k__Archaea,p__Euryarchaeota,c__Methanobacteria,o__Methanobacteriales,f__Methanobacteriaceae,g__Methanobrevibacter,s__
zOTU_8,k__Archaea,p__Euryarchaeota,c__Methanobacteria,o__Methanobacteriales,f__Methanobacteriaceae,g__Methanobrevibacter,s__
zOTU_9,k__Archaea,p__Euryarchaeota,c__Methanobacteria,o__Methanobacteriales,f__Methanobacteriaceae,g__Methanosphaera,s__
