#OTU ID	S10	S11	S12	S13	S14	S15	S16	S17	S18	S19	S1	S20	S21	S22	S23	S24	S25	S26	S27	S28	S29	S2	S30	S31	S32	S33	S34	S35	S36	S37	S38	S39	S3	S40	S41	S42	S43	S44	S45	S46	S47	S48	S4	S5	S6	S7	S8	S9
zOTU_1	2342	2360	5211	5000	4395	3916	8558	3176	3986	3832	2551	11478	4558	3022	4598	10751	5091	2938	3964	6065	5660	2491	6071	4948	10663	4671	2902	6597	4851	3710	36	262	2888	14283	8235	1945	4021	12101	5224	2526	4464	12145	4506	4016	4489	2786	8395	2031
zOTU_10	432	843	411	945	1185	832	828	422	801	862	374	512	643	669	1247	720	389	602	924	490	404	551	497	1109	449	471	557	1342	333	443	3	155	926	648	1001	584	1444	900	749	505	1562	683	386	457	463	1262	823	282
zOTU_100	43	28	18	183	113	49	62	52	81	41	39	98	73	21	70	57	30	37	36	34	151	26	98	64	114	74	40	54	27	67	1	8	35	89	117	80	56	68	71	54	69	64	14	248	91	52	181	39
zOTU_1000	1	4	3	3	0	5	5	4	1	2	7	7	4	1	6	9	11	0	10	6	10	2	0	6	3	19	0	12	3	4	0	0	3	14	11	0	4	8	16	2	5	5	7	11	3	10	12	1
zOTU_1001	9	2	0	6	23	4	3	1	16	1	2	2	4	14	3	8	8	10	5	2	2	13	10	0	2	13	18	1	6	7	0	6	5	7	9	8	5	8	3	11	7	5	0	6	15	1	1	2
zOTU_1002	3	6	8	2	6	1	5	5	6	6	4	6	2	0	5	5	4	6	6	6	3	3	22	7	5	4	6	10	5	4	0	0	0	13	12	3	4	17	4	7	8	9	3	2	7	6	5	1
zOTU_1003	2	7	0	3	2	9	1	4	2	8	5	1	10	10	13	1	11	3	15	3	9	3	4	16	2	6	0	19	1	3	0	0	7	2	10	0	8	6	5	3	7	0	1	5	1	12	0	5
zOTU_1004	1	5	6	1	1	3	7	6	5	4	1	5	4	4	6	6	4	5	6	6	7	7	22	8	6	3	4	4	5	0	0	0	3	14	6	7	4	7	7	15	10	4	1	6	14	4	4	0
zOTU_1005	5	1	13	2	3	0	15	5	2	0	7	30	3	5	0	11	2	11	0	10	2	5	5	0	13	1	5	0	2	4	0	0	0	20	10	5	0	23	9	4	0	10	5	6	3	0	11	0
zOTU_1006	9	11	10	20	23	10	9	6	8	10	14	6	10	16	14	5	9	11	18	4	9	11	18	15	23	14	12	12	7	3	0	0	4	9	15	18	14	16	16	15	11	13	4	8	12	10	15	10
zOTU_1007	6	5	6	9	7	5	7	4	5	1	3	2	0	7	9	5	8	10	6	2	4	7	8	11	8	7	5	8	4	3	0	0	4	10	3	7	14	3	2	1	5	3	2	4	9	5	8	3
zOTU_1008	6	2	0	2	20	4	2	2	7	1	9	1	8	6	12	9	6	11	9	3	3	16	5	4	0	4	4	8	4	1	0	5	9	3	11	3	7	5	5	3	9	4	3	1	3	3	2	11
zOTU_1009	5	6	3	8	14	4	9	8	12	3	12	7	8	6	9	5	14	8	15	10	3	10	10	15	7	7	10	13	2	9	0	0	9	6	19	5	3	15	10	6	5	6	6	9	8	15	12	5
zOTU_101	53	75	95	133	87	68	98	77	106	127	69	190	106	65	118	99	90	64	99	86	127	49	169	111	146	95	45	168	66	45	1	0	63	152	170	65	102	160	98	63	136	117	58	94	69	53	92	54
zOTU_1010	20	0	1	2	15	2	4	0	4	0	5	1	4	24	1	3	6	25	19	3	1	2	4	2	1	12	16	2	5	2	0	0	10	0	10	8	16	2	12	5	5	5	0	2	1	6	0	3
zOTU_1011	8	3	6	1	9	10	12	0	3	2	0	4	1	3	11	7	2	10	3	5	4	2	9	4	14	1	4	13	3	1	0	4	2	8	3	1	0	7	0	0	7	7	1	4	7	10	21	0
zOTU_1012	5	4	6	10	12	3	0	4	9	1	4	1	8	7	9	5	9	13	11	11	1	6	3	4	1	3	2	7	2	10	0	0	10	5	16	9	6	8	8	8	5	4	2	2	1	3	1	2
zOTU_1013	2	3	3	2	7	3	6	2	1	6	0	6	2	4	12	6	0	1	8	6	4	1	8	8	21	0	2	9	8	1	0	0	4	14	2	1	9	12	1	2	11	9	0	0	13	7	19	0
zOTU_1014	2	1	10	3	9	0	7	1	3	0	1	5	1	9	3	12	3	14	4	11	2	6	6	4	10	4	2	7	5	7	0	0	0	3	10	7	5	20	5	2	11	20	6	2	11	3	10	1
zOTU_1015	4	4	5	4	1	0	9	1	5	3	0	1	4	8	4	1	1	12	3	0	1	6	23	11	1	0	22	3	0	2	0	6	5	6	2	10	17	5	1	7	4	3	1	4	16	8	11	2
zOTU_1016	8	3	1	10	6	6	9	2	1	4	0	2	7	3	5	4	5	3	6	2	18	1	5	9	10	7	4	8	2	12	0	0	4	4	10	3	5	6	7	2	10	2	3	8	24	2	7	3
zOTU_1017	1	0	1	8	10	2	6	5	1	2	5	5	2	9	1	5	2	3	6	2	5	6	16	16	4	7	3	6	0	1	0	0	4	3	13	1	4	8	4	6	6	3	5	9	6	9	32	1
zOTU_1018	7	3	1	12	13	8	3	3	9	2	4	3	4	1	7	1	6	8	5	2	4	4	22	7	4	2	3	14	0	2	0	0	2	2	7	7	2	0	5	3	12	2	3	4	9	4	8	0
zOTU_1019	0	5	11	2	0	9	9	0	0	2	0	9	1	2	15	12	1	0	14	19	0	0	1	13	10	0	0	12	11	1	0	3	5	24	0	1	7	28	0	1	11	18	7	1	0	13	11	1
zOTU_102	178	43	22	44	132	75	62	27	90	54	36	38	69	37	54	32	45	192	60	34	50	57	259	81	52	76	181	155	27	32	0	1	36	74	60	112	31	37	44	72	69	41	20	49	82	49	30	66
zOTU_1020	6	2	7	8	7	2	6	4	4	1	7	6	12	9	9	12	7	17	18	12	3	11	6	6	12	10	3	16	10	9	0	0	6	9	15	11	8	23	6	5	17	7	4	9	3	7	14	4
zOTU_1021	0	5	4	5	0	11	21	4	0	1	0	10	7	0	10	11	13	0	2	6	11	0	0	10	7	17	0	5	8	4	0	0	1	3	23	0	7	7	12	0	5	3	2	6	1	6	18	2
zOTU_1022	0	0	4	0	0	4	13	0	0	4	0	20	0	0	4	5	1	0	3	6	0	0	0	6	18	1	0	7	6	1	0	0	2	9	3	0	2	7	1	0	2	10	8	0	0	4	59	0
zOTU_1023	3	1	7	2	10	7	7	2	14	10	1	15	6	9	7	5	12	15	16	4	4	10	16	8	4	4	3	8	3	6	0	0	7	20	8	3	6	14	7	6	7	7	7	5	11	8	17	1
zOTU_1024	1	6	3	8	1	2	1	1	3	3	7	1	14	1	12	1	8	2	8	2	13	2	4	6	5	9	0	4	1	2	0	0	5	2	13	6	6	14	5	1	9	7	1	8	2	4	7	1
zOTU_1025	1	0	1	6	26	0	1	0	18	0	2	4	1	60	2	1	1	20	4	3	3	0	7	7	4	3	13	1	2	3	0	0	4	4	7	19	4	5	1	4	3	6	3	1	2	2	7	4
zOTU_1026	1	2	5	5	6	13	4	2	7	5	3	3	6	4	9	3	13	5	8	9	7	1	3	11	11	8	4	15	4	3	0	0	9	5	30	5	9	6	16	4	10	1	2	1	6	19	3	3
zOTU_1027	4	6	9	0	5	4	11	1	2	2	3	6	2	0	6	5	4	4	5	13	1	13	2	5	7	5	0	9	1	5	0	0	9	10	6	3	9	3	9	5	1	3	12	12	22	12	34	2
zOTU_1028	11	1	1	5	7	13	1	6	11	2	0	4	1	7	10	3	10	10	4	1	2	4	14	1	6	4	11	6	0	2	0	0	2	6	3	6	1	2	4	12	7	4	3	6	9	7	2	4
zOTU_1029	4	3	5	10	9	11	5	4	6	4	3	4	13	14	4	7	11	16	8	9	16	4	12	14	12	10	10	11	6	4	0	0	11	15	21	6	2	2	10	14	15	3	5	6	9	9	4	5
zOTU_103	30	30	38	50	122	48	20	37	96	15	37	10	30	190	102	55	58	79	67	128	70	69	83	111	120	23	39	44	47	53	3	14	70	46	203	71	127	157	96	47	100	94	40	44	41	72	79	32
zOTU_1030	1	9	0	9	1	7	2	1	1	11	2	7	3	1	8	5	4	1	13	2	2	0	2	14	7	0	2	11	1	3	0	0	9	4	18	4	14	2	8	7	12	3	1	13	1	15	5	2
zOTU_1031	20	16	24	27	38	31	17	14	24	23	14	26	24	43	25	20	22	40	51	18	27	25	63	46	16	34	19	67	9	9	1	0	17	22	36	38	49	24	17	39	52	17	8	30	24	30	26	18
zOTU_1032	0	4	0	1	14	4	5	2	3	1	2	2	8	2	11	12	13	11	14	9	5	7	4	10	2	4	4	6	5	5	0	0	11	1	10	3	7	9	4	8	20	6	5	0	2	6	6	1
zOTU_1033	2	3	6	4	5	2	7	4	7	4	3	5	2	2	9	9	3	12	11	8	1	1	0	10	2	4	2	7	4	4	0	0	2	7	14	14	11	17	10	11	11	9	3	0	1	3	1	2
zOTU_1034	0	5	14	7	4	10	34	7	2	6	0	19	8	1	14	26	5	0	9	12	3	0	6	20	37	8	0	22	15	5	0	0	13	19	11	2	8	28	6	3	18	21	13	3	4	2	35	3
zOTU_1035	1	0	4	4	2	3	5	2	4	13	1	13	3	5	10	5	3	1	8	8	7	5	19	8	10	0	4	9	2	7	0	0	15	13	7	3	14	16	3	0	1	3	3	5	11	9	8	0
zOTU_1036	6	2	2	4	24	4	7	4	12	4	1	2	4	4	6	3	6	14	6	2	7	2	15	5	3	2	11	5	3	2	0	0	3	2	12	5	3	2	9	1	14	5	1	3	5	3	6	4
zOTU_1037	10	10	6	18	10	13	3	1	2	2	4	0	0	11	6	4	5	4	1	7	7	4	14	11	5	9	7	6	1	7	1	0	5	5	8	20	7	3	0	3	8	7	2	12	3	6	6	15
zOTU_1038	26	17	13	31	28	15	9	16	18	7	15	24	30	17	34	27	21	26	29	12	14	15	40	29	11	29	19	43	11	11	0	1	10	33	28	15	25	17	24	24	32	23	10	8	12	18	12	12
zOTU_1039	0	4	0	5	9	4	4	3	5	2	1	1	7	7	8	5	2	13	5	0	10	4	3	7	4	5	5	5	3	6	0	0	6	2	22	5	9	3	4	2	13	8	3	8	11	6	4	2
zOTU_104	31	53	55	66	70	111	132	43	38	43	54	85	84	70	108	115	95	57	108	86	31	42	59	156	42	79	55	154	53	44	1	17	67	126	92	40	128	126	75	68	104	77	54	28	27	88	26	49
zOTU_1040	0	2	5	0	0	4	14	0	0	5	0	25	0	0	7	14	7	0	2	19	2	0	0	7	24	2	0	3	8	0	0	0	4	24	4	0	2	32	1	0	0	20	7	0	0	6	26	0
zOTU_1041	0	5	11	1	0	7	23	0	1	5	0	15	0	0	3	11	1	0	4	11	0	0	0	9	15	2	0	12	7	0	0	0	5	20	0	1	8	31	2	0	10	11	16	1	0	5	20	0
zOTU_1042	5	0	1	8	10	6	4	11	6	4	2	4	5	1	10	4	7	5	4	1	12	4	5	5	0	6	2	15	1	1	0	1	8	1	9	1	5	1	4	1	10	2	1	13	4	10	10	4
zOTU_1043	1	3	6	2	5	1	11	1	0	2	3	5	2	6	5	8	8	5	6	7	10	5	14	5	5	4	4	7	4	3	0	0	6	13	0	6	8	9	5	4	6	8	3	7	8	14	11	2
zOTU_1044	4	9	1	2	7	7	0	0	4	0	0	1	6	6	17	12	10	12	18	13	2	6	5	6	0	7	7	4	6	7	0	0	12	3	29	1	10	10	14	10	13	9	2	2	11	13	0	0
zOTU_1045	3	1	3	2	4	0	8	2	5	1	3	14	2	6	0	12	4	1	2	13	2	1	7	4	21	0	2	0	3	2	0	0	1	25	3	1	4	26	3	4	2	22	4	3	6	5	15	0
zOTU_1046	4	2	0	0	9	7	0	0	11	4	0	0	0	2	7	0	0	0	12	0	0	1	0	19	0	0	1	16	0	0	0	1	9	0	0	1	19	0	0	5	40	0	0	0	1	10	0	0
zOTU_1047	2	3	3	3	7	2	6	1	1	2	2	10	6	0	5	4	10	2	4	2	22	4	4	3	18	7	0	5	2	4	0	0	2	3	17	2	1	7	5	2	6	3	2	28	10	2	15	5
zOTU_1048	0	3	10	15	4	7	7	15	2	3	8	9	17	0	5	6	4	2	3	18	0	2	0	3	6	7	2	8	9	3	0	0	0	11	20	3	5	16	14	4	3	9	14	2	0	2	1	8
zOTU_1049	7	6	6	13	11	16	10	5	5	1	3	1	4	13	8	2	7	10	4	3	7	7	15	13	9	10	4	4	2	3	0	0	10	5	11	7	7	4	7	4	1	4	3	9	16	10	17	16
zOTU_105	107	69	26	141	160	77	63	80	151	92	66	70	105	97	126	40	48	160	83	43	85	120	260	87	63	65	114	108	20	54	0	18	65	56	106	158	111	44	92	142	158	33	21	88	152	141	75	45
zOTU_1050	5	5	1	5	21	6	5	4	9	4	4	4	5	23	5	1	0	6	11	4	0	5	7	15	4	1	4	9	1	1	0	0	4	4	5	6	11	3	4	15	14	0	0	1	3	4	0	1
zOTU_1051	11	3	0	3	11	1	0	5	11	3	4	0	9	7	6	3	4	11	6	1	3	8	16	4	0	6	5	8	0	8	0	0	4	1	7	11	3	1	7	14	9	0	2	4	13	8	2	1
zOTU_1052	5	6	1	2	5	7	11	1	0	4	3	3	4	1	6	0	7	2	3	8	10	4	2	10	11	3	2	12	1	0	0	0	0	6	7	6	5	5	2	0	2	1	0	12	3	11	22	7
zOTU_1053	0	2	1	1	4	6	0	0	1	2	0	1	2	3	10	11	10	7	32	7	4	0	3	12	2	5	13	4	3	2	0	2	8	2	4	1	29	9	2	1	17	4	3	2	0	3	0	4
zOTU_1054	8	3	3	2	8	3	4	1	7	3	0	5	2	10	9	3	1	6	10	2	1	6	14	4	8	2	5	12	4	1	0	0	4	7	6	5	8	7	0	5	4	5	1	5	2	6	4	2
zOTU_1055	0	3	5	4	0	11	13	4	0	9	3	12	3	1	8	8	12	0	7	8	3	0	0	15	7	6	0	16	7	7	0	2	6	8	8	0	16	10	4	0	6	6	4	5	0	6	6	3
zOTU_1056	1	6	1	1	5	4	0	9	10	3	4	0	12	8	4	10	4	5	10	6	5	10	10	3	3	1	3	5	0	5	0	7	11	3	8	2	4	2	10	5	4	3	4	3	8	7	0	0
zOTU_1057	3	0	2	7	29	6	0	1	6	0	3	0	1	11	3	2	3	8	2	0	1	4	6	7	0	2	15	2	0	1	0	0	3	0	6	13	15	0	5	8	8	1	2	0	3	0	1	4
zOTU_1058	2	6	0	0	6	9	0	0	6	2	0	0	0	17	6	0	0	1	3	0	0	2	1	8	0	0	1	10	0	0	0	2	4	0	0	4	27	0	0	2	20	0	0	0	4	5	0	0
zOTU_1059	5	12	7	13	10	10	3	4	6	5	8	4	15	16	15	37	12	7	14	12	3	10	4	10	1	13	6	13	4	2	0	0	18	16	10	6	11	25	5	11	14	12	6	2	2	6	5	11
zOTU_106	97	38	21	106	170	39	36	46	145	63	55	40	52	54	96	26	81	158	67	21	54	112	239	102	37	85	80	94	17	45	0	1	35	52	165	148	88	30	105	117	101	36	7	85	115	97	20	29
zOTU_1060	4	5	4	0	15	1	0	0	1	3	0	0	2	10	6	0	3	17	8	1	1	6	11	12	1	3	8	13	0	0	0	0	4	6	2	14	11	1	3	10	11	0	1	1	19	11	0	1
zOTU_1061	0	3	3	2	1	5	5	0	0	3	1	5	0	0	1	18	42	1	5	21	15	0	0	8	16	8	1	2	7	8	0	0	3	6	21	0	3	7	12	0	5	4	6	1	1	3	3	0
zOTU_1062	5	2	2	3	7	3	7	3	10	5	1	5	14	6	2	1	3	9	3	2	2	7	17	3	2	7	8	5	2	4	0	0	0	5	6	13	8	5	8	7	4	6	1	8	10	3	5	3
zOTU_1063	6	3	0	2	12	1	3	0	15	1	0	3	2	4	4	3	2	12	4	2	2	15	22	4	0	2	10	3	0	1	0	4	1	1	5	15	4	0	1	22	8	1	1	3	17	1	3	3
zOTU_1064	2	3	17	6	5	10	30	3	6	3	3	19	9	3	8	31	9	4	10	27	8	4	10	17	23	5	1	18	15	0	0	0	4	42	4	2	7	37	3	4	7	30	13	9	1	13	20	2
zOTU_1065	1	0	2	2	4	1	6	2	5	7	1	21	2	3	2	7	1	1	8	9	3	1	3	8	6	2	2	15	3	1	0	0	1	17	7	1	5	21	5	2	9	17	4	2	4	6	14	4
zOTU_1066	0	0	3	1	2	0	2	1	0	1	10	0	8	0	2	25	20	1	9	22	6	1	0	1	10	6	0	1	12	6	0	0	9	14	27	2	3	40	7	1	3	34	9	0	0	4	1	1
zOTU_1067	1	0	2	3	15	8	9	4	9	11	14	18	8	18	3	11	8	12	10	11	3	6	12	12	14	4	3	8	4	2	0	0	5	14	11	3	8	11	1	12	10	6	2	6	15	5	10	6
zOTU_1068	1	6	7	2	0	10	11	1	1	5	3	10	3	0	8	15	8	2	13	11	0	0	1	19	9	4	0	15	4	4	0	0	9	15	7	2	12	15	5	2	7	10	5	2	0	13	9	1
zOTU_1069	4	5	0	0	14	3	2	0	8	1	0	0	3	23	8	4	0	5	16	7	0	7	3	13	1	3	10	3	0	1	0	0	8	0	3	3	7	4	0	2	4	4	4	0	0	2	2	1
zOTU_107	10	32	20	100	87	35	26	60	72	27	66	20	53	166	51	30	31	60	77	61	39	56	29	81	38	32	63	60	23	32	0	1	66	20	107	135	152	80	55	58	108	47	32	44	47	67	70	37
zOTU_1070	1	0	0	28	9	3	0	3	4	1	12	0	6	10	2	0	0	18	10	1	0	6	18	1	2	0	4	4	1	0	0	0	3	1	8	7	8	2	5	2	3	1	0	19	8	5	2	15
zOTU_1071	2	10	2	6	3	7	5	3	5	7	1	0	2	3	11	1	4	5	11	3	7	3	9	8	7	7	2	14	0	0	0	0	6	5	10	2	6	6	5	8	17	1	0	5	4	10	5	3
zOTU_1072	6	2	6	5	8	1	3	0	5	0	5	1	6	3	12	4	17	10	6	13	5	4	8	2	6	6	14	3	3	0	0	0	4	8	0	4	8	9	2	7	12	2	5	4	1	4	5	9
zOTU_1073	3	5	3	4	10	4	3	10	14	4	8	4	6	7	8	11	16	8	17	2	13	6	8	6	3	12	6	11	6	6	0	0	9	10	14	0	14	6	7	8	8	13	4	0	3	4	3	1
zOTU_1074	1	1	5	5	4	4	6	3	2	7	3	4	2	0	7	10	6	10	7	5	1	3	3	5	2	5	4	12	6	5	0	0	5	8	19	5	2	15	19	3	10	8	5	5	0	2	6	1
zOTU_1075	1	2	2	17	10	0	0	8	15	0	4	0	11	1	2	2	4	28	2	0	5	7	12	1	0	4	20	0	0	6	0	0	0	0	12	23	1	3	7	15	4	1	0	3	3	3	0	2
zOTU_1076	43	63	53	111	49	45	44	56	44	63	50	75	63	54	88	65	54	59	69	40	69	45	92	86	57	81	24	93	27	17	0	0	27	66	92	56	85	59	75	42	81	57	14	95	51	67	46	24
zOTU_1077	12	8	5	12	41	8	9	26	24	1	20	2	34	38	14	11	26	34	15	12	3	32	10	12	7	21	22	9	5	7	0	1	12	5	33	15	12	6	16	13	18	11	7	3	9	2	1	36
zOTU_1078	3	2	3	7	5	0	5	6	7	5	0	5	3	4	2	7	9	9	5	9	3	10	11	4	2	14	7	6	3	6	0	0	4	4	39	8	4	13	13	5	7	6	3	1	10	4	1	1
zOTU_1079	6	0	3	3	7	1	3	1	12	1	4	8	7	22	1	5	7	6	4	3	7	4	14	1	7	7	14	1	1	4	0	0	2	4	11	6	2	8	2	6	0	1	1	3	8	5	7	2
zOTU_108	27	54	61	90	67	46	153	49	67	70	38	151	74	62	105	116	80	97	98	101	51	49	91	131	108	65	45	156	64	48	1	19	63	199	124	65	111	156	105	64	96	100	60	66	55	102	118	24
zOTU_1080	0	0	3	1	0	3	7	0	0	6	0	10	2	0	5	9	0	0	7	9	2	0	1	7	29	1	0	8	7	1	0	0	6	16	5	0	3	27	0	0	8	14	4	0	0	2	27	0
zOTU_1081	2	2	3	5	6	6	3	7	5	4	3	10	9	6	14	13	6	4	4	4	6	5	6	5	6	6	4	12	5	3	0	0	6	5	5	3	3	3	4	3	4	5	3	6	7	2	7	2
zOTU_1082	12	15	11	33	40	22	13	11	23	21	24	23	27	40	36	19	12	22	20	11	18	10	33	25	11	19	23	38	15	7	0	1	13	12	31	24	30	25	21	19	38	15	9	18	23	13	19	12
zOTU_1083	1	6	2	5	4	1	4	1	0	4	0	4	5	0	8	2	7	10	17	2	9	1	17	14	9	2	2	16	0	0	0	0	0	3	8	4	0	7	2	1	1	6	2	5	5	14	10	2
zOTU_1084	5	6	1	2	25	3	0	2	7	0	1	1	4	5	7	5	2	12	9	3	0	12	2	4	1	3	11	5	4	3	0	1	10	4	3	3	10	2	4	10	10	6	3	0	4	0	1	3
zOTU_1085	0	2	7	1	0	1	2	0	0	1	4	2	1	0	2	26	5	0	19	43	0	0	0	8	4	6	0	5	12	4	0	0	6	9	18	0	12	72	7	0	10	79	9	0	0	2	5	2
zOTU_1086	1	4	0	2	12	3	4	4	4	4	2	5	10	5	11	6	9	5	3	8	5	4	6	7	8	3	7	3	2	7	0	0	8	5	7	5	13	4	13	7	6	5	1	4	12	3	4	2
zOTU_1087	2	2	5	3	6	2	2	2	8	3	8	3	4	3	2	6	9	6	8	3	3	4	3	6	4	4	7	8	1	7	0	0	4	8	9	8	6	4	4	2	9	2	10	6	3	10	8	1
zOTU_1088	1	2	0	7	19	1	0	4	10	3	6	3	0	31	15	6	6	18	4	0	2	5	1	2	0	6	9	5	1	3	0	0	6	3	9	16	12	1	2	5	4	3	3	1	8	2	3	2
zOTU_1089	8	8	7	11	16	5	4	2	17	1	6	7	6	30	5	8	7	9	4	5	6	6	15	4	6	8	7	15	2	9	0	0	4	11	17	11	4	7	9	12	12	4	6	3	3	3	8	2
zOTU_109	12	49	109	31	7	71	217	14	8	54	27	146	30	0	32	105	45	6	36	98	39	12	38	69	259	42	15	135	100	21	0	9	63	277	22	6	15	164	19	13	39	108	115	29	11	50	167	29
zOTU_1090	4	1	1	8	24	2	0	2	6	2	1	0	3	5	9	6	5	3	7	1	1	12	3	4	1	3	10	5	2	3	0	0	8	2	16	8	12	4	8	8	8	2	2	0	6	0	1	1
zOTU_1091	1	2	4	6	2	2	5	1	2	3	2	7	4	0	2	10	3	1	3	3	10	2	19	7	20	2	3	6	2	5	0	0	1	10	0	1	1	4	3	1	2	2	2	20	4	2	31	1
zOTU_1092	29	0	0	0	19	0	0	0	31	0	0	0	0	14	0	0	0	2	0	0	0	7	2	0	0	0	4	0	0	0	0	0	0	0	0	5	0	0	0	16	0	0	0	0	3	0	0	0
zOTU_1093	1	7	5	5	6	7	7	4	4	7	0	4	6	6	5	3	3	4	4	2	3	4	12	7	13	5	4	18	5	2	0	0	2	7	4	0	13	10	0	3	9	5	5	4	12	9	4	3
zOTU_1094	9	3	7	4	9	0	7	3	10	4	2	8	3	11	2	5	4	8	3	7	3	6	14	11	1	3	2	3	1	0	0	0	7	8	9	6	1	8	3	7	5	5	2	5	10	4	2	1
zOTU_1095	6	2	5	1	6	2	4	2	5	3	0	3	1	14	4	12	1	1	8	6	2	8	2	7	7	2	4	6	6	3	0	0	4	10	8	3	5	17	4	0	4	14	13	0	6	3	10	0
zOTU_1096	10	9	2	1	14	4	1	0	12	4	0	1	0	17	4	6	0	6	3	2	0	7	11	7	5	0	3	1	0	0	0	6	10	2	0	12	13	3	0	9	10	1	2	1	15	8	4	0
zOTU_1097	9	1	4	3	13	2	2	0	5	1	1	1	2	17	4	1	12	5	9	6	2	8	3	8	2	4	14	0	4	2	0	0	10	1	7	8	8	3	3	9	5	4	3	0	3	0	0	3
zOTU_1098	8	4	4	4	7	4	10	3	6	3	1	11	6	3	4	3	4	4	7	3	3	4	10	3	2	10	8	9	1	6	0	0	4	8	8	5	3	7	6	6	6	1	3	11	6	4	3	1
zOTU_1099	3	11	6	21	8	4	8	9	6	8	9	7	28	5	11	6	10	13	21	13	3	5	12	11	7	13	3	12	11	11	0	8	9	7	27	4	16	11	29	6	10	11	4	9	3	17	4	6
zOTU_11	1125	0	630	731	666	1	791	465	212	2	763	844	617	30	1	555	661	1911	1	190	559	351	1678	3	239	1373	998	4	520	329	6	2	2	594	762	1144	1	605	639	1261	1	950	90	765	220	3	126	878
zOTU_110	58	84	33	61	114	68	76	37	102	98	32	64	72	57	87	74	21	92	97	42	11	64	78	124	52	47	55	132	37	39	1	8	109	97	128	70	123	94	81	89	170	77	33	48	68	106	78	19
zOTU_1100	0	4	4	2	0	4	17	2	0	4	0	14	3	0	0	6	7	0	2	9	14	0	2	2	32	4	0	0	0	4	0	0	2	5	5	0	1	9	7	0	1	6	9	2	0	4	38	0
zOTU_1101	1	1	2	2	4	0	5	6	6	3	1	4	8	5	3	8	7	8	5	4	2	6	6	5	8	5	8	9	2	4	0	0	5	6	5	5	2	4	6	7	8	6	3	6	5	6	9	0
zOTU_1102	2	1	0	9	18	3	2	0	8	3	5	0	1	12	5	0	6	20	14	0	1	5	2	6	1	0	7	10	1	2	0	0	8	1	12	8	9	5	19	6	6	0	1	1	2	4	1	3
zOTU_1103	10	6	2	0	19	2	1	0	15	4	0	4	0	37	6	5	0	7	5	2	0	3	6	5	3	0	4	11	0	0	0	0	8	3	0	4	8	3	0	9	11	4	3	0	9	2	1	0
zOTU_1104	0	0	2	4	0	1	6	0	0	4	1	15	4	1	3	7	8	0	10	7	8	1	0	15	15	0	0	8	7	4	1	0	4	26	12	0	15	22	6	0	11	10	10	2	0	7	13	1
zOTU_1105	3	5	3	5	2	2	2	0	6	1	0	7	5	4	2	6	1	3	8	5	5	4	11	8	8	2	4	6	4	4	0	0	2	13	8	1	5	12	11	5	6	5	6	6	5	6	5	1
zOTU_1106	2	1	1	0	0	0	1	0	0	1	2	2	5	0	6	4	13	5	7	16	3	6	0	6	2	9	2	3	1	0	0	0	8	10	20	1	3	19	8	4	4	5	12	1	1	7	2	0
zOTU_1107	0	3	2	7	0	5	3	5	0	0	5	3	9	4	8	6	9	1	11	9	8	0	0	8	4	5	0	3	1	10	0	0	15	2	13	0	9	14	2	0	5	1	2	2	0	2	11	7
zOTU_1108	11	2	2	3	8	0	1	0	13	2	1	0	1	5	0	1	0	39	2	0	6	0	30	3	0	2	29	1	0	5	0	0	2	3	11	6	3	0	4	5	3	0	1	4	2	1	3	0
zOTU_1109	0	7	0	1	0	4	4	0	0	1	1	0	0	0	11	24	19	6	25	16	3	0	6	5	1	8	4	3	6	7	0	0	18	3	32	0	9	21	27	0	2	20	7	0	0	4	2	0
zOTU_111	116	43	38	89	235	88	54	58	107	28	43	39	74	99	73	48	93	129	68	39	13	136	100	82	20	72	136	134	25	47	0	3	49	50	108	76	50	45	64	115	77	40	19	23	25	59	16	68
zOTU_1110	1	3	0	0	0	0	0	0	0	1	0	0	0	0	1	0	0	4	17	0	0	11	7	20	0	0	2	26	0	0	0	0	14	0	0	3	13	0	0	6	4	0	0	1	11	71	0	0
zOTU_1111	5	3	1	7	5	11	1	2	4	6	1	1	2	5	17	2	3	6	10	1	4	0	6	12	10	4	10	7	3	1	0	0	10	4	6	5	4	6	2	7	7	1	0	3	6	8	9	3
zOTU_1112	4	11	1	6	7	7	5	4	4	2	1	4	5	5	16	3	2	3	5	5	3	1	6	15	5	0	3	11	0	2	0	6	6	1	4	3	5	7	2	1	5	4	1	12	5	2	12	3
zOTU_1113	0	6	2	0	1	5	2	0	0	4	0	4	1	0	5	6	10	2	3	7	24	0	7	11	15	4	0	10	1	1	0	0	3	12	5	0	1	11	6	4	8	8	0	9	1	6	25	0
zOTU_1114	5	0	2	4	10	6	1	5	8	2	5	0	3	10	3	2	5	6	6	6	2	4	5	8	5	4	6	4	4	7	0	0	4	3	6	9	5	4	4	6	2	3	1	8	2	5	5	2
zOTU_1115	3	5	6	5	2	5	9	5	3	5	3	5	5	2	10	4	10	2	8	4	7	2	6	5	8	5	3	11	3	1	0	0	1	8	9	5	12	5	3	3	17	4	2	5	7	10	13	2
zOTU_1116	2	1	9	3	2	5	9	2	5	0	3	11	3	9	7	7	8	6	5	4	5	1	11	1	7	3	1	9	3	1	0	0	2	5	5	3	1	10	3	9	3	3	5	1	4	2	10	5
zOTU_1117	2	7	3	2	2	7	8	0	0	9	1	8	1	0	7	5	7	0	4	0	8	3	14	11	6	4	2	8	2	5	0	0	5	12	15	2	2	6	8	0	4	2	3	4	0	18	9	0
zOTU_1118	6	1	0	21	8	3	0	10	6	3	8	1	12	14	7	2	3	11	2	2	2	3	8	6	0	5	6	5	0	1	0	0	4	2	3	3	3	2	2	2	5	0	1	16	5	4	2	4
zOTU_1119	3	1	1	4	7	7	12	1	1	5	0	6	2	1	3	5	5	5	8	2	1	4	6	5	5	1	2	8	0	0	0	0	4	6	3	7	3	4	8	6	9	8	4	3	10	2	20	2
zOTU_112	15	66	77	141	24	62	135	100	28	79	59	138	116	30	111	101	73	35	108	65	157	16	55	159	130	93	15	190	37	36	1	1	35	109	167	21	109	105	143	21	159	66	46	106	40	72	124	30
zOTU_1120	1	6	5	9	7	6	5	5	9	1	4	6	6	4	5	2	6	6	5	5	2	2	8	9	6	2	11	6	2	3	0	0	2	4	1	4	10	8	4	3	6	7	2	4	6	3	3	11
zOTU_1121	3	3	1	3	3	4	1	0	3	3	0	5	2	2	4	2	3	13	6	7	6	6	20	13	4	4	15	8	1	1	0	0	7	4	4	4	9	4	3	0	6	5	2	2	3	4	1	0
zOTU_1122	0	2	0	1	0	1	0	0	0	4	4	0	6	0	8	0	17	0	6	2	8	0	0	2	0	24	3	3	0	18	0	1	1	1	56	0	2	10	21	0	1	5	0	0	0	1	0	5
zOTU_1123	5	6	4	2	10	3	4	1	5	7	1	2	6	4	12	8	3	5	6	2	0	6	8	4	3	5	3	7	1	1	1	0	10	6	6	5	8	4	6	12	10	2	1	3	7	8	1	1
zOTU_1124	4	3	2	0	6	0	2	2	1	0	4	1	0	7	1	3	0	25	10	8	1	4	10	3	0	3	14	4	3	2	0	0	7	5	5	4	3	14	9	6	4	9	5	3	17	1	3	1
zOTU_1125	2	2	5	2	11	3	2	5	6	1	7	5	2	3	1	6	7	11	1	10	3	2	8	8	4	4	4	5	1	3	0	0	2	10	5	4	4	11	10	14	5	10	2	0	7	5	2	1
zOTU_1126	9	2	2	0	5	3	4	0	8	2	0	4	0	5	4	5	0	13	0	3	0	7	27	1	4	0	23	1	1	0	0	0	1	8	0	22	1	4	0	24	4	6	2	0	2	0	3	0
zOTU_1127	0	2	8	2	1	7	12	9	1	6	5	14	8	1	1	11	12	0	3	5	8	1	1	3	9	8	1	7	6	12	0	0	0	10	16	0	8	7	10	0	5	9	3	4	0	8	15	12
zOTU_1128	2	8	0	0	9	4	1	0	1	0	0	1	1	0	18	2	0	2	22	10	0	0	0	17	0	0	0	16	5	0	0	1	10	12	2	1	23	10	0	0	16	28	0	0	2	11	1	0
zOTU_1129	21	8	5	6	26	12	10	10	16	10	6	13	11	24	17	7	6	26	14	8	3	11	20	9	5	4	9	24	9	0	0	0	10	10	4	10	14	9	5	12	13	3	3	4	11	5	5	5
zOTU_113	8	53	71	76	9	43	118	44	12	68	33	134	50	14	86	73	95	31	56	119	115	8	46	120	150	63	16	121	54	46	0	0	47	128	91	17	80	106	75	26	94	85	52	85	18	134	132	35
zOTU_1130	9	1	0	12	27	5	2	1	7	2	3	0	0	6	11	1	6	10	5	3	2	6	14	12	1	6	10	6	4	0	0	0	3	0	2	4	4	9	3	1	1	3	0	5	5	8	3	11
zOTU_1131	0	4	5	1	1	6	6	2	0	1	10	1	10	3	5	11	15	0	5	10	3	0	0	2	6	6	0	1	8	2	0	0	5	6	30	1	9	15	27	0	6	10	8	2	0	11	6	4
zOTU_1132	1	7	0	2	9	6	3	0	4	3	1	4	4	4	9	6	2	5	7	4	3	1	9	8	1	6	4	13	4	5	0	1	5	1	5	1	6	4	1	5	11	0	1	0	5	3	2	1
zOTU_1133	4	7	0	4	9	1	1	0	10	4	1	5	4	6	4	0	7	8	4	3	3	5	9	13	0	4	5	11	0	2	0	0	4	5	14	14	11	1	7	4	7	2	2	3	3	12	0	2
zOTU_1134	4	3	0	0	14	0	0	0	7	1	0	0	0	61	5	0	0	2	1	0	0	3	0	0	0	0	0	0	0	0	0	0	6	0	0	1	8	0	0	0	3	0	0	0	1	8	0	0
zOTU_1135	2	3	4	4	5	3	8	2	10	2	3	8	9	11	7	8	5	7	7	3	4	3	13	8	4	8	5	8	0	3	0	6	0	2	5	4	11	2	6	8	11	1	2	3	5	4	1	2
zOTU_1136	0	0	2	2	3	3	4	0	4	3	3	1	4	11	5	3	3	4	4	3	3	7	11	1	10	4	10	2	6	1	0	0	1	4	3	2	3	5	1	3	1	6	3	6	12	6	10	2
zOTU_1137	2	8	1	12	3	3	3	14	14	7	5	4	7	4	10	2	2	3	2	2	3	8	1	2	1	4	1	8	2	3	0	0	7	1	8	4	1	2	5	0	7	4	1	5	6	6	4	4
zOTU_1138	6	1	3	1	2	11	4	0	6	6	1	6	6	1	5	6	4	2	4	7	7	6	5	4	13	5	3	5	6	4	0	0	10	8	8	1	3	10	6	1	3	8	7	2	9	8	14	2
zOTU_1139	5	4	1	4	5	1	3	2	6	0	4	3	2	6	8	2	6	13	6	2	2	6	4	11	1	7	2	9	1	6	0	0	3	5	4	6	10	2	11	5	11	7	1	7	5	7	2	2
zOTU_114	38	57	52	92	61	149	190	73	39	61	64	104	76	68	103	176	96	58	76	126	70	28	82	121	51	70	75	144	85	30	2	9	64	207	107	37	63	129	71	50	89	79	62	50	26	52	54	50
zOTU_1140	4	2	5	5	2	1	6	2	3	4	3	4	7	3	5	12	7	4	5	8	6	4	11	9	14	3	1	5	2	3	0	0	2	7	8	2	14	6	0	5	7	4	0	6	2	7	6	2
zOTU_1141	4	2	1	3	7	1	7	3	7	9	3	10	4	1	5	7	1	6	4	2	5	3	6	13	4	2	4	12	3	1	0	0	8	6	6	8	8	3	5	4	9	3	2	4	2	10	3	6
zOTU_1142	1	4	5	5	8	13	10	1	4	12	0	6	3	1	7	1	1	5	3	6	0	6	8	9	5	5	1	20	4	2	0	0	6	2	3	5	3	6	2	7	6	1	5	1	4	3	2	3
zOTU_1143	1	0	0	6	7	1	4	3	10	4	2	7	5	3	8	7	5	7	7	3	1	3	9	4	3	4	3	4	4	3	0	0	4	6	4	9	7	9	3	11	4	6	2	4	6	5	2	0
zOTU_1144	0	1	1	6	10	3	13	8	2	1	0	8	7	4	2	16	6	2	6	7	1	1	5	6	7	3	3	6	5	3	0	0	2	9	2	2	4	6	5	8	3	14	5	5	1	4	12	2
zOTU_1145	6	0	4	0	14	1	2	1	6	4	0	0	4	11	8	7	5	5	13	10	1	10	4	1	5	2	2	5	11	0	0	2	12	4	5	3	8	16	3	1	11	11	10	0	2	9	10	0
zOTU_1146	0	9	5	2	0	16	18	3	0	3	3	9	5	0	9	10	3	0	14	14	0	1	0	6	7	2	1	8	6	3	0	1	6	18	10	0	10	12	10	0	11	17	6	0	0	7	3	1
zOTU_1147	10	0	0	3	13	1	0	2	8	0	2	0	1	2	2	0	5	12	4	0	2	7	21	4	1	3	14	4	3	2	0	0	1	1	6	17	2	1	4	12	4	0	1	5	6	4	1	3
zOTU_1148	1	3	2	2	5	3	3	1	2	1	3	3	3	4	4	3	3	6	7	0	6	1	2	11	1	2	7	15	1	3	0	0	6	5	6	6	11	4	7	5	5	7	1	3	9	9	5	3
zOTU_1149	1	3	2	8	3	4	1	11	2	7	1	5	14	5	7	6	3	4	5	1	2	2	5	3	3	6	9	10	1	5	0	0	3	6	7	10	5	2	5	0	3	2	1	2	1	6	3	7
zOTU_115	34	43	70	76	78	30	118	53	108	75	34	126	79	40	95	106	42	100	63	69	48	66	102	101	71	56	53	106	45	40	0	0	29	146	102	70	67	132	71	61	89	84	47	62	87	73	98	10
zOTU_1150	1	1	0	2	6	7	3	6	3	2	3	7	1	4	6	7	10	2	1	5	5	3	4	2	10	0	3	2	1	3	0	0	3	8	6	4	2	8	1	4	1	6	5	4	8	2	11	4
zOTU_1151	2	13	7	11	12	7	7	8	0	6	3	18	4	0	5	8	4	0	3	4	3	5	1	5	6	5	0	5	7	0	0	0	3	9	4	0	3	12	0	1	2	14	5	1	4	7	3	1
zOTU_1152	0	2	5	4	2	1	13	2	1	2	3	0	6	1	1	4	18	0	17	9	0	0	0	8	5	9	3	5	9	4	0	0	6	17	12	1	11	4	2	1	11	9	6	0	0	3	1	4
zOTU_1153	0	1	1	0	1	3	5	1	3	4	0	10	0	3	1	7	1	6	6	3	15	4	9	7	16	1	6	6	2	2	0	0	2	12	8	0	5	13	5	5	6	8	3	0	11	10	6	1
zOTU_1154	4	4	1	10	11	7	5	5	4	1	2	6	6	15	4	6	6	2	4	6	2	3	10	4	2	5	1	5	2	3	0	0	4	8	11	4	9	4	7	6	4	1	1	7	4	8	4	3
zOTU_1155	22	10	1	10	23	13	2	8	23	7	4	2	11	14	20	1	9	19	9	4	1	8	13	17	2	11	19	14	1	9	0	0	10	3	18	14	15	2	16	16	17	1	1	8	17	13	1	6
zOTU_1156	0	3	3	3	0	2	10	0	0	5	0	10	1	0	5	9	3	0	1	3	10	0	1	2	14	12	1	5	0	5	0	0	4	6	5	0	3	4	6	0	4	5	5	0	0	3	36	0
zOTU_1157	5	4	5	11	8	0	7	2	9	5	2	10	6	3	6	4	5	10	5	5	5	3	2	3	4	2	0	11	2	3	0	0	6	10	15	3	5	7	7	5	9	7	3	5	2	7	1	2
zOTU_1158	12	1	0	0	24	1	0	0	14	2	0	0	0	27	0	0	0	6	1	0	0	7	7	1	0	0	7	0	0	0	0	0	0	1	5	7	0	0	1	9	3	0	0	0	10	0	0	0
zOTU_1159	2	2	1	1	6	4	3	7	2	5	4	1	3	0	5	6	11	6	10	3	8	8	2	8	7	5	2	2	2	9	0	0	6	5	8	2	4	9	8	2	7	4	6	3	2	5	7	7
zOTU_116	28	69	112	107	40	57	98	46	36	99	53	127	69	45	103	79	71	33	104	56	104	29	70	118	99	90	27	132	56	18	0	0	55	102	138	26	77	127	96	29	112	89	61	89	30	99	85	19
zOTU_1160	1	8	4	1	15	10	10	3	3	6	0	4	2	8	13	13	5	6	10	20	2	10	5	9	13	1	6	7	5	2	0	0	7	10	14	6	11	28	8	7	14	16	11	1	10	15	11	2
zOTU_1161	0	4	0	1	6	5	6	4	3	3	1	7	4	0	1	4	3	2	2	0	8	2	7	4	16	1	0	5	5	2	0	0	3	11	2	2	6	13	1	5	5	8	3	3	3	5	12	2
zOTU_1162	9	7	2	8	0	10	5	2	3	2	5	0	0	6	9	2	9	2	4	7	2	4	3	11	5	10	5	2	1	5	0	0	3	3	9	4	4	2	2	3	2	2	0	6	2	6	2	10
zOTU_1163	1	0	0	7	10	3	9	1	5	2	1	3	0	19	0	3	5	16	2	4	6	3	13	7	6	4	5	0	2	2	0	0	2	0	18	1	3	6	3	1	6	3	2	6	10	9	5	5
zOTU_1164	6	3	14	12	7	8	10	8	2	2	8	7	11	12	14	51	8	8	16	60	3	5	1	3	6	7	4	7	20	2	0	0	10	29	14	5	16	50	10	3	11	49	23	4	2	6	9	3
zOTU_1165	5	5	2	2	13	0	12	2	2	4	0	4	2	1	12	6	4	6	13	2	4	2	11	5	7	0	1	16	2	1	0	0	4	7	1	0	12	2	2	1	15	6	1	0	15	9	9	0
zOTU_1166	2	1	3	6	7	3	6	0	4	5	2	2	2	5	7	4	4	11	7	5	5	8	10	11	4	4	2	6	5	1	0	2	4	6	14	6	10	6	6	8	10	7	1	4	2	2	7	3
zOTU_1167	1	0	6	2	1	1	4	1	5	1	2	6	3	0	3	6	8	0	12	7	4	1	6	3	7	6	1	6	2	5	0	0	5	10	4	6	2	16	5	4	3	13	5	4	8	3	11	0
zOTU_1168	7	0	1	4	10	1	1	4	10	0	2	2	8	10	0	1	4	5	2	0	1	8	11	2	0	5	6	0	0	0	0	0	2	0	6	10	5	0	1	9	10	0	2	10	16	7	3	3
zOTU_1169	0	3	0	37	1	19	0	2	1	0	1	0	3	0	26	0	0	2	7	0	0	0	2	3	0	0	2	6	0	0	0	0	13	0	0	6	22	0	0	1	13	0	0	4	0	2	0	8
zOTU_117	13	63	102	51	25	42	130	15	21	45	31	86	36	9	102	100	32	6	100	127	16	13	19	134	118	38	14	139	82	18	0	11	52	196	84	19	96	192	43	9	125	110	51	39	10	90	91	7
zOTU_1170	3	1	9	6	7	8	14	2	4	4	3	9	5	7	4	17	6	3	4	9	5	9	6	7	13	5	5	6	2	2	0	0	5	15	5	2	8	32	0	3	6	15	5	6	8	5	12	2
zOTU_1171	2	6	2	8	1	9	5	1	1	2	1	2	6	0	11	3	8	2	1	3	9	1	11	5	7	5	2	9	2	0	0	0	3	6	3	7	3	0	0	2	15	3	0	10	10	7	5	3
zOTU_1172	4	2	5	6	5	3	4	7	2	1	0	4	16	1	4	10	6	2	5	4	12	3	13	5	15	8	7	1	3	0	0	0	2	3	9	2	1	3	8	4	2	4	2	3	3	0	6	8
zOTU_1173	1	4	1	2	0	0	3	0	4	4	0	3	4	1	5	2	26	1	4	4	13	1	3	7	7	8	0	8	0	5	0	0	4	6	11	2	6	8	2	0	3	0	3	5	5	20	12	3
zOTU_1174	0	0	0	0	15	4	8	2	5	6	1	0	3	12	4	11	6	2	7	3	1	5	13	11	7	3	5	7	1	1	0	0	4	3	8	5	0	4	1	7	0	5	1	1	12	3	27	1
zOTU_1175	1	1	2	2	4	4	2	0	1	3	2	5	3	5	5	6	2	2	1	10	6	7	4	6	13	4	1	1	3	7	0	0	2	8	13	1	6	10	8	4	4	5	2	1	7	0	6	0
zOTU_1176	5	1	1	5	21	2	1	1	12	2	2	2	1	19	6	0	0	5	3	0	0	7	15	7	3	0	3	4	0	0	0	0	3	5	5	2	7	5	0	3	2	6	1	5	7	8	3	2
zOTU_1177	9	0	4	12	6	6	0	7	1	0	3	0	4	2	5	4	3	3	8	1	2	2	4	6	1	6	6	11	3	5	0	0	6	2	12	7	10	1	7	3	9	2	3	6	7	3	5	9
zOTU_1178	0	0	2	6	1	1	0	10	0	0	6	1	2	7	8	9	6	2	3	10	1	0	3	9	0	5	2	5	7	8	0	0	9	0	27	2	13	11	10	1	5	10	10	0	0	5	12	5
zOTU_1179	2	9	0	9	13	5	1	1	6	2	1	0	3	2	8	0	0	3	3	3	2	2	1	5	0	3	9	10	3	3	0	4	4	0	4	3	18	1	1	3	16	0	1	1	2	5	1	2
zOTU_118	61	46	31	92	89	38	60	52	109	52	53	83	91	57	90	70	58	80	81	50	58	73	111	83	59	78	47	97	33	71	2	0	45	84	168	80	91	78	125	73	77	43	27	90	89	103	73	32
zOTU_1180	0	1	3	1	0	0	3	0	0	1	5	0	1	0	0	14	3	10	0	30	5	0	1	1	6	2	0	0	3	2	0	0	0	7	6	0	1	60	1	0	0	12	2	0	0	1	21	2
zOTU_1181	0	5	4	1	3	4	4	2	0	4	3	7	3	8	6	11	3	2	5	4	4	4	3	5	13	2	3	3	4	1	0	6	2	4	4	4	1	6	4	2	5	7	0	2	10	5	12	0
zOTU_1182	10	2	3	9	13	3	3	5	7	0	7	2	7	9	6	1	4	12	3	6	3	6	12	7	1	4	8	2	0	2	0	0	2	2	5	9	3	1	1	12	3	1	1	10	7	2	0	4
zOTU_1183	5	4	3	2	11	0	1	2	7	3	1	6	5	7	4	7	1	13	2	3	2	12	9	4	3	1	7	5	1	1	0	0	3	7	3	9	4	2	6	11	4	3	4	1	13	4	1	0
zOTU_1184	3	4	8	7	9	2	4	1	2	1	3	8	7	4	19	13	8	2	18	8	2	4	5	4	2	11	4	11	10	3	0	0	9	11	12	9	14	11	8	7	12	4	6	2	0	7	5	5
zOTU_1185	6	6	2	3	5	2	3	2	1	4	4	3	9	2	2	5	17	1	7	4	1	1	4	12	5	6	1	8	1	2	0	0	11	8	6	2	10	2	6	1	4	1	2	8	1	6	5	2
zOTU_1186	6	3	1	30	25	2	0	8	5	2	1	0	4	7	6	0	3	4	3	0	3	3	3	3	1	3	2	8	0	1	0	0	1	0	9	3	21	0	6	2	5	0	3	0	8	6	1	9
zOTU_1187	3	1	2	4	4	12	13	5	2	9	3	3	8	5	11	9	6	6	7	0	0	8	14	16	9	17	3	9	4	1	0	1	13	9	18	0	5	6	10	2	7	10	4	5	3	2	2	4
zOTU_1188	0	2	4	4	7	5	7	2	0	5	2	11	3	2	8	4	6	1	2	3	8	4	4	10	12	5	3	9	1	2	0	0	5	5	8	3	7	2	4	1	11	7	2	7	3	6	6	1
zOTU_1189	0	1	2	1	7	2	1	2	2	1	0	0	1	12	7	6	3	8	6	6	1	3	1	5	0	1	7	9	2	2	0	8	5	1	16	1	6	11	5	0	5	11	2	0	0	3	1	0
zOTU_119	13	49	79	85	45	55	80	53	40	47	63	143	107	47	98	156	84	40	94	100	52	24	66	76	99	82	33	113	52	50	0	11	53	174	128	24	92	180	90	44	98	117	58	62	44	70	95	53
zOTU_1190	2	3	2	1	9	2	4	1	7	3	2	7	2	5	4	9	4	9	3	11	1	6	10	5	3	5	8	4	5	6	0	0	1	7	9	2	4	16	5	2	7	4	2	5	4	0	2	2
zOTU_1191	5	0	0	0	111	0	0	0	23	0	0	0	0	0	0	0	0	2	0	0	0	1	1	0	0	0	20	0	0	0	0	0	0	0	0	25	0	0	0	0	0	0	0	0	1	0	0	1
zOTU_1192	4	3	3	5	9	6	10	3	3	6	2	7	5	15	8	3	4	6	8	7	3	9	6	13	2	0	2	14	2	1	0	0	4	11	2	9	9	9	4	10	10	3	3	0	5	2	2	3
zOTU_1193	6	0	1	4	7	5	3	4	7	0	1	6	9	4	2	2	6	4	1	3	5	4	9	4	1	3	8	5	1	3	0	0	3	7	1	6	2	4	4	9	3	3	1	6	8	1	4	2
zOTU_1194	6	11	3	10	10	4	8	3	11	5	6	8	11	15	6	9	5	7	15	7	7	5	6	15	4	3	8	15	3	3	0	0	5	13	8	6	17	12	9	5	15	4	5	6	11	7	4	7
zOTU_1195	3	6	0	0	7	8	3	0	6	5	1	3	0	4	13	1	1	5	5	1	4	5	6	7	5	0	0	6	3	0	0	0	1	9	3	6	7	3	4	3	4	0	1	4	16	4	2	1
zOTU_1196	1	1	1	4	18	3	1	3	8	1	5	0	6	11	6	10	6	8	9	2	0	9	4	1	0	5	2	3	2	4	0	0	2	1	10	2	9	2	3	1	12	5	2	1	1	1	3	4
zOTU_1197	6	7	4	4	7	4	3	2	3	1	2	2	2	2	12	4	2	4	12	3	1	3	8	22	3	6	0	9	4	3	0	1	6	3	3	6	5	3	3	2	10	0	1	1	11	6	6	0
zOTU_1198	0	8	2	0	2	5	7	3	0	5	3	10	3	1	6	14	4	0	4	3	0	3	0	5	9	1	1	10	2	2	0	0	1	8	3	0	7	5	0	1	6	5	3	7	2	3	17	1
zOTU_1199	1	5	3	6	3	2	5	5	2	0	4	0	2	3	5	5	6	5	3	2	6	2	5	9	3	3	2	17	0	2	0	0	4	4	11	7	11	3	1	3	3	2	4	4	2	8	12	5
zOTU_12	133	174	156	316	236	190	252	206	294	349	188	352	283	138	422	210	138	207	412	185	141	157	285	462	203	194	158	560	110	127	2	32	219	278	380	218	353	279	279	258	434	201	116	189	153	245	178	68
zOTU_120	127	60	79	44	184	106	134	27	112	67	16	110	18	39	77	108	115	50	89	57	50	152	31	80	54	69	23	140	37	20	0	2	76	79	71	26	51	95	67	18	47	104	51	26	114	90	49	16
zOTU_1200	0	13	2	0	1	8	6	0	0	10	0	4	0	0	8	5	0	0	7	4	0	0	2	12	6	0	0	11	1	0	0	0	7	7	0	1	22	8	1	1	18	2	3	0	2	10	5	0
zOTU_1201	0	1	2	0	6	5	3	0	4	2	0	3	0	14	6	3	0	9	7	6	0	5	15	9	12	0	2	11	4	0	0	0	4	16	0	7	13	13	0	9	8	9	5	0	2	4	4	0
zOTU_1202	2	1	1	5	4	1	0	4	6	1	3	2	2	8	3	3	7	6	0	1	5	12	18	3	5	5	3	3	0	7	0	0	1	1	7	3	3	5	7	3	4	0	1	8	15	2	7	1
zOTU_1203	2	3	4	6	4	3	4	2	6	8	4	12	4	3	4	4	3	7	3	4	2	3	4	1	5	5	6	9	2	4	0	0	2	4	9	8	7	5	5	4	2	3	1	7	3	4	0	1
zOTU_1204	2	4	2	6	3	8	3	4	4	7	0	1	4	6	6	6	6	6	4	4	2	2	6	7	3	10	4	3	5	4	0	0	3	2	11	2	4	5	14	4	2	8	3	0	4	7	5	1
zOTU_1205	10	6	2	2	11	2	2	1	8	11	0	7	4	4	8	3	2	1	10	2	0	6	7	9	3	2	3	4	3	1	0	0	3	5	2	4	5	11	9	4	5	1	1	6	7	8	3	0
zOTU_1206	4	4	2	1	8	5	4	1	4	2	1	6	4	4	4	0	3	9	3	1	1	3	4	6	6	0	2	8	3	2	0	0	4	7	7	1	10	10	3	3	5	3	1	4	3	10	3	0
zOTU_1207	1	2	0	0	11	1	5	2	5	2	0	1	1	6	0	0	7	5	1	3	1	9	10	4	4	3	1	3	2	0	0	1	6	4	4	7	5	2	0	1	5	1	5	10	30	19	5	3
zOTU_1208	0	1	0	1	0	0	0	1	0	0	3	0	5	0	0	3	18	0	4	2	3	0	0	2	0	12	0	0	2	15	0	0	1	1	87	0	3	6	30	0	3	4	2	0	0	1	0	2
zOTU_1209	6	4	3	4	6	5	10	0	6	3	6	4	2	5	6	2	3	10	3	8	5	3	6	10	6	5	4	8	0	0	1	14	6	10	3	6	6	6	2	7	8	5	1	8	8	6	5	0
zOTU_121	65	9	11	105	330	14	6	51	122	3	93	3	186	106	50	40	62	122	68	26	5	157	29	32	3	79	152	29	23	32	1	5	54	19	96	71	62	43	50	66	68	32	17	31	46	16	12	85
zOTU_1210	0	0	1	0	0	0	14	0	0	0	0	14	0	0	0	12	0	0	0	20	0	0	0	0	39	0	0	0	11	0	0	0	0	24	0	0	0	28	0	0	0	20	11	0	0	0	36	0
zOTU_1211	7	6	7	8	21	5	3	6	11	3	6	2	7	18	3	2	2	10	5	11	5	4	6	7	5	11	17	4	4	4	0	0	5	2	16	11	18	15	7	4	20	9	1	4	7	4	4	3
zOTU_1212	0	4	3	0	5	5	4	4	2	7	0	1	5	2	7	3	2	2	9	6	1	2	8	8	8	5	2	6	2	6	0	0	6	3	6	11	3	10	3	4	3	2	4	8	4	10	17	0
zOTU_1213	0	2	8	5	0	8	9	2	0	2	2	5	4	0	10	19	10	0	5	19	1	0	0	8	4	6	1	6	9	1	0	0	7	16	8	0	5	26	4	0	9	11	2	1	0	2	5	0
zOTU_1214	19	8	8	8	33	7	7	5	18	4	11	7	21	23	14	21	23	33	12	16	4	18	16	11	4	10	17	13	7	3	0	0	9	18	11	19	3	20	6	26	22	7	5	3	3	1	4	6
zOTU_1215	0	4	1	7	1	6	1	5	0	4	7	4	2	0	6	9	3	1	10	5	3	0	2	3	1	5	2	3	2	10	0	0	3	5	27	3	10	14	15	0	9	8	2	1	0	3	2	3
zOTU_1216	4	4	4	1	8	4	12	3	1	4	1	5	5	8	8	7	6	2	6	10	9	6	4	9	5	2	6	8	2	3	0	0	4	8	6	3	7	12	5	2	2	10	7	3	5	4	9	0
zOTU_1217	9	2	1	0	10	2	3	2	9	4	0	1	2	7	6	2	1	9	1	0	2	7	17	1	1	1	1	4	0	0	0	42	1	2	4	8	2	6	4	4	3	2	0	0	13	2	6	0
zOTU_1218	0	1	3	2	5	0	2	2	2	1	3	4	7	1	7	1	7	0	3	3	8	8	6	6	4	6	0	5	1	4	0	0	5	5	9	7	6	8	5	6	6	2	2	3	5	6	3	0
zOTU_1219	4	3	2	12	4	8	2	3	3	3	3	4	3	8	2	11	7	9	4	6	2	8	11	5	9	2	6	5	4	8	1	0	4	5	8	2	9	4	6	1	7	6	2	2	2	5	3	6
zOTU_122	37	27	29	114	94	35	45	48	101	36	25	46	51	120	52	25	50	89	63	41	64	43	131	66	42	53	59	63	26	67	2	35	45	66	115	69	94	54	70	62	61	37	10	62	94	49	42	19
zOTU_1220	1	3	7	7	1	13	23	5	0	4	3	3	8	0	7	10	14	0	9	10	12	1	2	15	10	7	0	13	5	3	0	0	5	9	8	0	11	12	10	0	17	15	8	3	0	10	12	2
zOTU_1221	7	3	3	2	4	0	3	1	8	4	2	3	1	7	5	5	3	10	2	1	7	4	11	7	8	1	2	8	0	1	0	0	2	5	3	4	1	3	10	2	2	1	1	1	7	3	10	2
zOTU_1222	2	5	3	1	6	5	1	0	0	4	0	3	0	1	5	4	3	7	7	2	3	5	14	5	8	0	0	13	2	0	0	0	4	3	1	0	4	6	0	0	7	5	1	3	18	15	9	2
zOTU_1223	5	3	6	9	8	1	2	2	12	0	6	0	5	16	3	5	6	4	0	6	1	3	7	4	1	9	3	5	2	8	0	0	3	2	17	4	6	4	13	5	6	2	0	5	2	1	1	4
zOTU_1224	1	4	4	6	0	7	10	2	2	2	2	5	3	2	4	5	22	1	7	3	5	1	5	7	3	8	3	9	4	2	0	0	1	13	4	1	5	6	2	7	7	1	4	1	2	6	3	2
zOTU_1225	2	0	2	1	6	0	3	3	8	3	3	0	4	9	3	2	8	10	4	1	3	9	13	5	4	5	9	1	0	7	0	0	0	7	7	9	2	5	6	10	3	0	1	7	4	9	1	4
zOTU_1226	1	5	1	6	2	0	1	11	12	5	1	14	7	4	0	8	2	5	1	4	5	1	5	4	10	1	1	1	1	2	0	0	3	7	4	3	0	4	2	1	5	4	5	8	12	8	1	2
zOTU_1227	1	2	4	0	0	7	9	0	0	7	0	11	1	0	6	6	2	1	0	9	5	0	6	7	16	4	0	4	2	2	0	0	2	19	7	1	2	14	4	0	2	9	4	1	1	6	18	0
zOTU_1228	6	1	4	7	14	2	3	1	5	10	4	7	8	12	12	12	6	12	17	9	3	12	21	12	4	8	14	15	2	2	1	0	5	16	12	13	10	7	11	5	4	10	4	3	5	10	2	6
zOTU_1229	17	0	0	0	19	0	0	0	20	0	0	0	0	10	0	0	0	0	0	0	0	3	1	0	0	0	0	0	0	0	0	0	0	0	0	3	0	0	0	6	0	0	0	0	4	1	0	1
zOTU_123	55	23	56	84	63	79	99	57	38	35	26	104	64	33	46	56	73	81	34	22	31	56	195	79	76	60	65	90	23	29	0	8	48	102	67	63	47	68	47	61	80	85	26	60	142	43	112	37
zOTU_1230	2	4	2	5	12	2	0	8	4	2	3	0	16	11	3	3	2	6	7	12	1	4	0	7	0	7	3	3	0	5	0	0	3	3	15	0	10	11	9	1	4	9	2	0	0	1	0	7
zOTU_1231	1	3	1	4	6	2	5	4	4	5	3	8	10	2	1	8	2	2	5	3	5	2	4	9	4	7	5	9	3	5	0	0	4	11	9	1	2	13	6	3	4	7	3	3	4	3	2	5
zOTU_1232	0	2	0	0	1	1	3	1	1	0	12	5	3	1	3	32	11	1	8	15	2	5	0	1	3	4	0	0	12	4	0	1	6	8	5	0	1	30	8	0	0	31	9	0	0	3	2	0
zOTU_1233	7	2	2	5	7	3	1	1	1	1	3	1	5	4	1	1	5	11	4	0	0	11	8	1	3	2	7	7	1	0	0	0	1	3	4	0	3	5	1	1	2	2	2	5	2	4	3	5
zOTU_1234	2	2	2	0	5	6	3	0	2	6	0	8	0	9	9	3	4	5	2	5	4	5	5	4	2	0	0	1	2	2	0	0	5	13	12	4	4	12	1	2	3	4	1	0	12	5	8	0
zOTU_1235	0	3	2	2	5	8	0	1	3	1	2	0	10	1	4	7	19	2	5	6	4	2	0	9	3	13	3	10	9	5	0	0	7	2	17	0	5	7	8	2	7	5	2	0	0	3	7	0
zOTU_1236	3	1	2	1	2	1	5	1	2	1	0	14	1	5	1	6	1	1	0	4	9	0	3	3	15	1	1	4	1	7	0	0	1	16	5	3	1	11	2	3	3	11	1	5	9	4	25	1
zOTU_1237	12	1	0	0	22	2	0	0	15	1	0	0	0	19	2	0	0	8	0	1	0	12	12	4	1	1	5	2	0	0	0	0	1	0	0	9	0	0	0	6	1	0	0	0	31	1	0	0
zOTU_1238	5	3	9	12	9	10	10	16	9	1	8	11	11	12	10	16	14	9	8	10	5	7	6	3	6	17	7	7	7	12	0	0	5	10	8	11	11	17	14	11	12	5	17	3	5	1	6	8
zOTU_1239	2	4	4	3	4	4	2	3	4	3	2	4	2	1	2	3	3	5	7	5	1	2	6	5	6	0	7	16	5	4	0	0	3	12	4	4	4	11	8	5	6	7	5	1	3	6	10	1
zOTU_124	46	39	41	63	101	67	101	32	94	43	52	93	67	50	55	61	108	43	77	47	48	62	88	112	96	84	59	119	46	33	0	5	54	112	104	61	55	103	74	67	83	47	52	56	44	60	64	40
zOTU_1240	2	1	1	2	6	3	1	2	7	1	3	0	3	11	4	4	10	17	3	12	2	4	5	2	0	9	6	5	2	6	0	0	5	2	46	2	9	7	11	2	6	4	2	0	1	1	0	7
zOTU_1241	3	1	0	2	9	5	0	3	9	2	1	5	6	3	2	1	5	2	6	0	2	3	8	3	2	0	1	4	1	4	0	0	4	5	8	5	3	5	0	3	11	1	0	7	18	5	3	1
zOTU_1242	2	6	1	3	5	5	7	2	3	0	1	4	4	3	5	6	5	4	0	3	4	5	3	2	7	4	2	3	1	2	0	0	2	8	7	2	1	2	11	6	5	3	1	6	8	4	9	2
zOTU_1243	2	4	1	1	7	5	1	1	4	1	5	0	4	8	5	2	3	4	8	1	4	0	7	4	2	4	3	3	4	4	1	0	4	3	20	0	10	5	4	2	11	1	2	3	0	6	1	1
zOTU_1244	0	10	2	1	0	16	1	2	0	11	1	3	0	0	11	1	0	0	15	2	0	0	1	8	3	0	2	24	1	1	0	0	8	2	1	0	0	4	7	0	0	2	2	0	0	28	2	1
zOTU_1245	5	11	4	4	7	2	0	0	7	2	2	0	2	10	5	2	1	4	2	1	1	9	9	4	1	0	3	14	1	0	0	0	7	0	1	12	11	1	0	6	9	1	1	3	11	9	1	0
zOTU_1246	5	4	3	3	2	1	3	1	2	1	1	2	2	2	3	3	0	5	3	4	2	2	9	5	6	1	5	2	4	1	0	0	1	12	3	6	4	4	1	5	7	3	0	2	9	3	21	2
zOTU_1247	7	0	1	6	4	2	0	0	2	1	1	1	2	5	2	1	0	3	8	3	4	4	3	5	4	3	5	5	0	0	0	0	2	6	13	7	8	8	8	6	5	5	2	7	7	5	5	1
zOTU_1248	0	0	0	0	1	0	0	0	0	0	0	0	0	2	0	0	0	0	0	0	0	0	0	0	0	0	0	0	0	0	0	0	0	0	0	0	0	0	0	0	0	0	0	0	0	0	0	0
zOTU_1249	0	8	0	5	3	1	2	2	4	1	1	5	5	2	13	2	11	2	6	10	3	1	0	10	7	3	2	7	6	4	0	0	16	11	10	0	8	8	2	3	8	4	1	1	2	3	3	1
zOTU_125	31	63	58	66	82	95	38	36	36	17	31	35	55	71	135	137	119	61	83	113	15	64	17	57	39	74	33	75	50	28	1	12	123	133	77	20	110	130	48	38	117	116	49	16	20	50	17	63
zOTU_1250	0	1	1	0	0	1	0	0	0	0	1	0	0	0	0	12	2	4	0	23	2	0	0	0	7	2	0	0	2	2	1	0	0	3	13	0	0	60	0	1	0	16	7	1	0	1	21	1
zOTU_1251	3	6	0	10	2	5	3	4	5	4	4	1	9	3	5	2	7	2	7	0	9	1	9	4	4	4	2	11	1	2	0	0	6	2	9	0	5	1	13	0	6	1	1	7	1	4	2	5
zOTU_1252	5	4	4	2	6	6	3	2	6	1	1	1	7	3	2	3	0	6	4	3	3	5	9	6	3	2	4	4	3	3	0	0	3	4	8	5	8	3	7	4	5	5	0	2	5	3	3	2
zOTU_1253	4	5	8	5	18	10	5	4	3	1	2	0	1	13	2	2	6	6	1	6	1	11	4	13	1	7	8	2	1	1	0	0	3	4	3	13	8	7	4	8	6	2	2	3	3	2	5	1
zOTU_1254	6	6	0	3	4	10	4	0	7	3	1	2	4	4	5	0	1	6	3	0	6	2	16	3	3	2	5	6	1	3	0	0	2	1	2	10	4	0	4	6	6	1	0	3	21	3	5	1
zOTU_1255	0	3	1	5	7	1	3	11	4	8	2	7	4	1	10	3	4	2	6	3	6	4	4	7	3	2	0	11	1	1	0	0	3	9	5	3	10	5	4	0	8	2	3	1	2	8	7	2
zOTU_1256	1	0	1	0	0	8	3	1	2	5	1	3	3	9	6	2	7	0	10	1	5	3	1	11	3	4	1	14	6	1	0	0	5	9	3	5	9	3	0	1	6	2	3	2	4	11	1	0
zOTU_1257	0	2	0	0	0	3	2	0	0	0	0	0	0	0	4	21	10	1	19	11	0	0	2	4	2	4	2	2	4	3	0	0	11	2	24	0	12	15	13	0	4	18	9	0	0	5	1	0
zOTU_1258	1	1	3	1	2	2	8	4	1	1	3	10	0	0	3	9	0	0	6	5	3	0	2	6	5	7	0	5	5	3	1	0	4	8	17	0	3	17	12	0	2	8	6	2	1	9	4	0
zOTU_1259	0	4	0	4	1	2	2	3	0	2	1	2	2	0	5	1	11	0	8	1	8	0	0	4	0	8	0	15	0	8	0	0	5	0	20	1	10	4	13	0	13	0	0	5	1	9	1	0
zOTU_126	46	28	22	41	99	88	48	46	148	54	21	70	72	39	60	46	68	65	51	32	55	83	79	38	56	97	90	71	23	65	1	0	41	91	89	44	53	43	37	86	55	32	23	35	78	32	38	36
zOTU_1260	1	2	1	1	5	1	2	2	5	2	1	2	0	1	1	15	17	5	1	18	0	4	0	2	1	10	2	3	4	5	0	0	3	18	19	1	1	16	18	6	9	8	3	3	1	0	1	0
zOTU_1261	3	5	4	4	1	3	4	2	2	3	1	6	3	2	5	4	2	9	8	4	5	3	4	6	8	4	4	6	4	2	0	0	2	7	2	4	5	4	1	8	6	3	2	4	2	3	1	2
zOTU_1262	5	2	3	6	10	9	0	3	10	3	1	1	3	14	3	2	5	4	4	2	1	1	5	4	2	1	0	8	1	1	0	0	7	3	0	0	13	2	2	1	13	6	1	0	4	5	1	1
zOTU_1263	3	5	1	4	3	3	3	2	0	4	1	2	2	0	3	1	4	1	5	3	6	2	10	5	6	4	3	4	0	1	0	0	6	1	10	1	5	0	4	1	10	0	2	8	4	8	13	12
zOTU_1264	2	3	1	3	3	6	2	0	3	4	2	4	2	1	9	9	0	2	4	4	0	2	2	6	6	0	1	8	0	1	0	0	9	2	0	2	8	1	5	1	6	4	2	2	5	2	15	3
zOTU_1265	0	3	3	1	1	3	9	0	4	6	0	10	0	3	11	9	3	3	10	3	1	1	6	11	8	4	1	9	1	1	0	0	3	12	0	3	6	12	6	2	9	5	7	1	0	17	7	0
zOTU_1266	0	5	3	0	0	0	7	0	0	8	1	9	1	0	4	4	3	0	8	5	0	0	0	15	9	2	0	6	4	3	0	1	8	13	11	0	4	6	5	0	6	9	5	3	0	8	9	0
zOTU_1267	5	5	1	3	1	1	4	3	7	4	6	3	1	6	1	3	3	8	7	1	1	2	3	5	1	3	2	3	2	5	0	0	4	5	5	7	3	1	3	7	6	1	3	7	6	6	0	4
zOTU_1268	0	4	6	0	1	2	5	0	1	2	0	5	0	1	2	8	5	2	5	10	2	1	2	11	6	0	0	3	1	0	0	0	7	14	9	4	2	14	4	3	0	10	10	0	0	5	7	0
zOTU_1269	0	7	2	4	10	1	2	1	10	5	1	0	2	3	10	5	2	2	6	2	7	6	7	4	2	1	4	10	2	1	0	0	3	2	8	3	5	2	2	5	3	1	2	3	6	5	1	0
zOTU_127	42	79	81	69	93	37	109	36	115	21	33	141	56	48	41	111	75	68	100	130	27	38	49	112	73	18	27	154	70	18	0	1	110	118	44	16	77	169	17	21	100	99	78	28	30	127	36	20
zOTU_1270	0	0	13	1	1	3	17	0	0	2	0	11	0	0	4	21	2	1	5	15	0	0	0	3	10	2	1	4	7	2	0	0	3	15	0	0	2	8	2	0	5	16	11	0	0	2	4	0
zOTU_1271	0	3	13	0	0	3	29	0	0	1	0	14	0	1	4	11	0	0	8	17	0	1	0	10	14	0	0	9	10	0	0	0	4	10	0	0	5	13	0	0	9	9	14	1	0	4	7	0
zOTU_1272	0	3	2	0	0	5	5	0	0	6	1	8	0	0	11	6	0	0	9	8	0	0	0	4	16	1	1	18	6	0	0	0	12	2	0	0	1	5	0	0	9	8	6	0	0	17	11	0
zOTU_1273	1	6	2	3	0	8	7	5	1	4	3	5	3	1	5	7	11	2	4	5	4	0	2	3	5	12	1	6	0	4	0	0	7	12	13	1	4	11	13	0	7	7	1	0	0	6	1	2
zOTU_1274	1	2	2	5	8	1	1	4	6	0	2	0	0	1	3	5	1	5	5	4	0	2	2	7	3	2	8	3	5	0	0	0	3	0	12	10	7	3	6	2	10	9	5	4	1	0	8	4
zOTU_1275	4	2	5	3	4	2	6	2	2	4	7	5	3	2	4	6	7	3	4	7	2	2	2	7	3	4	0	9	3	2	0	0	1	7	10	3	4	11	7	2	2	4	3	3	4	3	4	1
zOTU_1276	5	6	0	2	3	11	1	1	6	5	2	1	3	5	12	6	1	2	7	4	2	5	1	10	0	2	8	11	5	1	0	0	8	6	5	4	9	9	2	1	9	2	3	2	1	5	5	4
zOTU_1277	0	0	6	0	0	0	23	0	0	0	0	23	0	1	0	16	0	0	0	9	0	0	0	0	19	0	0	0	5	0	0	0	0	13	0	0	0	13	0	0	0	7	5	0	0	0	19	0
zOTU_1278	0	2	2	7	9	9	7	6	6	2	3	0	6	9	3	5	4	4	1	10	7	5	4	3	7	3	2	0	0	1	0	0	3	5	15	6	2	8	6	3	1	2	3	4	8	5	14	6
zOTU_1279	0	1	1	3	0	5	7	2	0	5	2	11	1	0	3	7	2	0	3	9	5	0	0	2	10	5	0	4	9	0	0	0	4	18	4	0	2	11	1	0	7	11	3	0	0	2	9	0
zOTU_128	1	35	80	60	6	57	40	38	4	15	48	35	108	5	80	224	96	22	105	80	11	5	8	52	28	85	18	69	69	37	1	14	56	89	145	6	125	129	66	10	113	128	134	14	2	31	45	49
zOTU_1280	6	4	1	2	2	4	7	0	1	5	0	0	1	1	3	2	1	4	3	4	3	2	10	6	5	3	0	2	4	3	0	0	2	4	0	4	1	2	3	2	2	3	2	9	10	7	9	6
zOTU_1281	2	2	4	3	7	7	7	2	6	4	3	8	1	7	7	3	0	3	8	5	0	6	2	7	3	0	1	14	5	0	0	0	1	2	0	1	16	8	0	1	6	3	2	0	4	4	0	1
zOTU_1282	0	3	3	0	0	1	3	0	0	1	1	11	2	0	4	7	0	0	12	12	1	0	0	12	8	1	0	7	5	0	0	0	5	17	1	0	3	27	0	0	6	13	6	0	0	3	8	2
zOTU_1283	1	1	14	5	0	0	9	1	2	2	3	10	4	5	5	7	0	2	7	19	0	3	2	6	10	1	0	5	4	0	0	0	1	18	3	0	6	20	0	0	8	13	7	2	0	4	11	2
zOTU_1284	1	5	0	3	11	2	4	2	7	4	1	2	4	2	9	2	1	9	11	2	1	3	3	14	1	4	6	8	2	1	0	0	4	1	7	7	4	3	2	9	8	0	0	0	1	5	1	0
zOTU_1285	3	3	0	1	2	2	8	1	0	1	0	5	0	1	6	6	4	0	4	2	5	2	5	2	8	1	0	5	1	4	0	0	1	8	5	1	0	9	1	6	3	6	4	6	9	6	26	0
zOTU_1286	4	3	3	0	6	0	1	0	2	1	2	0	2	9	2	8	3	7	10	9	1	4	2	1	3	0	11	6	1	1	0	0	5	1	8	2	3	14	8	2	8	24	3	0	1	2	2	1
zOTU_1287	0	1	0	1	3	3	0	1	11	1	3	2	8	16	4	5	4	37	5	1	5	1	9	6	3	3	5	1	0	2	0	0	3	3	3	8	6	5	5	6	3	3	0	5	6	0	5	0
zOTU_1288	7	1	3	6	5	8	1	2	1	2	4	4	5	0	8	3	4	1	5	0	3	3	2	6	4	1	1	5	1	5	0	0	2	7	5	0	6	6	2	0	3	6	3	0	7	4	12	3
zOTU_1289	0	4	0	6	5	3	0	5	6	0	1	1	5	5	0	1	19	5	4	6	11	2	10	0	11	4	4	9	0	8	0	0	1	6	6	1	5	4	0	7	2	2	3	10	9	4	3	1
zOTU_129	31	17	52	89	83	35	87	42	82	39	34	122	58	36	57	86	54	54	50	46	57	25	94	67	94	40	56	74	38	41	2	0	42	99	79	62	53	96	61	65	79	70	24	73	29	53	67	20
zOTU_1290	0	0	15	0	0	0	16	0	1	0	0	18	1	0	3	13	0	2	0	10	0	0	0	2	21	1	0	0	5	1	0	0	0	21	1	1	0	22	0	0	0	18	11	0	0	3	20	0
zOTU_1291	1	0	6	0	2	1	3	1	1	7	0	5	0	6	6	8	21	6	4	5	12	2	3	3	7	6	1	1	6	2	0	0	5	7	5	2	2	11	2	3	3	3	5	6	2	2	15	0
zOTU_1292	4	7	7	3	1	7	9	1	3	2	7	8	4	1	6	7	6	5	5	7	9	10	10	21	24	4	5	7	3	1	0	0	4	6	7	4	5	4	3	2	4	2	7	3	4	3	17	0
zOTU_1293	2	3	0	4	8	3	3	1	0	3	4	3	4	6	7	2	6	1	3	1	6	4	1	2	4	3	1	8	2	1	0	0	6	3	3	2	10	1	3	1	7	2	1	3	5	6	3	4
zOTU_1294	0	3	4	0	0	3	7	0	0	0	0	8	2	0	5	23	29	0	12	7	3	0	0	5	2	12	0	2	1	1	0	0	0	9	7	0	5	22	5	0	9	15	6	1	0	3	1	1
zOTU_1295	4	1	5	1	2	0	3	1	5	0	1	2	3	2	8	10	1	7	9	14	3	3	5	2	4	5	3	3	4	3	0	0	2	9	5	4	5	15	3	8	7	10	2	6	3	7	5	0
zOTU_1296	3	7	0	0	11	7	4	1	2	2	1	1	3	2	7	2	7	1	2	2	7	2	13	10	2	4	3	8	1	6	0	0	6	3	14	5	6	2	6	10	10	2	1	1	10	9	1	0
zOTU_1297	4	4	0	8	10	4	6	7	5	0	1	4	2	1	5	0	1	5	2	0	2	5	2	6	1	5	3	5	0	2	0	0	4	0	10	7	3	2	9	9	9	1	2	1	2	4	2	3
zOTU_1298	0	2	1	1	0	7	2	0	0	2	1	2	1	0	6	4	8	0	1	0	8	0	0	9	3	9	0	5	4	9	0	0	4	2	21	0	2	1	21	0	3	1	2	0	0	5	4	3
zOTU_1299	0	8	3	0	0	9	12	0	0	2	0	6	0	0	3	7	0	0	7	5	0	1	0	14	4	1	0	9	0	0	0	0	22	1	0	0	12	2	1	0	16	0	5	0	0	9	6	0
zOTU_13	670	203	167	612	876	432	354	371	839	307	320	453	512	746	418	417	495	837	380	229	574	549	1570	483	419	503	813	589	212	288	4	70	281	578	568	292	432	375	313	458	428	300	185	465	904	287	273	282
zOTU_130	64	69	36	70	52	169	96	60	48	104	57	47	60	13	65	60	112	56	62	50	50	63	164	89	75	88	52	152	29	43	0	8	78	81	94	44	54	57	49	48	72	29	24	51	38	71	42	99
zOTU_1300	0	7	0	4	0	5	3	5	0	1	3	1	8	2	2	7	3	14	6	4	0	1	6	19	1	4	2	7	2	5	1	2	3	5	6	1	3	2	3	7	2	4	3	5	3	6	1	4
zOTU_1301	1	5	2	0	6	4	0	2	0	7	2	3	1	1	10	1	3	0	2	0	4	1	2	6	3	0	0	9	0	1	0	19	3	3	2	2	10	3	2	4	2	2	1	5	7	13	11	0
zOTU_1302	1	10	0	7	16	11	3	0	2	1	0	3	5	6	7	3	8	6	4	2	4	5	7	2	1	4	7	9	2	2	0	0	9	5	8	1	5	6	3	3	7	1	2	0	8	1	1	3
zOTU_1303	4	5	5	1	2	6	4	0	0	1	0	3	0	0	8	5	3	2	9	2	4	5	5	9	15	2	0	7	0	0	0	0	1	9	2	3	3	9	1	7	0	4	0	3	7	11	21	0
zOTU_1304	0	2	3	2	2	1	15	3	4	5	0	12	4	1	7	16	6	3	4	6	7	3	4	5	8	5	1	4	5	3	0	0	5	10	10	5	9	16	4	0	6	11	4	5	3	3	11	1
zOTU_1305	1	0	7	3	5	3	4	0	1	3	0	5	3	4	1	8	3	3	5	4	3	1	6	5	1	1	2	1	6	4	0	0	4	6	2	3	6	11	4	1	3	5	3	2	3	11	8	2
zOTU_1306	3	2	2	0	2	2	5	1	5	3	0	6	0	7	3	3	8	10	0	5	4	2	8	4	7	0	5	2	2	1	0	0	3	7	3	2	5	4	1	4	1	7	4	6	6	6	11	0
zOTU_1307	1	2	3	5	8	0	0	1	10	2	9	2	7	4	3	2	3	5	3	5	0	1	1	4	3	3	7	3	0	5	0	0	3	6	5	11	3	7	7	5	4	1	2	1	1	1	0	1
zOTU_1308	0	0	1	2	1	0	2	3	1	1	0	3	3	1	3	3	9	0	5	4	1	1	0	1	2	2	1	0	3	1	0	0	0	8	29	1	6	35	0	0	5	10	2	0	0	3	4	1
zOTU_1309	1	8	1	17	0	2	3	0	0	6	0	0	0	1	0	1	6	4	2	0	18	3	3	13	6	4	0	13	1	0	0	0	1	1	2	0	5	5	1	0	5	0	0	27	4	6	5	1
zOTU_131	98	48	49	21	76	33	57	10	55	17	21	20	25	67	29	15	61	28	13	26	12	43	73	75	74	20	41	57	19	20	0	0	22	27	23	105	44	25	10	96	43	20	12	36	85	65	82	34
zOTU_1310	1	7	2	1	1	5	2	1	1	3	1	3	0	0	5	4	6	1	7	2	2	2	3	10	7	3	1	12	1	1	0	12	2	3	7	0	7	4	1	1	6	2	1	5	10	7	17	0
zOTU_1311	4	3	4	1	8	3	9	2	10	7	1	2	2	7	2	1	3	10	2	1	8	4	47	7	7	4	6	8	0	0	0	0	3	1	0	9	4	2	2	6	7	4	1	10	3	9	11	4
zOTU_1312	2	2	3	3	4	2	7	2	2	5	0	6	2	0	10	7	2	7	3	3	3	1	4	4	3	3	3	7	0	1	0	0	3	9	6	1	2	5	12	3	4	1	1	1	4	7	3	2
zOTU_1313	0	6	1	1	0	4	2	0	0	1	0	3	0	0	13	17	0	0	27	11	0	0	0	14	5	0	0	12	6	0	0	0	9	18	0	0	13	24	0	0	9	12	2	0	0	3	2	0
zOTU_1314	2	1	3	2	3	8	5	2	1	7	1	6	5	2	10	2	1	2	2	0	6	0	9	7	6	4	3	9	2	5	0	0	0	10	4	6	1	2	1	4	6	1	0	3	7	2	7	0
zOTU_1315	1	3	0	1	1	7	7	1	1	1	0	0	1	0	0	0	3	0	1	2	7	1	16	4	14	1	0	5	0	0	0	0	3	4	0	0	0	0	0	2	1	0	1	14	40	15	41	2
zOTU_1316	4	2	2	4	7	3	1	4	2	1	0	6	1	2	8	4	3	4	3	3	3	4	5	10	1	2	3	9	0	3	0	1	2	6	4	2	2	4	5	2	5	8	0	3	4	4	1	1
zOTU_1317	0	8	9	0	1	10	17	1	0	6	1	17	3	1	8	19	3	1	19	17	2	1	1	13	16	0	0	19	5	0	0	0	6	19	7	0	7	13	1	0	15	18	9	0	0	7	13	0
zOTU_1318	0	6	1	0	8	2	0	0	2	10	0	1	0	6	7	0	0	1	6	0	0	4	0	8	1	0	1	7	0	0	0	0	3	0	0	0	6	0	0	0	7	0	1	0	2	6	0	0
zOTU_1319	1	1	4	2	1	4	2	2	2	4	0	1	5	6	4	1	2	3	7	1	2	3	8	12	2	5	7	7	0	2	0	0	3	4	11	4	11	2	1	3	10	3	4	1	2	3	3	0
zOTU_132	137	78	14	62	182	89	7	15	126	10	17	8	43	256	150	5	44	168	62	8	13	51	147	74	5	68	189	41	8	14	2	11	100	8	105	128	159	8	42	97	77	7	5	16	35	54	4	62
zOTU_1320	1	6	1	0	2	7	10	0	0	1	2	3	5	2	4	9	4	1	8	5	6	1	5	3	6	1	1	11	3	2	0	0	6	9	9	2	7	10	5	1	4	6	6	3	4	7	15	0
zOTU_1321	1	5	1	9	12	4	3	0	6	0	3	0	1	4	6	2	0	3	7	4	0	1	1	8	0	1	6	3	0	2	0	0	4	1	5	5	18	0	3	2	8	0	0	2	1	6	4	1
zOTU_1322	3	1	2	4	7	2	6	2	9	3	1	4	2	6	5	4	1	3	6	0	2	3	5	7	6	2	1	9	1	2	0	2	1	1	4	10	6	6	3	0	9	3	1	2	2	7	6	1
zOTU_1323	1	0	0	0	5	10	7	1	5	3	0	1	1	12	2	8	2	1	1	0	1	4	9	10	7	1	1	6	2	0	0	0	1	2	2	2	4	6	0	2	2	6	4	6	16	4	33	0
zOTU_1324	2	3	0	2	2	3	1	5	3	0	2	1	9	25	6	1	0	10	7	5	2	4	3	2	8	1	3	6	1	0	0	0	6	2	7	4	7	8	4	1	5	5	0	3	10	5	5	3
zOTU_1325	4	5	4	4	1	5	2	1	2	1	0	2	0	0	7	4	5	4	2	9	3	2	1	7	3	3	0	4	0	2	0	0	3	7	3	2	2	5	2	3	4	5	3	10	2	5	8	2
zOTU_1326	0	1	2	2	12	2	4	1	6	1	4	5	4	5	7	13	6	4	5	11	0	6	1	3	1	7	6	3	4	5	0	0	6	10	8	3	4	4	2	2	6	13	6	1	2	2	2	1
zOTU_1327	4	0	0	0	27	0	1	0	7	0	0	0	0	24	0	0	0	4	0	0	0	6	13	0	0	0	11	0	0	0	0	0	0	0	0	13	0	0	0	18	0	0	0	0	4	0	0	0
zOTU_1328	6	8	8	9	6	10	10	6	6	2	5	10	4	7	10	8	10	12	9	10	1	3	5	11	11	10	4	14	4	0	0	0	5	10	13	3	13	14	3	6	9	6	7	7	8	7	11	4
zOTU_1329	0	0	4	0	0	0	8	0	0	0	0	6	0	0	0	4	0	0	0	16	0	0	1	0	28	0	0	0	5	0	0	0	0	24	0	0	0	30	0	0	0	17	9	0	0	0	27	0
zOTU_133	7	62	59	196	20	67	77	95	26	72	164	109	114	23	83	62	83	27	37	37	48	15	27	39	67	51	13	55	16	38	1	0	43	66	72	19	59	78	61	15	52	49	24	203	17	85	74	92
zOTU_1330	1	2	1	6	4	3	11	1	4	4	1	2	1	0	9	4	1	6	6	1	1	3	7	7	5	4	3	6	2	2	0	0	2	8	3	4	6	9	7	3	10	6	1	4	4	7	4	1
zOTU_1331	0	2	0	7	7	0	1	5	6	4	1	2	5	5	3	2	5	10	1	1	6	2	8	2	0	3	6	8	1	1	0	0	0	0	5	6	6	0	0	0	4	0	0	9	6	8	0	1
zOTU_1332	0	0	5	0	0	0	14	0	0	0	0	10	0	0	0	6	0	0	0	5	0	0	0	0	19	0	0	0	2	0	0	0	0	16	0	0	0	12	0	0	0	7	10	0	0	0	68	0
zOTU_1333	2	1	2	4	4	2	2	7	6	4	3	3	3	6	8	2	8	1	3	1	7	3	6	2	2	0	1	5	1	2	0	0	0	13	8	1	1	5	3	4	1	3	6	3	5	3	10	2
zOTU_1334	0	0	1	3	5	7	2	0	7	3	0	0	0	11	4	6	6	2	3	7	16	4	8	4	1	0	2	2	1	2	0	0	2	0	4	1	0	2	2	1	4	5	4	2	4	4	17	1
zOTU_1335	1	6	2	1	7	5	5	2	2	1	2	7	2	6	7	11	5	2	5	4	2	2	0	4	3	3	1	9	0	2	0	0	5	6	5	2	5	3	6	2	6	9	5	4	0	4	4	4
zOTU_1336	2	5	2	4	6	3	5	3	1	1	1	10	1	0	2	4	2	0	1	4	4	3	8	3	7	0	1	7	2	5	0	0	2	6	1	4	3	3	0	1	3	0	1	5	5	7	16	2
zOTU_1337	0	0	2	6	6	1	2	4	1	2	3	1	0	3	2	2	6	6	5	4	0	1	2	7	3	3	2	7	1	8	0	0	2	6	12	1	5	4	5	2	3	3	0	4	0	2	4	1
zOTU_1338	9	2	0	1	17	3	0	0	8	1	1	0	2	13	2	1	3	10	9	1	2	6	6	4	0	0	3	3	1	0	0	0	3	0	8	2	8	0	5	5	1	0	1	0	7	1	0	1
zOTU_1339	3	3	1	7	5	1	5	4	2	5	1	2	7	1	4	2	2	2	1	3	4	5	5	8	6	1	2	14	0	1	0	0	5	5	4	4	3	8	3	3	3	6	4	3	2	6	4	2
zOTU_134	45	54	58	58	98	58	80	45	87	17	55	54	93	122	98	180	81	82	79	148	34	84	67	62	64	77	64	82	77	35	0	0	70	123	114	55	102	185	62	97	104	148	61	29	53	47	44	69
zOTU_1340	0	7	3	8	0	7	6	3	1	5	0	3	1	1	4	11	1	3	4	2	2	0	1	9	3	13	0	4	0	1	0	0	8	3	12	0	0	3	12	1	2	1	0	2	0	8	4	2
zOTU_1341	2	5	4	3	5	5	2	4	4	2	0	0	7	0	4	4	4	9	5	5	5	2	3	6	2	2	5	6	1	3	0	0	7	5	5	13	6	6	7	5	7	4	1	0	3	6	0	2
zOTU_1342	4	0	1	12	3	2	2	8	1	4	7	2	4	2	1	4	9	1	0	4	6	4	2	6	4	3	1	4	2	2	0	0	1	5	6	3	2	4	8	2	5	4	5	17	3	4	4	2
zOTU_1343	0	0	0	2	1	1	2	6	3	0	2	3	8	11	2	1	6	2	1	1	8	5	7	1	7	3	0	0	1	1	0	3	2	7	9	3	2	5	4	2	3	3	1	7	0	6	2	2
zOTU_1344	1	2	2	4	1	0	0	1	0	0	2	0	12	5	3	2	2	6	1	6	1	0	4	0	4	7	2	1	5	4	0	0	1	2	5	2	2	10	5	3	2	4	2	5	0	2	11	1
zOTU_1345	1	1	0	3	3	3	2	3	5	4	3	2	7	2	4	2	4	7	7	5	2	2	3	2	2	5	4	2	3	2	0	0	4	6	8	2	3	2	5	6	4	1	1	3	7	6	5	0
zOTU_1346	1	4	1	0	3	3	4	0	6	4	2	3	1	1	3	1	1	0	4	4	3	5	8	7	8	0	0	12	3	1	0	0	1	6	0	1	5	6	3	6	5	4	1	3	6	7	10	0
zOTU_1347	1	4	2	5	9	2	7	2	7	0	2	5	6	2	2	3	3	5	4	5	3	3	11	6	4	2	2	7	1	2	0	0	4	3	7	6	6	5	2	4	7	1	0	2	4	5	7	2
zOTU_1348	2	1	8	1	4	2	19	3	1	0	0	20	1	0	1	5	5	0	2	0	3	2	6	2	4	2	2	4	2	3	0	0	5	8	7	1	1	3	1	0	4	7	3	2	6	6	20	0
zOTU_1349	6	0	0	0	17	1	0	0	3	0	0	0	0	10	8	0	0	7	1	0	0	2	2	0	0	0	5	0	0	0	0	0	1	0	0	5	4	0	0	1	4	0	0	0	1	2	0	0
zOTU_135	48	21	3	60	129	79	2	28	109	46	26	3	47	89	46	1	80	104	48	2	116	46	251	67	4	114	84	80	1	74	0	1	33	3	142	86	44	1	33	73	76	1	2	74	65	48	4	22
zOTU_1350	0	4	1	1	3	1	5	2	1	4	2	5	1	0	0	7	9	0	6	1	14	0	1	2	4	5	0	1	1	2	0	0	0	1	14	0	2	8	5	0	2	4	1	28	2	2	5	1
zOTU_1351	0	1	3	2	1	2	6	0	1	4	1	2	1	2	6	15	4	0	4	14	1	4	0	3	14	1	0	7	2	0	0	0	0	8	2	0	2	18	1	0	1	10	4	1	3	3	44	0
zOTU_1352	1	5	2	2	3	1	0	1	0	4	3	0	3	3	12	3	0	9	9	4	1	5	4	6	0	0	7	7	1	2	0	0	9	3	2	6	0	5	2	5	6	2	2	0	0	4	0	0
zOTU_1353	0	1	4	3	1	5	2	1	1	9	1	4	2	0	9	9	4	0	11	1	13	1	0	6	1	3	1	8	3	1	0	0	3	9	3	0	10	4	0	0	6	6	4	1	0	5	7	2
zOTU_1354	4	1	0	2	7	1	2	2	2	4	0	1	2	1	2	2	3	2	3	0	1	2	22	8	1	3	5	6	0	4	0	0	3	1	5	7	3	2	0	6	14	0	0	5	13	5	2	0
zOTU_1355	9	7	10	13	22	16	12	5	19	4	7	5	6	18	20	18	15	17	17	12	3	10	14	12	4	15	10	22	8	0	0	0	20	18	7	11	12	17	5	12	16	9	8	5	3	3	7	3
zOTU_1356	4	2	0	0	10	4	8	3	3	0	0	0	4	7	3	0	3	21	6	7	4	10	5	1	3	5	7	0	0	0	0	0	8	2	9	2	3	5	3	3	2	6	7	2	5	3	9	0
zOTU_1357	0	3	1	3	0	2	1	2	6	5	2	1	3	4	1	10	4	0	8	2	10	1	2	10	3	3	0	4	1	10	0	0	3	1	7	0	6	3	4	1	8	3	0	0	0	1	2	4
zOTU_1358	3	3	0	6	9	2	0	2	4	4	1	0	3	3	3	2	3	6	2	0	6	11	17	6	1	3	10	9	1	2	0	0	1	0	14	3	5	0	1	1	4	0	0	2	1	5	1	3
zOTU_1359	0	4	10	1	6	5	6	1	4	5	1	6	4	3	3	12	4	1	11	10	3	6	3	1	12	3	3	1	4	4	0	0	5	10	6	2	11	11	13	5	3	10	7	1	1	12	5	1
zOTU_136	40	27	32	50	76	86	61	51	80	59	36	95	54	21	50	81	62	56	56	47	53	40	93	59	63	73	60	74	34	42	1	0	49	93	84	36	37	66	61	48	43	55	24	38	51	48	49	44
zOTU_1360	1	5	1	0	1	1	2	6	1	2	4	3	4	4	2	6	2	11	10	12	0	3	0	7	2	2	2	3	6	6	0	0	2	9	12	3	8	5	8	3	8	7	3	1	2	4	0	3
zOTU_1361	4	2	3	5	3	2	8	7	1	3	0	8	4	2	1	4	3	2	4	2	5	4	5	3	5	5	2	8	2	4	0	0	3	8	2	1	11	1	1	1	2	3	2	1	3	6	3	2
zOTU_1362	1	4	3	1	2	3	8	2	3	10	1	2	0	1	3	6	1	3	2	1	5	3	5	3	6	2	4	4	0	1	0	0	4	4	4	5	3	4	2	2	3	1	2	4	8	7	10	1
zOTU_1363	3	2	0	2	12	1	0	3	7	1	1	0	5	3	1	7	3	8	5	3	0	6	3	1	0	3	8	4	0	3	0	0	7	3	5	2	3	5	3	9	2	3	3	2	2	2	0	5
zOTU_1364	1	2	8	1	1	0	11	0	0	5	1	6	2	0	5	6	0	3	7	6	1	0	4	15	17	3	0	10	4	0	0	0	3	16	1	1	6	9	0	4	8	10	4	2	0	3	5	0
zOTU_1365	0	0	9	2	0	0	16	1	0	0	1	16	2	0	2	13	1	0	0	7	3	0	0	3	25	0	0	0	8	0	0	0	0	19	0	0	2	16	3	0	0	9	3	1	0	0	9	0
zOTU_1366	3	3	0	12	5	0	0	3	3	1	5	0	1	13	4	0	4	5	3	0	0	4	5	6	0	0	4	9	0	1	0	0	8	0	4	2	7	0	2	6	2	0	0	7	6	20	0	3
zOTU_1367	5	5	0	0	9	5	0	0	9	0	0	0	0	12	7	0	0	9	6	0	0	4	0	5	0	0	8	6	0	0	0	0	5	0	0	4	1	0	0	3	9	0	0	0	3	5	0	0
zOTU_1368	0	0	3	0	0	1	9	0	0	0	0	7	0	0	0	4	0	0	0	16	0	0	0	0	24	0	0	1	4	0	0	0	0	19	1	0	1	28	0	1	1	16	5	0	1	1	23	0
zOTU_1369	0	2	5	0	0	2	7	2	0	2	2	14	4	0	2	6	0	0	4	4	4	0	0	10	7	1	0	5	8	0	0	0	4	10	2	0	3	12	2	0	9	9	5	2	0	8	12	0
zOTU_137	73	25	31	63	174	34	70	39	139	37	42	55	38	105	62	44	27	78	75	30	23	99	132	72	36	25	47	100	23	24	1	2	44	64	70	104	62	44	40	87	71	48	26	73	116	68	75	18
zOTU_1370	2	2	7	4	1	9	4	3	0	2	0	7	3	5	2	6	8	5	5	5	1	4	4	8	3	3	2	8	3	1	1	0	7	6	1	3	10	9	1	1	2	2	11	0	0	4	11	3
zOTU_1371	1	2	1	0	3	0	8	0	0	3	0	2	0	0	7	4	1	5	2	7	0	3	9	2	5	0	1	1	12	4	0	0	1	1	7	11	1	5	6	4	5	3	0	2	3	3	3	0
zOTU_1372	1	2	1	5	4	5	2	1	3	0	0	0	6	0	3	3	2	8	2	3	4	5	2	6	1	3	3	3	2	3	0	0	5	1	4	1	2	2	2	3	6	4	2	2	0	1	2	2
zOTU_1373	6	0	0	2	1	1	1	0	4	5	2	1	3	9	3	2	2	4	3	2	3	5	8	8	1	2	4	4	0	1	0	1	2	7	6	4	5	3	4	7	5	2	1	5	11	5	6	1
zOTU_1374	1	2	1	8	1	4	2	3	0	0	4	1	6	5	4	3	1	2	4	11	0	2	0	2	1	6	3	4	1	1	0	0	4	0	13	0	10	14	5	0	4	3	5	2	0	1	2	5
zOTU_1375	3	4	0	7	6	1	2	0	3	5	2	3	1	0	8	3	1	7	9	0	2	1	4	4	2	3	2	10	3	2	0	0	9	6	6	2	4	7	5	1	6	3	1	6	3	4	5	3
zOTU_1376	6	1	1	3	4	4	2	0	3	0	1	1	4	2	1	3	2	7	4	2	3	6	14	6	5	7	2	3	1	2	0	0	3	3	7	7	6	4	2	3	5	4	2	3	11	3	4	6
zOTU_1377	10	3	4	9	8	6	4	6	7	7	6	4	5	19	9	6	7	9	5	4	7	4	22	8	5	3	5	17	2	1	0	0	3	3	9	9	8	4	7	9	12	2	3	6	5	7	2	8
zOTU_1378	2	4	5	3	2	12	12	5	3	1	2	12	0	4	4	13	4	2	13	8	1	0	1	7	5	1	0	8	2	2	0	0	5	6	7	0	8	11	3	3	11	5	3	1	1	6	1	0
zOTU_1379	5	4	0	5	2	4	1	1	4	4	2	1	2	3	4	1	3	2	6	0	2	0	6	11	3	1	2	14	0	0	0	0	4	2	5	2	16	3	1	1	11	1	0	3	4	3	2	5
zOTU_138	41	68	23	50	79	85	63	26	54	53	25	28	23	50	81	44	25	21	59	41	18	47	50	124	61	22	25	104	23	27	0	25	82	62	75	46	98	49	26	54	97	34	20	43	71	104	99	40
zOTU_1380	3	0	1	4	16	5	2	3	2	0	1	2	1	2	3	7	1	24	4	4	0	10	3	1	5	1	11	1	4	0	0	0	2	0	0	2	2	9	0	1	3	1	2	2	6	4	13	2
zOTU_1381	9	2	0	2	15	1	0	2	16	1	0	1	1	6	6	1	0	10	4	0	0	10	12	4	1	3	9	5	0	1	0	0	4	2	5	7	4	2	8	4	4	1	3	0	4	2	0	0
zOTU_1382	0	1	2	3	5	2	3	2	1	4	1	8	2	3	3	4	2	5	2	5	4	3	6	10	7	3	2	8	2	0	0	0	3	5	4	1	1	3	1	3	10	3	2	2	2	5	2	1
zOTU_1383	0	2	8	0	0	0	6	0	0	1	0	9	0	0	2	6	0	0	1	11	0	0	0	3	14	0	0	1	6	0	0	0	3	13	0	0	1	27	0	0	2	18	8	0	0	4	19	0
zOTU_1384	1	3	3	2	1	3	2	1	2	3	1	7	3	2	2	4	2	3	8	2	3	0	4	11	2	4	2	4	6	1	0	0	1	4	5	2	6	13	7	5	5	2	1	2	2	2	8	1
zOTU_1385	0	0	0	0	9	1	2	0	3	0	2	2	1	0	0	0	8	1	2	3	5	3	26	1	9	2	4	1	2	1	0	0	7	8	6	2	1	2	3	3	0	1	20	5	6	4	9	0
zOTU_1386	1	0	4	1	3	2	0	1	4	1	1	0	1	6	1	5	1	14	7	1	0	4	2	0	0	4	12	1	1	2	0	0	1	0	26	0	3	7	14	2	5	7	2	0	3	0	0	1
zOTU_1387	1	1	5	0	4	1	4	0	3	5	0	6	1	1	2	2	4	1	3	4	1	2	8	7	3	1	0	5	1	3	0	0	2	10	3	5	2	6	0	12	3	3	3	2	6	4	5	0
zOTU_1388	3	4	0	4	7	3	1	2	13	1	1	2	6	3	5	1	1	3	3	1	6	3	8	6	3	5	5	5	2	1	0	0	1	2	5	4	3	4	2	5	1	4	1	6	5	2	5	2
zOTU_1389	4	5	2	0	6	1	3	4	2	1	1	3	1	4	2	3	2	2	6	4	1	6	9	6	4	4	1	2	1	2	0	0	1	5	4	4	3	10	3	2	4	5	3	4	4	4	3	1
zOTU_139	59	44	16	628	71	31	15	105	23	10	71	7	10	13	58	8	28	42	83	56	10	28	17	73	14	47	15	80	62	25	1	5	18	11	118	69	16	19	33	37	16	17	8	55	5	22	1	138
zOTU_1390	1	1	1	1	1	4	13	0	0	1	0	2	1	0	1	4	1	2	3	5	5	2	4	6	12	1	0	8	0	3	0	0	2	10	3	4	4	3	0	0	3	5	2	8	6	4	18	1
zOTU_1391	0	0	2	0	0	0	0	0	0	0	0	0	0	0	0	0	0	0	0	46	0	0	0	0	5	0	0	0	22	1	0	0	0	25	0	0	0	46	0	0	0	36	1	0	0	0	0	0
zOTU_1392	3	5	3	5	8	2	4	1	6	5	0	4	1	3	1	8	3	5	11	2	2	3	2	5	5	2	0	1	2	3	0	0	2	13	2	2	5	5	3	1	3	2	1	1	8	6	4	1
zOTU_1393	1	4	2	1	1	9	8	2	2	7	3	3	0	1	7	2	3	7	5	2	1	0	9	8	10	1	3	5	3	1	0	0	4	4	5	1	3	3	4	0	7	0	3	4	4	11	10	1
zOTU_1394	6	3	0	3	3	3	1	2	0	2	0	2	1	14	4	2	1	20	3	8	3	2	3	4	3	1	7	4	2	0	0	0	8	1	3	1	4	17	2	1	4	8	5	5	2	5	6	3
zOTU_1395	7	1	2	0	5	2	6	2	3	5	1	9	1	2	5	8	2	2	1	2	4	7	6	2	9	1	4	3	1	2	0	0	0	10	5	2	4	6	2	2	3	2	3	2	15	1	12	7
zOTU_1396	3	2	0	2	2	2	3	4	5	5	3	6	5	4	1	11	2	1	3	1	1	2	1	2	4	6	4	0	0	2	0	0	5	19	4	2	1	11	2	5	2	2	2	0	0	1	3	1
zOTU_1397	8	4	1	3	10	4	2	0	5	0	0	4	8	15	2	3	3	3	3	1	1	3	3	2	1	2	1	3	1	1	0	0	2	1	2	4	10	0	0	4	15	0	2	0	11	5	2	1
zOTU_1398	6	0	2	0	7	4	5	0	6	2	2	2	5	7	2	1	9	2	6	7	2	13	2	7	0	0	1	1	1	1	0	0	3	1	2	2	3	4	1	2	3	5	5	1	2	5	0	1
zOTU_1399	7	4	0	0	13	6	0	0	9	4	0	2	0	3	3	0	0	5	1	0	0	5	13	11	1	0	2	6	0	0	0	0	2	0	2	6	5	0	0	2	4	0	0	0	8	10	0	0
zOTU_14	197	519	514	814	421	472	892	511	394	522	345	915	571	347	651	584	522	543	546	558	524	213	753	684	763	430	265	851	373	303	1	36	455	881	653	421	758	867	499	388	831	715	294	541	399	895	690	298
zOTU_140	19	65	54	105	61	58	78	61	46	80	36	72	74	35	111	55	59	53	89	56	93	35	122	145	78	65	27	180	26	43	0	1	37	65	131	61	98	61	86	65	152	39	28	69	41	94	103	28
zOTU_1400	1	2	0	4	5	3	2	1	5	1	3	6	9	11	5	4	4	3	3	3	6	13	2	0	4	2	1	2	2	4	0	0	4	7	1	1	3	9	4	4	2	6	4	2	11	1	5	0
zOTU_1401	0	1	3	9	2	2	8	11	6	2	7	5	13	3	5	11	9	1	3	8	1	2	3	1	1	15	3	3	9	4	0	1	4	9	16	0	9	9	3	3	3	11	2	0	4	3	6	3
zOTU_1402	0	1	3	0	0	1	6	1	0	0	0	11	1	0	6	13	0	0	2	6	0	0	1	13	3	0	2	3	8	0	0	0	3	13	1	0	0	21	0	0	5	17	6	1	0	2	4	0
zOTU_1403	4	5	1	0	2	3	2	1	2	2	2	1	2	2	1	3	5	6	6	1	1	4	5	8	6	2	0	4	3	3	0	0	1	3	3	1	3	3	1	1	1	3	1	0	13	5	5	2
zOTU_1404	1	1	7	1	0	0	7	0	1	0	0	8	0	0	0	7	0	0	1	21	0	1	0	1	9	0	0	0	8	1	0	0	0	14	0	0	2	35	0	0	0	18	7	0	2	1	10	0
zOTU_1405	3	2	0	9	0	1	3	3	1	3	0	1	2	3	2	2	5	3	7	5	5	2	4	8	0	3	2	5	2	0	0	0	1	4	4	2	3	3	3	2	5	3	1	12	1	1	1	7
zOTU_1406	0	2	4	0	3	1	4	0	2	0	0	4	2	1	4	2	2	3	2	3	3	6	6	7	6	1	2	2	5	0	0	0	3	10	3	4	2	12	2	7	2	4	4	1	6	3	8	1
zOTU_1407	5	15	15	22	15	14	9	7	19	11	17	20	14	20	27	13	5	12	11	9	4	6	18	18	13	16	12	25	10	5	0	0	10	12	20	15	18	13	6	4	23	11	5	17	1	12	11	5
zOTU_1408	2	3	2	8	6	7	3	1	2	5	1	3	6	3	2	6	0	1	3	0	1	0	4	6	1	1	3	2	0	3	0	0	1	0	6	0	2	1	0	1	5	2	3	2	3	2	5	4
zOTU_1409	2	3	3	1	3	4	3	1	0	2	2	5	1	1	4	0	2	6	5	5	1	6	8	7	3	4	1	6	3	1	0	0	7	3	5	0	8	6	3	6	6	3	0	2	4	8	1	0
zOTU_141	56	54	45	165	184	72	51	76	126	54	58	51	86	221	108	63	81	97	115	55	85	70	107	122	56	92	100	139	36	73	0	0	57	46	167	70	148	94	87	89	115	59	39	71	80	61	64	54
zOTU_1410	5	2	2	0	17	10	6	0	4	7	0	8	0	2	8	6	0	2	15	4	0	6	0	6	2	0	3	3	0	0	0	0	3	9	0	0	3	1	0	4	4	1	0	0	5	6	3	0
zOTU_1411	2	0	1	0	9	0	1	1	2	1	1	4	2	5	1	2	3	5	1	3	7	6	12	1	0	4	2	0	0	1	0	0	3	1	2	6	1	0	1	9	4	0	3	0	18	4	8	0
zOTU_1412	2	3	0	4	4	2	7	1	3	7	2	5	2	2	10	1	3	6	3	1	4	4	16	7	4	3	2	8	1	1	0	0	1	4	0	2	5	7	2	2	1	3	1	8	4	7	5	1
zOTU_1413	5	7	3	2	6	5	4	3	2	0	3	0	3	10	6	1	1	19	9	0	3	2	21	5	1	1	8	6	0	3	0	0	3	5	4	5	9	4	2	4	4	0	0	0	6	4	3	1
zOTU_1414	1	3	1	8	1	5	1	4	2	0	2	5	6	2	13	4	1	4	7	11	0	2	1	7	1	6	7	7	6	8	0	0	3	15	24	3	10	14	9	1	18	9	1	0	3	4	2	4
zOTU_1415	2	1	1	1	2	5	2	0	4	2	0	5	0	10	5	2	2	2	2	1	0	8	5	4	5	0	0	7	2	1	0	0	6	0	1	1	6	0	0	8	7	2	1	0	13	6	7	0
zOTU_1416	8	4	3	2	8	1	5	0	10	2	2	3	4	6	4	5	1	6	4	0	2	10	6	8	1	2	7	2	2	2	0	3	0	11	1	2	10	13	5	4	3	3	4	2	0	2	7	0
zOTU_1417	0	3	4	1	1	3	7	2	0	4	0	6	1	0	3	7	0	0	13	9	0	1	0	13	12	1	0	26	3	1	0	31	2	5	6	0	7	12	5	0	8	7	4	0	0	6	3	0
zOTU_1418	3	1	3	3	1	3	4	2	2	0	1	2	0	2	7	3	9	1	2	2	1	0	11	10	6	4	2	6	3	3	0	0	2	3	4	4	1	1	1	1	4	1	1	4	10	17	16	1
zOTU_1419	0	7	6	0	0	3	19	0	0	3	0	10	0	1	7	21	0	0	11	6	0	0	0	14	10	0	0	10	4	0	0	11	4	5	2	0	2	8	0	0	11	10	6	0	0	4	9	0
zOTU_142	75	47	59	100	61	40	107	70	15	37	17	84	77	10	37	74	30	56	60	53	9	100	43	65	48	19	27	106	29	13	1	22	40	101	72	35	71	94	66	46	58	99	55	22	81	77	60	20
zOTU_1420	0	0	0	0	3	0	0	0	0	0	0	0	0	0	0	0	0	0	0	0	0	0	0	0	0	0	0	0	0	0	0	0	0	0	0	0	0	0	0	0	0	0	0	0	0	0	0	0
zOTU_1421	3	1	4	0	10	1	1	0	4	0	4	0	4	1	0	20	18	0	8	12	0	5	2	2	4	3	0	0	5	1	0	0	13	5	8	0	7	26	4	1	5	23	8	2	1	1	2	3
zOTU_1422	2	0	4	1	7	3	2	1	9	2	1	1	1	3	0	4	2	8	0	2	2	10	14	3	4	3	6	6	4	0	0	0	1	1	2	8	3	2	2	5	1	5	1	2	7	4	5	1
zOTU_1423	2	0	0	3	4	4	0	7	6	2	3	0	24	21	1	1	0	6	2	1	1	9	5	4	0	0	4	1	3	0	0	0	1	0	1	1	4	1	2	4	1	0	2	3	6	4	1	6
zOTU_1424	5	3	3	2	6	3	4	2	10	1	4	3	5	9	2	4	3	6	4	2	0	5	10	5	3	0	5	6	3	2	0	0	5	6	7	5	4	3	1	6	4	2	3	2	3	0	1	2
zOTU_1425	0	0	5	2	1	3	14	2	0	5	4	6	3	0	4	14	2	0	4	7	2	0	0	7	8	1	0	8	4	2	0	0	1	13	8	1	3	4	1	0	3	5	4	3	0	5	16	1
zOTU_1426	0	10	0	6	4	3	6	4	2	9	1	3	2	2	7	8	3	5	3	2	9	1	9	9	0	3	3	5	0	3	0	0	7	5	8	1	3	4	6	4	4	2	0	4	0	3	3	1
zOTU_1427	0	1	0	5	5	1	2	1	5	1	2	0	3	6	5	1	2	10	2	2	1	4	0	2	0	3	0	4	1	3	0	0	6	0	18	5	6	9	9	7	8	2	0	0	0	1	0	2
zOTU_1428	0	1	1	1	1	6	2	5	5	1	6	1	3	6	9	2	4	6	4	4	0	3	7	10	5	7	6	10	1	2	0	0	2	5	9	5	9	10	5	6	8	3	4	0	2	4	2	1
zOTU_1429	0	2	10	0	0	0	12	0	0	3	0	12	0	1	3	21	0	4	1	8	0	0	0	3	8	0	0	5	0	1	0	0	2	3	0	0	10	10	0	0	7	6	8	0	0	0	6	0
zOTU_143	48	34	24	67	91	43	48	38	46	18	34	27	49	135	78	59	96	93	81	53	62	49	87	65	29	45	57	58	25	23	1	0	57	57	140	63	98	95	87	67	90	61	38	21	70	86	68	35
zOTU_1430	0	5	5	1	0	3	8	0	0	1	2	5	2	0	10	16	6	0	12	15	1	0	0	7	6	5	1	5	2	2	0	0	5	19	7	0	5	17	4	0	7	15	9	1	0	4	3	2
zOTU_1431	1	5	0	9	6	7	1	1	7	5	3	0	2	13	5	1	1	1	4	2	1	0	1	5	1	4	3	6	2	0	0	0	2	4	7	4	11	1	2	0	1	0	0	5	1	2	1	1
zOTU_1432	0	15	5	8	1	7	9	12	0	4	1	8	28	0	10	14	1	0	13	30	1	0	0	9	6	0	0	12	6	4	0	0	17	3	11	1	19	4	5	0	9	4	5	0	1	18	2	1
zOTU_1433	0	2	6	1	4	2	3	0	4	6	0	6	1	1	5	2	4	5	2	3	3	3	14	8	8	0	4	4	4	1	0	0	4	11	3	1	5	4	0	1	5	4	3	3	2	11	8	1
zOTU_1434	2	0	4	1	1	1	17	1	1	1	2	8	6	0	1	5	1	0	2	6	1	0	1	1	17	5	1	0	2	0	0	0	4	12	6	0	3	14	3	3	1	7	5	0	1	1	7	0
zOTU_1435	7	2	0	7	9	3	2	0	3	6	4	3	8	11	6	2	4	3	8	2	1	5	7	5	1	3	2	4	0	0	0	0	3	2	10	4	11	2	5	3	5	1	0	6	1	13	0	5
zOTU_1436	3	0	1	3	7	6	0	5	1	5	1	1	6	3	1	6	3	5	5	2	7	3	3	5	6	6	3	4	6	4	0	0	6	10	9	1	1	3	6	2	6	1	1	2	6	0	0	0
zOTU_1437	5	1	2	3	3	2	2	2	3	1	2	2	2	1	5	1	2	9	3	2	3	3	9	0	3	2	4	1	1	2	0	0	3	1	5	5	7	0	4	7	7	0	0	7	5	1	0	1
zOTU_1438	2	1	3	8	1	1	2	0	4	1	4	4	1	4	5	4	3	5	4	3	1	0	4	8	3	4	1	4	0	1	0	0	0	9	10	1	4	5	2	3	4	2	1	0	3	4	2	1
zOTU_1439	1	2	0	1	3	3	5	2	1	2	0	2	0	1	5	7	1	0	4	16	1	0	0	5	22	0	0	4	4	0	0	0	5	12	1	2	5	17	1	2	5	11	3	2	7	6	9	1
zOTU_144	19	38	62	74	26	47	134	32	23	37	52	116	42	12	63	110	94	10	72	106	37	30	13	87	116	40	4	105	75	22	0	1	65	132	76	9	32	145	51	10	34	119	48	40	19	96	50	30
zOTU_1440	0	1	1	1	1	0	0	0	0	0	0	3	0	3	4	1	0	0	4	17	0	0	0	0	11	0	0	2	5	2	0	0	2	23	2	0	2	24	1	0	1	18	0	2	0	2	14	0
zOTU_1441	8	12	1	0	19	4	1	0	8	0	0	1	0	3	7	1	0	5	8	8	0	5	1	4	0	1	1	7	5	1	0	0	5	2	3	0	3	0	1	0	2	0	1	0	0	5	0	0
zOTU_1442	1	2	4	1	0	3	7	0	0	1	0	7	0	0	3	4	0	2	7	6	0	0	0	9	16	0	0	7	4	0	0	0	3	10	2	0	3	8	0	0	6	3	5	0	0	4	19	0
zOTU_1443	3	2	3	8	3	0	9	1	3	0	5	2	1	7	2	2	3	11	1	3	4	5	4	9	2	2	1	3	2	1	0	0	1	2	5	2	0	6	3	1	4	3	1	5	1	8	12	2
zOTU_1444	3	3	2	3	8	0	3	1	5	2	1	8	2	2	6	3	3	4	8	3	1	1	2	4	2	3	0	7	2	2	0	0	2	3	6	3	8	6	2	2	8	0	1	5	1	5	4	1
zOTU_1445	0	0	5	0	0	0	9	0	0	1	0	22	0	0	0	11	1	1	2	7	0	0	0	0	14	0	0	0	9	0	0	0	0	30	2	0	0	27	0	0	0	14	4	0	0	0	14	0
zOTU_1446	3	5	1	2	14	3	6	3	9	3	7	5	11	15	2	7	3	31	7	7	7	3	7	12	2	6	16	5	3	2	0	0	4	3	12	13	13	13	3	4	5	6	4	2	1	3	1	5
zOTU_1447	0	1	1	4	0	2	2	3	1	4	1	3	6	1	4	8	6	0	1	8	2	0	0	5	11	4	0	1	1	6	0	0	0	4	9	1	5	17	6	0	6	5	2	2	1	4	2	0
zOTU_1448	3	1	1	5	1	4	3	4	2	2	1	4	2	3	10	6	8	1	6	2	4	0	6	7	4	2	2	6	1	2	0	0	1	2	6	3	3	6	5	2	3	11	1	2	1	4	1	3
zOTU_1449	5	2	0	2	4	1	0	0	0	0	2	2	1	8	5	1	2	7	0	1	4	6	10	4	4	4	0	4	1	4	0	0	1	2	4	3	1	2	7	1	1	1	3	6	14	7	2	0
zOTU_145	4	17	22	61	90	62	27	24	56	16	20	17	34	27	57	54	4	141	49	28	17	40	22	76	27	62	92	54	35	27	0	0	28	6	132	18	70	83	57	7	140	56	21	19	17	26	22	37
zOTU_1450	1	4	2	4	5	2	4	4	1	5	2	1	5	5	5	5	5	1	2	2	2	1	4	3	2	7	2	11	2	1	0	0	6	2	4	2	9	0	1	5	4	4	1	7	4	7	1	1
zOTU_1451	0	0	4	0	0	1	8	0	0	0	1	5	0	0	1	9	0	0	2	8	0	0	0	1	7	0	0	2	2	0	0	0	2	1	1	0	6	33	2	0	2	19	7	0	0	1	24	0
zOTU_1452	0	4	0	4	3	6	5	1	0	6	2	6	3	1	3	4	0	0	3	0	3	1	1	9	7	2	1	9	4	3	0	0	8	6	4	1	0	5	1	1	6	3	0	4	2	4	15	0
zOTU_1453	0	0	4	1	0	0	22	0	0	0	0	13	1	0	0	6	5	0	0	14	6	0	0	0	9	3	0	0	6	3	0	0	0	13	5	0	0	14	5	0	0	2	5	2	0	1	17	0
zOTU_1454	1	1	0	0	0	1	0	2	3	1	2	1	2	16	2	2	6	3	5	5	2	1	1	5	0	4	1	7	0	2	0	0	5	2	6	5	9	3	6	3	6	3	2	1	1	8	1	0
zOTU_1455	3	1	1	5	2	5	7	4	2	3	4	1	2	3	3	3	3	2	3	0	6	7	14	3	5	5	7	5	1	0	0	0	5	6	4	4	1	2	2	4	2	1	1	1	7	1	8	3
zOTU_1456	0	6	3	0	0	1	3	0	4	6	0	2	0	3	2	2	3	0	7	13	2	5	0	6	7	2	1	3	0	14	0	0	8	2	32	2	4	15	2	0	0	4	5	0	1	3	7	1
zOTU_1457	1	0	2	4	1	3	4	2	3	3	1	5	2	2	7	2	4	4	6	1	2	3	2	8	6	2	2	5	1	7	0	0	2	3	6	1	3	5	4	3	5	5	3	4	7	2	3	1
zOTU_1458	3	1	1	0	4	2	4	0	1	2	0	0	2	7	1	4	2	3	2	4	5	9	4	2	5	1	7	3	0	4	0	0	2	4	8	0	6	2	7	1	6	7	2	1	2	5	4	1
zOTU_1459	4	2	0	6	5	5	3	1	4	8	1	2	1	3	3	0	2	3	4	3	3	2	3	8	4	5	0	6	2	2	0	0	1	2	6	1	9	3	2	3	3	6	2	8	4	4	2	3
zOTU_146	23	42	34	45	33	98	107	42	35	29	23	86	64	45	99	112	97	28	84	46	35	36	53	89	60	48	24	106	25	25	0	1	44	81	89	34	50	75	59	44	85	55	49	27	30	77	75	22
zOTU_1460	0	2	1	4	2	3	4	2	1	1	0	2	1	6	3	5	3	2	1	5	2	1	5	3	5	1	0	0	2	0	0	0	1	2	6	0	5	5	6	0	2	8	6	4	1	8	21	2
zOTU_1461	0	2	4	9	0	0	2	7	1	3	4	2	9	1	3	3	0	0	7	14	0	0	2	5	8	1	1	6	6	1	0	0	2	6	3	0	2	17	0	0	4	7	5	5	0	3	2	1
zOTU_1462	0	1	2	0	1	5	1	2	4	2	0	0	0	7	3	5	2	2	3	5	3	1	4	4	6	1	0	6	1	0	0	0	4	4	4	0	8	12	2	0	7	6	5	3	5	2	3	2
zOTU_1463	0	3	7	0	0	7	7	0	0	2	0	9	0	0	5	21	0	0	5	10	0	0	0	6	8	0	0	2	8	0	0	0	0	21	0	0	2	22	0	0	0	9	1	0	0	3	5	0
zOTU_1464	0	2	8	0	0	3	18	0	0	1	0	8	0	0	2	10	0	0	1	7	0	0	1	4	19	1	0	6	2	0	0	0	1	11	2	1	0	13	1	0	0	12	4	6	4	6	26	0
zOTU_1465	2	3	0	2	7	5	1	1	4	0	2	1	3	2	5	1	3	2	3	1	9	1	3	4	1	7	0	7	1	1	0	0	4	1	7	1	0	8	2	2	5	2	0	0	6	3	10	1
zOTU_1466	3	3	0	4	4	1	1	1	5	1	1	0	4	2	3	4	16	3	3	3	2	2	4	3	2	9	5	2	0	5	0	0	3	2	20	2	4	9	6	2	2	3	1	0	0	1	4	4
zOTU_1467	0	1	5	2	1	2	5	1	1	0	0	6	2	1	3	8	6	0	2	3	5	1	7	1	6	5	2	4	2	2	0	0	2	12	4	1	0	5	5	3	4	4	2	4	2	6	11	2
zOTU_1468	0	0	2	1	0	1	1	2	1	2	5	2	4	1	3	5	3	1	7	2	6	1	2	7	7	7	1	2	3	2	0	0	1	11	12	2	6	5	5	1	3	6	6	0	1	3	4	0
zOTU_1469	6	1	0	4	6	0	0	1	5	0	1	0	3	2	4	0	3	24	2	0	1	8	4	1	0	6	6	1	0	4	0	0	1	0	11	10	0	0	10	7	0	0	0	2	2	1	0	0
zOTU_147	40	54	36	69	57	38	45	48	70	30	40	45	47	70	85	45	71	117	120	39	53	80	47	63	37	36	53	105	19	36	0	11	56	65	105	53	138	76	93	61	108	83	17	40	50	70	60	29
zOTU_1470	7	2	3	3	4	2	3	1	1	3	4	2	3	3	3	2	4	7	6	2	0	5	3	3	3	1	2	3	1	1	0	0	2	2	1	11	4	1	1	7	5	3	2	2	3	4	2	3
zOTU_1471	2	0	1	0	4	1	0	0	3	1	2	0	3	1	8	0	8	4	1	3	1	3	1	3	0	1	3	7	0	0	0	0	3	6	7	4	3	7	4	0	3	3	2	5	4	3	6	1
zOTU_1472	0	2	3	3	0	2	9	0	0	2	0	8	0	0	2	6	5	0	6	11	5	1	4	7	14	0	0	10	7	0	0	0	0	16	1	0	4	16	1	0	2	2	1	3	4	3	15	1
zOTU_1473	0	0	3	0	0	0	8	0	0	0	0	9	0	0	0	8	0	0	0	5	0	0	0	0	13	0	0	0	6	0	0	0	0	21	0	0	0	24	0	0	0	11	9	0	0	0	38	0
zOTU_1474	1	3	7	4	9	12	10	0	2	2	1	5	2	12	3	13	8	2	13	5	3	6	9	4	8	1	1	6	8	0	0	0	6	6	14	0	2	17	8	6	12	13	12	3	5	6	6	1
zOTU_1475	0	15	9	21	1	9	10	10	1	3	16	14	29	1	9	11	7	13	8	16	3	0	8	9	5	2	6	14	10	2	0	0	5	8	21	1	9	22	19	1	17	20	9	6	0	4	4	5
zOTU_1476	3	2	2	1	1	7	8	1	1	0	3	2	0	1	7	4	0	1	1	4	0	0	3	3	4	2	0	2	2	0	0	0	1	7	3	2	2	10	1	4	3	10	3	0	4	2	11	0
zOTU_1477	7	4	2	17	21	13	4	9	11	3	12	2	14	18	11	4	6	9	15	1	3	2	13	11	1	9	10	13	1	4	0	0	4	1	19	20	17	1	12	22	11	2	2	7	6	4	0	18
zOTU_1478	3	0	1	1	2	1	2	1	10	3	0	5	0	2	3	2	1	13	2	2	3	0	17	4	2	3	5	3	0	1	0	0	1	6	4	13	0	3	1	7	2	1	0	4	1	4	0	0
zOTU_1479	0	1	4	4	2	1	12	1	2	2	0	9	0	0	0	18	0	0	1	6	5	0	0	4	26	1	0	3	8	0	0	0	0	14	1	0	2	13	1	3	2	2	3	0	1	2	20	0
zOTU_148	89	19	1	19	140	36	0	6	143	34	2	0	9	47	50	2	4	136	44	2	8	50	154	55	0	6	107	101	1	5	0	0	16	0	9	168	55	0	4	198	156	0	0	2	86	12	0	3
zOTU_1480	1	2	3	2	3	2	4	0	2	9	1	3	3	1	7	2	2	6	8	3	2	1	4	14	5	4	3	6	0	1	0	0	2	5	4	2	4	8	1	0	7	4	4	2	0	3	7	1
zOTU_1481	0	6	5	1	0	5	17	1	0	0	1	7	1	0	1	29	5	0	3	9	4	0	0	12	10	0	1	3	8	0	0	0	2	19	3	0	3	14	0	0	3	11	4	1	0	2	11	0
zOTU_1482	3	2	1	4	3	2	3	1	2	7	0	2	0	1	6	2	3	0	2	4	8	3	3	9	1	3	1	5	1	5	0	0	2	3	10	1	1	3	3	4	5	2	1	2	1	4	6	2
zOTU_1483	0	0	8	1	0	0	9	3	0	2	0	15	0	0	3	5	3	0	4	6	5	0	0	1	12	4	0	2	0	1	0	0	1	7	5	0	1	13	4	0	0	9	5	3	0	3	10	0
zOTU_1484	4	0	1	1	13	1	0	0	11	1	0	0	0	7	2	2	1	8	2	0	1	7	16	3	0	2	6	1	0	1	0	0	1	1	1	11	3	1	1	15	1	0	0	0	6	3	0	1
zOTU_1485	3	11	8	11	11	15	3	4	10	5	7	1	8	26	19	13	13	10	12	10	4	13	14	12	7	18	7	14	9	6	0	1	7	7	35	3	6	14	19	10	11	14	6	4	4	4	3	10
zOTU_1486	2	1	2	1	1	5	3	2	0	4	3	6	2	0	7	4	9	0	6	4	9	0	2	5	7	6	1	4	2	3	0	0	2	9	7	1	5	8	3	0	8	3	3	6	0	6	3	3
zOTU_1487	2	1	3	1	1	0	4	1	0	0	0	1	0	4	0	5	2	1	1	6	0	3	3	2	15	0	0	1	3	1	0	0	6	9	1	0	2	15	8	5	1	5	1	3	6	4	12	1
zOTU_1488	0	0	0	4	0	0	0	1	0	0	4	0	9	1	0	1	13	2	1	0	2	0	0	0	0	17	2	1	1	12	0	0	0	2	33	0	0	0	4	0	0	1	0	0	0	0	0	2
zOTU_1489	3	0	0	0	3	6	0	1	1	1	4	1	4	7	7	3	11	3	10	2	1	3	3	2	1	2	1	4	5	0	0	0	5	1	2	3	3	3	0	3	8	0	1	6	2	3	2	1
zOTU_149	69	39	45	54	83	55	88	19	42	27	28	50	36	101	90	53	73	68	104	40	57	27	112	97	81	88	50	96	31	28	1	0	43	62	67	35	105	41	54	54	75	46	12	33	68	81	56	27
zOTU_1490	4	2	4	5	8	5	4	5	4	4	3	11	1	9	2	5	3	3	7	5	2	5	5	5	6	4	1	4	5	4	0	5	0	2	8	1	11	12	3	4	5	6	8	5	1	0	9	1
zOTU_1491	0	0	1	8	2	1	5	5	0	0	4	6	4	0	0	5	3	5	1	4	3	0	2	1	11	3	1	1	1	1	0	0	1	10	5	0	0	4	1	2	2	4	4	10	2	1	11	0
zOTU_1492	4	2	4	3	3	4	4	0	0	1	3	1	0	4	2	5	4	1	4	2	2	2	4	3	7	4	0	7	0	4	0	0	5	3	1	3	1	3	3	3	4	8	4	4	2	5	8	0
zOTU_1493	0	2	2	0	5	0	2	0	0	0	0	4	0	0	3	6	2	3	4	4	7	1	5	4	13	0	0	3	1	0	0	0	0	7	2	0	3	6	2	0	4	2	6	7	8	8	15	0
zOTU_1494	4	2	7	6	11	12	10	10	3	3	10	8	9	8	7	17	24	6	11	12	2	2	2	12	6	14	3	12	8	5	0	0	12	8	15	6	7	9	10	7	14	10	1	6	1	4	1	5
zOTU_1495	0	1	3	0	0	1	6	2	0	2	0	8	2	2	2	8	1	2	4	5	0	1	2	5	7	0	1	10	3	0	0	0	3	11	1	3	0	10	4	0	6	7	1	4	4	10	11	0
zOTU_1496	0	2	2	1	0	2	5	0	1	4	0	2	0	0	2	2	5	0	4	1	16	0	3	3	13	3	0	5	1	0	0	0	5	14	0	2	1	4	2	0	5	0	3	2	3	8	5	1
zOTU_1497	1	0	0	1	3	0	0	3	3	0	1	0	2	1	0	0	5	0	1	2	19	6	16	3	2	3	4	1	2	5	0	0	0	9	20	2	2	2	6	1	0	1	0	5	9	0	0	0
zOTU_1498	0	0	5	0	0	0	9	0	0	0	0	20	0	0	0	12	0	0	0	20	0	0	0	0	21	0	0	0	12	0	0	0	0	20	0	0	0	17	0	0	0	17	3	0	0	0	13	0
zOTU_1499	0	0	0	0	0	0	0	0	0	0	0	0	3	0	0	0	11	0	0	0	1	0	0	0	0	10	0	0	0	10	0	0	0	0	78	0	0	0	23	0	0	0	0	0	0	0	0	0
zOTU_15	175	224	337	299	334	451	599	243	392	328	189	839	495	221	359	982	466	260	517	577	381	298	325	532	650	424	212	639	373	262	1	45	378	1041	783	134	363	923	455	184	390	633	400	248	299	376	423	143
zOTU_150	47	35	31	87	122	60	58	57	90	43	42	43	45	105	60	45	55	47	54	43	110	48	106	94	85	51	57	74	45	56	1	2	38	61	75	77	108	84	58	57	77	58	31	74	74	70	112	37
zOTU_1500	0	7	3	1	0	7	13	2	0	2	1	5	1	0	3	12	2	1	7	5	0	0	0	12	8	2	2	13	0	3	0	0	2	3	4	0	11	9	3	0	8	2	4	1	0	6	2	0
zOTU_1501	2	2	2	3	4	5	1	0	2	1	3	3	0	2	2	3	6	3	5	1	0	2	9	2	1	0	6	1	1	1	0	0	4	3	4	5	4	3	1	3	3	1	1	4	6	4	2	6
zOTU_1502	1	0	13	1	0	2	7	0	0	2	0	3	4	0	2	24	2	1	3	22	0	0	1	1	4	4	0	1	8	2	0	0	3	28	3	0	3	34	4	1	3	43	14	0	0	3	4	0
zOTU_1503	1	8	2	0	0	3	9	0	0	5	0	4	0	1	8	7	2	0	3	2	3	1	5	11	11	0	0	7	2	2	0	0	7	10	0	0	6	9	0	0	2	5	2	0	0	6	9	0
zOTU_1504	0	4	2	1	7	1	0	1	3	0	1	0	0	16	1	3	1	11	4	5	1	0	2	1	0	1	6	1	4	0	0	0	2	2	17	2	10	11	10	3	3	8	1	0	0	0	0	2
zOTU_1505	1	4	1	2	0	2	3	1	0	0	0	4	2	0	5	5	2	2	3	2	2	2	5	9	4	3	2	7	2	2	0	0	2	14	7	1	4	8	5	3	4	14	3	0	6	7	2	0
zOTU_1506	0	1	0	4	0	1	6	4	1	1	2	1	2	3	6	1	4	5	2	1	3	5	10	4	3	4	1	7	3	3	0	0	3	1	10	5	4	2	3	4	3	5	5	1	0	4	1	0
zOTU_1507	5	2	2	4	9	0	3	1	1	1	1	1	2	6	2	2	2	2	3	2	5	2	1	6	4	0	1	5	0	1	0	0	4	2	3	7	2	3	1	1	6	4	2	2	5	5	3	1
zOTU_1508	4	1	0	0	2	1	1	2	2	0	0	0	4	0	5	5	5	6	4	10	2	2	1	3	1	1	3	0	3	1	0	0	0	1	20	1	2	12	13	1	1	9	3	2	0	3	0	3
zOTU_1509	0	2	0	9	4	1	3	7	1	2	0	2	2	6	2	1	3	3	5	3	2	0	2	3	2	2	0	3	4	6	0	0	3	1	17	2	6	3	8	1	4	1	1	0	1	1	1	2
zOTU_151	25	38	21	47	77	72	69	45	57	50	32	41	43	73	69	99	36	32	90	64	58	68	30	83	65	51	40	106	28	49	0	6	60	71	137	34	67	154	60	32	58	86	47	18	36	60	92	23
zOTU_1510	0	4	7	1	1	2	12	2	0	2	2	6	0	0	6	8	0	0	4	0	3	0	0	9	0	2	0	10	4	0	0	0	3	2	3	0	4	9	7	0	8	4	4	4	0	4	8	0
zOTU_1511	0	3	4	2	0	5	1	1	0	0	3	0	0	0	2	15	5	1	8	7	0	0	0	4	7	3	0	8	0	2	0	0	3	10	6	0	2	13	7	0	4	23	9	1	0	2	1	3
zOTU_1512	2	5	0	3	9	0	0	3	4	1	0	0	1	15	4	0	0	6	6	5	1	5	4	1	0	0	2	1	0	0	0	0	4	0	6	0	11	7	6	3	4	1	1	2	2	4	0	2
zOTU_1513	0	1	3	0	0	4	4	0	0	2	0	3	0	0	1	4	0	3	8	4	0	0	0	17	5	0	0	21	3	0	0	0	0	5	0	2	11	7	0	0	4	4	2	0	3	2	5	0
zOTU_1514	0	0	6	0	0	0	11	0	0	0	0	21	0	0	0	15	0	0	0	8	0	0	0	0	17	0	0	0	7	0	0	0	0	17	0	0	0	12	0	0	0	10	6	0	0	0	14	0
zOTU_1515	3	1	1	3	3	2	4	3	2	0	2	3	2	4	2	1	4	6	2	0	6	3	10	4	0	3	4	0	0	1	0	0	2	1	4	5	4	1	2	2	3	2	3	3	6	1	8	3
zOTU_1516	1	1	1	1	2	2	4	0	4	5	0	2	5	3	6	6	2	2	4	1	0	2	5	2	3	4	4	3	3	1	0	0	2	4	4	1	6	4	4	2	2	1	0	1	1	6	4	1
zOTU_1517	3	1	0	0	8	0	1	0	9	4	0	3	2	4	6	0	2	12	4	0	3	2	7	5	0	3	2	1	1	1	0	0	5	1	3	6	2	4	1	0	5	1	0	2	14	9	1	1
zOTU_1518	1	1	3	0	6	1	4	0	2	2	0	8	0	0	1	6	5	3	5	7	4	0	1	10	7	0	2	3	2	6	0	0	1	10	4	1	4	4	4	3	2	4	3	2	3	2	10	0
zOTU_1519	3	1	6	6	5	3	10	4	4	4	5	4	11	5	5	4	7	3	5	6	4	2	14	17	5	10	3	11	3	4	0	1	6	7	7	2	2	4	3	8	14	2	4	13	2	4	12	4
zOTU_152	68	19	19	33	118	27	27	41	37	11	18	33	126	31	51	143	80	72	85	69	37	119	45	42	35	78	21	44	48	26	1	2	35	60	62	20	47	147	46	29	65	113	43	14	53	16	29	24
zOTU_1520	0	5	0	1	0	6	0	0	0	1	2	1	1	1	3	0	4	0	3	8	1	2	2	1	7	5	0	2	1	3	0	0	3	7	10	5	4	12	3	9	2	4	2	2	0	2	2	2
zOTU_1521	1	1	4	0	0	2	7	0	0	2	0	5	0	0	2	8	0	0	4	6	0	0	0	5	13	0	0	3	5	0	0	0	1	13	0	0	1	11	0	0	9	13	8	0	0	3	11	0
zOTU_1522	3	5	3	8	16	4	6	1	15	4	3	1	11	30	16	17	9	27	31	28	6	8	7	17	4	17	14	7	9	7	0	0	8	4	42	5	31	64	9	3	23	62	7	2	13	3	5	5
zOTU_1523	0	0	0	3	1	2	0	0	1	1	0	0	2	5	0	1	0	5	1	1	10	3	22	3	4	1	1	3	0	2	0	0	1	1	3	6	1	1	2	5	2	3	1	6	22	4	5	2
zOTU_1524	4	3	0	2	4	1	5	1	3	3	4	5	6	2	2	1	1	1	0	3	5	3	4	0	3	5	2	5	2	1	0	0	1	8	5	5	5	2	2	1	2	5	0	5	4	4	5	2
zOTU_1525	3	0	1	6	1	0	3	3	3	1	5	4	7	0	4	0	1	5	0	3	6	1	9	1	0	4	1	2	0	7	0	0	1	8	7	4	3	1	5	7	0	1	1	4	3	2	2	0
zOTU_1526	0	0	1	0	0	0	1	0	0	0	0	7	0	0	0	12	2	0	0	29	0	0	0	0	12	0	0	0	9	0	0	0	0	28	0	1	0	18	0	1	0	31	7	0	0	0	6	0
zOTU_1527	0	1	11	0	0	0	6	1	0	0	0	9	2	0	4	17	1	0	3	14	0	0	0	6	6	0	0	2	5	3	0	0	4	22	3	0	1	15	2	0	2	20	5	1	0	2	1	0
zOTU_1528	23	26	33	49	41	14	22	15	48	28	29	26	34	32	41	24	32	43	45	11	26	25	42	31	16	32	28	46	20	10	0	0	16	39	35	19	49	41	35	42	52	29	13	27	24	26	20	18
zOTU_1529	0	1	4	0	2	6	7	2	6	3	4	4	2	4	7	6	8	1	6	4	1	1	0	10	3	4	0	10	2	1	0	0	3	11	3	1	4	5	2	2	5	7	6	1	2	4	6	1
zOTU_153	74	91	32	135	217	144	13	28	56	18	24	4	39	130	160	22	28	151	135	58	5	69	35	117	7	33	132	75	61	4	0	5	105	8	69	78	178	45	42	35	106	35	14	6	7	37	2	184
zOTU_1530	5	2	2	1	14	2	1	1	7	2	0	1	0	4	3	3	2	3	8	1	2	2	4	8	0	3	3	8	0	6	0	0	2	2	6	6	6	0	7	2	5	2	0	0	6	2	1	0
zOTU_1531	0	1	0	0	7	0	2	1	2	0	1	1	3	5	2	4	9	5	7	5	4	0	0	3	3	2	2	1	2	3	0	0	2	8	6	3	3	5	8	2	4	3	4	1	0	1	11	1
zOTU_1532	0	4	2	3	2	0	5	1	2	1	0	0	1	1	4	8	3	3	4	7	1	3	2	1	3	2	3	6	0	2	0	0	4	6	4	1	0	2	4	2	6	1	3	2	2	4	17	1
zOTU_1533	0	0	9	0	0	0	0	0	0	1	0	2	0	0	1	0	0	0	0	9	0	0	0	0	13	0	0	0	4	0	0	0	1	46	2	0	0	4	0	0	0	1	8	0	0	2	17	0
zOTU_1534	2	2	3	1	0	3	6	3	5	1	0	4	4	5	8	4	0	0	2	3	3	5	4	5	5	4	1	15	2	0	0	0	5	7	2	1	5	3	6	0	7	6	2	2	0	5	4	0
zOTU_1535	2	2	1	0	4	0	2	0	2	5	0	1	1	1	8	2	0	5	10	4	1	9	1	8	0	1	2	10	1	0	0	0	3	1	7	2	8	3	4	2	7	4	1	0	3	5	2	0
zOTU_1536	3	1	0	0	6	3	4	4	6	5	1	1	3	0	1	1	2	2	2	1	2	1	11	2	5	5	2	10	0	0	0	0	3	1	6	5	4	4	3	10	6	1	0	2	2	0	0	1
zOTU_1537	0	3	0	7	0	4	1	1	1	0	2	1	7	0	5	8	9	6	12	5	2	0	1	1	2	6	6	3	4	2	0	0	4	2	16	0	12	5	10	0	6	2	3	2	0	5	3	1
zOTU_1538	3	6	0	2	3	0	2	1	4	6	2	1	1	2	5	1	4	5	2	1	1	1	5	3	2	5	1	3	0	3	0	0	3	3	4	9	8	3	7	3	5	3	0	3	2	8	5	1
zOTU_1539	10	23	26	25	36	25	15	15	28	8	30	11	33	60	56	62	27	50	47	51	8	38	19	22	18	29	22	37	28	6	1	1	28	39	36	18	51	62	16	28	39	71	31	8	8	11	17	51
zOTU_154	16	30	34	60	25	49	67	51	17	37	39	81	80	4	45	56	36	12	59	63	35	14	23	40	93	57	23	99	79	50	0	0	28	176	65	14	35	137	37	14	52	77	35	34	6	27	47	40
zOTU_1540	0	5	1	0	0	6	1	0	0	2	0	0	0	0	7	3	0	0	10	2	0	0	0	5	1	0	1	8	0	0	0	0	2	0	0	1	4	5	0	0	7	0	0	0	0	18	11	0
zOTU_1541	0	5	3	5	2	6	6	6	0	2	3	6	9	0	2	2	6	0	7	14	1	0	0	7	3	2	0	2	9	2	0	0	2	12	5	0	5	5	9	0	4	7	9	0	0	4	1	1
zOTU_1542	3	0	2	1	5	0	2	2	4	0	0	7	0	1	6	4	1	2	3	0	4	3	6	3	5	2	0	3	1	3	0	0	3	6	5	2	1	1	2	9	2	3	1	6	5	4	4	0
zOTU_1543	5	1	0	2	9	1	4	3	6	4	1	1	4	3	5	4	0	9	5	1	1	1	5	1	0	3	3	3	3	2	0	0	1	2	10	9	5	0	2	4	4	2	1	1	2	3	1	0
zOTU_1544	3	1	4	5	2	2	10	2	3	2	1	9	3	2	2	8	3	3	0	3	5	1	5	6	8	1	1	1	2	2	0	0	1	6	2	6	3	4	7	2	7	3	3	6	2	1	6	0
zOTU_1545	4	3	1	3	8	4	4	1	2	2	0	2	0	2	3	3	5	3	6	4	3	2	7	5	2	4	5	5	2	3	0	0	3	2	7	2	4	1	1	1	4	2	1	5	4	0	5	1
zOTU_1546	1	2	1	13	7	2	2	4	3	3	1	0	4	6	3	2	2	17	3	6	5	8	17	3	3	5	4	4	6	4	0	0	1	5	11	2	7	3	16	8	6	4	3	17	6	3	4	5
zOTU_1547	2	4	0	2	5	0	2	2	2	2	3	1	4	2	3	3	4	5	4	3	1	0	0	1	1	3	3	6	0	4	0	0	2	2	10	8	3	4	9	2	9	5	0	3	0	0	0	0
zOTU_1548	0	0	2	1	1	5	6	0	2	1	2	5	2	5	2	7	2	1	5	5	1	0	1	2	8	2	1	5	1	0	0	0	1	6	5	1	2	4	2	2	4	5	7	4	0	0	3	0
zOTU_1549	5	2	7	3	11	2	10	1	7	3	4	5	2	1	3	6	3	3	7	8	2	5	3	4	6	5	0	9	2	1	0	0	2	8	7	5	3	9	4	4	8	5	4	6	9	4	1	0
zOTU_155	10	32	43	47	35	76	77	43	27	24	39	43	67	46	58	84	53	27	63	50	8	31	27	79	25	57	41	90	34	31	0	0	42	73	115	28	77	75	60	45	60	39	40	20	16	53	15	35
zOTU_1550	0	4	2	8	4	0	4	8	2	1	2	2	8	0	4	0	5	2	3	4	5	2	1	1	0	4	0	3	1	2	0	0	3	2	15	1	4	2	7	0	3	4	1	3	0	0	2	4
zOTU_1551	1	2	2	2	4	1	8	2	4	3	3	6	1	0	3	1	3	3	5	0	4	3	4	7	5	3	0	5	0	4	0	0	3	3	4	2	2	3	4	4	10	3	1	4	2	3	4	2
zOTU_1552	45	5	0	0	37	3	0	0	30	0	0	1	0	34	6	0	0	19	1	0	0	7	8	0	0	0	27	0	0	0	0	0	6	0	0	8	22	0	0	14	7	0	0	0	3	1	0	0
zOTU_1553	0	2	3	1	4	2	6	1	1	3	0	4	2	3	3	4	6	1	2	3	0	1	4	3	2	3	0	1	2	2	0	0	2	3	4	6	9	3	1	2	4	5	1	6	3	1	6	3
zOTU_1554	3	3	0	2	10	6	0	0	6	1	1	0	1	2	0	2	1	3	5	0	0	3	14	5	1	1	3	4	0	2	0	0	2	0	0	2	2	0	0	5	5	0	0	2	14	10	2	0
zOTU_1555	1	3	1	8	6	3	4	4	1	1	1	1	10	2	3	2	4	1	3	2	2	0	1	9	1	0	4	5	2	2	0	0	2	2	7	4	4	4	4	0	3	0	1	3	2	4	1	2
zOTU_1556	2	1	2	0	0	0	0	0	0	0	0	0	7	0	4	11	0	2	1	10	0	8	0	1	1	0	1	1	5	0	0	0	2	0	21	0	6	12	10	1	3	3	5	0	1	1	1	0
zOTU_1557	0	3	12	2	0	3	13	1	0	1	2	10	1	0	6	30	15	0	5	18	1	0	0	6	6	9	0	5	11	2	0	0	2	30	14	0	2	33	3	0	7	29	7	0	0	2	4	2
zOTU_1558	0	0	6	1	0	0	17	0	0	0	1	19	1	0	0	25	4	0	0	8	7	0	0	0	16	2	0	0	6	4	0	0	0	26	20	0	0	24	10	0	0	24	7	8	0	0	18	1
zOTU_1559	1	2	0	0	8	5	0	2	10	0	0	0	1	12	4	0	0	13	4	3	0	11	4	2	0	1	8	2	1	1	0	0	0	3	1	6	2	3	0	11	3	3	0	0	1	0	0	0
zOTU_156	29	59	34	47	114	76	28	21	36	27	24	9	13	34	167	10	20	22	56	20	13	27	38	73	30	28	30	84	13	11	0	1	77	11	51	54	146	14	35	17	76	20	11	42	15	73	15	71
zOTU_1560	5	2	4	1	8	1	0	0	3	0	0	1	6	0	4	6	8	0	2	10	2	3	2	1	1	6	1	0	1	6	0	5	3	3	14	2	2	3	2	5	3	1	4	1	2	2	0	1
zOTU_1561	0	0	2	12	1	7	3	1	3	0	2	1	1	1	2	0	2	0	2	1	5	2	3	1	6	0	1	6	0	5	0	0	1	1	4	2	5	0	1	1	2	1	1	6	5	5	13	0
zOTU_1562	0	0	4	0	0	0	4	0	0	0	0	9	0	0	0	16	0	0	0	16	0	0	0	0	20	0	0	0	9	0	0	0	0	17	0	0	0	21	0	0	0	11	2	0	0	0	6	0
zOTU_1563	0	1	1	0	1	0	2	0	0	2	3	0	0	4	3	0	3	5	11	21	0	2	3	4	6	1	0	3	3	0	0	0	4	8	3	1	3	12	1	1	5	8	1	0	0	3	3	0
zOTU_1564	4	1	0	1	9	2	0	0	4	0	0	1	0	5	0	0	0	12	2	0	0	1	11	4	0	3	8	0	0	1	0	0	1	0	0	12	2	1	2	9	1	0	0	1	1	1	0	0
zOTU_1565	4	0	0	0	14	2	7	0	6	1	0	0	0	9	0	1	0	18	1	3	3	5	22	0	0	1	5	3	0	1	0	3	0	1	3	4	0	1	2	8	2	1	2	0	6	0	0	0
zOTU_1566	5	3	0	6	2	2	0	4	1	4	2	0	4	7	2	2	7	4	7	1	3	2	4	7	0	4	3	4	1	0	0	0	6	0	3	3	9	3	3	1	10	1	0	0	3	8	4	16
zOTU_1567	5	2	2	4	7	3	5	3	3	4	0	2	1	3	0	4	0	4	1	2	1	2	3	3	2	1	6	3	0	0	0	0	6	2	0	8	2	1	2	4	2	0	0	2	2	0	1	7
zOTU_1568	1	2	0	2	6	4	1	3	1	1	0	2	6	3	6	2	2	4	3	0	3	4	4	4	1	5	7	8	3	0	0	0	2	0	7	1	0	0	2	1	8	1	1	3	0	4	1	0
zOTU_1569	16	20	13	13	27	12	5	6	16	3	11	5	9	22	24	19	13	21	20	9	2	25	10	20	12	6	25	15	12	3	0	0	17	22	13	20	20	23	7	19	25	20	9	10	12	8	9	11
zOTU_157	33	35	24	45	59	61	63	37	95	62	17	84	46	20	46	51	51	19	46	40	39	32	61	60	72	66	83	83	36	49	0	4	43	110	42	41	43	63	31	51	52	44	21	27	31	35	52	28
zOTU_1570	8	4	0	11	13	9	1	3	17	3	5	0	8	18	10	0	12	14	2	0	17	9	40	11	0	17	12	15	2	7	0	0	4	2	21	23	2	0	6	9	10	0	0	8	5	5	0	3
zOTU_1571	1	0	2	1	10	3	0	0	3	1	0	0	0	9	3	2	1	1	4	1	0	3	1	1	1	3	5	1	2	1	0	0	4	0	4	1	5	1	3	2	8	2	1	0	0	2	0	1
zOTU_1572	0	1	2	6	3	1	1	3	8	0	3	3	3	1	5	2	2	5	8	1	1	1	1	7	1	4	0	1	2	2	0	0	2	3	11	2	2	4	6	2	0	5	1	1	0	4	4	0
zOTU_1573	1	2	1	3	4	1	0	5	1	0	3	0	7	1	4	0	2	12	5	4	5	7	5	1	0	1	4	1	1	1	0	0	8	1	10	0	3	4	5	0	6	13	0	2	9	3	1	3
zOTU_1574	5	2	1	6	14	9	4	1	8	2	0	2	2	15	7	7	2	8	3	1	1	5	8	6	4	2	5	9	3	0	0	0	3	3	5	4	8	3	3	3	6	0	5	0	6	2	2	3
zOTU_1575	1	2	1	4	1	3	2	1	3	3	1	3	6	2	1	4	2	4	1	2	0	5	4	1	4	5	4	3	0	2	0	0	6	6	2	2	5	7	4	7	2	8	3	2	3	1	3	0
zOTU_1576	2	2	1	2	3	4	1	0	1	0	1	2	3	2	3	1	5	5	4	6	6	10	3	5	7	1	1	2	4	1	0	0	5	1	7	0	6	6	5	1	3	4	3	9	7	2	1	2
zOTU_1577	0	2	1	1	6	3	0	0	4	0	1	1	4	7	3	0	2	5	4	3	2	1	10	0	5	1	8	1	2	0	0	0	5	0	12	0	4	9	2	3	0	14	1	0	12	1	1	0
zOTU_1578	0	1	2	0	0	1	4	0	0	1	0	4	1	0	4	7	2	0	1	5	2	0	0	4	4	1	0	4	4	3	0	35	1	2	0	1	4	5	4	0	0	3	0	1	0	8	4	0
zOTU_1579	0	4	0	0	0	17	0	0	0	0	0	0	0	0	6	0	0	4	5	0	0	0	4	10	0	0	6	4	0	0	0	0	2	0	0	1	7	0	0	10	10	0	0	0	0	10	0	0
zOTU_158	35	21	25	32	58	72	56	38	43	45	38	72	48	8	58	49	73	27	54	19	55	50	47	48	76	85	54	128	24	38	0	2	44	103	50	33	36	52	46	48	40	45	32	44	35	31	41	29
zOTU_1580	103	92	9	107	136	94	7	75	202	158	57	12	112	114	166	9	37	85	153	8	56	74	153	180	4	68	76	228	9	13	1	1	76	17	127	86	151	26	90	125	184	5	7	57	87	69	4	27
zOTU_1581	0	2	1	1	0	5	2	0	0	1	0	6	0	0	3	4	0	0	6	1	1	0	0	5	6	0	1	8	5	0	0	0	2	11	2	0	1	1	1	0	3	12	6	2	0	4	13	0
zOTU_1582	3	1	5	3	5	2	3	3	3	1	1	7	4	1	0	1	4	2	2	2	3	1	5	1	3	5	3	4	2	1	0	0	0	3	7	0	0	2	2	5	1	1	1	4	2	3	5	0
zOTU_1583	1	1	0	1	3	1	1	0	2	1	1	2	1	9	3	12	1	5	3	4	3	4	4	4	2	0	6	2	1	2	0	0	0	0	2	2	2	7	2	0	0	3	8	2	2	1	7	0
zOTU_1584	5	1	2	1	7	0	1	0	2	2	1	0	8	1	7	3	5	10	4	8	1	5	3	2	1	2	4	5	2	0	0	0	5	3	1	4	5	3	4	4	6	7	1	0	2	3	1	0
zOTU_1585	1	0	1	3	3	9	6	1	2	1	1	6	1	0	2	4	3	0	4	2	7	0	8	4	2	2	0	5	0	2	0	0	2	4	3	1	2	1	2	2	2	5	1	1	2	3	4	1
zOTU_1586	3	0	1	1	3	4	1	0	3	2	1	1	2	1	1	0	2	6	2	4	4	5	14	4	3	0	2	4	0	0	0	0	2	3	2	2	2	3	1	4	0	1	5	1	12	16	1	0
zOTU_1587	0	0	0	0	0	1	0	1	0	0	0	0	1	0	0	1	20	0	0	1	2	0	0	1	0	14	0	1	0	9	0	1	0	0	58	0	0	1	22	0	0	1	0	0	0	0	0	0
zOTU_1588	0	1	6	9	1	2	3	2	2	1	4	6	3	2	0	0	3	6	3	2	2	2	4	4	3	4	1	4	2	1	0	0	0	5	6	2	3	1	6	2	4	1	2	8	0	2	4	1
zOTU_1589	1	3	2	1	2	1	6	1	0	2	0	2	0	1	1	7	0	3	7	1	4	1	1	7	6	0	1	4	2	0	0	0	3	13	6	0	2	6	1	0	7	2	4	7	5	1	6	2
zOTU_159	46	57	56	32	79	53	85	23	45	56	8	103	10	18	48	104	49	44	57	74	29	65	43	50	48	35	13	76	34	13	1	0	56	80	48	11	22	87	45	9	27	133	40	9	54	66	41	10
zOTU_1590	0	1	1	3	0	1	0	2	1	2	2	2	1	1	3	0	3	5	7	3	4	4	3	4	0	4	0	7	2	2	0	0	7	5	7	4	5	0	4	6	5	3	0	1	3	0	2	0
zOTU_1591	0	1	0	0	4	2	3	0	0	3	0	0	1	8	6	4	3	9	6	6	1	1	5	3	2	3	4	6	0	5	0	0	1	2	11	3	2	4	6	1	5	0	0	2	0	0	0	0
zOTU_1592	0	4	4	0	2	5	8	3	1	0	0	2	1	3	0	4	2	1	2	5	5	5	2	5	6	1	2	1	1	2	0	3	5	5	2	3	0	7	0	1	4	7	3	0	0	0	4	0
zOTU_1593	0	7	3	0	0	1	9	2	0	1	1	8	1	0	5	10	5	0	7	8	2	0	0	9	3	5	0	4	1	2	0	0	2	8	7	0	4	8	3	0	2	10	8	0	0	2	3	0
zOTU_1594	1	4	3	1	0	1	5	0	4	4	1	6	1	0	5	6	5	3	1	5	3	0	1	4	7	1	2	8	1	0	0	0	4	10	5	1	2	9	0	1	1	7	1	0	0	1	6	0
zOTU_1595	4	4	1	1	6	2	0	0	5	1	3	0	0	6	4	2	2	3	3	0	3	1	10	4	1	1	4	1	1	0	0	0	3	3	0	2	5	1	3	5	4	2	3	5	0	1	0	0
zOTU_1596	6	2	0	1	9	1	1	0	3	1	0	1	1	2	0	0	2	18	0	1	1	10	22	3	0	0	9	2	1	0	0	0	1	0	3	11	3	0	0	6	1	0	1	0	2	1	0	0
zOTU_1597	0	3	0	7	2	1	4	3	4	3	5	2	2	1	0	6	3	0	4	0	5	5	0	3	2	2	1	2	2	1	0	0	1	7	10	1	3	7	5	1	4	4	1	3	1	1	3	2
zOTU_1598	1	0	0	7	11	5	1	0	4	2	3	0	4	9	1	1	4	2	1	1	1	1	6	3	0	2	3	3	0	3	0	0	1	3	10	3	1	0	5	5	0	1	0	1	1	1	2	4
zOTU_1599	3	5	3	2	1	0	4	0	1	2	0	0	1	4	6	0	0	3	5	5	0	2	6	6	5	3	0	3	0	0	0	0	3	4	6	5	1	4	2	1	7	3	1	2	2	3	1	0
zOTU_16	158	58	76	224	441	112	56	105	233	22	339	27	290	280	162	477	2069	344	289	306	162	306	82	85	33	2011	283	132	172	1061	6	4	261	71	7697	114	236	345	3986	160	208	328	237	40	72	53	32	242
zOTU_160	47	44	44	90	90	100	104	52	41	39	44	61	53	56	91	85	94	51	73	66	13	45	46	101	20	81	53	121	48	50	0	4	73	93	87	31	78	64	73	33	69	70	35	17	16	58	20	62
zOTU_1600	0	2	1	0	0	3	12	0	0	0	0	16	0	0	0	11	0	0	1	2	0	0	0	6	15	0	0	3	5	0	0	0	4	18	0	0	1	9	0	0	5	10	5	0	0	0	19	0
zOTU_1601	7	9	5	14	22	8	3	2	13	3	9	0	4	26	10	7	5	15	5	4	7	13	24	9	5	4	14	8	1	6	0	0	9	5	12	14	12	7	15	16	10	6	3	9	6	6	5	6
zOTU_1602	12	6	6	11	27	5	8	5	24	0	13	1	10	31	18	12	23	27	14	9	0	18	13	3	5	21	42	4	5	5	0	0	11	7	29	8	25	8	14	20	19	7	3	2	1	5	3	18
zOTU_1603	1	0	0	2	6	3	0	3	6	1	1	1	1	4	1	0	3	3	2	1	12	3	8	3	1	0	4	0	1	7	0	0	3	0	4	2	4	1	1	3	3	3	1	0	6	0	1	3
zOTU_1604	7	2	0	5	2	4	1	2	2	0	2	0	1	1	5	4	4	1	4	4	1	6	0	1	3	0	2	5	0	1	0	0	4	1	2	3	4	1	2	1	4	2	2	3	2	11	0	2
zOTU_1605	0	4	9	0	0	2	7	0	0	1	0	8	0	0	1	13	0	0	2	13	0	0	0	1	1	0	0	8	4	0	0	0	2	5	0	0	2	7	0	0	2	7	5	0	0	0	6	0
zOTU_1606	0	3	2	2	0	0	10	0	0	2	1	12	1	0	2	2	2	0	4	3	3	0	0	4	9	0	0	5	1	1	0	0	1	6	2	0	1	0	1	0	2	2	1	5	0	2	26	0
zOTU_1607	1	3	1	9	3	1	2	5	3	0	1	2	8	0	2	3	0	4	2	6	0	1	0	3	4	1	1	2	1	0	0	0	6	4	8	1	3	2	18	1	3	1	0	2	0	11	1	1
zOTU_1608	2	2	0	0	4	1	2	1	4	0	1	0	4	6	3	5	1	6	4	5	2	3	3	1	1	0	1	4	1	1	0	0	0	3	0	2	4	7	1	7	1	6	1	0	5	1	4	1
zOTU_1609	0	5	3	2	0	2	2	2	0	2	1	4	5	0	3	5	2	2	5	7	0	0	0	3	3	0	1	3	7	1	0	0	4	4	0	1	5	8	3	0	2	9	1	1	0	5	3	0
zOTU_161	37	26	34	58	56	24	66	31	48	33	24	86	39	32	50	64	38	60	43	46	46	38	69	52	64	41	26	81	35	28	0	0	27	83	65	34	41	91	41	49	68	67	25	35	51	73	76	16
zOTU_1610	2	1	0	5	12	0	0	1	2	0	1	0	1	13	2	0	3	7	4	0	3	2	2	3	0	5	6	3	0	10	0	0	4	0	6	3	1	0	6	2	2	0	0	0	1	3	0	4
zOTU_1611	0	7	0	1	0	1	3	0	0	6	2	3	3	0	6	4	4	0	4	2	6	0	0	7	3	3	0	9	1	5	0	0	1	4	4	0	2	2	4	0	9	1	1	7	0	3	4	1
zOTU_1612	7	2	8	4	4	2	10	1	5	1	2	5	11	5	9	8	2	2	6	1	0	3	3	7	4	7	5	5	5	2	0	0	2	9	8	3	8	6	1	5	13	8	4	0	2	7	6	2
zOTU_1613	1	0	0	2	16	0	0	0	25	0	1	0	1	28	0	1	2	13	3	0	1	3	1	0	1	4	10	0	0	2	0	0	0	0	12	5	0	1	1	3	1	0	0	0	1	0	0	1
zOTU_1614	2	2	1	10	6	10	1	3	4	0	2	0	6	7	7	2	1	5	6	2	0	0	2	8	1	4	2	9	1	2	0	0	3	6	2	2	6	4	0	7	9	4	4	0	1	2	1	4
zOTU_1615	5	1	0	2	2	4	4	1	1	2	1	1	8	2	3	2	4	4	9	1	3	2	2	5	8	1	0	4	2	4	0	0	4	4	5	2	3	3	1	3	8	1	1	6	3	5	6	2
zOTU_1616	1	2	0	1	3	0	0	6	3	5	2	0	3	3	6	0	6	4	5	1	1	4	8	2	1	2	1	3	0	2	0	0	3	0	2	5	5	0	4	3	3	1	0	2	0	3	1	0
zOTU_1617	1	0	0	1	2	2	7	0	0	1	0	0	0	0	0	0	25	1	5	4	15	0	2	3	8	3	0	1	0	2	0	0	1	8	0	8	6	0	1	7	1	0	0	0	3	2	1	0
zOTU_1618	3	1	0	3	4	2	0	0	6	1	0	0	3	7	1	0	2	16	2	0	1	6	8	0	0	1	5	3	0	1	0	0	1	1	1	7	1	0	1	12	4	1	0	6	5	1	0	3
zOTU_1619	0	1	2	3	0	1	9	1	0	4	4	3	1	0	9	3	5	0	10	3	1	0	0	1	13	2	0	4	1	1	0	0	5	7	1	0	1	5	1	0	3	7	2	2	0	4	4	0
zOTU_162	36	27	7	129	85	49	22	85	70	22	39	12	75	56	53	18	32	80	72	9	16	43	119	98	9	36	56	97	7	35	0	0	39	14	87	98	64	6	66	72	67	6	7	47	27	60	17	53
zOTU_1620	2	1	1	3	1	1	5	1	6	1	0	5	1	2	2	2	3	4	1	4	3	2	9	2	16	1	2	0	0	0	0	0	2	11	1	1	0	8	4	7	5	1	3	7	22	5	35	1
zOTU_1621	0	0	2	4	0	4	1	2	1	0	5	3	4	0	1	2	2	1	11	5	4	1	1	2	1	7	0	2	1	1	0	2	7	0	7	0	1	2	1	0	5	3	5	8	0	0	7	3
zOTU_1622	1	3	1	5	2	2	7	2	0	6	0	1	1	1	2	4	0	5	4	1	6	3	4	0	3	3	10	6	1	2	0	0	1	1	2	5	3	3	3	0	8	3	0	3	2	4	2	1
zOTU_1623	1	2	0	11	5	1	0	4	3	4	3	0	5	0	6	1	5	3	2	0	9	2	1	4	0	7	1	3	0	1	0	0	3	3	17	0	3	0	5	2	0	1	0	6	0	2	0	1
zOTU_1624	1	1	2	1	2	1	2	2	5	5	0	1	2	4	3	0	5	7	5	1	1	5	4	3	0	2	3	11	0	0	0	0	3	0	2	6	5	3	4	0	5	0	0	6	3	3	3	1
zOTU_1625	0	0	3	4	0	7	2	3	0	4	0	1	1	0	4	2	0	0	0	1	4	0	9	3	4	2	0	3	0	0	0	0	0	3	1	7	6	1	2	6	9	4	0	11	2	6	7	0
zOTU_1626	3	2	1	2	3	1	0	4	3	0	2	2	0	3	0	4	1	7	10	6	3	4	3	5	1	1	2	1	2	2	0	0	2	2	5	5	9	6	1	2	2	5	3	0	7	1	5	0
zOTU_1627	1	2	1	2	1	1	0	5	3	1	2	0	3	2	4	1	0	3	0	0	3	2	9	3	1	1	1	1	0	2	0	0	1	1	3	9	6	1	1	12	3	2	0	5	3	11	0	1
zOTU_1628	1	2	0	3	0	3	3	2	2	3	2	9	12	3	2	6	0	0	1	0	4	3	2	2	0	2	1	4	1	1	0	0	4	1	4	2	3	5	4	2	2	4	2	4	3	3	3	1
zOTU_1629	0	3	2	0	0	0	0	1	0	0	1	0	4	0	1	8	10	0	0	1	1	0	0	7	0	9	0	0	1	11	1	0	2	1	54	0	1	8	22	0	2	4	0	0	0	0	0	1
zOTU_163	29	27	46	34	36	61	83	36	39	46	35	74	57	13	59	72	56	22	46	26	41	49	65	56	81	47	34	81	27	41	0	0	49	112	60	26	27	45	35	48	49	42	30	25	36	26	51	22
zOTU_1630	2	5	0	1	3	1	0	4	5	1	2	4	0	2	2	3	1	6	4	0	1	4	0	5	0	1	3	1	2	1	0	0	0	5	3	5	5	3	8	2	7	4	0	2	1	0	2	2
zOTU_1631	7	2	2	3	5	4	2	2	11	5	0	11	2	5	8	2	0	3	6	5	2	6	2	4	4	1	5	6	1	2	0	0	3	9	6	3	5	2	2	2	12	8	0	6	4	9	5	0
zOTU_1632	0	0	0	0	0	0	2	0	0	0	0	2	0	0	0	2	0	0	0	2	0	0	0	0	11	0	0	0	1	0	0	0	0	25	0	0	0	24	0	0	0	39	2	0	0	0	10	0
zOTU_1633	0	2	0	1	0	2	8	0	0	2	1	2	6	3	3	2	4	3	3	2	0	3	1	3	3	1	0	8	1	0	0	0	3	4	4	3	2	11	2	0	3	4	4	3	0	1	8	0
zOTU_1634	0	1	1	4	1	10	3	2	1	0	0	1	4	5	3	0	1	2	3	0	4	3	3	1	3	1	0	3	0	3	0	0	2	6	4	4	8	3	3	1	4	0	1	7	0	2	2	4
zOTU_1635	2	1	0	3	4	2	0	4	2	2	1	1	3	2	5	1	3	4	1	0	4	9	4	3	0	3	0	0	0	3	0	0	5	0	8	4	2	1	8	1	1	0	0	3	4	5	2	1
zOTU_1636	5	2	0	3	1	0	0	4	4	2	0	7	4	0	0	3	1	2	2	1	0	3	3	4	1	4	0	7	4	3	0	0	2	4	11	0	3	2	0	0	2	5	1	1	1	1	2	1
zOTU_1637	1	0	1	0	2	4	2	0	0	1	2	1	5	0	2	13	2	4	4	5	1	1	1	1	3	0	1	2	3	1	0	0	6	7	6	0	4	3	4	3	3	2	6	0	1	3	3	3
zOTU_1638	1	0	4	1	11	4	4	0	4	4	1	0	2	0	4	2	0	0	3	0	0	2	2	1	2	0	2	2	0	0	0	0	4	1	3	3	1	0	4	5	1	2	1	14	7	2	14	4
zOTU_1639	1	2	3	2	0	4	5	1	0	2	1	5	2	1	5	7	7	0	5	7	2	1	0	6	3	1	1	5	2	7	0	0	3	7	6	1	1	9	2	0	1	3	8	1	0	4	2	2
zOTU_164	53	50	55	82	69	62	100	35	28	52	17	85	47	15	61	79	26	81	34	40	15	61	49	51	39	21	40	82	24	12	0	0	42	65	42	12	14	72	34	4	22	71	35	19	70	83	50	23
zOTU_1640	0	0	3	0	5	1	6	0	1	3	0	5	0	3	0	5	0	4	0	6	1	4	6	2	10	0	2	1	2	2	0	0	1	14	1	3	0	5	0	4	1	4	4	0	4	0	12	0
zOTU_1641	0	1	1	1	4	1	8	0	0	3	3	12	2	3	6	0	1	0	5	3	1	2	3	5	4	2	1	2	1	2	0	0	2	8	1	0	4	5	0	1	0	4	3	2	2	2	5	0
zOTU_1642	0	1	0	1	5	1	0	1	0	0	1	0	3	1	5	7	5	2	3	10	1	4	0	5	3	1	1	3	2	0	0	0	3	3	14	0	5	13	4	1	2	6	2	0	0	1	1	0
zOTU_1643	2	0	1	1	3	4	1	0	8	2	0	2	2	8	0	3	2	2	3	0	1	2	3	3	2	2	3	1	0	1	0	0	2	0	1	3	4	2	5	8	3	3	1	2	1	0	0	1
zOTU_1644	0	2	1	0	3	5	0	0	1	3	0	4	0	6	2	4	0	5	3	1	0	3	5	6	3	0	2	8	3	0	0	0	4	4	0	0	5	0	0	1	8	3	1	0	1	2	3	0
zOTU_1645	2	0	3	0	0	1	5	0	0	0	0	3	0	0	4	9	2	0	3	8	1	1	0	2	3	3	2	2	4	4	0	0	0	9	4	2	2	11	5	0	7	6	1	0	1	0	3	0
zOTU_1646	4	2	1	2	9	1	1	0	9	5	1	7	1	0	2	3	1	2	2	1	1	4	6	4	2	1	2	6	0	1	0	0	1	0	5	5	3	4	2	3	6	2	2	0	2	2	2	0
zOTU_1647	2	2	0	2	9	11	2	0	4	6	0	1	3	0	9	2	8	2	3	2	10	7	8	14	3	0	2	5	3	3	0	0	4	7	4	0	4	6	5	1	16	5	1	3	15	5	2	0
zOTU_1648	10	17	9	14	6	34	17	6	6	6	4	10	7	4	19	28	7	7	25	17	2	11	2	22	6	6	6	24	13	2	0	1	14	22	7	4	14	13	6	2	24	9	10	2	2	6	7	8
zOTU_1649	5	2	2	1	2	0	2	1	1	2	2	3	2	1	1	0	2	2	5	0	2	4	4	5	4	5	1	1	1	1	0	0	5	4	6	0	4	2	4	4	5	1	1	4	2	3	0	3
zOTU_165	46	36	6	49	109	48	15	27	80	34	19	18	47	75	46	29	75	86	50	11	66	58	151	68	15	65	80	70	11	38	0	16	42	34	77	94	43	22	35	125	75	13	5	42	126	43	8	21
zOTU_1650	0	3	0	3	3	7	0	0	1	1	0	1	1	3	4	5	4	1	7	4	0	0	2	2	4	0	1	2	0	1	0	0	3	2	1	2	6	9	0	1	3	11	1	0	7	0	3	0
zOTU_1651	4	5	1	1	2	7	3	1	6	0	1	1	2	5	7	1	3	1	5	1	0	1	0	6	2	1	1	6	1	0	0	0	0	2	1	2	7	3	0	1	12	3	3	0	0	3	0	1
zOTU_1652	2	4	1	0	14	1	0	1	5	2	0	0	2	0	4	1	0	1	5	2	0	3	0	5	0	2	2	2	1	1	0	0	6	1	2	3	3	0	1	1	8	1	0	0	2	0	1	2
zOTU_1653	3	0	3	2	0	0	3	0	1	2	0	3	2	1	1	1	4	2	5	5	6	2	0	2	8	1	1	9	0	3	0	0	0	5	5	0	3	6	5	0	1	5	0	4	2	3	6	2
zOTU_1654	0	6	2	2	1	5	3	4	0	1	5	1	2	0	4	1	2	0	8	2	1	0	0	11	4	2	0	6	1	2	0	3	6	6	1	0	4	3	0	0	3	0	3	3	0	5	2	1
zOTU_1655	3	3	0	1	1	1	10	2	3	5	2	6	2	0	1	6	2	2	0	0	3	1	4	4	2	3	0	4	0	3	0	0	2	3	1	1	1	5	0	2	2	6	1	1	3	1	2	3
zOTU_1656	5	2	0	0	14	2	0	0	9	0	0	0	0	11	1	0	0	9	1	0	0	7	12	0	0	0	4	1	0	0	0	0	1	0	0	6	0	0	0	6	1	0	0	0	12	0	0	1
zOTU_1657	3	2	0	3	2	0	2	1	3	0	1	3	0	3	3	0	4	5	4	1	1	2	15	11	2	0	1	10	0	1	0	0	0	2	5	7	3	2	1	6	7	1	1	3	8	2	1	1
zOTU_1658	2	0	3	5	0	0	2	3	5	2	1	5	3	1	0	7	1	3	1	4	2	3	1	0	4	3	0	5	3	1	0	0	0	7	10	3	0	6	7	2	3	6	4	6	1	0	6	0
zOTU_1659	1	0	0	0	0	1	1	0	1	1	1	0	1	2	0	3	7	0	2	4	12	1	3	2	11	8	1	8	2	2	0	0	0	2	3	2	2	6	4	5	1	1	0	1	6	2	7	0
zOTU_166	0	14	31	0	0	40	135	1	0	29	0	124	1	0	36	79	7	1	32	115	11	0	0	35	268	15	0	62	71	4	0	0	19	318	6	0	16	197	8	0	23	98	64	2	0	20	97	1
zOTU_1660	0	1	2	1	1	0	3	0	0	0	2	1	1	2	1	6	14	0	3	9	0	1	0	0	3	6	1	3	7	5	0	0	2	8	8	1	0	12	6	0	2	3	1	0	0	0	1	0
zOTU_1661	0	3	5	0	0	2	5	1	0	5	0	5	1	0	3	2	2	0	6	4	1	0	0	7	5	1	0	9	3	0	0	0	6	13	3	0	7	4	1	0	6	3	5	0	0	6	3	0
zOTU_1662	2	3	0	0	3	5	0	0	6	7	0	0	0	6	8	0	0	2	4	0	0	3	7	9	0	0	5	13	0	0	0	0	5	0	0	0	4	0	0	2	9	0	0	0	6	6	0	0
zOTU_1663	3	2	3	2	6	1	3	1	0	0	1	1	2	2	1	1	3	7	5	1	0	8	2	5	0	5	4	3	0	1	0	0	4	1	9	1	4	3	2	1	5	2	4	1	6	2	5	4
zOTU_1664	0	2	3	7	6	4	1	11	0	0	3	0	11	4	3	2	1	9	5	0	0	0	5	0	0	0	4	0	1	1	0	0	1	0	11	1	6	3	3	3	6	2	4	1	1	0	1	1
zOTU_1665	1	3	0	4	5	0	2	3	4	3	1	0	7	2	5	0	1	6	2	1	1	1	5	2	2	3	5	2	0	6	0	0	0	0	4	5	5	3	5	0	4	3	0	5	2	3	1	2
zOTU_1666	12	5	11	14	7	9	16	6	13	5	7	17	10	18	19	12	3	13	8	15	4	8	9	16	9	5	7	13	9	3	0	0	8	13	6	9	9	19	8	9	19	18	8	7	3	6	5	8
zOTU_1667	2	6	1	5	1	2	3	4	4	2	3	7	5	1	2	2	3	0	3	3	3	1	0	2	2	1	1	6	0	1	0	8	7	3	9	1	1	2	2	0	3	2	0	0	0	2	3	1
zOTU_1668	0	1	0	0	0	9	2	0	0	6	0	3	0	0	8	8	0	0	6	5	0	0	0	10	9	0	0	8	4	0	0	0	9	3	0	0	6	4	0	0	2	8	1	0	0	6	1	0
zOTU_1669	0	2	0	4	0	1	1	3	0	3	0	2	3	0	1	0	3	0	2	1	4	0	0	8	0	5	0	0	2	7	0	0	6	3	5	0	5	3	2	0	8	1	2	9	0	4	1	1
zOTU_167	119	28	14	62	195	42	7	35	88	15	60	10	94	124	59	29	62	77	31	34	27	152	104	27	22	56	50	33	17	19	0	7	53	29	39	50	62	19	16	29	49	14	19	52	100	30	15	68
zOTU_1670	2	2	1	3	1	6	3	2	0	4	3	7	3	0	6	1	4	0	2	1	2	0	0	1	6	0	2	8	0	1	0	0	1	10	3	1	5	4	4	0	1	1	0	1	2	10	1	1
zOTU_1671	0	0	2	0	0	0	9	0	0	0	0	9	0	0	2	11	0	0	1	4	0	0	0	1	14	0	0	5	4	0	0	0	0	13	0	0	1	15	0	0	2	10	2	0	0	1	12	0
zOTU_1672	2	4	2	1	4	5	0	1	1	1	0	1	0	1	6	0	3	5	1	2	0	3	5	5	1	2	5	1	0	2	0	0	10	0	6	1	2	1	1	3	3	0	2	6	2	12	1	1
zOTU_1673	0	2	4	2	5	5	1	1	4	0	0	2	1	1	6	13	1	4	6	8	0	1	3	1	1	0	3	0	3	0	0	0	6	5	1	2	10	3	0	10	7	2	1	0	0	2	1	0
zOTU_1674	2	9	0	0	26	22	0	0	7	3	0	0	0	16	38	0	0	1	14	0	0	6	0	4	0	0	4	5	0	1	0	0	9	0	4	0	53	0	0	2	39	0	0	0	3	7	0	0
zOTU_1675	1	1	1	6	2	0	2	2	3	1	0	0	1	5	1	10	6	0	0	2	2	1	1	1	5	3	1	6	0	2	0	0	0	3	0	1	1	3	2	1	6	5	6	2	4	2	5	2
zOTU_1676	1	3	0	0	3	3	0	0	9	4	0	0	0	3	3	0	1	9	3	0	0	2	10	4	0	0	5	9	0	0	0	0	1	0	0	3	2	0	0	2	7	0	0	0	5	6	0	0
zOTU_1677	1	4	0	10	3	7	0	1	3	2	0	1	1	0	6	0	1	1	7	0	4	2	4	6	0	5	0	7	0	0	0	0	2	0	5	1	4	0	2	1	11	0	0	5	1	9	0	0
zOTU_1678	4	1	0	2	7	3	1	2	4	2	1	0	3	4	1	1	2	2	5	1	3	5	8	7	4	3	2	2	0	1	0	0	4	1	4	0	0	1	1	3	3	1	3	0	2	1	0	0
zOTU_1679	0	4	0	4	0	3	1	2	0	0	0	0	2	0	8	0	2	3	4	6	5	0	2	2	3	2	1	0	4	1	0	0	2	2	9	2	12	11	7	0	4	4	0	2	0	5	2	6
zOTU_168	218	87	33	32	96	94	49	12	42	14	18	9	24	98	70	7	28	78	27	18	4	47	140	68	20	38	67	47	22	7	1	5	50	25	25	69	57	14	18	58	50	8	3	26	47	70	14	101
zOTU_1680	2	7	2	2	1	2	5	0	0	1	0	2	0	0	3	5	1	0	1	5	0	1	2	4	3	1	0	5	0	0	0	0	2	8	2	0	3	6	2	0	2	1	4	0	2	5	13	1
zOTU_1681	7	1	0	2	7	0	4	1	1	2	2	4	2	1	2	1	1	5	2	1	0	4	4	3	2	3	2	5	2	2	0	0	1	2	6	2	1	0	3	1	0	2	1	5	7	0	0	1
zOTU_1682	2	5	1	2	5	14	5	1	5	6	0	1	2	4	7	6	2	8	3	3	0	3	4	8	1	4	2	10	1	0	0	0	3	1	2	2	5	1	2	6	13	2	3	1	5	10	4	1
zOTU_1683	3	2	1	2	7	1	5	2	4	1	0	2	1	3	6	0	0	4	2	0	1	1	6	6	1	1	5	1	1	0	0	0	2	6	6	2	1	1	2	4	2	1	0	2	0	4	0	1
zOTU_1684	4	3	3	2	0	0	0	0	0	0	0	0	6	0	0	4	0	18	6	10	0	2	2	0	1	0	1	2	2	0	0	0	4	0	5	0	4	3	3	2	4	11	1	0	1	4	0	1
zOTU_1685	5	4	3	4	22	2	1	2	12	0	1	0	3	33	3	8	19	23	8	2	0	13	7	0	1	8	15	6	2	1	0	0	3	1	43	9	7	2	15	3	6	8	3	0	3	1	0	4
zOTU_1686	4	3	0	0	3	0	0	0	4	1	0	0	0	3	2	0	0	5	2	0	0	3	6	5	2	0	5	9	1	0	0	0	3	0	0	2	7	2	2	5	9	0	0	0	5	4	0	0
zOTU_1687	1	2	1	0	1	9	3	0	2	2	1	5	1	1	6	2	0	1	6	3	1	0	0	8	3	1	0	5	0	0	0	6	8	2	0	0	5	1	0	1	2	1	1	0	1	8	1	1
zOTU_1688	1	1	0	2	6	0	4	4	0	1	0	0	6	13	1	4	2	6	2	3	0	1	7	0	5	0	1	1	1	0	0	0	4	1	5	2	4	3	8	3	2	3	1	1	3	4	1	2
zOTU_1689	0	1	0	1	7	2	1	1	1	0	3	1	6	9	2	2	2	7	2	4	0	1	4	2	0	0	1	2	2	0	0	0	3	0	2	1	4	4	1	2	3	3	2	2	6	4	7	0
zOTU_169	28	38	33	37	38	86	60	34	61	52	28	80	47	15	40	67	77	26	62	28	47	43	50	56	71	77	63	75	40	42	0	0	28	133	67	27	36	60	40	38	53	38	42	28	44	33	36	40
zOTU_1690	0	1	0	0	0	4	4	1	0	3	0	0	0	0	3	8	2	0	7	16	0	0	0	7	9	0	0	6	7	0	0	0	3	10	2	0	4	9	1	0	2	4	2	1	0	5	1	1
zOTU_1691	1	1	1	0	4	0	2	0	2	3	1	0	0	3	4	2	3	0	3	2	4	4	7	10	3	1	2	9	2	0	0	0	4	3	2	5	3	9	2	2	6	3	2	2	8	9	3	0
zOTU_1692	3	0	0	8	18	1	0	4	16	0	0	1	1	2	1	1	0	1	1	5	0	2	0	0	3	3	5	0	1	8	0	0	0	2	11	7	3	6	2	1	1	0	0	0	1	2	0	1
zOTU_1693	0	0	2	0	0	0	7	0	1	1	0	19	0	1	3	8	0	1	3	3	1	2	2	2	10	0	1	1	1	0	0	0	0	12	0	0	1	12	1	3	1	8	5	1	1	1	22	0
zOTU_1694	18	4	0	11	16	19	6	5	17	9	3	12	13	32	23	14	5	7	7	4	4	8	16	17	4	1	6	15	5	7	0	0	6	7	11	10	13	10	10	30	12	12	3	5	16	8	4	4
zOTU_1695	1	0	2	2	6	2	1	0	2	1	6	1	1	5	1	5	0	12	2	13	1	4	0	3	1	3	3	6	2	0	0	0	0	3	11	1	1	14	5	0	0	12	4	0	0	5	4	0
zOTU_1696	0	0	1	0	3	0	0	1	0	0	1	0	0	3	0	8	1	5	11	8	0	0	0	2	0	1	7	1	2	2	0	0	1	2	6	1	8	16	4	1	3	20	5	0	0	1	0	1
zOTU_1697	0	1	3	1	0	0	8	1	0	1	4	3	1	0	0	0	3	0	0	8	4	0	1	4	21	8	0	3	3	6	0	0	0	7	6	1	2	3	4	0	0	0	0	2	0	6	15	1
zOTU_1698	0	1	3	1	0	1	1	1	0	0	1	6	0	0	3	6	2	0	7	5	7	0	0	0	4	1	0	8	1	2	0	0	1	13	5	0	1	9	3	0	1	9	4	0	0	3	2	0
zOTU_1699	0	0	3	1	0	0	8	1	0	1	1	14	3	0	2	4	3	0	1	3	4	0	1	1	9	2	0	0	3	4	0	0	0	5	1	0	0	14	4	0	2	6	4	1	0	1	4	2
zOTU_17	262	335	427	586	539	835	1146	435	361	396	326	731	545	610	617	1148	641	444	576	819	474	362	669	730	512	600	380	879	545	295	6	42	422	1223	856	259	493	908	510	348	577	725	399	392	272	444	406	325
zOTU_170	9	16	13	26	59	15	20	15	21	9	18	8	25	104	60	53	23	109	97	111	27	41	34	65	23	32	48	36	26	17	0	23	44	28	102	15	121	183	38	15	74	221	29	18	35	21	22	19
zOTU_1700	0	1	2	0	0	3	7	0	0	2	0	5	0	0	1	1	2	0	7	2	4	0	0	7	15	1	0	7	2	0	0	0	3	10	1	0	4	9	0	0	3	5	4	1	0	1	4	0
zOTU_1701	0	0	1	0	0	0	11	0	0	0	0	12	0	0	0	9	0	0	0	7	0	0	0	0	27	0	0	0	2	0	0	0	0	12	0	0	0	11	0	0	0	10	6	0	0	0	25	0
zOTU_1702	0	0	4	0	0	2	3	0	0	0	0	1	0	0	3	4	0	0	1	18	0	0	0	1	3	0	0	0	0	0	0	0	1	12	0	0	2	28	0	0	2	38	1	0	0	1	1	0
zOTU_1703	1	1	0	1	1	1	0	3	1	0	1	1	5	0	5	3	1	1	4	12	0	1	1	2	0	4	0	4	1	1	0	0	1	1	15	0	1	9	5	0	6	7	2	0	0	0	0	1
zOTU_1704	0	0	2	0	0	0	2	0	0	0	0	3	0	0	0	7	0	0	0	3	0	0	0	0	12	0	0	0	1	1	0	0	0	9	0	0	0	4	0	0	0	4	6	0	0	0	64	0
zOTU_1705	0	4	4	0	0	5	3	0	0	1	0	5	2	0	5	4	4	1	5	1	8	1	6	1	7	5	4	3	0	1	0	0	5	1	2	1	5	1	0	2	3	0	7	0	0	0	4	2
zOTU_1706	1	1	5	0	0	2	4	0	4	1	2	4	3	0	1	1	2	5	3	3	1	4	2	3	3	4	2	3	0	0	0	1	0	6	8	3	3	2	0	7	2	4	2	0	0	4	10	0
zOTU_1707	6	1	0	0	13	0	1	0	17	0	0	0	0	14	2	1	2	3	0	0	0	15	2	0	0	1	2	0	0	3	0	0	1	0	5	2	2	0	2	18	0	0	0	1	2	0	0	0
zOTU_1708	1	1	1	0	1	0	1	1	2	4	1	2	5	3	1	3	1	0	4	2	5	0	7	3	6	0	4	4	1	0	0	0	0	7	4	0	1	6	4	2	0	3	0	6	4	2	5	0
zOTU_1709	0	1	5	1	0	1	6	0	0	1	1	5	1	0	2	4	4	0	0	7	0	0	0	0	10	5	0	1	4	0	0	0	2	9	6	0	0	12	0	0	2	5	2	1	0	3	9	0
zOTU_171	26	44	45	23	50	26	65	16	51	36	9	34	26	36	84	46	36	53	64	66	21	33	44	75	48	28	26	54	36	30	0	0	55	73	51	38	76	92	48	37	83	52	31	30	40	76	69	10
zOTU_1710	5	2	0	2	4	3	3	1	5	1	2	0	1	5	7	1	4	3	5	0	1	2	3	4	2	5	9	2	4	3	0	0	4	2	2	5	6	1	2	0	6	2	0	0	2	3	2	3
zOTU_1711	2	0	1	3	1	3	2	2	6	3	1	2	2	2	3	1	3	5	0	0	1	5	5	0	0	2	2	6	0	1	0	0	3	5	2	3	5	0	2	6	5	1	0	1	2	3	2	4
zOTU_1712	10	2	1	1	3	1	5	2	3	1	1	1	2	0	3	2	2	7	3	0	3	7	2	2	3	1	5	1	0	1	0	0	0	0	3	6	1	4	2	5	1	1	0	6	7	4	1	0
zOTU_1713	0	0	2	0	0	0	3	0	0	1	2	1	0	0	4	6	0	1	5	10	0	1	0	2	4	0	0	3	8	1	1	0	5	8	1	0	2	16	2	0	4	6	9	1	0	2	0	0
zOTU_1714	0	8	0	0	0	6	3	0	0	1	0	5	0	0	3	14	1	0	22	12	0	0	0	9	1	0	0	6	3	1	0	0	6	12	1	0	6	10	0	0	1	3	3	0	0	0	1	0
zOTU_1715	9	0	0	0	18	0	0	0	13	0	0	0	0	1	0	0	1	14	1	1	0	14	10	2	0	0	2	0	0	1	1	0	0	0	1	6	1	0	2	7	0	0	0	0	4	0	1	0
zOTU_1716	2	4	1	3	0	1	1	1	2	1	0	2	4	1	2	0	3	6	2	3	1	0	4	2	4	0	0	4	0	2	0	0	0	2	4	1	3	0	4	5	3	1	1	2	7	6	7	2
zOTU_1717	0	0	7	0	0	0	7	0	0	0	0	9	0	0	0	3	0	0	0	6	0	0	0	0	17	0	0	0	3	0	0	0	0	20	0	0	0	13	0	0	0	7	1	2	0	1	16	0
zOTU_1718	0	2	6	0	1	2	1	0	0	5	1	1	0	0	9	9	0	0	2	4	1	0	0	3	4	2	0	3	6	2	0	0	2	1	5	0	1	11	3	0	2	8	4	0	0	4	4	1
zOTU_1719	1	2	0	2	3	2	2	1	1	0	0	0	1	1	2	6	4	4	1	6	1	1	2	1	2	4	5	1	2	1	0	0	1	6	6	1	4	5	3	2	2	6	9	0	1	3	2	1
zOTU_172	4	146	14	11	18	64	24	2	10	9	18	6	3	3	38	22	44	3	138	63	4	37	9	195	37	12	8	52	23	16	0	19	95	33	75	7	94	73	41	12	81	45	17	6	13	149	24	32
zOTU_1720	1	3	2	0	3	5	0	0	2	1	0	0	2	6	3	0	2	6	3	0	0	2	8	1	0	0	3	7	2	1	0	0	0	1	1	1	7	0	2	3	4	0	1	0	5	8	0	0
zOTU_1721	1	1	0	6	9	0	2	1	5	0	1	3	2	2	2	0	4	5	1	1	5	2	10	3	1	0	2	2	0	3	0	0	3	1	3	0	5	2	3	2	3	1	1	2	6	1	0	1
zOTU_1722	0	2	0	1	3	10	1	2	2	2	3	2	3	3	5	3	4	1	1	8	9	2	1	4	5	2	3	6	2	0	0	0	2	4	1	0	1	4	2	4	4	0	0	3	2	2	13	1
zOTU_1723	1	2	1	2	3	0	2	0	6	2	4	3	1	3	2	1	1	6	3	0	3	2	7	6	4	0	5	2	0	0	0	0	2	0	6	4	2	3	1	1	0	0	0	1	10	6	4	1
zOTU_1724	2	1	3	3	4	1	0	0	6	0	2	0	0	3	5	3	2	4	8	1	0	0	0	2	0	3	4	1	3	1	0	0	5	1	15	0	3	4	4	0	5	6	2	0	1	3	0	0
zOTU_1725	3	0	0	1	13	1	1	0	5	1	1	1	2	5	1	1	3	9	5	5	1	11	0	1	0	1	1	2	0	2	0	4	2	2	3	3	4	6	2	2	0	2	0	1	1	2	0	0
zOTU_1726	0	2	0	2	2	4	5	0	1	4	2	1	0	2	3	3	0	1	0	0	4	2	3	4	10	0	1	2	4	0	0	0	5	13	2	2	1	2	8	0	3	2	2	1	3	2	2	1
zOTU_1727	2	1	3	2	1	0	4	4	0	0	2	6	3	5	1	0	5	1	1	1	3	6	4	2	2	2	0	6	1	1	0	0	1	2	7	2	0	9	7	3	0	1	1	5	8	3	0	0
zOTU_1728	1	1	2	2	2	1	1	2	6	0	3	1	2	5	1	7	2	0	9	4	0	1	1	4	0	3	0	0	0	15	0	0	0	0	1	14	5	3	0	0	3	1	0	1	0	1	0	0
zOTU_1729	0	0	0	2	4	4	1	2	1	5	3	1	1	13	3	0	0	6	5	2	2	3	2	0	1	0	4	4	0	1	0	0	0	1	3	5	5	2	0	5	1	2	0	4	2	0	6	0
zOTU_173	43	35	33	77	103	54	41	42	26	17	25	11	54	35	53	41	53	24	36	52	28	81	76	68	42	45	43	57	41	33	0	0	40	36	73	22	69	79	37	24	41	39	52	38	41	42	72	89
zOTU_1730	0	3	2	2	4	2	1	2	3	2	2	3	1	3	3	1	2	3	7	2	0	1	6	2	1	0	1	4	2	1	0	0	3	1	1	4	5	2	1	5	6	0	0	2	2	0	0	0
zOTU_1731	0	0	0	0	0	0	1	1	0	1	0	5	0	0	1	6	0	1	4	13	0	0	0	1	16	0	0	7	2	0	0	0	0	20	0	0	2	11	0	0	1	7	2	0	1	8	6	0
zOTU_1732	0	0	1	0	0	1	0	0	1	0	3	1	0	0	0	2	5	8	12	1	0	0	3	1	0	1	6	1	3	1	0	0	1	3	14	3	1	4	6	0	2	4	7	0	1	0	1	0
zOTU_1733	0	2	1	2	0	1	1	1	0	0	1	2	1	0	1	6	3	0	2	5	1	1	0	8	5	2	0	4	1	0	0	0	1	5	4	1	3	8	3	0	5	9	5	0	0	3	1	1
zOTU_1734	3	2	3	1	2	8	4	2	1	2	0	0	2	2	6	3	0	2	0	2	0	0	7	0	2	3	2	2	1	1	0	0	2	4	2	0	3	3	5	3	2	0	1	0	0	2	3	3
zOTU_1735	0	0	0	0	1	1	0	0	1	2	0	0	0	4	6	0	1	7	2	0	1	8	40	4	2	0	9	0	0	0	0	0	0	1	3	1	2	0	2	0	8	3	0	1	6	2	0	0
zOTU_1736	3	3	1	2	4	2	1	2	3	1	2	1	3	2	4	1	1	4	2	0	2	2	7	2	3	0	5	3	0	0	0	0	1	0	5	4	2	0	1	4	4	1	0	2	2	4	1	0
zOTU_1737	3	4	0	0	9	2	0	0	4	1	0	0	0	12	4	0	0	1	5	0	0	2	0	1	0	0	0	6	0	0	0	0	1	0	0	2	12	0	0	1	11	0	0	0	1	1	0	0
zOTU_1738	0	2	4	3	0	2	1	4	0	0	0	2	10	0	2	4	4	11	1	10	2	0	3	2	0	0	3	4	2	0	0	0	3	7	5	3	6	2	1	0	2	5	4	1	0	0	2	3
zOTU_1739	1	3	2	1	1	1	3	0	2	1	2	2	4	2	2	1	1	5	1	2	5	7	7	6	0	3	1	2	1	1	0	0	5	3	2	7	0	10	2	2	1	1	1	1	1	2	2	0
zOTU_174	34	40	33	97	55	80	68	41	29	21	23	42	48	32	71	68	85	47	55	27	16	36	50	88	16	73	36	86	25	59	0	11	56	64	99	20	71	47	71	31	70	39	29	15	17	50	12	42
zOTU_1740	1	2	1	0	1	0	0	2	2	1	0	3	1	2	1	1	3	7	1	5	3	0	5	1	2	1	2	2	0	2	0	0	2	4	6	4	2	8	3	5	3	6	2	1	2	4	5	1
zOTU_1741	1	2	1	2	1	1	1	0	1	1	0	4	3	1	5	5	2	1	1	3	1	1	4	5	8	0	2	2	0	0	0	0	4	4	2	2	2	4	0	0	2	5	3	1	3	2	7	1
zOTU_1742	2	2	2	8	1	5	0	6	8	4	2	0	5	3	4	1	3	3	4	1	0	6	2	5	1	2	4	1	2	2	0	0	4	3	10	3	8	2	10	4	11	0	2	2	0	3	0	1
zOTU_1743	0	1	1	1	6	1	2	0	0	2	1	0	0	1	5	3	3	0	0	0	2	1	4	2	5	1	2	3	0	2	0	0	0	7	7	1	1	2	1	0	4	3	1	1	2	3	7	1
zOTU_1744	0	3	1	1	0	4	5	1	0	2	0	1	0	2	0	1	1	0	4	2	3	3	2	12	1	3	0	2	1	0	0	0	5	0	4	1	3	0	3	1	1	1	0	2	1	7	10	0
zOTU_1745	0	6	0	2	3	5	0	0	2	0	0	0	0	5	2	0	1	6	2	1	1	0	2	7	2	0	4	0	2	0	0	0	7	0	3	6	8	1	0	2	5	1	1	0	2	2	1	0
zOTU_1746	8	0	4	16	10	7	8	1	3	0	1	2	4	5	6	7	0	3	5	3	2	2	9	6	2	1	2	5	1	2	0	1	4	3	4	2	7	0	1	5	8	2	1	6	1	3	1	4
zOTU_1747	0	3	5	8	4	12	3	3	1	10	3	2	5	6	7	3	4	4	7	3	4	3	3	11	3	3	1	6	1	3	0	0	4	1	8	4	3	6	2	6	13	3	5	5	3	10	12	7
zOTU_1748	0	6	2	1	0	8	1	0	2	7	1	3	1	1	8	7	5	1	3	4	2	2	1	11	5	2	1	10	4	0	0	0	4	14	4	0	2	7	3	0	5	12	1	1	2	6	3	2
zOTU_1749	2	1	3	5	3	4	1	1	2	2	3	2	1	3	4	5	0	4	3	0	1	3	5	1	3	4	0	4	0	0	0	0	3	2	4	2	4	1	3	3	0	2	1	0	2	2	4	0
zOTU_175	58	37	28	44	139	65	86	36	105	54	25	65	45	95	77	75	43	65	63	58	39	74	73	96	54	52	56	80	18	32	0	0	47	79	82	56	84	80	45	38	58	63	33	36	59	58	67	24
zOTU_1750	2	8	1	3	7	6	2	2	7	6	4	2	4	6	5	7	2	1	6	6	1	7	9	6	3	4	4	10	4	2	0	0	4	4	6	5	5	4	4	3	8	3	2	5	7	6	5	2
zOTU_1751	2	3	1	3	5	4	2	1	7	0	0	4	2	3	6	2	0	1	4	3	5	10	3	3	3	4	1	4	0	1	0	0	2	3	4	1	0	6	2	7	5	3	3	0	3	0	0	1
zOTU_1752	0	5	2	0	1	3	6	0	0	0	1	4	0	0	5	2	0	0	5	2	0	0	0	7	7	0	0	7	2	0	0	0	9	7	0	0	1	7	0	0	1	2	1	0	0	4	8	0
zOTU_1753	0	1	2	1	3	1	2	1	2	1	0	4	3	3	1	4	0	6	2	0	3	2	3	3	1	1	0	4	1	0	0	0	0	8	4	3	2	4	5	3	7	2	1	1	2	0	3	0
zOTU_1754	0	2	1	1	0	3	4	0	0	1	2	2	4	1	6	4	3	3	6	2	3	0	1	6	2	2	1	6	0	1	0	0	4	6	8	1	2	3	4	1	3	3	0	0	2	4	4	0
zOTU_1755	0	0	0	2	0	2	3	2	0	5	0	5	1	0	1	6	3	0	2	5	8	0	0	6	14	0	0	5	0	1	0	0	0	5	3	0	3	7	2	0	5	2	2	6	0	5	8	0
zOTU_1756	0	2	6	1	0	3	4	3	0	0	2	9	3	1	2	5	4	0	10	5	0	0	0	10	2	0	0	3	1	1	0	0	3	9	6	0	3	8	3	0	2	3	7	0	0	3	1	2
zOTU_1757	2	0	0	1	10	3	1	0	1	0	6	0	4	15	3	1	4	9	4	0	1	7	1	0	0	1	4	1	0	3	0	0	4	0	9	0	5	3	2	3	1	0	0	0	0	1	1	6
zOTU_1758	1	3	0	0	10	5	0	0	4	0	0	0	0	17	8	0	0	0	2	0	0	0	0	2	0	0	0	1	0	0	0	0	2	0	0	1	10	0	0	2	7	0	0	0	0	3	0	0
zOTU_1759	0	2	1	1	0	1	6	0	3	2	1	0	2	1	2	2	0	1	4	3	3	0	1	3	6	3	1	3	1	2	0	0	2	5	10	1	1	3	8	1	6	3	1	5	1	3	2	2
zOTU_176	40	19	8	68	125	34	32	16	90	24	11	29	26	31	40	14	14	50	31	7	54	42	140	40	37	20	63	52	10	24	0	40	33	28	41	82	32	27	22	65	64	17	16	78	113	32	73	12
zOTU_1760	0	3	0	2	6	2	0	0	0	1	1	1	1	0	3	1	1	5	5	2	3	1	3	3	3	1	0	5	0	1	0	0	4	3	6	0	8	6	2	2	7	1	0	3	0	0	2	0
zOTU_1761	2	0	1	2	12	1	1	2	5	0	0	1	2	0	2	1	6	0	10	11	0	0	0	6	3	2	0	1	5	4	0	0	0	1	0	0	7	11	0	0	5	7	3	0	0	0	0	1
zOTU_1762	0	1	1	0	0	2	1	1	1	2	0	1	1	2	1	4	6	2	0	2	3	2	6	5	2	0	1	4	0	2	0	0	0	3	1	0	4	2	1	3	3	1	4	0	4	3	12	0
zOTU_1763	0	0	0	0	0	0	0	0	0	0	0	0	0	0	0	0	0	0	0	0	0	0	0	0	0	0	0	0	0	0	0	0	0	0	0	0	0	0	0	0	0	0	0	0	0	0	0	0
zOTU_1764	2	0	1	8	5	2	9	0	6	1	0	9	1	10	2	9	4	9	0	0	1	3	3	3	2	2	2	5	1	0	0	0	1	2	8	2	1	3	1	5	5	2	1	3	7	3	2	2
zOTU_1765	1	2	1	1	4	3	4	1	0	0	0	2	2	1	3	2	5	0	6	5	3	0	3	3	2	0	1	6	2	4	0	0	9	2	4	2	1	0	1	1	1	0	0	1	3	3	5	1
zOTU_1766	0	1	0	1	2	2	1	0	3	2	1	4	2	3	2	4	0	4	5	3	0	0	5	2	2	0	1	4	0	0	0	0	1	6	0	2	1	13	0	3	0	5	1	0	6	5	3	0
zOTU_1767	0	1	3	2	0	0	2	0	0	0	2	0	6	0	1	4	4	6	1	8	3	0	0	1	1	7	2	0	4	0	0	0	5	2	9	1	1	8	5	1	0	12	2	3	0	1	1	0
zOTU_1768	0	1	1	0	2	2	2	0	2	0	0	1	0	8	1	6	0	5	0	3	0	2	0	7	0	0	8	2	3	0	0	0	4	1	1	1	3	4	0	10	1	3	3	0	1	0	10	0
zOTU_1769	1	0	2	4	3	0	1	0	1	0	10	0	2	5	0	5	1	11	2	0	0	3	0	1	0	0	6	0	5	0	0	0	1	3	5	2	2	11	9	1	1	2	1	7	0	0	0	2
zOTU_177	33	25	43	41	75	74	101	26	46	25	30	45	44	49	58	58	69	46	39	64	16	37	65	46	33	42	37	74	29	33	0	4	23	83	126	24	34	49	59	46	41	43	25	18	38	26	16	29
zOTU_1770	2	4	0	1	4	1	0	2	1	0	1	0	2	3	4	1	1	2	5	0	1	4	1	2	1	0	6	3	1	5	0	0	2	0	5	6	6	0	1	4	5	3	1	0	0	2	4	1
zOTU_1771	2	1	2	0	2	7	0	1	2	1	0	2	2	5	3	1	1	4	1	0	1	0	5	4	3	2	1	9	1	2	0	0	2	5	4	3	3	4	3	4	4	4	0	0	0	6	0	0
zOTU_1772	6	3	5	3	10	7	4	5	10	3	5	2	6	5	9	5	3	11	4	3	3	9	6	9	4	3	2	8	1	2	0	0	2	3	9	3	3	5	9	7	8	1	0	5	4	4	2	1
zOTU_1773	0	2	1	4	4	7	0	2	5	0	1	0	4	15	6	2	3	1	4	0	7	1	3	2	0	3	3	0	0	4	0	0	3	0	5	2	2	4	3	3	2	0	2	0	3	1	1	0
zOTU_1774	13	9	16	30	12	9	11	16	7	12	12	20	18	9	18	21	15	18	5	14	9	14	30	18	8	17	18	22	7	6	0	0	8	19	30	19	14	12	23	19	16	6	5	26	10	10	14	7
zOTU_1775	4	13	3	13	0	12	11	4	4	8	2	13	9	1	12	15	13	6	12	10	5	5	0	11	9	6	2	16	7	10	1	0	25	7	26	3	5	14	17	1	13	12	7	4	0	5	3	7
zOTU_1776	4	3	0	0	7	0	2	5	1	0	1	0	2	6	3	2	0	15	3	0	1	7	2	4	1	1	7	0	0	0	0	0	0	1	8	0	4	3	0	1	2	1	0	2	4	0	2	0
zOTU_1777	7	1	5	3	5	3	9	1	3	1	1	8	2	3	3	17	3	6	2	14	1	5	3	4	5	5	1	8	7	1	0	0	2	21	1	1	6	17	3	6	6	21	11	2	1	4	7	2
zOTU_1778	4	3	1	3	2	1	6	1	0	4	1	7	1	1	8	2	1	3	3	1	2	4	1	2	1	1	0	4	1	0	0	0	1	2	2	4	1	3	1	3	8	2	5	5	1	2	2	0
zOTU_1779	4	1	0	0	14	1	0	0	5	1	0	0	0	22	2	0	0	12	4	0	0	5	2	1	0	0	11	1	0	0	0	0	1	0	1	8	11	0	0	6	5	0	0	0	1	0	0	0
zOTU_178	36	44	31	46	70	52	53	34	79	51	18	56	35	38	68	37	23	64	56	29	37	50	117	55	34	23	31	62	16	14	0	0	33	43	56	45	60	31	24	50	63	34	16	38	75	82	42	13
zOTU_1780	0	4	1	4	0	2	1	2	2	4	2	1	2	0	8	2	4	2	1	0	9	0	3	1	1	2	2	3	0	1	0	0	5	1	4	4	1	0	1	1	2	0	0	6	3	4	3	2
zOTU_1781	1	6	1	2	1	4	3	1	2	0	0	1	1	0	4	3	2	0	4	0	1	3	2	1	1	1	1	4	3	3	0	0	3	3	3	3	0	3	0	4	5	1	1	1	1	3	7	1
zOTU_1782	0	0	4	6	5	6	6	3	2	2	4	2	2	3	1	4	4	3	3	4	1	0	0	3	3	2	2	2	0	0	0	3	0	7	6	0	4	2	2	1	5	4	1	4	1	3	1	2
zOTU_1783	3	1	3	0	8	0	2	0	4	1	0	1	0	4	1	0	1	6	1	1	0	5	3	8	0	0	1	7	0	0	0	0	1	2	1	4	1	5	1	1	4	2	0	0	6	1	1	0
zOTU_1784	0	0	0	0	11	5	0	1	13	2	0	0	0	8	0	0	3	4	1	0	0	10	5	4	0	0	0	2	1	0	0	0	0	0	0	2	2	0	1	5	2	0	0	1	8	1	0	0
zOTU_1785	1	3	0	1	5	1	1	2	7	0	1	1	0	2	6	0	0	8	3	0	1	1	2	4	0	2	2	4	1	0	0	5	1	0	5	10	3	0	2	5	8	0	0	1	0	0	0	1
zOTU_1786	5	3	0	0	2	0	1	1	1	0	0	2	0	0	2	3	3	1	0	2	4	6	7	1	2	1	2	1	0	4	0	0	2	5	5	0	3	1	0	1	3	1	0	3	7	0	5	1
zOTU_1787	0	4	3	2	0	1	6	1	1	1	2	0	3	0	1	2	8	3	2	5	0	0	0	5	2	1	2	4	3	5	0	0	0	6	7	0	7	0	1	0	3	3	0	2	0	2	1	0
zOTU_1788	8	1	1	3	6	4	0	5	5	1	3	1	3	5	7	0	1	5	4	1	4	3	13	5	0	4	3	5	0	6	0	0	3	1	1	6	7	1	2	8	8	1	0	2	6	0	0	2
zOTU_1789	1	1	1	3	5	0	0	2	8	0	1	0	0	4	2	2	2	1	5	3	1	3	0	0	1	5	1	1	1	1	0	0	5	2	3	8	2	1	0	2	2	1	3	0	1	1	1	0
zOTU_179	22	30	36	52	34	34	78	54	32	53	21	51	76	8	46	47	38	34	51	40	57	32	47	74	75	40	29	73	26	23	0	0	26	82	77	31	48	80	64	23	73	50	25	47	39	52	65	24
zOTU_1790	2	0	0	3	6	4	0	2	0	1	0	2	5	1	2	1	5	2	3	3	3	1	9	2	3	6	5	2	0	0	0	1	8	1	2	1	3	2	6	3	2	2	1	6	6	3	6	5
zOTU_1791	2	1	1	4	3	0	1	2	5	2	0	0	4	1	1	2	3	2	1	3	2	3	3	5	2	3	0	5	0	5	0	0	0	3	2	0	4	0	0	0	3	1	1	4	4	0	8	1
zOTU_1792	1	4	0	1	2	3	2	0	4	0	1	1	4	2	5	1	2	1	1	1	4	1	4	6	5	0	0	3	1	1	0	0	2	0	7	0	1	2	4	2	2	0	1	7	2	6	6	2
zOTU_1793	0	2	0	6	2	2	1	0	1	2	1	2	3	4	4	1	2	3	2	1	5	1	1	0	0	2	3	2	1	3	0	0	1	1	6	4	0	0	5	2	1	1	1	3	4	2	2	1
zOTU_1794	0	0	1	1	0	7	6	0	0	4	0	1	1	0	6	6	5	0	5	6	1	0	0	3	2	3	0	9	2	0	0	0	2	1	2	0	2	6	0	0	2	3	3	1	0	5	2	1
zOTU_1795	0	3	0	3	4	2	3	0	6	0	2	4	1	0	4	1	3	2	1	2	0	1	1	6	3	1	1	4	1	3	0	1	5	0	8	2	3	4	7	1	7	6	1	4	2	6	5	1
zOTU_1796	4	2	3	1	4	0	2	2	5	1	6	0	1	1	3	0	1	4	4	2	1	3	11	4	0	3	0	3	0	2	0	0	0	1	4	3	4	2	2	2	5	2	1	1	0	0	0	1
zOTU_1797	3	1	2	1	3	2	1	0	1	2	0	4	1	1	7	2	4	4	5	1	1	5	3	2	6	2	2	5	1	0	0	0	0	4	5	3	1	4	2	3	4	1	3	3	1	4	0	1
zOTU_1798	2	0	0	0	1	0	3	1	0	1	0	1	3	1	3	1	0	0	4	5	2	1	0	5	11	0	0	7	1	0	0	0	0	9	1	0	1	6	0	0	0	1	4	0	2	3	17	0
zOTU_1799	0	0	2	0	3	2	1	0	0	2	0	0	0	2	3	4	4	0	5	4	0	0	1	7	5	4	0	3	1	3	0	0	2	0	7	1	9	2	6	1	2	2	1	0	0	5	1	0
zOTU_18	163	393	328	901	269	408	536	527	254	521	376	570	654	235	628	383	640	201	567	295	843	162	369	721	430	642	97	752	187	340	3	14	348	361	1054	147	590	445	822	157	628	388	194	703	322	698	521	291
zOTU_180	18	25	27	31	47	35	19	16	28	12	24	22	45	35	66	125	66	26	54	78	6	46	3	29	11	56	12	47	42	9	1	32	46	86	93	9	52	111	49	20	58	118	36	10	13	20	17	42
zOTU_1800	1	0	2	1	3	0	0	0	2	4	0	3	4	1	2	0	1	7	3	1	1	3	4	1	5	2	1	4	1	0	0	0	2	0	0	3	3	1	3	6	3	2	2	2	11	3	7	0
zOTU_1801	1	1	3	8	1	0	1	2	3	1	0	4	2	1	4	0	5	4	1	2	2	1	0	0	1	3	1	7	0	1	0	0	1	3	11	1	3	5	0	2	1	1	1	1	1	1	0	0
zOTU_1802	3	1	0	3	3	2	1	2	1	2	1	2	1	2	5	3	7	4	1	3	1	0	5	1	0	5	1	3	3	1	0	0	4	0	3	0	4	1	4	2	3	1	0	0	4	2	1	0
zOTU_1803	3	3	0	1	5	0	1	0	4	1	2	1	1	4	4	2	4	4	0	2	5	5	4	4	4	1	1	2	1	4	0	0	2	3	4	1	1	3	5	3	0	1	0	1	6	1	0	2
zOTU_1804	0	0	3	21	1	0	11	10	1	1	1	7	2	0	2	5	2	3	0	3	1	0	0	0	2	1	3	1	1	2	0	0	0	2	3	2	1	0	3	2	0	0	2	4	0	0	2	1
zOTU_1805	1	0	5	0	3	1	9	0	2	0	0	1	1	2	1	3	0	1	4	1	0	0	0	1	6	0	0	2	1	0	0	5	1	5	3	0	4	3	0	2	0	1	1	1	5	5	10	1
zOTU_1806	2	2	8	4	8	2	1	2	8	0	2	2	3	15	6	5	3	11	6	4	0	11	1	0	2	2	3	5	8	0	0	0	3	7	6	2	7	5	1	2	1	8	4	0	3	2	1	7
zOTU_1807	1	2	0	0	4	2	4	0	0	0	2	4	4	5	2	4	0	3	3	2	1	2	9	2	0	4	3	3	3	0	0	0	2	2	1	2	3	0	3	3	2	3	3	1	3	0	2	0
zOTU_1808	1	2	0	0	3	1	3	2	4	1	0	1	1	3	2	2	4	1	5	2	5	0	4	4	1	1	1	3	0	5	0	0	2	0	5	1	2	3	4	2	1	1	0	4	0	3	5	3
zOTU_1809	2	2	0	1	3	1	1	0	0	3	0	0	2	2	5	6	0	1	4	1	1	1	1	2	3	1	0	1	0	0	0	0	1	3	2	0	4	1	1	0	5	0	0	2	0	3	9	3
zOTU_181	30	29	5	63	100	49	24	23	37	28	11	26	55	24	37	19	31	42	28	5	77	34	136	32	30	35	59	23	9	36	1	0	26	27	34	46	22	13	25	24	60	19	11	46	66	56	53	6
zOTU_1810	4	2	0	4	1	2	3	1	2	1	2	1	3	1	2	0	1	3	4	2	4	2	7	2	3	0	0	0	1	0	0	0	2	3	0	4	0	0	0	1	2	0	1	3	3	3	8	1
zOTU_1811	3	0	0	3	3	1	1	0	2	1	1	1	3	5	1	0	0	1	4	1	2	4	4	6	2	0	1	2	0	1	0	0	5	4	5	2	2	0	1	2	4	0	0	2	10	4	1	0
zOTU_1812	1	0	0	0	5	0	0	0	6	1	1	0	0	6	0	0	1	7	1	2	0	4	12	1	2	0	10	0	0	0	0	0	0	2	0	12	2	1	0	3	0	1	0	0	11	0	1	0
zOTU_1813	7	6	6	16	12	9	8	3	11	6	7	10	12	25	11	7	12	14	7	3	6	4	12	16	7	11	11	14	5	12	0	0	9	13	21	19	15	10	9	12	8	3	3	14	6	8	2	8
zOTU_1814	1	3	0	3	0	3	1	0	0	8	0	0	0	1	4	2	2	0	3	0	1	1	5	11	6	2	1	5	2	3	0	0	2	7	1	0	1	1	1	0	1	2	0	1	3	7	5	2
zOTU_1815	1	3	1	4	6	7	2	2	5	1	0	0	1	3	4	1	3	2	1	0	2	2	6	3	0	1	2	3	1	1	0	0	0	3	2	2	8	2	2	3	9	0	0	2	4	3	1	0
zOTU_1816	1	0	0	1	8	1	1	0	1	0	1	2	0	4	1	4	1	5	3	3	8	2	5	1	4	4	3	0	2	0	0	0	0	0	7	2	0	6	8	1	4	3	2	0	0	0	1	0
zOTU_1817	0	1	0	1	6	1	4	2	4	0	1	4	1	1	0	1	1	8	0	0	3	3	12	0	1	0	7	1	0	1	0	0	0	2	0	8	2	0	0	10	0	1	2	1	7	1	2	0
zOTU_1818	5	2	1	0	0	1	1	0	0	0	0	0	5	2	2	4	2	6	6	4	3	7	5	1	1	2	4	1	1	0	0	0	2	1	3	0	3	7	1	0	1	3	1	1	3	1	0	3
zOTU_1819	0	3	1	3	0	4	4	0	1	3	1	4	1	1	5	0	2	0	0	1	5	0	4	3	3	0	1	11	1	0	0	0	1	1	4	1	6	1	0	2	3	2	0	3	5	1	6	2
zOTU_182	50	35	28	52	62	26	44	33	63	39	29	49	51	14	61	33	46	53	60	40	42	27	75	30	44	45	47	84	27	21	0	7	27	71	77	59	35	50	53	51	74	36	8	59	42	55	35	21
zOTU_1820	2	0	4	2	4	3	7	1	6	2	1	2	3	3	6	4	1	4	3	6	2	2	6	3	6	1	1	8	3	1	0	0	1	7	3	8	7	4	3	3	3	6	2	3	4	2	10	0
zOTU_1821	0	0	0	0	0	5	4	1	0	2	0	1	0	2	0	3	6	2	2	4	4	1	1	2	6	0	4	3	2	0	0	0	0	3	2	2	1	7	2	0	0	1	4	4	0	0	14	0
zOTU_1822	3	2	1	0	2	1	0	3	2	2	1	3	3	3	3	0	4	3	3	2	0	1	1	2	2	1	1	1	2	2	0	0	2	3	1	1	8	1	1	2	4	4	0	1	3	3	0	0
zOTU_1823	7	30	29	17	16	7	22	10	17	14	12	25	13	17	23	15	16	20	17	9	19	11	20	24	24	21	5	30	9	6	0	0	19	28	12	13	18	32	9	12	19	25	7	19	12	14	20	12
zOTU_1824	2	4	1	2	3	1	3	1	8	6	3	3	3	1	1	1	2	1	3	0	4	0	5	2	3	3	4	8	0	0	0	0	2	3	2	2	1	2	1	3	0	0	1	2	1	3	5	1
zOTU_1825	1	0	1	0	4	1	5	0	1	1	0	5	0	10	3	4	0	2	5	1	0	1	4	3	3	0	1	4	0	0	0	0	2	2	0	3	2	3	0	1	5	2	1	1	5	2	3	0
zOTU_1826	2	3	1	0	2	3	0	1	0	2	0	0	0	0	5	3	2	2	6	3	2	2	4	5	6	0	0	5	0	0	0	0	2	2	1	2	2	5	1	0	3	5	2	0	4	4	7	0
zOTU_1827	0	2	1	0	6	2	0	0	3	0	1	0	1	3	0	0	0	5	2	0	2	1	22	7	3	0	9	0	0	3	0	0	1	0	0	2	4	0	1	3	1	0	0	0	5	3	2	0
zOTU_1828	0	1	0	3	2	0	3	0	1	2	1	3	2	0	2	0	1	1	0	1	5	1	2	0	5	6	0	3	1	2	0	1	6	1	4	1	1	0	2	0	3	1	1	9	10	2	3	3
zOTU_1829	1	1	0	10	7	3	1	2	4	2	5	2	2	4	3	0	2	1	3	1	0	5	2	0	0	5	3	1	5	3	0	0	6	1	7	6	2	2	5	5	2	3	1	4	2	2	0	8
zOTU_183	51	22	13	38	109	57	48	25	73	24	18	33	37	90	44	28	36	62	26	21	24	48	135	39	31	23	70	61	19	11	1	7	21	29	39	59	49	23	21	80	53	19	14	22	101	29	56	24
zOTU_1830	0	0	6	1	0	0	7	0	0	1	0	4	1	0	1	9	0	0	0	10	0	0	0	0	13	0	0	1	5	0	0	0	0	7	0	0	0	20	0	0	0	7	6	0	0	0	5	0
zOTU_1831	1	3	1	1	1	5	3	1	1	2	2	2	3	1	4	2	2	1	3	1	2	2	1	4	6	0	1	2	1	1	0	0	3	2	0	2	2	9	0	0	1	8	0	2	5	2	8	1
zOTU_1832	0	1	1	0	1	2	0	1	0	2	0	1	1	0	1	3	3	3	5	20	0	0	0	4	2	1	2	0	2	0	0	0	0	0	10	0	2	11	2	0	3	5	2	1	1	2	2	0
zOTU_1833	3	1	1	0	1	0	1	1	1	0	4	1	2	0	1	1	3	4	2	2	1	4	7	2	2	4	1	5	1	0	0	0	1	0	3	4	2	1	2	2	1	1	0	5	3	8	2	0
zOTU_1834	1	3	8	11	1	0	2	5	0	1	4	1	11	0	3	6	4	3	8	6	1	1	1	3	4	7	2	2	1	3	0	0	2	6	27	0	6	8	10	0	3	10	3	0	0	1	2	9
zOTU_1835	0	1	2	5	0	1	1	5	0	2	1	1	3	0	4	0	0	2	3	0	0	0	4	1	2	0	0	5	0	0	0	0	2	0	0	1	11	0	0	1	7	3	2	4	0	4	0	5
zOTU_1836	1	0	0	0	17	0	0	0	3	0	0	0	0	12	0	0	0	5	0	0	0	5	3	0	0	0	7	0	0	0	0	0	0	0	0	10	0	0	0	8	0	0	0	0	5	0	0	0
zOTU_1837	5	4	2	3	4	5	0	0	2	1	1	0	0	4	3	0	0	5	2	0	0	0	2	1	0	0	6	3	0	0	0	0	0	0	7	2	13	0	6	0	3	1	0	0	0	0	0	7
zOTU_1838	1	0	4	4	2	0	1	0	3	4	0	1	0	3	4	3	2	1	0	0	7	1	4	2	0	1	3	1	0	1	0	0	1	2	1	2	3	4	0	1	4	1	1	3	9	0	5	0
zOTU_1839	0	1	1	1	5	1	8	0	0	1	1	3	0	0	3	3	1	2	1	7	1	3	3	6	8	0	6	1	7	1	0	0	0	11	1	4	1	9	2	1	1	7	2	0	3	3	3	0
zOTU_184	7	30	51	50	6	60	86	28	10	57	40	81	47	5	60	87	68	12	40	78	49	8	18	77	111	68	8	84	37	38	0	1	45	129	68	5	53	106	46	8	63	92	58	40	3	51	79	34
zOTU_1840	0	3	1	0	0	3	3	0	0	3	0	2	0	0	6	6	1	0	2	3	1	1	0	0	4	0	0	5	0	0	0	0	1	8	3	0	0	3	0	0	5	3	3	0	1	7	6	0
zOTU_1841	2	1	1	1	7	1	0	0	5	3	0	1	0	0	0	0	0	4	0	0	1	2	8	0	2	2	3	0	0	0	0	0	3	0	1	6	2	1	5	4	5	0	0	0	12	3	0	0
zOTU_1842	1	2	1	0	4	5	4	0	4	1	1	0	0	2	1	2	1	4	2	0	1	4	4	1	6	2	2	7	0	0	0	0	2	1	2	2	3	2	0	2	6	0	2	0	3	3	3	0
zOTU_1843	16	19	26	38	29	43	19	16	28	13	34	18	38	47	37	64	35	33	42	61	16	37	35	26	21	50	32	45	41	10	0	0	19	47	25	17	33	39	11	23	33	41	21	26	14	18	8	50
zOTU_1844	0	3	0	2	2	4	0	1	0	0	1	1	3	1	5	0	5	1	1	1	0	1	0	5	3	2	2	4	1	2	0	0	3	4	11	5	2	1	7	0	6	4	2	1	1	1	2	0
zOTU_1845	0	0	1	0	0	1	6	0	0	3	0	6	0	0	7	0	0	0	11	0	1	0	0	7	10	0	0	11	1	0	0	0	1	2	0	0	9	1	0	0	5	3	1	0	0	2	9	0
zOTU_1846	1	1	0	3	2	3	1	0	1	2	0	1	0	1	4	2	2	1	6	3	2	2	1	3	3	2	0	3	1	1	0	0	1	1	4	0	1	3	2	1	1	1	1	2	3	9	6	0
zOTU_1847	3	2	2	5	15	5	1	3	11	1	7	0	2	11	1	2	3	10	4	2	0	6	5	10	2	5	3	5	0	0	0	1	4	5	1	5	5	2	4	6	6	0	1	2	8	2	0	1
zOTU_1848	0	4	3	1	0	3	6	2	0	0	0	0	2	0	14	3	3	3	7	2	0	0	1	6	4	1	1	11	1	0	0	0	9	9	3	0	6	10	4	0	5	8	1	0	1	9	4	0
zOTU_1849	0	0	11	0	0	0	14	0	0	0	0	16	0	0	0	6	0	0	0	5	0	0	0	0	3	0	0	0	0	0	0	0	0	0	0	0	0	5	0	0	0	2	5	0	0	0	31	0
zOTU_185	34	19	14	87	113	36	22	26	64	21	21	37	50	70	40	32	35	66	51	22	29	22	70	59	19	45	89	72	15	26	0	2	29	35	59	33	110	39	58	25	80	28	15	38	15	34	19	32
zOTU_1850	0	0	4	0	0	0	10	0	0	0	0	11	0	0	0	4	0	0	0	9	1	0	0	0	19	0	0	0	4	0	0	0	0	11	0	0	0	15	0	0	0	5	3	0	0	0	6	0
zOTU_1851	4	1	0	2	1	1	3	5	1	2	0	3	0	1	2	1	1	3	1	1	0	2	8	13	3	0	2	7	0	1	0	0	3	4	1	9	2	0	1	4	3	0	0	0	13	6	2	0
zOTU_1852	0	2	1	6	0	7	2	5	0	1	1	2	5	0	2	6	0	0	1	4	0	0	0	2	8	0	0	3	1	0	0	0	2	2	0	0	0	6	1	0	1	4	1	5	0	4	0	2
zOTU_1853	2	5	2	4	8	0	2	0	4	1	1	0	0	4	0	0	0	0	1	2	0	6	1	0	7	0	0	2	1	1	0	0	3	2	0	1	0	0	0	0	1	1	0	15	11	8	2	1
zOTU_1854	5	2	3	3	8	0	2	5	4	0	5	3	3	15	8	6	3	16	7	3	1	5	7	11	1	7	2	12	2	0	0	0	6	2	8	9	11	5	2	9	9	1	3	4	7	2	2	4
zOTU_1855	0	0	1	7	0	3	2	3	0	2	9	1	2	0	2	2	12	0	2	1	8	0	1	1	0	3	0	2	0	2	0	0	2	3	17	0	8	2	11	2	2	1	3	6	0	1	4	1
zOTU_1856	0	0	0	4	2	0	1	0	1	0	0	1	0	0	0	3	4	6	7	0	0	2	1	5	0	3	1	2	1	2	0	0	3	0	9	0	9	5	4	0	5	4	2	0	0	0	0	0
zOTU_1857	1	1	4	0	1	4	2	0	0	3	0	4	0	0	4	3	1	0	0	12	0	8	0	1	5	2	0	7	4	0	0	0	3	2	1	1	3	11	1	2	3	7	1	0	4	1	4	0
zOTU_1858	1	1	2	1	2	1	1	0	4	3	1	3	3	2	7	1	1	0	3	0	0	3	3	1	4	7	2	5	0	1	0	0	2	2	3	0	2	0	4	2	3	0	3	1	3	4	0	0
zOTU_1859	1	1	1	0	7	1	4	0	0	1	3	2	2	1	1	0	0	3	2	0	2	1	4	5	1	2	4	1	0	2	0	0	0	1	4	0	0	5	7	5	0	0	2	3	8	3	1	1
zOTU_186	32	16	13	27	77	38	29	27	100	26	19	46	37	16	53	45	66	53	38	17	38	45	61	34	21	53	84	57	15	28	0	8	27	49	53	36	31	40	30	31	39	32	14	18	41	14	25	11
zOTU_1860	0	0	1	0	0	0	4	0	0	0	0	3	0	0	0	4	0	0	0	5	0	0	0	0	22	0	0	0	2	0	0	0	0	13	0	0	0	14	0	0	0	9	2	0	0	0	15	0
zOTU_1861	3	0	2	0	2	0	6	0	2	1	0	4	0	0	0	1	2	0	2	1	9	3	1	4	5	2	0	3	2	2	0	0	0	2	4	5	0	3	2	2	2	6	3	0	1	1	4	0
zOTU_1862	1	2	0	0	4	5	2	0	2	3	0	2	0	4	1	0	1	5	3	1	3	2	5	3	4	2	1	2	2	0	0	0	0	2	0	0	1	3	1	0	0	0	1	5	2	6	6	2
zOTU_1863	1	3	0	2	5	2	2	0	7	3	1	0	7	3	0	1	2	1	0	2	3	4	1	0	2	1	1	0	0	7	0	0	2	3	11	1	1	1	2	0	1	2	2	3	2	2	7	1
zOTU_1864	0	2	1	0	0	1	2	0	0	1	0	5	0	0	3	7	0	0	2	5	0	1	1	4	10	0	1	3	2	0	0	0	2	13	0	0	1	7	0	1	0	6	1	0	0	8	2	0
zOTU_1865	0	4	6	3	0	5	3	2	0	1	3	10	0	0	1	2	0	0	3	3	2	0	0	4	3	1	0	6	1	0	0	0	1	1	7	0	3	5	1	0	4	2	2	1	0	4	4	0
zOTU_1866	1	2	3	0	0	3	6	0	2	2	0	6	0	0	4	4	0	0	3	5	0	1	0	8	3	0	0	8	0	1	0	1	5	6	2	0	3	4	0	0	2	5	2	0	0	2	1	0
zOTU_1867	0	1	5	1	0	1	5	0	0	3	1	7	2	0	2	2	5	0	0	1	1	0	0	4	5	3	0	1	0	2	0	0	0	5	3	0	0	13	9	0	2	5	2	1	0	2	4	1
zOTU_1868	6	0	0	4	6	2	0	1	8	0	0	0	3	8	1	0	0	0	3	0	0	1	0	1	0	1	1	0	0	0	0	0	1	0	0	2	1	0	0	0	4	0	0	0	0	0	0	1
zOTU_1869	0	3	0	1	4	2	0	1	3	0	3	4	0	0	3	2	1	0	4	0	1	4	2	8	2	1	0	2	2	1	0	0	2	2	4	1	3	4	2	0	8	4	0	3	5	7	0	0
zOTU_187	23	18	38	29	88	39	46	21	33	12	49	22	44	50	59	52	94	80	51	60	8	55	39	30	17	64	70	37	59	16	0	2	49	55	94	35	62	51	31	35	32	40	42	11	11	26	19	51
zOTU_1870	2	1	7	0	2	1	2	1	4	0	3	1	1	7	4	8	3	8	2	11	1	1	0	1	1	4	1	0	5	1	0	0	0	6	13	4	2	10	3	2	2	12	3	0	1	1	3	0
zOTU_1871	3	0	0	0	5	4	7	3	1	1	1	4	1	0	2	0	3	4	0	3	1	1	2	0	2	2	2	2	0	2	0	0	2	5	2	1	0	1	0	1	3	2	1	5	8	2	5	1
zOTU_1872	2	4	2	0	0	1	1	1	1	1	2	1	4	4	1	1	2	2	2	4	2	2	4	5	1	1	2	1	1	1	0	0	1	3	3	3	1	2	3	0	4	4	0	0	6	3	0	0
zOTU_1873	0	0	2	0	0	1	0	0	0	0	0	2	0	0	3	16	0	0	12	12	0	0	0	4	0	0	0	7	6	0	0	0	5	0	0	0	2	11	0	0	2	10	3	0	0	1	0	0
zOTU_1874	1	2	0	0	5	1	0	2	12	1	1	1	1	3	2	2	3	4	3	1	2	3	2	3	1	3	2	9	3	3	0	0	3	3	6	5	2	1	2	2	3	1	0	0	5	2	0	1
zOTU_1875	2	2	1	2	0	3	2	0	2	1	1	2	0	2	5	2	0	1	0	4	2	0	4	2	4	0	3	0	4	0	0	0	0	7	2	4	3	5	3	0	0	5	3	0	0	1	4	0
zOTU_1876	1	1	0	0	0	3	3	1	1	3	0	3	1	1	2	0	2	2	4	1	9	2	1	6	7	0	0	5	0	0	0	0	5	2	7	0	4	1	1	2	4	1	2	4	2	5	1	0
zOTU_1877	2	3	2	2	3	0	0	4	3	0	2	0	4	9	3	1	1	7	7	9	1	2	1	4	3	0	7	0	5	3	0	0	4	0	8	0	8	12	1	0	3	11	3	0	0	1	4	2
zOTU_1878	1	0	0	1	3	1	0	1	0	0	2	0	0	0	0	0	6	4	3	2	13	4	27	4	0	0	7	0	0	1	0	0	4	0	8	5	0	0	0	1	1	0	1	4	2	1	0	1
zOTU_1879	0	0	0	0	0	1	3	0	0	0	0	1	4	0	2	7	2	0	2	5	2	0	0	6	6	0	0	5	0	0	0	0	3	4	2	0	2	5	0	0	1	2	4	1	0	2	19	0
zOTU_188	3	32	18	43	28	68	42	32	32	30	12	30	37	13	43	52	56	8	25	52	59	28	16	46	95	26	5	61	32	23	0	0	30	69	99	6	35	82	68	12	54	58	36	31	34	57	74	35
zOTU_1880	0	2	1	2	4	1	1	0	1	0	2	0	4	3	4	2	3	2	1	2	1	1	1	0	1	0	2	2	5	4	1	0	2	1	12	1	4	2	7	0	0	4	0	0	0	1	1	3
zOTU_1881	6	3	5	5	6	5	7	0	12	8	6	1	2	6	5	4	4	7	8	6	1	5	8	4	6	7	2	3	5	1	0	0	1	6	11	12	5	2	6	7	9	5	3	3	3	6	1	1
zOTU_1882	1	2	3	2	2	1	3	1	1	2	2	1	2	0	1	3	3	5	2	2	5	1	2	4	6	1	1	0	4	4	0	0	0	0	1	1	0	5	4	0	2	4	2	4	1	4	4	0
zOTU_1883	0	0	3	1	0	2	1	0	0	1	0	7	2	0	1	10	5	0	3	7	4	0	0	5	5	3	0	6	2	5	0	3	0	4	6	0	2	11	3	0	3	3	1	3	1	4	1	0
zOTU_1884	9	2	1	5	7	1	5	4	4	5	2	3	3	9	3	4	4	9	3	3	2	5	10	6	1	1	2	7	1	2	0	0	1	5	2	4	3	1	10	6	5	0	0	1	2	6	1	1
zOTU_1885	0	0	0	4	0	2	2	1	1	1	0	0	2	1	0	4	0	2	2	4	1	2	6	4	7	1	1	2	2	0	0	0	1	2	0	2	1	6	2	2	3	4	5	1	3	2	30	0
zOTU_1886	0	1	1	7	4	0	2	0	3	3	1	0	0	2	3	0	0	4	3	1	1	1	8	1	1	0	5	0	2	1	0	0	4	3	0	0	0	4	1	7	8	0	0	0	1	3	0	0
zOTU_1887	0	2	0	2	3	2	0	2	3	2	1	0	0	2	2	0	0	0	3	0	0	0	5	4	0	0	1	8	0	1	0	0	1	0	0	3	7	0	0	5	4	0	0	1	0	1	1	0
zOTU_1888	4	0	2	0	5	0	1	0	6	0	0	0	0	13	3	1	0	2	1	0	0	6	13	4	1	0	0	0	0	0	0	0	0	2	0	2	0	2	0	0	2	1	0	0	17	0	0	0
zOTU_1889	1	1	1	3	4	1	1	1	5	0	4	3	3	7	1	1	2	5	1	1	0	2	0	0	0	1	6	0	3	0	0	0	0	3	0	7	1	7	1	5	1	3	2	3	0	1	0	5
zOTU_189	55	35	13	65	33	61	61	29	26	31	12	27	28	20	19	18	43	19	21	18	84	24	87	44	66	37	16	52	9	28	0	0	28	65	42	19	23	36	28	26	34	20	22	67	89	42	102	17
zOTU_1890	0	3	1	3	2	2	2	3	0	1	1	1	5	3	1	4	6	0	6	5	1	0	0	1	1	0	0	1	1	0	0	0	1	3	5	1	3	10	3	1	0	8	5	6	1	5	0	3
zOTU_1891	0	1	2	0	2	2	3	1	2	0	2	4	5	2	2	0	2	4	0	2	5	0	1	0	2	2	9	2	3	0	0	0	1	5	3	3	2	5	4	0	2	7	2	0	1	1	9	2
zOTU_1892	3	1	4	2	5	2	2	3	2	3	2	0	1	1	4	2	3	2	1	3	2	3	4	2	0	0	4	2	1	1	0	0	2	1	1	3	4	1	1	0	4	2	1	4	2	3	1	0
zOTU_1893	0	1	2	1	2	1	7	1	1	1	0	5	0	1	3	6	0	2	9	2	0	0	1	2	1	0	0	13	1	0	0	0	3	4	0	0	2	5	0	1	4	6	3	0	0	1	2	0
zOTU_1894	3	0	2	1	4	0	1	3	6	0	0	1	1	2	1	0	1	2	3	1	4	6	7	2	2	0	3	2	0	1	0	0	1	0	2	3	5	1	4	2	2	0	3	2	6	2	4	0
zOTU_1895	0	1	1	3	1	4	3	2	0	2	0	1	1	0	7	0	7	0	1	2	8	0	0	0	0	1	0	0	1	0	0	0	0	3	6	1	1	4	2	1	0	0	1	10	3	3	6	2
zOTU_1896	0	0	1	0	2	1	1	0	1	0	0	0	0	0	2	3	1	1	5	10	0	1	1	1	4	0	0	0	5	0	0	0	1	5	5	5	3	6	1	2	1	4	3	0	0	3	6	0
zOTU_1897	7	0	2	0	1	1	0	1	3	1	0	3	0	2	2	0	0	8	3	3	0	2	14	0	4	0	0	0	4	1	0	0	0	4	1	1	3	0	1	5	4	3	0	0	6	1	2	3
zOTU_1898	0	0	3	3	0	1	1	3	0	0	4	0	6	0	0	4	5	0	0	1	2	0	1	3	3	3	0	2	2	3	0	0	0	4	7	0	3	5	3	0	0	1	2	3	0	0	3	3
zOTU_1899	0	1	1	0	2	6	2	0	0	1	1	1	0	0	1	2	1	1	0	2	2	1	0	2	0	1	0	1	1	4	0	0	2	0	5	1	4	8	2	0	3	5	0	0	0	3	2	0
zOTU_19	425	439	34	172	832	818	92	111	627	650	61	96	138	540	715	130	91	474	589	51	136	434	839	670	129	90	518	947	44	77	2	130	608	95	209	319	618	78	138	374	726	88	47	105	641	543	103	63
zOTU_190	29	16	14	42	98	28	24	20	56	24	16	19	31	65	43	16	30	43	31	14	32	38	81	42	26	37	46	24	5	25	2	42	28	22	50	62	51	34	36	44	39	21	13	30	87	31	22	16
zOTU_1900	0	0	0	3	1	1	0	3	4	2	3	1	2	1	0	0	1	4	6	0	6	2	2	0	6	1	2	2	0	2	0	0	0	0	9	1	3	2	4	0	1	2	0	4	1	1	1	1
zOTU_1901	0	0	1	4	4	4	1	0	3	1	1	3	3	2	4	2	6	1	1	0	10	2	4	0	4	2	1	1	0	2	0	0	2	0	0	3	3	1	4	2	0	0	0	1	2	1	7	2
zOTU_1902	0	0	0	0	0	0	3	0	0	0	0	8	0	0	4	8	0	0	3	2	2	0	0	3	9	0	0	5	2	1	0	0	0	4	0	0	0	6	0	0	2	2	4	0	0	2	13	0
zOTU_1903	0	2	0	0	3	3	0	1	0	1	0	1	1	4	2	4	1	6	3	2	1	0	0	1	1	1	0	0	0	0	0	0	2	0	7	2	3	6	2	2	3	10	1	2	0	1	3	0
zOTU_1904	0	0	0	0	4	6	6	1	1	0	1	0	2	5	2	6	2	1	1	3	5	2	0	2	4	0	0	5	0	0	0	0	3	1	3	0	1	4	1	3	4	3	2	1	0	3	13	1
zOTU_1905	18	6	8	8	35	7	4	1	14	3	10	1	6	44	13	5	10	19	6	7	12	8	17	12	21	13	23	8	5	4	0	0	11	6	22	13	16	6	8	19	15	8	9	5	7	7	24	6
zOTU_1906	2	1	0	3	1	3	3	0	3	3	0	2	2	3	5	2	3	2	1	0	7	3	2	5	5	1	1	0	1	1	0	4	2	8	1	1	1	2	0	0	1	1	0	5	3	0	4	2
zOTU_1907	2	1	0	2	7	1	0	0	3	0	0	0	1	3	2	2	1	15	4	2	1	7	0	1	0	2	13	1	0	0	0	0	3	0	2	1	2	4	0	0	0	1	2	0	0	1	3	0
zOTU_1908	0	1	0	0	2	1	2	0	0	1	0	1	3	4	2	2	5	2	1	3	4	0	0	2	6	0	0	1	4	1	0	0	1	5	7	1	0	4	4	1	1	1	0	1	1	2	5	0
zOTU_1909	0	1	0	2	1	2	2	2	5	2	0	2	5	1	1	1	1	2	1	0	4	4	5	0	2	4	2	0	0	2	0	0	2	2	7	2	1	0	3	1	2	1	1	5	3	0	1	2
zOTU_191	39	21	30	27	46	59	64	18	75	32	17	77	47	16	38	51	43	23	49	23	19	50	69	56	36	45	26	72	25	27	0	0	32	95	51	26	28	43	35	41	51	32	35	16	36	33	51	24
zOTU_1910	0	4	5	2	2	3	9	0	2	8	0	9	2	1	8	5	1	2	10	8	0	0	5	11	10	0	1	8	1	0	0	0	5	9	2	0	11	15	1	1	10	13	2	1	0	8	8	2
zOTU_1911	0	5	0	0	0	1	7	0	1	2	0	4	0	0	5	1	0	0	0	0	3	0	2	5	7	0	0	3	2	0	0	0	2	1	1	3	3	1	0	0	5	0	1	7	1	6	14	0
zOTU_1912	0	0	2	3	0	0	1	2	4	2	0	2	3	4	0	2	0	1	1	2	0	1	1	3	1	1	3	1	0	5	0	0	0	1	2	2	4	2	6	1	4	1	4	1	3	1	0	0
zOTU_1913	1	0	0	0	14	0	0	0	6	0	0	0	0	42	2	0	0	0	0	1	0	1	0	0	0	0	0	2	0	1	0	0	6	0	0	0	3	0	0	0	2	0	0	0	0	2	0	0
zOTU_1914	0	0	5	1	0	0	3	0	0	0	1	1	0	0	1	5	0	0	0	7	0	0	0	0	10	1	0	0	2	1	0	0	0	8	4	0	0	11	4	0	0	13	2	2	0	0	11	0
zOTU_1915	0	1	0	2	1	4	0	1	1	2	0	0	0	0	3	0	0	8	1	0	1	2	5	1	0	0	2	1	0	3	0	0	1	0	0	0	2	0	0	3	3	0	0	0	0	5	0	0
zOTU_1916	4	3	2	3	5	3	1	1	8	1	10	0	3	24	1	0	0	10	4	8	0	3	1	2	2	11	13	3	5	2	0	0	11	3	5	5	7	2	1	1	1	0	2	0	1	0	1	8
zOTU_1917	0	1	0	0	8	0	0	3	1	0	0	0	1	8	2	2	1	18	2	4	0	8	1	0	0	0	8	0	0	0	0	0	1	0	4	0	1	0	1	1	0	4	0	0	4	0	0	0
zOTU_1918	0	0	0	0	0	0	6	0	0	0	0	6	0	0	0	6	0	0	0	13	0	0	0	0	22	0	0	0	5	0	0	0	0	11	0	0	0	12	0	0	0	4	5	0	0	0	5	0
zOTU_1919	0	0	0	2	0	2	1	0	0	1	0	4	0	0	3	2	4	0	1	0	19	0	0	1	5	3	0	3	3	5	0	0	1	8	8	0	0	1	2	0	0	3	1	2	0	3	6	0
zOTU_192	54	26	35	16	28	69	71	22	53	31	15	26	35	17	21	13	58	29	25	44	38	32	125	52	85	45	31	83	25	16	0	0	30	78	44	35	20	47	26	63	20	28	18	21	42	38	37	27
zOTU_1920	2	1	1	0	0	5	0	0	2	2	0	6	0	2	5	3	0	2	6	2	0	3	3	9	1	0	0	7	0	0	0	0	1	4	0	3	2	3	0	3	5	1	0	0	2	1	6	0
zOTU_1921	2	4	0	0	4	2	2	0	2	1	1	0	1	0	2	1	0	1	2	5	1	2	1	3	2	0	5	3	5	1	0	0	1	3	6	0	1	0	15	1	2	0	0	5	5	3	8	2
zOTU_1922	2	1	2	1	3	0	1	0	6	2	1	4	0	2	4	3	2	5	2	1	1	0	3	2	1	2	6	1	0	1	0	0	1	5	2	2	0	3	1	2	2	3	0	4	1	0	1	0
zOTU_1923	1	3	1	4	6	1	0	0	5	1	1	0	1	6	2	3	0	3	1	2	2	3	0	1	2	1	2	6	1	1	0	1	6	1	5	5	5	2	1	2	5	1	0	5	2	1	2	2
zOTU_1924	0	2	2	0	0	5	9	0	0	1	0	6	0	0	1	3	0	0	0	2	0	0	0	8	8	0	0	5	3	0	0	2	2	2	0	0	0	0	0	1	2	6	4	0	0	7	19	0
zOTU_1925	0	0	1	0	0	0	1	0	0	1	0	3	0	1	2	9	1	0	5	3	2	0	1	6	9	1	0	2	2	0	0	0	0	7	1	0	4	6	0	0	5	1	0	0	1	1	7	0
zOTU_1926	0	1	1	0	9	1	0	0	4	0	0	0	0	18	1	4	0	8	2	0	0	5	1	0	1	1	5	1	0	0	0	0	2	0	0	3	1	1	1	6	1	1	0	0	1	0	1	0
zOTU_1927	0	1	0	5	0	2	3	3	0	1	5	1	1	1	0	0	0	0	9	1	2	0	0	6	2	0	0	10	0	5	0	0	4	2	6	0	7	0	4	0	5	5	2	4	0	4	3	2
zOTU_1928	1	4	1	2	2	1	0	0	2	1	0	1	3	2	5	1	2	10	0	1	1	3	6	0	1	2	2	1	0	0	0	0	2	1	1	4	1	2	0	7	2	1	0	2	6	2	1	1
zOTU_1929	0	0	4	1	0	2	7	0	0	0	0	9	0	0	1	7	0	0	3	10	0	0	0	2	7	0	0	1	8	0	0	0	0	13	0	0	0	4	0	0	0	2	5	0	1	0	10	0
zOTU_193	18	23	20	51	44	80	79	47	24	33	29	33	40	34	60	62	99	32	59	49	25	22	63	78	53	72	39	63	29	66	1	23	30	71	184	25	41	32	126	34	53	32	26	24	21	44	19	23
zOTU_1930	0	1	3	1	1	2	3	0	0	1	4	3	1	0	1	1	1	0	7	6	1	1	0	12	1	1	0	6	1	1	0	0	0	4	7	0	4	3	3	0	3	5	1	1	0	2	1	1
zOTU_1931	0	1	4	0	0	2	4	1	0	4	2	4	3	0	2	4	7	0	2	1	6	1	0	3	7	4	0	5	1	1	0	0	2	3	5	0	1	2	0	0	0	1	2	0	0	2	4	0
zOTU_1932	3	4	0	0	1	0	1	0	0	0	2	1	2	4	3	1	2	4	1	1	0	0	1	3	0	0	2	2	0	2	0	0	3	3	5	2	2	4	1	3	2	3	1	1	2	1	1	1
zOTU_1933	0	0	0	1	10	0	0	0	7	1	2	2	1	3	1	1	2	6	0	1	0	5	12	2	0	1	5	1	0	1	0	0	0	1	0	7	1	3	0	4	0	2	0	0	5	0	0	0
zOTU_1934	3	1	1	1	7	3	1	2	2	0	3	0	2	1	2	0	3	7	0	0	1	2	5	1	2	2	2	1	2	1	0	0	0	2	2	7	1	1	4	2	1	0	1	0	5	4	1	0
zOTU_1935	0	2	2	1	0	2	1	0	0	0	2	2	5	0	4	2	2	1	1	3	0	0	0	3	3	1	0	4	4	3	0	0	5	2	6	0	5	3	2	0	4	3	4	0	0	1	1	0
zOTU_1936	1	3	2	1	2	1	2	0	4	1	1	0	0	0	2	1	0	2	5	1	4	1	3	4	0	0	0	5	2	0	0	0	2	3	1	1	4	0	1	1	5	1	1	2	7	8	3	0
zOTU_1937	0	4	0	0	0	5	0	0	0	3	1	1	0	0	2	0	4	0	2	1	1	0	0	1	2	1	0	3	1	2	0	0	3	0	14	0	7	2	4	0	9	2	1	0	0	3	1	0
zOTU_1938	3	0	0	0	8	1	0	0	0	0	0	0	2	1	0	0	4	7	2	0	6	4	10	3	0	3	3	1	0	2	0	9	0	0	1	2	2	0	2	0	0	0	0	1	4	0	2	0
zOTU_1939	2	2	0	1	1	4	2	0	1	0	2	1	0	5	2	1	1	3	5	1	3	1	7	1	5	1	3	5	2	2	0	0	2	2	2	1	3	1	0	0	0	0	3	3	3	1	5	1
zOTU_194	19	42	49	39	46	9	62	10	54	7	11	74	13	28	8	79	34	99	35	102	15	19	58	27	64	18	42	46	66	11	0	0	30	89	26	8	26	139	8	5	23	85	41	15	14	53	26	6
zOTU_1940	0	0	5	0	0	0	3	0	0	0	0	14	0	0	0	8	1	0	0	3	3	0	0	0	6	0	0	0	4	1	0	0	0	11	1	0	1	10	1	0	0	7	2	2	0	0	4	1
zOTU_1941	0	2	3	4	0	0	3	1	0	0	6	3	7	0	0	1	1	0	0	7	2	0	0	1	6	4	0	2	2	2	0	0	0	8	2	0	0	2	2	0	1	4	2	3	0	3	5	2
zOTU_1942	3	1	0	3	5	1	1	3	5	4	1	0	3	2	4	0	0	2	2	0	3	4	6	4	0	2	3	1	2	1	0	0	2	0	4	2	2	0	1	1	5	0	0	2	3	4	0	2
zOTU_1943	0	3	0	3	0	5	4	2	0	1	2	9	4	0	1	4	1	0	6	5	4	0	0	4	0	3	0	5	0	1	0	0	0	3	10	0	2	3	2	0	2	6	1	5	1	1	1	1
zOTU_1944	0	0	4	1	1	2	5	4	2	1	0	7	0	1	3	4	1	1	0	2	1	1	4	1	8	0	1	1	4	0	0	0	0	4	0	1	2	3	0	0	3	8	3	1	1	2	6	1
zOTU_1945	12	2	4	13	10	7	6	6	9	3	4	1	8	11	0	6	5	8	2	0	8	4	10	4	3	3	7	3	2	0	0	0	3	4	5	11	10	5	4	5	5	2	2	4	7	2	1	6
zOTU_1946	1	2	0	0	0	2	3	1	1	1	0	3	1	1	1	5	2	2	1	0	2	3	3	2	7	0	0	1	1	1	0	0	3	5	5	1	1	4	1	0	3	4	2	2	0	2	6	0
zOTU_1947	3	0	2	0	3	0	2	1	3	0	1	2	0	7	1	0	4	1	6	2	2	3	2	6	3	0	0	3	1	0	0	0	2	1	0	0	1	3	3	2	6	0	1	1	4	4	1	0
zOTU_1948	6	0	0	0	16	0	0	0	10	0	0	0	0	32	0	0	0	1	0	0	0	3	3	0	0	0	0	0	0	0	0	0	0	0	0	2	0	0	0	0	0	0	0	0	2	0	0	0
zOTU_1949	0	1	0	2	7	0	0	1	0	0	0	1	2	0	0	1	1	5	3	4	0	3	7	4	2	1	1	3	1	1	0	0	1	3	0	3	0	2	0	1	1	3	1	3	13	0	2	1
zOTU_195	23	28	31	23	58	47	49	39	74	51	20	98	36	42	45	67	47	39	45	41	60	64	131	73	143	28	24	83	41	41	1	1	37	158	55	24	30	87	45	49	53	55	38	70	121	46	177	18
zOTU_1950	1	3	0	1	2	0	0	0	1	2	2	3	1	5	3	0	2	2	2	1	1	0	7	6	4	0	1	1	1	0	0	0	2	5	2	2	3	2	2	3	3	2	1	1	1	2	7	0
zOTU_1951	0	3	0	5	4	1	3	6	3	1	0	1	3	1	0	1	0	0	0	1	0	1	5	2	7	2	0	1	1	2	0	0	0	2	3	0	1	1	0	3	1	0	0	2	6	2	7	1
zOTU_1952	0	0	0	3	4	1	2	2	2	1	2	1	1	6	4	0	0	4	3	0	2	1	3	3	1	1	2	0	0	0	0	0	1	0	3	0	3	2	6	5	2	1	1	1	0	1	1	0
zOTU_1953	2	3	0	2	1	2	1	1	2	3	0	3	0	1	5	2	3	2	3	2	1	1	1	1	4	3	0	4	1	0	0	0	0	1	1	0	3	3	1	0	0	1	0	6	3	4	5	0
zOTU_1954	3	0	0	0	3	1	1	1	6	2	0	1	2	5	8	1	3	1	2	2	2	9	1	2	1	2	0	2	3	0	0	0	2	2	3	2	9	0	0	1	2	5	2	1	4	1	2	0
zOTU_1955	0	0	0	1	0	0	0	0	0	0	1	0	6	0	0	0	11	0	0	1	1	0	0	0	0	15	0	0	2	3	0	0	0	0	25	0	0	1	11	0	1	0	0	0	0	0	0	0
zOTU_1956	2	0	0	0	3	0	0	0	0	0	0	0	1	6	0	1	1	7	1	9	0	5	2	1	0	1	4	2	1	1	0	0	1	1	2	0	7	10	1	2	3	17	0	0	1	1	0	1
zOTU_1957	2	3	1	0	2	4	3	0	0	1	0	2	0	2	2	2	0	1	0	0	2	2	6	4	8	0	1	2	1	1	0	0	6	7	0	0	1	1	1	1	5	0	3	3	4	4	10	0
zOTU_1958	4	0	0	1	8	3	0	1	3	1	1	0	1	5	2	3	3	7	0	2	0	3	2	0	0	9	4	0	0	6	0	5	1	3	4	7	0	4	0	2	0	1	2	0	3	1	1	0
zOTU_1959	1	0	1	2	3	2	3	4	4	1	0	0	4	6	3	1	1	1	2	1	1	0	9	6	4	1	0	1	0	1	0	0	2	2	0	1	4	2	1	3	1	0	1	3	7	1	1	1
zOTU_196	20	27	27	28	35	49	31	8	19	10	20	23	29	29	69	56	118	71	40	59	11	37	16	25	10	73	27	35	26	32	1	0	40	66	65	9	54	72	33	16	54	75	29	6	14	25	16	25
zOTU_1960	3	3	0	2	2	0	0	1	2	0	2	0	0	2	1	0	0	2	1	0	1	1	0	6	3	1	1	1	1	1	0	0	2	0	1	7	1	3	3	2	3	2	0	1	3	1	4	1
zOTU_1961	1	3	1	0	2	0	6	0	2	3	0	4	0	3	6	6	0	0	2	2	0	0	1	4	3	0	0	3	1	0	0	0	0	5	0	2	5	2	0	0	1	9	1	0	1	1	0	0
zOTU_1962	3	2	0	0	2	0	1	2	0	1	0	2	1	2	4	0	1	4	2	1	3	6	5	1	2	0	1	0	0	1	0	0	0	4	0	0	4	3	0	2	0	1	2	3	6	1	2	1
zOTU_1963	0	0	0	0	8	0	2	0	3	1	1	0	0	10	4	0	1	0	3	1	1	3	1	3	0	0	4	1	0	0	0	0	1	0	2	7	1	0	1	3	1	1	0	0	5	0	0	0
zOTU_1964	0	3	1	0	0	3	7	0	0	3	2	7	1	0	1	4	2	0	1	5	3	0	0	2	6	0	0	0	3	1	0	0	0	7	4	0	1	14	4	0	3	2	5	1	0	1	8	1
zOTU_1965	0	0	1	0	0	1	5	1	0	0	0	5	0	0	0	2	1	1	0	7	1	1	0	2	3	1	0	1	6	0	0	0	0	8	4	1	0	4	3	0	2	8	6	0	0	2	5	0
zOTU_1966	4	2	1	2	1	2	3	4	6	6	4	0	2	1	3	10	5	0	5	2	1	2	3	6	6	3	1	7	3	2	0	0	3	5	10	3	5	7	6	3	3	3	6	2	2	3	2	1
zOTU_1967	1	0	2	1	0	0	1	1	2	0	0	1	0	0	0	2	4	1	0	0	5	0	2	0	2	6	0	1	2	1	0	0	0	11	8	0	0	6	1	2	0	9	1	1	3	0	1	0
zOTU_1968	5	0	0	0	4	0	0	0	9	0	0	0	0	3	1	0	6	10	3	0	0	10	4	2	0	1	4	0	0	0	0	0	0	0	4	4	0	0	4	5	1	0	0	0	4	1	0	1
zOTU_1969	3	0	1	1	8	0	5	0	6	0	1	5	5	2	0	1	2	4	0	4	0	2	5	0	0	0	2	0	0	2	0	3	0	0	1	6	0	3	2	5	0	1	2	0	3	1	1	1
zOTU_197	26	29	13	30	45	22	36	24	34	37	16	35	38	30	41	11	21	57	47	22	53	44	94	73	47	32	24	62	15	17	0	4	21	38	52	23	40	41	41	19	42	45	12	58	63	54	42	9
zOTU_1970	0	1	3	0	0	0	3	0	0	0	0	4	1	0	0	21	1	0	0	5	5	0	0	1	6	1	0	1	0	0	0	0	1	2	1	0	0	3	3	0	0	4	2	1	0	0	15	0
zOTU_1971	1	3	1	3	1	2	1	1	3	3	4	5	1	3	3	2	1	2	4	0	2	1	9	4	0	1	0	4	0	1	0	0	3	3	11	1	2	3	1	2	1	0	0	6	2	1	0	1
zOTU_1972	2	2	0	0	0	5	3	1	1	0	0	1	0	1	2	0	6	0	2	1	3	0	2	2	2	1	1	10	2	1	0	0	2	3	2	3	2	0	1	2	2	2	0	1	6	5	3	0
zOTU_1973	0	0	1	1	0	1	2	0	0	0	3	0	1	0	1	1	7	0	1	1	9	0	0	0	0	4	0	0	0	8	0	0	0	1	19	0	2	1	12	0	0	0	0	4	0	2	2	1
zOTU_1974	0	1	3	0	0	1	1	1	1	2	0	4	0	0	4	12	1	0	8	7	1	0	0	2	9	2	0	2	6	0	0	0	0	8	0	0	1	8	1	1	1	4	0	0	0	1	2	2
zOTU_1975	3	0	2	1	8	0	0	4	2	0	1	0	5	15	0	0	3	4	1	0	0	2	1	1	0	2	8	4	0	0	0	0	0	1	5	7	0	1	2	10	0	3	0	1	1	0	0	0
zOTU_1976	1	0	1	0	3	1	2	1	2	0	0	1	0	2	2	1	2	1	2	2	1	2	3	2	7	0	4	1	6	1	0	0	0	4	2	1	2	5	4	0	0	2	1	1	4	0	5	0
zOTU_1977	0	3	1	4	0	5	4	3	0	1	1	2	0	0	1	4	2	0	3	1	0	0	0	6	2	2	0	1	3	4	1	0	1	3	4	0	3	4	2	0	2	1	1	3	0	3	2	2
zOTU_1978	0	0	0	2	0	2	6	3	0	1	0	3	3	0	4	5	3	0	1	1	1	0	0	2	1	2	0	1	3	0	0	0	1	7	3	0	1	6	4	0	6	5	2	4	0	0	1	0
zOTU_1979	5	2	4	5	7	1	1	0	8	2	1	2	2	9	4	1	1	2	3	0	2	6	11	1	1	3	3	3	0	3	0	0	2	4	4	8	6	0	4	4	3	2	1	4	8	8	1	1
zOTU_198	5	21	6	17	234	15	6	5	26	2	19	1	19	125	24	13	41	34	50	79	7	6	3	21	11	21	111	20	7	17	0	0	40	7	434	35	67	4	94	25	26	4	4	2	4	40	3	82
zOTU_1980	1	2	0	0	6	0	0	1	1	1	0	1	3	2	4	2	4	1	4	4	2	5	1	1	1	0	1	3	0	0	0	0	1	1	0	1	2	2	1	1	1	2	1	0	4	3	2	1
zOTU_1981	5	1	0	1	10	0	0	0	9	0	1	1	6	4	2	0	2	9	2	0	0	4	13	0	0	0	5	1	0	4	0	0	1	0	2	5	0	1	0	4	0	0	0	4	2	0	0	1
zOTU_1982	0	1	2	5	0	0	0	1	2	0	3	1	6	0	0	0	3	0	2	1	6	3	1	4	2	4	2	3	0	3	0	0	0	7	2	0	1	4	3	0	2	1	2	4	1	0	0	1
zOTU_1983	0	2	1	4	0	5	1	1	0	2	0	0	3	0	2	1	0	0	4	0	1	2	0	9	0	0	1	8	0	2	0	0	3	0	1	0	7	0	1	1	4	0	1	0	3	0	0	0
zOTU_1984	0	1	1	0	0	2	0	0	0	0	0	1	0	1	5	0	0	0	1	1	0	0	2	2	0	0	1	1	0	3	0	1	1	0	26	9	14	0	1	0	10	1	1	0	0	0	0	0
zOTU_1985	4	0	0	0	2	2	0	0	2	0	1	0	0	8	1	0	0	4	0	0	0	6	6	2	0	2	3	2	0	0	0	0	1	0	1	6	2	0	0	6	2	0	0	0	2	0	0	0
zOTU_1986	5	1	2	0	12	0	0	0	4	0	2	0	0	4	2	2	0	2	2	1	0	7	0	1	2	1	0	3	1	0	0	0	2	2	1	1	0	2	0	0	2	2	1	1	4	0	2	2
zOTU_1987	0	2	3	1	1	0	5	3	3	3	0	7	1	1	1	3	0	3	2	3	2	0	2	0	4	3	1	3	1	0	0	0	0	4	3	2	0	7	6	1	2	2	2	4	2	1	1	0
zOTU_1988	2	2	4	0	2	2	6	0	0	3	1	6	0	2	6	5	1	0	3	6	1	0	2	5	1	3	3	10	1	0	0	0	5	5	2	1	2	3	0	1	2	6	2	2	0	5	5	1
zOTU_1989	0	0	0	0	1	1	3	0	0	0	0	1	0	0	0	5	0	0	1	17	0	0	0	2	4	0	0	0	5	0	0	1	1	12	0	0	0	21	0	0	2	11	1	0	0	0	6	0
zOTU_199	20	20	73	11	35	12	77	15	35	13	13	81	21	9	32	74	36	35	50	65	20	35	39	74	83	24	12	50	42	16	0	0	31	118	52	33	37	116	28	26	55	79	50	24	28	26	102	1
zOTU_1990	3	3	2	0	2	1	0	3	1	1	0	3	2	3	3	0	0	3	5	2	1	2	1	10	0	1	4	6	1	0	0	0	4	2	2	4	5	1	2	2	8	1	0	0	1	4	0	0
zOTU_1991	10	4	2	8	10	4	1	4	4	3	2	1	6	7	2	1	3	5	2	0	1	9	11	0	1	3	5	6	1	1	0	1	1	4	2	6	0	1	3	5	1	0	0	2	8	2	0	0
zOTU_1992	9	15	10	4	24	6	5	4	16	10	7	4	8	12	11	7	6	10	11	12	5	6	8	18	5	9	6	7	2	1	0	0	9	6	12	14	9	6	11	13	18	11	4	6	6	8	12	7
zOTU_1993	3	0	0	3	2	1	0	1	2	1	1	0	0	5	4	0	4	3	1	1	0	2	4	1	1	0	4	0	1	2	0	0	0	0	5	2	3	1	3	5	0	1	0	1	3	1	0	2
zOTU_1994	3	2	2	6	3	2	0	2	2	0	0	1	0	1	3	0	3	1	5	0	0	3	1	3	1	5	0	4	0	1	0	0	1	5	2	0	2	1	5	0	3	1	2	0	4	1	1	1
zOTU_1995	0	0	1	0	4	3	5	0	2	0	0	1	0	0	2	2	2	0	2	4	0	2	1	1	2	0	0	4	0	1	0	0	2	1	4	0	0	6	2	1	1	0	1	0	10	9	1	1
zOTU_1996	0	0	0	0	1	1	0	0	0	0	0	1	1	4	3	2	0	1	0	0	0	0	6	2	1	0	1	1	1	0	0	0	2	4	0	0	5	6	0	1	2	2	1	4	1	3	9	1
zOTU_1997	0	0	2	0	0	0	4	0	0	0	0	3	4	0	1	4	0	0	0	1	0	0	1	3	10	1	0	0	2	1	0	0	0	10	1	0	0	6	0	0	1	1	0	8	0	1	12	0
zOTU_1998	0	1	3	1	0	1	5	1	0	1	0	3	1	0	2	7	2	0	4	0	2	0	0	10	6	1	2	5	2	0	0	0	2	6	2	1	3	0	0	1	4	1	1	1	1	2	3	1
zOTU_1999	2	1	1	0	3	3	3	1	3	2	0	1	4	2	2	3	1	1	3	1	0	1	1	6	3	1	1	1	0	3	0	0	0	4	9	0	1	3	4	1	1	1	3	2	0	1	5	0
zOTU_2	935	1296	984	1830	1853	1765	1781	968	2130	1738	887	1903	1433	1537	1878	1639	1084	1360	1710	1061	1759	1113	4650	2337	1802	1005	1938	2742	694	1144	5	157	1566	1908	1654	1311	1952	1698	1028	1688	2215	1305	887	1415	2226	1579	2172	867
zOTU_20	218	295	257	398	479	331	458	236	438	430	203	473	338	247	485	300	385	349	399	408	543	315	583	497	579	342	254	641	227	277	2	7	247	623	722	301	444	654	471	260	512	417	167	340	532	642	489	144
zOTU_200	105	135	173	195	169	169	157	107	210	150	145	188	189	244	207	170	112	129	184	107	84	102	215	199	116	159	129	287	117	50	2	1	113	214	191	107	210	202	110	154	273	159	71	140	99	123	91	95
zOTU_2000	1	2	0	2	4	6	8	1	1	2	1	1	2	1	2	0	3	0	5	1	3	1	5	2	1	0	0	0	0	0	0	0	1	1	0	0	1	0	0	0	0	0	1	3	5	7	1	4
zOTU_2001	1	0	1	2	7	1	0	0	6	5	0	0	2	2	2	0	3	4	2	2	0	5	5	8	1	1	0	1	0	1	0	0	1	0	4	5	2	0	1	6	8	0	0	1	1	2	0	0
zOTU_2002	1	0	3	1	3	0	1	2	3	0	4	6	1	0	2	3	0	2	1	3	0	1	3	2	3	3	1	1	1	0	0	0	1	3	5	1	1	2	1	5	1	0	0	0	0	2	3	1
zOTU_2003	3	1	1	2	2	0	1	0	2	2	2	0	0	1	5	1	3	4	2	1	1	0	3	1	1	2	2	4	1	0	0	0	4	3	1	5	3	1	4	2	6	0	2	1	1	3	2	0
zOTU_2004	1	0	1	0	0	1	3	1	2	2	1	1	1	2	1	0	2	2	3	1	1	0	5	3	0	0	1	3	2	0	0	0	2	2	3	4	6	1	1	0	6	0	2	1	2	3	1	0
zOTU_2005	0	1	1	0	0	1	1	0	2	0	0	7	0	3	8	5	0	0	3	2	0	0	2	6	1	0	2	3	0	0	0	0	1	5	0	5	10	1	0	4	3	4	1	0	0	2	1	0
zOTU_2006	1	1	2	0	4	0	5	0	3	5	1	5	0	1	5	7	2	1	7	5	1	2	2	6	11	2	1	2	4	2	0	0	2	8	3	0	3	8	3	0	6	7	3	0	1	5	4	0
zOTU_2007	0	0	0	0	2	3	0	1	1	4	2	2	1	1	5	0	1	1	7	0	0	1	0	7	0	0	1	11	0	0	0	0	0	2	0	1	2	1	0	0	7	2	0	2	2	7	2	0
zOTU_2008	3	0	0	6	2	0	3	5	3	2	2	3	6	0	5	0	0	0	1	2	9	0	3	1	8	3	2	2	1	3	0	0	1	8	3	1	4	2	4	5	1	3	3	2	4	1	11	3
zOTU_2009	0	0	4	0	0	0	4	0	0	0	0	1	0	0	0	5	0	0	1	6	0	0	0	1	8	0	0	0	0	0	0	0	2	10	0	0	1	6	0	0	2	6	6	0	0	1	16	0
zOTU_201	41	24	14	21	86	49	28	25	66	24	16	27	42	77	41	43	26	84	46	31	4	35	82	77	19	25	60	80	18	18	0	1	32	36	31	55	50	25	19	55	60	18	24	9	36	49	21	8
zOTU_2010	5	0	0	0	10	0	0	0	8	0	0	0	0	3	0	0	0	4	0	0	0	2	2	0	0	0	1	0	0	0	0	0	0	1	0	1	0	0	0	0	0	0	0	0	0	0	0	0
zOTU_2011	1	4	1	2	8	0	4	0	6	3	1	0	2	5	2	1	2	4	3	0	0	3	2	0	0	0	1	1	0	2	0	0	2	0	4	2	2	0	3	0	3	0	1	1	2	1	0	1
zOTU_2012	2	0	0	1	3	0	3	1	2	1	0	1	0	0	0	2	2	10	3	1	1	0	8	2	10	2	0	3	1	1	0	0	2	7	0	0	2	2	2	1	2	2	1	2	3	2	2	1
zOTU_2013	4	1	1	4	3	4	2	0	5	2	3	1	1	3	4	3	1	2	8	2	1	3	3	1	2	3	1	6	1	1	0	0	0	4	1	1	2	6	2	3	2	1	0	0	3	5	3	0
zOTU_2014	2	0	0	3	2	0	1	3	5	0	0	0	5	3	0	2	2	4	1	0	1	4	2	2	3	1	4	0	2	1	0	0	2	0	3	0	2	1	0	4	3	0	1	2	4	2	0	1
zOTU_2015	1	1	0	4	3	1	2	5	2	0	1	1	1	2	1	2	4	5	2	2	3	1	5	2	3	4	3	2	0	1	0	0	0	2	1	0	0	0	1	0	5	1	1	5	6	3	4	0
zOTU_2016	0	0	1	0	0	0	1	0	0	1	0	0	0	0	1	1	0	0	8	0	0	0	0	6	0	0	0	6	0	0	0	0	2	0	0	0	11	0	0	0	13	0	2	0	0	0	0	0
zOTU_2017	1	1	0	1	0	2	1	1	1	1	0	0	0	0	1	0	2	4	2	2	6	1	4	2	0	1	2	6	0	1	0	0	2	0	4	1	5	2	3	3	4	0	0	0	2	3	1	0
zOTU_2018	0	1	2	0	0	1	4	0	0	1	1	1	0	0	2	1	0	0	0	2	0	0	0	0	15	0	0	0	3	0	0	0	1	4	0	0	0	6	0	0	1	7	0	0	0	2	28	0
zOTU_2019	0	1	2	13	0	0	0	7	0	0	1	0	3	0	2	3	3	0	2	4	0	0	0	1	0	1	0	0	0	1	0	0	0	1	7	0	2	2	2	0	1	0	0	1	0	0	0	29
zOTU_202	25	49	9	81	132	63	12	34	78	9	42	0	40	62	93	20	15	54	87	15	1	37	12	71	0	33	63	53	15	34	2	1	78	5	68	49	121	24	28	39	136	10	9	3	6	28	2	43
zOTU_2020	6	3	1	4	4	1	0	0	1	1	3	0	1	5	5	4	1	4	7	1	0	5	6	2	0	2	3	3	0	2	0	0	1	1	3	4	0	1	5	10	8	1	0	5	2	2	2	0
zOTU_2021	1	4	0	2	5	2	0	0	5	2	2	2	0	0	2	0	1	6	1	0	0	0	6	2	0	1	5	0	0	1	0	0	0	1	1	4	2	1	1	0	5	0	0	1	3	1	1	0
zOTU_2022	0	0	1	5	3	0	1	2	1	1	2	0	1	1	3	1	2	1	4	1	1	0	3	9	1	2	1	5	1	0	0	0	1	0	1	1	4	2	4	0	4	1	1	0	1	1	1	0
zOTU_2023	1	1	0	3	3	0	0	2	1	5	2	0	0	6	3	0	1	2	4	0	2	1	2	6	0	1	0	2	0	0	0	1	1	0	4	2	4	0	4	6	4	0	0	1	2	1	0	2
zOTU_2024	0	0	0	0	0	2	1	0	0	1	1	0	0	0	1	0	6	0	0	0	16	0	1	3	2	0	0	0	0	1	0	0	2	7	1	0	0	0	3	0	0	1	1	5	0	5	2	0
zOTU_2025	0	5	0	0	0	7	0	0	0	3	0	0	0	0	3	0	0	0	6	1	0	0	0	9	0	0	0	6	0	0	0	0	4	1	0	0	7	0	0	0	4	0	0	0	0	11	0	0
zOTU_2026	0	1	2	2	1	0	4	0	2	0	1	3	1	0	2	1	2	3	3	4	2	1	4	6	1	0	1	5	0	0	0	0	2	9	3	0	2	5	2	1	3	2	0	0	2	4	1	0
zOTU_2027	2	2	0	3	2	1	2	1	0	7	0	2	3	0	2	2	0	0	4	1	3	1	3	2	2	0	0	2	1	1	0	0	2	2	0	3	4	0	0	3	3	0	0	2	3	8	4	1
zOTU_2028	0	0	2	3	0	0	3	0	1	4	2	3	1	0	1	2	2	0	3	1	1	0	0	5	6	3	0	4	1	0	0	0	0	3	1	0	3	8	2	0	6	6	1	5	0	3	4	1
zOTU_2029	1	3	0	0	0	7	0	0	0	3	0	0	0	1	8	0	0	0	8	2	0	0	0	7	0	0	0	4	3	0	0	0	11	3	0	1	10	6	0	1	16	1	0	0	0	4	0	0
zOTU_203	3	19	25	14	9	45	84	5	7	41	3	124	9	13	40	83	16	8	28	22	39	3	19	36	122	16	2	61	32	4	0	0	31	132	17	8	29	78	12	5	46	74	55	27	19	43	222	1
zOTU_2030	1	2	0	0	1	0	0	1	4	0	0	0	1	11	1	0	0	6	0	0	3	1	6	0	1	1	4	1	0	0	0	0	0	0	0	4	2	1	0	4	1	0	0	1	13	3	1	0
zOTU_2031	1	4	0	1	2	3	4	3	4	0	0	0	2	0	2	0	2	1	2	1	1	1	5	1	0	0	1	1	0	1	0	0	3	0	0	1	2	0	1	3	2	1	0	2	3	2	1	0
zOTU_2032	1	5	2	1	7	1	0	2	3	4	0	0	1	0	9	0	3	5	3	0	0	0	5	3	0	1	4	4	0	0	0	0	1	1	5	3	3	0	0	1	3	0	0	3	1	5	1	1
zOTU_2033	0	0	1	1	0	2	1	2	0	1	1	0	4	0	5	5	6	0	1	3	9	0	0	1	2	2	0	3	0	2	0	0	0	0	5	0	5	2	0	0	1	3	1	0	0	5	8	1
zOTU_2034	2	0	0	0	5	2	1	0	4	1	2	2	0	4	3	1	3	4	3	1	0	0	2	1	0	0	4	1	0	0	0	0	1	2	4	2	0	1	3	1	1	1	2	2	3	3	0	0
zOTU_2035	0	2	3	2	3	0	2	0	3	10	0	6	4	1	6	2	0	1	5	0	0	2	0	2	3	0	0	4	0	2	0	0	0	2	4	1	1	1	1	1	6	3	0	0	0	4	2	0
zOTU_2036	2	0	0	1	0	0	1	1	1	1	1	1	3	5	0	0	0	4	1	0	1	2	1	2	5	1	0	3	0	0	0	0	0	1	0	4	0	2	1	2	1	2	1	1	6	4	7	1
zOTU_2037	0	3	1	0	1	4	2	0	0	1	0	1	0	1	2	1	0	0	3	4	4	0	0	5	5	0	1	4	3	2	0	0	2	7	1	3	0	2	0	4	3	2	0	3	1	6	1	0
zOTU_2038	1	2	0	2	4	1	1	2	7	1	1	1	4	9	2	2	2	6	2	1	0	4	1	1	0	2	2	1	2	1	0	1	2	1	5	0	4	7	1	0	1	3	1	1	2	3	0	3
zOTU_2039	0	3	1	0	3	1	1	0	1	0	0	0	0	3	3	1	0	2	3	0	0	1	6	5	0	0	4	8	0	0	1	0	5	0	0	3	1	0	0	2	3	0	0	0	0	8	1	0
zOTU_204	37	32	8	51	126	24	18	30	91	23	30	11	62	33	62	18	21	78	41	10	22	65	63	50	18	22	49	58	11	23	1	0	39	31	63	74	55	38	40	49	81	21	12	23	35	43	13	22
zOTU_2040	6	2	0	0	6	4	3	1	0	2	1	2	0	0	0	1	0	0	2	3	2	0	3	2	2	0	2	2	2	0	0	0	4	1	0	1	2	1	0	3	1	1	1	1	3	5	5	0
zOTU_2041	0	0	0	1	1	2	4	0	1	1	0	0	0	1	5	2	1	0	4	3	2	0	0	2	1	1	0	2	1	0	0	0	4	1	1	1	6	7	4	1	1	3	2	2	0	4	6	0
zOTU_2042	1	0	0	1	19	0	0	0	4	0	1	0	1	0	0	0	2	13	0	0	1	5	8	0	0	2	7	0	0	0	0	0	0	0	0	4	0	0	0	0	0	0	0	0	7	0	0	0
zOTU_2043	0	0	1	1	0	0	6	0	0	0	0	6	0	0	0	1	0	0	0	9	0	0	0	0	20	0	0	0	8	0	0	0	0	14	0	0	0	6	0	0	0	3	1	0	0	0	7	0
zOTU_2044	1	1	2	0	0	1	8	0	0	0	0	5	0	0	0	6	0	0	0	10	0	0	0	4	5	0	0	0	5	0	0	0	0	9	0	0	0	11	0	0	0	0	3	0	0	0	8	0
zOTU_2045	1	0	2	0	0	0	3	0	0	0	0	5	0	0	0	8	0	0	0	8	0	0	0	0	21	0	0	0	4	0	0	0	0	11	0	0	0	13	0	0	0	8	5	0	0	0	9	0
zOTU_2046	1	2	0	1	1	3	5	1	0	1	3	5	0	0	2	6	2	0	2	3	0	1	0	6	1	1	0	6	3	3	0	0	1	0	0	0	3	6	0	1	2	1	4	0	0	2	6	1
zOTU_2047	1	1	0	6	3	3	0	2	3	1	7	0	4	5	3	1	7	2	1	2	0	3	2	3	2	5	4	7	0	2	0	0	3	2	6	3	3	1	4	4	2	1	0	3	0	0	0	1
zOTU_2048	6	0	0	0	1	0	3	1	1	1	0	1	2	2	2	2	1	4	0	1	3	2	7	0	1	2	3	0	0	2	0	0	1	3	2	3	0	0	0	5	2	0	0	1	5	2	1	0
zOTU_2049	1	1	3	1	2	0	4	1	6	0	0	3	2	3	0	1	4	1	1	1	0	3	5	0	5	1	0	3	0	2	0	0	1	6	2	0	1	1	0	2	3	2	0	3	3	4	7	0
zOTU_205	35	31	24	59	66	28	40	31	38	32	32	55	55	43	48	37	62	59	47	37	68	30	98	45	32	42	54	63	23	32	1	0	40	55	84	31	54	51	50	32	50	29	15	53	35	52	29	24
zOTU_2050	0	2	1	3	0	1	4	4	2	1	2	2	3	6	1	8	5	3	1	7	7	2	2	1	3	1	3	1	0	2	0	0	0	4	6	4	0	10	2	3	2	5	3	2	6	0	2	0
zOTU_2051	1	2	1	0	0	3	2	0	4	1	2	0	2	3	2	1	1	4	1	0	1	3	2	3	1	1	3	4	0	2	0	0	0	2	0	3	2	2	1	2	2	2	1	2	3	3	2	0
zOTU_2052	0	2	0	3	0	3	1	3	0	3	0	1	0	0	6	0	2	0	5	0	0	0	0	5	9	1	0	5	1	0	0	0	1	3	3	1	1	2	3	1	4	2	3	2	5	2	4	1
zOTU_2053	0	0	2	2	6	1	2	1	6	1	1	2	0	1	1	0	0	6	2	1	0	1	5	4	1	1	2	1	0	0	0	0	0	1	1	11	2	3	1	11	2	1	0	1	2	4	1	0
zOTU_2054	2	5	14	24	5	4	12	8	2	3	18	4	10	7	15	8	16	8	8	20	2	8	5	16	7	24	3	15	9	12	0	0	6	13	33	3	10	30	14	1	25	35	10	3	1	11	2	2
zOTU_2055	4	0	0	0	9	3	0	0	3	0	0	0	3	3	2	2	0	6	0	2	0	0	3	1	3	2	2	0	1	1	0	0	1	0	4	0	2	2	2	0	1	1	3	1	2	0	0	2
zOTU_2056	0	0	6	0	0	0	4	0	0	0	0	7	0	0	0	7	0	0	0	8	0	0	0	0	8	0	0	0	4	0	0	0	0	11	0	0	0	10	1	0	0	11	4	0	0	0	4	0
zOTU_2057	2	1	0	3	4	1	1	0	4	0	0	1	4	0	0	0	1	2	0	0	1	6	3	1	0	0	5	1	1	0	0	0	2	2	3	6	1	3	1	5	1	3	1	0	1	0	2	2
zOTU_2058	5	1	0	1	5	1	0	2	2	0	1	0	2	4	1	3	2	7	3	1	0	2	2	1	0	3	3	2	2	1	0	1	4	0	4	1	0	0	1	1	3	0	0	0	5	0	1	1
zOTU_2059	2	2	2	4	2	3	2	2	2	1	1	6	3	2	3	2	1	1	0	2	2	1	4	2	4	2	1	3	0	0	0	0	2	3	0	0	2	8	0	0	0	3	0	1	0	2	1	0
zOTU_206	11	34	34	48	24	53	99	27	15	22	23	75	44	24	69	113	78	27	63	71	10	29	22	70	34	60	32	70	55	39	1	0	32	135	88	10	52	102	51	16	43	120	68	13	7	33	20	24
zOTU_2060	0	0	1	0	3	3	1	0	1	0	2	0	1	0	4	5	4	0	6	8	1	0	0	5	1	5	0	6	1	5	0	0	1	2	9	0	4	5	2	0	0	21	3	0	0	1	1	1
zOTU_2061	3	0	0	2	3	6	0	0	0	3	0	0	2	0	2	2	3	2	3	2	3	0	1	0	1	1	0	2	0	1	0	0	0	1	1	0	2	4	2	0	3	2	3	3	1	4	4	0
zOTU_2062	0	2	1	0	4	2	0	0	2	1	2	6	2	2	1	3	4	3	2	2	1	2	1	0	0	3	2	1	2	1	0	0	0	3	1	2	2	4	0	1	5	4	0	1	1	0	1	1
zOTU_2063	0	1	0	0	3	0	0	1	2	0	0	1	0	5	4	3	4	5	3	3	0	4	0	3	0	2	0	5	3	1	0	0	1	3	2	4	2	5	3	2	1	5	1	0	0	0	0	0
zOTU_2064	2	0	1	1	5	3	1	0	2	2	2	0	1	2	0	1	1	4	2	0	1	4	3	1	1	3	1	2	0	2	0	0	2	1	2	5	8	4	0	0	1	2	1	1	3	4	1	1
zOTU_2065	3	1	0	0	8	0	0	1	3	0	2	0	2	9	1	2	1	2	1	1	3	4	1	1	0	2	7	1	0	0	0	0	2	0	5	1	1	4	4	0	2	4	6	0	0	1	0	2
zOTU_2066	0	0	1	0	5	0	0	0	8	1	0	2	0	0	0	1	1	5	5	1	0	3	0	0	0	1	5	0	2	0	0	0	1	1	0	2	0	1	0	4	4	3	1	0	1	1	2	0
zOTU_2067	0	4	0	0	0	4	1	0	0	3	0	0	2	0	1	0	5	1	1	0	7	0	0	6	6	2	0	3	0	2	0	0	3	5	2	2	1	1	2	0	4	3	1	0	0	5	1	0
zOTU_2068	0	3	2	1	0	3	4	3	2	2	5	3	1	2	0	6	1	1	10	0	1	3	1	6	1	0	1	6	3	2	0	0	4	6	2	2	3	2	1	3	1	3	3	0	1	4	5	3
zOTU_2069	1	1	1	1	4	0	0	1	4	1	0	0	1	4	5	3	2	1	4	1	3	4	3	8	2	0	1	1	1	0	0	0	1	1	1	4	3	1	1	2	1	0	0	1	2	1	3	0
zOTU_207	0	0	0	1	1	1	0	1	3	0	0	1	1	0	0	2	1	1	0	0	1	0	3	1	2	0	0	1	0	2	480	662	2	1	1	1	0	1	1	0	1	0	0	2	1	1	1	0
zOTU_2070	0	2	1	0	0	0	2	0	0	0	0	2	0	0	4	3	0	2	1	2	0	0	1	2	2	0	1	4	2	0	0	0	6	5	2	1	6	1	0	0	5	1	2	0	1	11	8	0
zOTU_2071	0	0	0	9	0	3	1	0	0	6	3	1	3	0	2	1	4	0	2	1	6	1	3	1	6	5	0	3	0	2	0	0	1	3	0	0	4	5	1	1	2	1	1	1	5	1	3	1
zOTU_2072	3	1	1	1	3	1	0	3	2	0	0	1	4	1	3	3	6	1	1	2	1	2	1	2	0	3	0	0	4	1	0	0	3	5	4	0	1	1	1	0	3	3	2	0	1	1	2	1
zOTU_2073	1	1	1	7	4	2	2	4	2	1	3	0	5	1	5	0	0	2	4	0	0	1	3	3	0	0	1	2	0	1	0	0	2	0	6	3	2	1	6	1	3	1	0	3	0	4	0	1
zOTU_2074	2	0	0	0	1	0	0	1	2	0	4	0	0	3	2	3	1	4	4	0	2	0	5	5	0	1	0	4	0	3	0	0	0	2	2	2	0	0	2	3	5	1	0	2	1	2	0	1
zOTU_2075	1	2	0	1	0	3	2	1	5	0	1	5	2	4	3	4	4	2	1	1	5	0	1	3	4	5	1	4	2	0	0	0	1	1	2	1	4	3	3	1	3	2	2	3	1	3	4	4
zOTU_2076	0	1	4	0	0	1	0	0	0	0	0	1	0	0	1	15	0	0	15	3	0	0	0	4	1	0	0	1	0	0	0	0	14	0	0	0	9	11	0	0	3	8	4	0	0	0	1	0
zOTU_2077	0	0	2	0	0	0	4	0	0	0	0	2	0	0	0	1	0	0	0	13	0	0	0	0	7	0	0	0	4	0	0	0	0	15	0	0	0	24	0	0	0	10	4	0	0	0	3	0
zOTU_2078	0	3	1	0	0	2	3	0	0	2	0	3	0	0	4	2	0	0	0	1	0	0	0	7	17	0	0	7	1	0	0	0	2	6	0	0	2	4	0	0	1	1	0	0	0	4	6	0
zOTU_2079	0	1	0	0	1	5	0	1	0	3	0	0	0	0	1	1	2	0	2	0	11	0	5	4	2	1	1	1	2	3	0	0	3	5	2	0	2	3	2	1	3	5	0	0	0	3	3	2
zOTU_208	15	15	20	25	78	32	15	8	42	6	30	10	71	99	46	118	112	79	65	103	12	61	24	19	12	50	45	20	52	17	1	1	73	34	152	22	49	97	74	22	33	110	78	11	18	16	20	22
zOTU_2080	0	1	4	4	0	0	1	0	0	0	0	0	2	0	1	3	3	0	2	8	0	0	0	4	1	3	0	2	6	1	0	0	2	1	5	0	3	14	2	0	3	7	4	0	0	2	3	0
zOTU_2081	0	1	2	1	0	1	3	2	0	0	0	2	2	0	2	1	5	0	1	6	0	0	0	0	2	1	0	0	2	3	0	0	4	3	14	0	5	2	8	0	3	3	0	0	0	0	3	0
zOTU_2082	1	1	0	3	3	3	0	1	2	4	1	0	4	7	1	2	1	3	2	1	2	0	2	2	0	7	4	3	1	1	0	0	0	2	4	3	2	2	7	1	4	2	1	1	3	3	0	0
zOTU_2083	3	3	5	1	0	1	5	2	2	2	1	3	2	3	6	9	2	1	10	8	0	4	0	9	5	0	1	8	1	2	0	0	0	6	1	2	6	7	2	1	2	5	3	1	0	3	2	0
zOTU_2084	0	0	4	1	0	2	1	1	0	0	5	0	3	2	1	0	2	5	0	6	0	1	0	0	1	3	0	1	1	2	0	1	5	0	9	0	4	6	2	0	2	4	4	0	0	0	2	0
zOTU_2085	0	1	1	0	2	3	2	0	0	2	1	1	0	1	4	2	0	3	4	0	0	4	4	3	1	0	0	2	1	2	0	0	0	1	4	0	2	2	1	2	1	0	0	5	2	1	6	0
zOTU_2086	1	0	0	1	3	2	1	0	1	3	0	1	2	1	0	2	0	0	2	1	11	0	2	1	6	1	2	1	1	2	0	0	1	0	11	0	0	0	1	3	1	1	1	1	3	2	2	0
zOTU_2087	0	0	0	0	7	0	0	1	1	0	1	0	6	0	4	1	1	3	3	6	0	5	1	0	1	0	1	1	0	1	1	0	4	1	5	0	1	4	2	2	0	0	1	0	0	0	0	0
zOTU_2088	8	11	8	18	9	5	13	11	14	13	13	12	16	8	10	11	20	10	17	14	15	4	22	13	15	15	8	23	8	11	0	0	5	14	30	7	14	24	20	15	20	10	9	12	9	13	14	8
zOTU_2089	1	1	1	5	9	1	0	0	6	0	1	3	1	1	3	2	2	2	0	1	4	0	4	3	1	3	4	1	1	1	0	0	2	0	1	0	0	2	1	1	0	1	1	1	1	1	0	2
zOTU_209	1	63	10	37	2	112	32	30	1	52	16	23	37	1	61	19	121	4	75	34	64	5	1	96	25	119	8	104	21	46	0	5	68	31	58	0	68	32	31	4	88	16	14	5	0	27	10	23
zOTU_2090	3	7	2	10	7	15	3	6	4	5	0	2	2	11	7	3	2	2	6	4	0	4	2	7	1	0	3	7	2	1	0	0	14	4	4	5	6	4	3	1	8	0	2	1	1	3	1	1
zOTU_2091	1	0	1	0	1	3	4	1	4	3	0	4	0	3	2	1	0	3	5	5	0	0	6	2	2	0	1	3	2	1	0	0	2	0	1	2	2	1	0	2	4	1	1	2	3	6	0	0
zOTU_2092	3	4	0	1	3	5	0	3	2	0	0	0	3	2	2	0	1	1	1	0	1	3	4	1	0	1	7	0	0	2	0	0	2	0	3	0	0	0	2	2	0	0	0	2	4	1	0	0
zOTU_2093	0	3	0	0	2	2	3	1	0	2	0	2	0	0	2	1	1	1	2	1	0	0	6	1	1	0	1	3	0	0	0	0	1	3	1	1	0	2	0	1	1	2	1	1	7	5	6	0
zOTU_2094	7	7	7	2	8	9	4	0	6	1	3	3	4	7	12	12	21	7	11	14	2	6	3	7	2	9	5	20	8	4	0	1	8	7	8	3	10	15	8	5	8	19	6	1	5	3	1	0
zOTU_2095	2	0	0	0	1	3	4	0	3	8	0	1	0	2	6	2	1	3	2	1	1	2	1	1	2	0	5	5	1	1	0	0	2	0	2	1	2	3	0	0	2	3	0	0	1	3	1	0
zOTU_2096	1	0	2	3	3	3	1	1	6	1	2	1	5	3	0	2	3	2	7	7	1	3	5	2	0	4	5	1	0	0	0	0	2	2	4	4	3	0	0	6	7	4	0	0	4	1	0	5
zOTU_2097	1	2	2	2	1	2	4	1	1	0	0	2	0	3	4	2	4	2	7	4	1	1	3	2	0	2	2	5	2	3	0	0	2	2	4	2	5	4	0	0	4	1	3	0	0	4	1	3
zOTU_2098	0	1	0	0	0	1	2	0	0	1	0	9	0	0	0	6	2	0	2	5	2	3	0	1	2	0	1	1	4	0	0	0	2	2	2	0	1	5	1	0	0	2	0	0	2	1	5	0
zOTU_2099	0	2	1	0	1	2	2	0	0	3	0	8	0	0	4	3	0	2	2	2	0	0	4	3	3	0	1	3	2	0	0	0	2	4	0	0	3	2	1	1	5	2	2	0	0	6	2	0
zOTU_21	200	228	300	390	426	246	454	250	518	327	166	624	276	283	463	607	328	386	348	357	311	285	573	463	459	287	292	513	191	247	4	19	217	621	594	357	323	578	400	374	432	413	240	293	391	415	473	127
zOTU_210	28	24	17	37	39	42	58	25	33	20	24	32	20	30	31	31	93	46	53	31	50	25	54	56	21	47	31	55	15	17	0	3	26	52	65	23	33	31	41	30	45	20	19	18	34	54	28	15
zOTU_2100	7	0	0	4	6	0	0	2	2	0	2	0	0	3	1	0	3	2	0	0	3	2	2	1	0	8	0	1	0	6	0	0	0	0	20	2	0	0	4	0	0	0	0	1	2	0	0	5
zOTU_2101	1	0	0	0	50	0	0	0	10	0	0	0	0	1	0	0	0	0	0	0	0	0	0	0	0	0	4	0	0	0	0	0	0	0	0	4	0	0	0	1	0	0	0	0	0	0	0	0
zOTU_2102	5	0	0	3	5	1	4	1	4	1	2	2	2	2	3	4	0	3	4	4	0	7	7	1	5	3	4	1	4	0	0	0	0	1	4	6	2	9	5	1	3	1	4	3	4	7	1	0
zOTU_2103	1	1	0	0	4	0	1	0	1	0	0	0	0	2	2	0	2	2	2	0	2	1	3	1	3	0	0	2	0	1	0	0	1	4	2	3	1	3	0	2	0	0	0	0	12	4	4	0
zOTU_2104	1	1	1	3	0	0	6	0	2	2	0	7	0	0	2	1	0	2	0	0	4	0	0	0	4	5	0	2	2	1	0	0	0	6	5	3	0	2	2	2	1	1	0	1	0	0	2	0
zOTU_2105	0	1	0	0	0	2	0	0	0	0	1	1	2	0	1	0	5	1	1	2	4	0	2	9	2	2	0	2	1	1	0	0	4	2	1	1	0	0	2	3	0	0	1	2	0	12	1	0
zOTU_2106	1	0	0	5	3	3	2	2	3	0	2	2	3	1	1	0	1	6	2	0	0	3	2	0	0	3	3	0	1	0	0	0	0	0	4	1	2	1	0	2	0	2	0	2	4	2	4	0
zOTU_2107	2	1	1	2	1	1	2	1	1	2	2	2	4	1	2	2	2	1	3	0	5	4	0	3	2	5	1	0	0	3	0	1	0	3	4	0	1	0	1	2	1	1	1	4	3	1	4	1
zOTU_2108	0	0	4	1	4	2	2	2	5	1	0	1	3	2	3	1	1	2	2	3	2	1	0	3	2	2	3	2	2	1	1	0	3	7	4	3	6	7	2	4	3	2	2	0	5	1	1	1
zOTU_2109	3	2	4	6	5	3	8	3	3	3	5	3	3	4	7	9	2	2	3	6	0	1	2	14	6	1	5	9	6	0	0	0	8	16	6	2	5	11	2	8	8	8	4	2	1	4	3	2
zOTU_211	14	19	20	52	15	66	71	38	5	35	7	91	43	5	45	42	21	19	34	44	43	10	58	54	144	29	10	55	25	20	0	5	28	96	22	3	21	34	11	8	36	41	29	89	33	58	140	20
zOTU_2110	5	1	0	1	7	4	2	0	6	3	1	0	1	0	0	0	1	5	1	0	2	2	9	1	0	0	2	3	0	0	0	0	2	1	2	5	3	0	2	4	1	2	1	0	4	1	1	0
zOTU_2111	7	0	0	0	8	0	2	0	2	0	0	0	1	7	1	0	0	6	1	1	0	2	3	2	2	3	0	0	0	0	0	0	1	0	3	3	0	0	5	8	0	0	1	0	7	1	0	1
zOTU_2112	0	2	2	0	0	2	2	0	0	0	0	0	0	0	3	5	0	0	3	2	0	0	0	3	0	0	0	3	2	0	0	0	1	6	0	0	2	6	0	0	7	9	2	0	0	1	3	0
zOTU_2113	0	1	0	3	1	2	1	0	3	2	1	1	1	1	4	1	2	8	2	4	2	5	4	3	2	5	2	1	0	0	0	0	2	1	2	8	1	4	3	3	4	1	0	1	1	2	1	0
zOTU_2114	0	2	0	0	0	4	0	1	0	3	1	0	0	0	5	1	3	0	3	0	3	0	0	3	1	0	0	7	0	0	0	0	11	0	0	0	6	1	1	0	3	0	0	0	0	4	3	0
zOTU_2115	1	1	1	4	1	0	3	0	1	0	0	1	1	0	1	1	1	4	1	1	3	0	3	1	3	1	1	0	0	1	0	0	2	5	0	2	1	3	3	3	2	1	2	0	4	0	7	0
zOTU_2116	2	0	1	0	5	0	0	0	3	1	2	0	0	4	2	0	0	9	2	0	0	4	5	2	0	0	3	0	0	0	0	0	0	0	0	2	1	2	1	3	2	0	0	0	3	2	0	0
zOTU_2117	0	0	0	3	3	3	2	0	0	2	1	1	0	0	2	0	1	0	3	0	4	1	1	2	2	0	1	7	0	0	0	2	0	1	2	0	1	2	1	1	5	4	2	2	0	0	1	0
zOTU_2118	0	1	0	0	3	1	2	1	3	0	0	0	0	4	3	1	1	1	2	1	0	1	1	3	1	0	1	3	1	0	0	0	5	1	3	0	5	3	0	4	3	0	0	0	2	0	0	0
zOTU_2119	2	1	0	0	3	0	0	0	0	0	0	0	0	4	0	6	0	1	10	3	0	3	0	2	0	1	1	3	2	0	0	0	5	2	0	0	6	3	0	1	3	3	1	0	0	1	0	0
zOTU_212	12	15	11	51	41	15	21	43	24	26	20	17	60	21	29	11	23	54	28	11	100	29	100	49	38	35	18	30	13	29	0	0	19	17	68	43	20	18	54	41	39	15	10	95	86	37	58	17
zOTU_2120	1	0	0	4	1	2	0	3	0	2	4	0	4	0	2	0	2	7	0	0	2	3	4	0	0	1	3	1	0	0	0	0	1	0	2	0	0	1	1	2	1	0	0	8	1	2	1	0
zOTU_2121	0	0	2	5	0	1	1	2	0	1	5	4	1	1	7	1	5	0	2	4	3	0	0	3	0	1	0	2	0	0	0	0	0	3	8	0	1	3	3	0	4	4	3	1	0	3	2	2
zOTU_2122	2	1	0	0	1	3	0	0	3	2	0	0	1	3	2	0	2	2	0	0	3	2	3	1	0	1	6	2	0	1	0	0	0	0	0	3	2	0	3	4	3	1	0	0	6	4	0	0
zOTU_2123	0	0	2	1	2	0	0	0	0	1	2	2	0	2	0	2	0	1	1	16	2	0	0	2	3	0	0	2	2	0	1	0	0	1	2	0	1	11	0	1	0	11	1	0	0	0	4	0
zOTU_2124	2	1	0	0	5	1	0	1	2	1	1	0	0	2	2	0	1	1	6	1	1	1	0	2	1	1	0	4	0	0	0	0	1	0	1	2	5	1	2	2	3	2	3	0	0	0	0	4
zOTU_2125	1	1	0	1	4	4	1	4	0	4	1	0	0	0	0	0	0	3	0	0	2	7	8	4	1	0	3	1	0	2	0	0	1	1	0	2	0	0	2	1	5	1	0	1	4	2	5	1
zOTU_2126	3	0	1	1	2	2	4	0	0	1	0	2	0	0	2	0	0	0	3	1	2	0	0	2	3	3	0	2	1	3	0	0	2	5	4	1	1	1	5	1	2	1	3	0	2	2	6	0
zOTU_2127	2	2	1	1	1	1	4	0	4	0	0	1	1	1	0	1	1	2	7	1	3	1	2	8	0	1	0	2	0	0	0	0	1	3	3	1	0	3	3	4	3	2	0	4	1	5	2	0
zOTU_2128	1	1	1	1	4	1	3	2	3	1	0	1	1	2	4	0	0	2	1	1	2	0	2	0	2	1	0	2	2	1	0	0	2	4	2	5	6	1	2	2	5	2	1	2	1	2	0	0
zOTU_2129	4	3	0	0	3	1	2	1	8	0	3	2	3	0	0	2	2	2	1	1	0	0	3	1	3	4	3	1	1	1	0	0	1	1	2	0	1	4	3	1	4	1	2	0	1	2	2	0
zOTU_213	23	22	19	38	66	27	37	25	35	26	11	55	42	34	40	52	46	67	48	35	42	35	66	53	58	25	19	74	21	28	0	0	31	86	85	36	33	64	58	19	49	36	23	60	48	50	61	13
zOTU_2130	3	2	0	2	7	0	0	0	3	0	1	0	1	3	3	0	0	0	2	0	0	0	0	0	0	1	1	0	0	0	0	0	0	0	0	2	1	0	0	2	2	0	0	0	0	0	0	0
zOTU_2131	0	2	0	0	4	3	2	0	5	1	0	3	2	5	1	2	1	3	0	0	0	3	5	2	1	0	0	1	2	0	0	0	0	1	1	3	1	1	0	1	0	2	0	1	2	3	0	0
zOTU_2132	0	2	1	0	0	1	2	0	0	1	0	1	0	0	2	3	0	0	4	1	0	0	0	5	7	0	0	1	0	0	0	0	0	3	0	0	0	1	0	0	0	2	2	0	0	1	11	0
zOTU_2133	0	1	2	0	2	2	1	0	3	0	0	1	0	3	1	1	1	0	1	4	0	0	0	4	1	0	0	0	2	0	0	4	1	2	1	3	10	2	3	1	6	1	0	1	0	0	2	0
zOTU_2134	0	0	5	0	0	3	8	0	0	4	0	5	0	0	5	4	0	0	4	5	0	0	0	5	7	0	0	1	0	0	0	0	3	7	3	1	0	8	1	0	0	12	4	0	0	4	6	0
zOTU_2135	0	0	0	0	0	0	1	0	0	0	0	1	0	0	0	0	0	0	0	8	0	0	0	0	10	0	0	0	2	0	0	0	0	15	1	0	0	15	0	0	0	9	1	0	0	0	4	0
zOTU_2136	0	0	2	1	0	0	0	0	0	0	3	0	6	0	1	7	6	0	3	7	0	0	0	0	2	1	0	0	1	1	0	0	1	2	5	3	1	5	6	0	2	6	4	0	0	3	2	1
zOTU_2137	0	2	1	0	0	2	1	0	0	1	0	0	0	0	4	1	0	0	0	27	0	0	0	3	11	0	0	0	8	0	0	0	1	2	0	0	0	6	0	0	0	7	2	0	0	4	2	0
zOTU_2138	4	3	0	0	4	5	0	0	0	2	0	0	0	1	2	0	0	0	4	0	2	1	0	5	0	0	1	0	0	0	0	0	1	0	3	4	3	0	0	2	2	0	0	1	0	5	0	1
zOTU_2139	2	4	0	5	1	1	0	2	6	4	1	1	0	0	2	1	2	4	1	0	4	7	2	1	0	1	1	5	0	0	0	0	1	0	7	4	2	3	3	1	4	0	0	3	5	1	1	1
zOTU_214	50	43	42	32	85	46	68	16	87	50	15	74	21	75	54	49	17	90	60	39	30	64	138	67	56	10	49	80	27	6	0	1	38	79	26	60	83	76	18	54	86	74	36	27	74	83	50	7
zOTU_2140	2	0	0	2	4	1	2	0	3	0	0	1	1	0	0	2	3	0	0	4	1	1	0	2	3	1	0	2	1	0	0	0	1	4	1	1	0	2	1	0	1	1	0	1	2	1	9	2
zOTU_2141	5	2	0	0	6	1	0	0	2	1	0	0	1	5	0	0	0	5	0	0	1	0	6	3	0	0	1	3	0	1	0	0	0	0	1	4	1	0	1	8	0	0	0	2	5	2	0	0
zOTU_2142	1	1	0	1	5	3	2	0	1	3	0	2	1	0	1	1	3	1	1	2	4	1	1	2	2	0	0	3	0	0	0	0	3	1	6	1	3	3	0	1	3	0	1	2	0	6	5	2
zOTU_2143	2	0	0	2	3	2	0	0	2	0	2	0	2	1	0	0	2	1	1	0	2	1	1	0	1	7	4	0	0	13	0	0	0	2	5	1	0	0	1	0	0	0	3	2	3	0	0	5
zOTU_2144	12	1	0	0	21	3	1	0	15	1	0	0	0	5	10	0	0	4	0	0	0	5	7	0	0	0	10	2	0	0	0	0	0	0	0	13	2	0	0	22	2	0	0	0	6	1	0	0
zOTU_2145	0	0	1	0	0	2	1	2	0	0	0	3	5	0	2	5	1	1	1	1	3	1	3	4	4	0	1	6	0	2	0	0	2	4	4	0	3	6	0	0	4	2	1	1	2	2	1	2
zOTU_2146	0	1	2	2	0	5	2	0	0	4	0	3	3	2	4	1	0	1	3	1	5	0	2	4	3	0	1	4	0	0	0	0	0	2	1	2	1	1	0	0	1	1	1	1	0	1	4	0
zOTU_2147	0	2	1	0	1	5	2	0	0	1	0	1	0	0	0	2	0	0	5	2	0	0	0	9	1	0	0	11	0	0	0	0	1	1	1	0	4	2	1	0	3	1	2	0	0	6	2	0
zOTU_2148	1	1	2	0	0	1	2	0	0	1	0	0	0	0	2	3	0	2	1	1	1	2	2	5	3	4	2	5	0	0	0	0	0	0	1	0	4	1	0	1	3	2	1	5	0	2	0	0
zOTU_2149	1	1	0	1	2	1	0	1	1	2	1	2	2	0	2	1	0	1	2	0	3	0	6	2	2	0	2	3	0	0	0	0	1	2	0	3	1	0	2	3	1	0	1	5	2	2	1	2
zOTU_215	64	40	0	0	130	37	1	0	55	3	0	0	0	57	76	1	1	15	9	0	0	62	1	2	0	0	5	7	1	1	1	0	41	2	1	30	98	0	0	31	78	0	0	0	10	23	0	0
zOTU_2150	6	9	8	13	12	12	2	13	14	7	5	5	15	17	12	12	4	8	15	1	5	8	8	14	6	7	9	13	4	0	0	0	11	7	10	5	10	12	7	2	10	17	8	5	3	8	4	3
zOTU_2151	1	2	3	0	0	4	1	1	0	1	0	0	0	5	4	4	1	1	6	8	4	1	1	3	3	2	1	5	0	0	0	0	4	1	4	0	6	3	0	1	2	8	1	0	0	6	1	0
zOTU_2152	1	1	0	0	5	4	1	4	3	0	1	3	2	3	1	2	0	0	2	0	1	0	1	4	1	3	2	2	0	1	0	0	0	2	3	0	2	0	4	1	2	1	0	3	0	1	6	1
zOTU_2153	0	3	1	1	0	1	1	0	0	3	3	1	1	0	1	4	3	0	3	1	1	0	0	6	0	5	0	4	0	2	0	0	3	0	10	0	4	3	5	0	5	0	1	1	0	4	1	0
zOTU_2154	0	2	0	0	3	0	1	0	4	2	4	2	2	2	2	3	1	0	0	2	3	0	3	0	1	4	1	2	1	1	0	0	1	1	3	2	1	6	2	0	1	1	4	0	2	3	0	0
zOTU_2155	1	1	0	1	2	0	0	0	5	0	1	0	0	5	1	0	1	8	3	0	0	6	0	1	0	5	15	1	0	1	0	0	1	0	8	5	1	4	1	0	2	0	0	0	0	1	0	0
zOTU_2156	3	3	0	1	0	3	0	2	0	3	1	0	1	0	9	2	0	1	0	3	4	0	2	1	5	3	0	2	1	0	0	0	0	1	0	1	2	1	3	0	1	2	1	0	2	1	3	1
zOTU_2157	0	0	2	2	0	2	4	0	0	2	1	2	8	0	5	1	0	1	1	3	3	0	3	4	4	6	2	6	2	2	0	0	3	3	5	1	0	3	2	0	1	1	1	1	0	0	3	0
zOTU_2158	0	3	0	0	2	0	2	1	3	0	1	0	2	3	7	2	0	4	0	0	0	2	1	4	2	1	0	2	0	1	0	0	4	2	3	0	2	2	3	1	3	1	2	0	3	0	2	1
zOTU_2159	0	0	4	0	0	0	3	0	0	0	0	5	0	0	0	5	0	0	4	10	0	0	0	0	1	0	0	6	4	0	0	0	1	2	0	0	3	2	0	0	1	5	11	0	0	0	4	0
zOTU_216	7	12	8	138	8	9	9	160	2	7	7	11	460	0	13	8	13	53	4	14	3	14	33	3	10	19	60	5	10	32	0	0	5	13	57	94	4	5	51	14	0	2	0	6	3	5	1	14
zOTU_2160	3	1	3	1	2	4	2	3	0	1	0	0	1	3	7	6	1	1	3	7	1	0	0	5	3	0	0	4	3	2	0	0	2	1	1	0	12	4	1	1	6	2	1	0	0	5	1	2
zOTU_2161	0	1	4	0	1	1	2	0	0	1	0	4	1	3	0	6	0	0	3	5	1	0	0	1	1	0	0	4	0	0	0	0	2	3	2	0	2	2	0	0	3	1	0	1	0	4	1	0
zOTU_2162	1	1	0	3	2	2	0	2	0	0	0	1	2	5	2	1	1	1	3	0	0	1	3	2	0	1	1	2	1	0	0	0	1	1	4	4	2	0	2	4	4	0	1	7	3	1	0	1
zOTU_2163	0	1	1	0	1	0	4	0	0	1	0	1	0	0	2	3	0	0	1	1	1	0	0	2	4	1	0	3	1	0	0	0	2	3	7	0	1	2	2	0	1	1	0	1	0	4	17	0
zOTU_2164	1	3	2	1	4	2	4	4	4	2	3	2	1	7	5	3	1	4	9	5	1	4	4	9	0	2	1	8	2	3	0	0	4	10	4	6	6	4	5	0	6	2	3	2	1	0	0	4
zOTU_2165	0	0	0	0	1	1	4	0	0	0	0	1	1	1	1	0	1	0	0	1	10	0	7	2	4	1	0	0	0	0	0	2	0	1	0	2	3	2	0	0	0	0	0	4	8	3	11	0
zOTU_2166	0	0	2	1	0	0	4	1	0	0	5	2	2	0	0	4	5	0	0	2	3	0	0	0	6	0	0	0	2	2	0	0	1	4	5	0	0	8	2	0	0	5	0	2	0	0	8	0
zOTU_2167	0	0	10	0	0	0	4	0	0	0	0	1	0	0	0	4	0	0	0	10	0	0	0	0	2	0	0	0	2	0	0	0	0	4	0	0	0	5	0	0	0	8	20	0	0	0	4	0
zOTU_2168	1	0	0	1	0	3	5	1	0	1	0	1	0	0	0	0	2	0	4	9	1	0	4	4	2	1	0	0	0	0	0	0	0	0	0	0	1	0	0	0	0	0	1	6	9	2	16	0
zOTU_2169	2	1	1	1	0	2	2	1	0	1	0	4	3	0	2	3	6	1	2	4	0	2	5	4	2	2	1	4	2	2	0	0	3	2	5	3	0	5	1	1	0	1	3	0	0	2	0	0
zOTU_217	42	9	20	68	139	27	8	22	53	2	32	5	29	143	14	9	11	73	26	30	14	13	36	37	18	35	128	14	13	15	0	32	19	3	48	76	48	22	16	35	38	29	6	20	23	19	15	43
zOTU_2170	0	0	1	1	0	0	3	1	0	0	1	4	0	0	0	7	0	0	2	4	1	0	0	1	6	1	0	1	1	1	0	0	2	13	1	0	0	11	3	0	1	3	1	1	0	1	4	0
zOTU_2171	0	1	3	0	3	0	2	0	3	0	0	0	1	1	4	5	1	0	3	4	4	2	4	4	1	0	0	2	2	3	0	0	1	2	0	1	3	3	0	0	4	1	1	3	3	0	7	1
zOTU_2172	0	2	0	4	3	0	0	0	4	5	2	0	2	5	2	0	2	0	1	0	3	0	6	0	0	0	1	3	0	2	0	0	3	1	0	1	2	0	0	3	2	0	0	2	2	1	0	1
zOTU_2173	2	7	13	7	10	12	15	7	9	6	9	12	12	6	16	13	30	9	13	11	4	3	5	21	3	9	3	17	4	6	0	0	9	14	24	3	9	14	14	4	10	10	8	4	6	8	7	4
zOTU_2174	0	0	1	0	0	0	4	0	0	0	0	2	0	0	0	4	0	0	0	2	0	0	0	0	19	0	0	0	2	0	0	0	0	7	0	0	0	8	0	0	0	6	1	0	0	0	11	0
zOTU_2175	1	0	0	1	5	1	2	1	2	1	2	1	1	2	4	1	4	2	1	1	2	3	1	3	0	0	2	3	0	0	0	0	0	1	1	1	1	0	3	1	3	0	0	5	1	4	0	1
zOTU_2176	0	0	6	0	0	0	4	0	0	0	0	6	0	0	0	10	0	0	0	3	0	0	0	0	8	0	0	0	4	0	0	0	0	8	0	0	0	11	0	0	0	7	3	0	0	0	4	0
zOTU_2177	0	1	0	3	1	1	6	0	0	1	1	3	1	2	6	1	1	0	2	1	0	1	1	3	0	1	0	6	0	0	0	0	2	0	1	1	4	0	2	0	2	3	1	0	3	3	6	1
zOTU_2178	0	0	2	1	2	1	2	0	2	0	3	1	4	2	2	3	1	2	0	0	3	0	2	1	1	2	0	0	1	1	0	0	0	3	1	0	2	3	5	1	2	2	0	6	5	1	0	1
zOTU_2179	9	2	2	0	1	0	4	0	2	0	0	0	0	3	2	1	0	3	0	0	1	4	6	3	0	0	2	1	0	1	0	0	1	3	0	2	0	1	1	0	0	1	1	0	16	1	4	0
zOTU_218	93	10	0	0	183	20	0	0	73	2	0	0	0	104	15	0	0	59	12	0	0	38	10	0	0	0	86	4	0	0	0	0	15	0	2	46	58	0	4	36	26	0	0	0	13	7	0	0
zOTU_2180	1	0	1	1	7	0	0	2	4	2	0	5	2	0	0	1	1	2	3	0	0	1	1	3	1	1	0	8	1	0	0	0	0	2	3	0	1	1	2	0	4	3	2	0	2	0	2	2
zOTU_2181	0	0	3	1	0	0	0	0	0	0	2	0	2	0	3	7	7	0	1	8	0	0	0	1	1	0	0	0	7	2	0	0	3	3	1	0	0	13	2	0	1	15	3	0	0	1	0	1
zOTU_2182	2	2	2	3	2	5	3	1	5	1	2	1	4	3	3	10	7	0	2	9	0	2	0	4	0	1	2	5	0	1	0	0	5	7	3	1	5	8	3	4	1	3	3	0	0	2	1	2
zOTU_2183	0	0	0	0	0	1	4	0	1	2	0	0	0	0	0	3	1	2	2	2	4	1	3	4	3	0	1	5	1	1	0	0	1	8	1	1	2	0	1	0	4	2	1	2	5	2	9	0
zOTU_2184	2	0	0	0	3	0	6	0	2	2	0	2	1	0	0	7	0	10	1	10	0	4	2	0	12	0	2	0	1	0	0	0	0	4	2	1	0	8	0	2	0	2	3	0	10	0	8	0
zOTU_2185	4	1	0	1	5	0	0	1	1	0	0	0	2	2	0	0	2	4	1	1	2	1	11	5	0	0	5	1	0	0	0	0	0	0	0	4	2	0	0	2	2	0	0	0	6	0	0	0
zOTU_2186	17	14	4	9	18	9	7	3	13	1	3	6	4	27	15	8	6	10	4	3	4	7	24	17	1	10	8	11	5	9	0	0	6	2	5	8	10	5	7	15	14	6	2	6	15	5	7	10
zOTU_2187	1	0	0	0	3	1	1	0	3	0	0	0	0	4	1	3	0	5	0	0	0	2	7	0	0	0	4	0	1	0	0	0	0	2	0	7	0	1	0	3	1	2	2	0	0	0	6	0
zOTU_2188	0	2	4	0	0	5	1	1	2	7	4	1	0	2	1	2	0	2	1	0	0	0	3	3	0	1	2	2	1	0	0	0	0	3	0	3	3	4	0	3	1	3	1	0	1	0	2	0
zOTU_2189	0	1	0	1	3	2	1	1	2	2	0	2	0	2	3	0	1	2	2	0	1	0	2	2	1	3	0	5	1	4	0	0	2	2	2	3	2	3	1	0	2	1	1	1	2	1	1	1
zOTU_219	21	38	42	52	57	37	57	19	57	40	33	63	37	31	51	54	33	32	54	55	25	38	35	51	56	35	24	75	31	22	0	0	38	69	44	21	59	79	38	22	76	50	30	51	44	58	41	17
zOTU_2190	1	0	1	2	0	0	1	2	1	1	0	0	0	2	2	2	1	0	2	3	5	1	13	2	5	1	0	3	0	0	0	0	0	3	1	3	2	0	2	2	3	0	2	1	9	1	10	0
zOTU_2191	1	0	0	4	1	0	1	2	6	0	0	0	1	3	1	0	4	9	2	1	3	3	9	0	0	1	1	2	1	2	0	0	1	3	6	2	0	1	3	5	0	2	1	1	2	1	1	0
zOTU_2192	20	59	63	116	72	64	54	52	81	63	58	102	78	100	106	94	69	97	91	52	58	56	90	83	75	73	56	114	54	27	0	0	49	98	118	56	84	124	71	56	136	111	32	80	50	78	59	34
zOTU_2193	1	0	2	1	4	1	4	0	2	2	3	8	5	0	1	0	1	0	2	8	0	0	3	0	2	3	0	5	4	1	0	0	2	10	0	3	1	12	0	0	1	7	0	0	0	1	1	0
zOTU_2194	0	5	3	0	0	3	5	0	2	2	1	3	3	1	2	5	2	0	3	3	0	0	1	3	2	1	0	3	4	1	0	0	4	9	3	0	5	0	1	0	2	2	2	0	0	5	4	0
zOTU_2195	4	0	0	0	9	0	2	0	2	0	0	0	2	4	0	2	1	5	5	2	1	4	0	0	1	6	2	1	1	3	0	0	1	1	0	2	3	0	0	4	1	0	1	0	0	3	0	0
zOTU_2196	0	2	2	0	0	0	0	0	0	2	0	1	0	0	1	0	0	0	3	5	0	0	0	1	6	0	0	3	1	0	0	2	3	13	0	0	1	8	0	0	1	5	1	0	0	0	4	0
zOTU_2197	3	0	1	2	2	4	0	0	0	0	0	1	0	0	4	0	2	3	1	1	0	0	0	0	0	4	8	2	0	1	0	0	0	0	0	9	5	0	0	1	7	1	0	1	0	1	0	1
zOTU_2198	4	4	1	1	7	3	1	0	5	1	0	1	0	0	2	3	0	5	2	0	0	2	4	0	1	0	1	5	1	0	0	0	2	2	0	2	3	3	0	1	0	1	3	0	4	0	0	0
zOTU_2199	4	2	2	1	6	0	1	0	6	1	0	1	2	1	2	0	1	3	1	0	1	2	2	1	0	0	0	4	0	0	0	0	1	2	2	1	0	0	3	0	4	0	0	1	4	2	0	1
zOTU_22	155	22	0	24	1123	25	2	22	579	4	0	0	84	3145	82	1	7	2029	74	2	0	70	85	14	1	3	2706	15	0	4	2	0	27	1	72	1206	342	1	58	1676	207	1	1	1	11	13	0	23
zOTU_220	3	86	7	29	12	98	15	18	4	67	15	21	36	6	157	30	20	47	77	9	10	3	52	86	10	26	23	126	5	32	0	1	65	22	55	36	79	30	51	37	89	26	8	6	3	38	14	3
zOTU_2200	0	2	0	0	4	1	1	0	1	0	4	0	1	1	4	3	0	1	2	0	1	1	0	1	1	5	1	2	0	2	0	0	3	1	0	2	2	0	4	1	3	3	3	0	1	0	1	1
zOTU_2201	0	0	1	0	0	0	2	0	0	1	1	0	1	0	1	2	2	0	3	3	0	0	0	1	1	2	0	2	2	2	0	0	2	5	7	0	4	12	0	0	3	8	1	0	0	0	1	0
zOTU_2202	1	0	1	0	3	2	2	2	2	0	0	1	0	1	1	1	2	2	1	4	1	3	1	0	2	0	0	4	0	2	0	0	0	7	0	1	6	3	0	5	3	4	2	0	4	0	2	0
zOTU_2203	1	0	0	0	1	1	1	0	0	0	0	4	0	0	1	2	0	5	0	0	1	2	10	0	3	1	2	1	0	0	0	0	0	1	2	2	0	1	0	0	1	2	0	1	7	0	9	1
zOTU_2204	0	1	1	1	0	3	3	1	0	2	0	1	1	0	2	3	0	0	1	0	0	0	3	4	3	0	0	3	2	0	0	0	0	3	0	0	0	0	0	0	3	0	2	1	0	3	12	1
zOTU_2205	2	0	1	1	2	3	2	0	0	0	1	0	0	0	1	0	4	0	0	5	4	1	5	0	6	0	0	2	0	2	0	0	2	0	0	1	0	0	0	0	0	0	1	9	10	7	20	1
zOTU_2206	0	2	0	0	1	5	1	0	2	0	0	3	1	2	4	5	3	1	2	2	0	0	0	3	0	1	0	2	1	0	0	0	0	0	2	0	1	3	1	1	6	4	0	0	0	3	1	1
zOTU_2207	0	0	4	0	0	0	2	0	0	0	0	8	0	0	0	7	0	0	0	5	0	0	0	0	6	0	0	0	6	0	0	0	0	8	0	0	0	19	0	0	0	4	2	0	0	0	2	0
zOTU_2208	0	0	0	2	1	0	1	3	2	3	0	2	0	0	0	2	3	3	3	3	6	0	1	1	1	3	1	3	0	5	0	0	2	1	1	0	2	2	3	0	1	0	0	4	3	0	3	1
zOTU_2209	1	1	4	3	1	2	0	0	2	2	0	2	2	1	6	0	0	3	3	1	2	1	4	3	1	3	0	3	0	1	0	0	1	0	4	3	1	0	0	1	4	1	1	1	0	1	1	0
zOTU_221	28	28	20	31	27	18	27	19	49	30	18	27	30	26	49	23	62	50	62	22	64	26	80	75	23	44	26	72	11	41	0	0	18	16	48	34	45	21	22	39	38	13	17	23	49	52	33	8
zOTU_2210	3	2	0	0	0	6	1	0	0	1	0	0	0	0	3	1	1	2	0	1	1	2	2	3	1	1	1	3	0	0	0	0	0	4	0	0	0	2	0	1	1	1	0	0	1	5	11	0
zOTU_2211	0	1	5	0	0	0	2	0	0	1	0	4	1	0	0	2	1	1	0	7	1	1	2	0	10	0	0	1	4	0	0	0	0	7	0	0	1	2	1	0	0	5	0	0	4	1	5	0
zOTU_2212	0	2	1	2	1	1	1	1	1	0	1	2	2	0	3	2	2	1	2	3	0	0	0	2	0	4	0	1	1	0	0	0	2	5	2	1	1	1	1	7	0	2	1	1	3	1	3	0
zOTU_2213	3	0	0	1	4	0	0	0	5	0	0	0	0	0	0	0	0	5	2	0	0	3	11	3	0	1	5	1	1	0	0	0	0	0	2	2	0	0	1	1	0	1	0	1	6	0	0	0
zOTU_2214	0	0	0	0	2	0	1	0	2	3	1	0	2	3	4	8	2	3	0	3	2	0	5	1	2	1	2	0	0	0	0	0	2	1	3	2	1	1	1	1	0	4	1	1	7	1	5	0
zOTU_2215	1	0	0	2	1	0	1	1	1	1	1	1	0	3	0	4	1	1	2	3	0	3	3	3	4	0	0	2	2	0	0	0	2	6	1	3	1	8	0	1	1	0	4	2	2	3	5	0
zOTU_2216	2	0	0	0	4	0	0	1	5	0	0	0	0	3	2	1	0	7	0	0	2	3	11	0	0	1	3	0	0	0	0	0	0	0	0	7	1	0	0	5	0	1	0	2	10	0	2	1
zOTU_2217	0	1	0	3	1	0	0	1	2	0	2	1	1	3	0	1	4	3	0	0	2	1	2	2	0	0	0	2	0	3	0	0	1	1	8	3	0	0	6	0	0	2	3	2	1	0	2	0
zOTU_2218	2	0	2	2	0	2	1	1	0	1	1	3	2	2	3	5	3	2	2	1	1	0	7	2	0	1	0	3	0	0	0	0	3	4	0	2	2	1	1	0	3	1	1	4	2	2	3	1
zOTU_2219	0	5	1	0	0	1	0	0	1	5	0	0	0	1	2	1	0	0	4	0	1	1	0	7	1	0	1	9	0	0	0	0	3	0	0	2	5	1	0	0	4	0	0	1	0	4	2	0
zOTU_222	7	27	30	1	9	31	92	3	3	41	0	90	6	0	42	18	55	2	44	48	72	8	54	57	106	51	4	61	24	33	0	0	22	112	57	11	30	38	49	10	35	47	19	20	24	67	71	1
zOTU_2220	0	0	1	0	0	1	3	0	0	1	0	3	0	0	0	2	2	0	5	3	13	0	0	2	7	0	0	1	3	0	0	0	1	3	0	0	3	2	0	0	3	5	2	2	0	4	2	0
zOTU_2221	1	1	0	4	0	2	2	1	2	0	6	1	0	0	3	5	1	1	0	2	0	0	0	1	1	1	0	0	1	0	0	0	1	5	0	0	3	9	0	1	0	5	4	1	0	1	1	4
zOTU_2222	1	3	0	0	6	4	1	3	2	4	0	0	0	2	6	0	0	2	5	2	0	1	1	3	3	0	1	1	0	0	0	0	1	0	1	2	2	1	0	3	2	0	1	1	0	3	3	0
zOTU_2223	0	2	0	0	0	9	1	0	0	7	0	2	0	0	9	0	0	0	4	2	0	0	0	17	2	0	0	15	0	0	0	0	2	5	0	0	7	2	0	0	12	1	2	0	0	9	0	0
zOTU_2224	0	0	1	4	1	3	0	2	0	1	1	0	1	0	2	1	2	0	1	0	5	0	0	3	3	2	1	1	0	1	0	0	1	3	1	0	1	0	1	1	1	0	0	3	6	1	2	5
zOTU_2225	1	1	1	2	4	2	0	0	2	1	2	2	4	2	4	1	0	3	1	1	0	1	5	4	2	0	1	0	0	0	0	0	0	0	3	3	0	2	1	1	4	0	1	0	4	0	1	1
zOTU_2226	2	0	1	1	1	1	2	0	2	3	0	3	2	0	2	2	1	1	4	1	1	4	1	3	4	0	3	1	2	0	0	0	0	1	2	4	1	3	0	1	4	2	2	1	1	1	2	0
zOTU_2227	1	3	1	3	1	3	1	1	0	1	1	7	2	0	9	2	3	1	1	0	2	0	2	3	1	1	0	2	0	0	0	0	2	0	1	0	1	2	1	2	2	0	0	4	2	5	1	0
zOTU_2228	2	1	0	0	9	0	0	0	3	0	0	0	0	0	3	0	0	1	1	0	0	0	0	2	0	0	13	1	0	0	0	0	3	0	0	6	7	3	0	2	2	0	0	1	1	0	0	0
zOTU_2229	0	0	1	0	0	2	2	0	0	1	0	1	0	0	1	4	0	0	2	8	0	0	1	2	10	0	0	1	7	0	0	11	0	2	1	0	2	3	0	0	1	1	0	0	0	5	1	0
zOTU_223	19	19	11	26	68	29	27	25	40	28	25	37	23	34	41	33	26	24	36	33	28	33	22	59	25	30	30	84	32	29	0	13	24	50	52	24	63	45	39	14	74	20	15	23	38	37	38	17
zOTU_2230	0	1	0	7	0	0	3	2	0	2	0	1	5	0	4	2	3	0	1	4	0	1	0	4	2	4	0	1	0	1	0	0	1	3	3	0	3	6	5	0	3	2	0	0	0	2	1	0
zOTU_2231	0	1	1	0	0	5	2	0	0	5	1	5	0	0	0	1	1	0	3	3	0	0	0	2	2	1	0	5	0	0	0	0	4	4	3	0	1	1	5	0	1	2	0	1	0	2	4	1
zOTU_2232	0	2	0	6	2	1	2	2	0	0	1	0	1	3	0	0	3	3	1	2	0	1	2	1	1	1	0	1	0	2	0	0	2	1	5	2	2	2	0	3	6	1	0	1	2	2	0	0
zOTU_2233	1	1	0	0	7	0	0	0	3	0	0	1	2	11	1	0	0	4	1	0	3	2	2	2	0	1	1	0	0	1	0	0	0	0	1	1	3	1	2	3	5	2	1	0	4	1	1	0
zOTU_2234	0	3	1	0	0	0	2	0	0	0	0	0	0	0	5	3	0	0	0	8	0	0	0	0	10	0	0	1	2	0	0	0	2	7	0	0	1	10	0	0	1	2	2	0	0	2	3	0
zOTU_2235	1	4	6	2	1	8	14	4	1	0	2	8	1	0	3	10	3	1	4	6	4	1	2	3	18	7	0	6	5	1	0	0	1	7	6	0	0	13	3	0	5	11	3	1	3	3	11	2
zOTU_2236	3	0	0	0	2	2	0	0	6	0	0	0	0	5	2	0	0	4	2	0	0	5	0	3	0	0	3	2	0	0	0	0	0	0	0	4	1	0	1	2	1	1	0	0	4	2	0	0
zOTU_2237	0	0	0	2	0	0	2	1	0	4	1	6	3	0	3	3	3	0	0	0	4	0	0	0	1	4	0	1	0	1	0	0	1	6	5	1	4	1	4	0	0	1	0	2	0	1	0	0
zOTU_2238	0	1	3	0	0	0	2	0	1	2	0	2	0	0	1	3	0	2	2	5	1	0	1	4	3	1	0	2	2	1	0	0	1	2	2	1	0	5	4	2	4	1	0	1	2	2	1	0
zOTU_2239	1	3	0	0	2	2	0	0	2	0	0	0	0	10	4	0	0	0	3	0	0	2	1	4	0	1	2	2	0	0	0	0	2	0	0	1	6	0	0	1	4	0	0	0	0	2	0	1
zOTU_224	15	21	4	45	66	43	9	20	51	34	12	13	30	85	50	7	38	35	43	11	36	15	52	51	20	47	29	59	11	41	1	0	35	21	70	36	71	12	37	24	63	10	3	26	33	40	11	14
zOTU_2240	1	0	4	0	1	0	1	1	0	0	0	4	0	0	0	4	0	1	0	1	0	2	4	0	9	0	0	0	1	0	0	0	0	6	1	2	0	10	0	0	0	3	1	1	3	0	6	0
zOTU_2241	2	2	0	1	1	0	3	0	0	1	2	3	0	2	1	4	1	2	3	2	0	1	5	0	0	0	2	0	1	1	0	0	2	2	3	3	1	1	0	2	3	3	4	0	1	2	6	1
zOTU_2242	3	1	0	4	2	1	2	0	1	0	0	0	3	0	1	0	2	3	1	1	2	2	3	0	3	2	0	1	2	3	0	0	1	7	1	1	1	1	1	2	2	1	1	0	1	1	2	0
zOTU_2243	0	0	0	0	0	2	0	0	0	2	0	1	0	0	1	0	0	0	6	2	0	0	0	12	0	0	1	16	0	0	0	0	0	2	0	0	6	0	0	0	4	0	2	0	0	2	1	0
zOTU_2244	0	2	1	0	0	0	2	0	0	0	2	3	2	0	2	4	0	0	2	2	1	0	0	1	3	1	0	4	1	0	0	0	2	10	3	0	3	9	0	0	6	6	2	2	0	0	2	0
zOTU_2245	0	2	2	0	0	2	2	0	0	2	0	9	0	0	4	3	0	1	2	2	0	0	0	0	6	0	0	3	1	0	0	0	2	4	0	0	5	5	0	0	3	5	0	0	0	5	17	0
zOTU_2246	0	0	0	0	0	0	9	0	0	0	0	5	0	0	0	2	0	0	0	4	0	0	0	0	8	0	0	0	1	0	0	0	0	9	0	0	0	7	0	0	0	5	6	0	0	0	6	0
zOTU_2247	0	1	1	0	6	0	0	1	0	0	0	0	3	0	3	2	1	0	4	3	0	7	0	1	0	1	3	0	0	0	0	0	4	1	4	1	0	2	5	1	1	3	1	0	0	1	0	2
zOTU_2248	0	0	0	0	4	0	0	0	0	0	1	0	0	0	0	3	1	5	1	3	0	2	0	0	0	0	2	0	2	0	0	0	0	0	2	1	2	11	0	0	2	15	0	0	0	0	1	1
zOTU_2249	0	0	0	0	2	0	3	0	2	0	1	1	3	0	0	0	2	0	0	0	5	0	9	0	5	0	0	1	0	2	0	0	0	2	1	0	0	0	0	1	0	0	1	8	16	5	11	2
zOTU_225	29	12	22	10	29	23	55	9	27	20	8	45	25	14	25	33	20	35	21	26	20	20	130	51	76	10	11	46	18	7	0	0	21	68	17	20	19	44	22	21	39	38	23	46	84	38	122	12
zOTU_2250	1	0	0	1	6	1	0	0	1	0	0	0	0	7	0	0	1	5	1	0	1	1	4	1	0	0	0	0	0	3	0	0	2	1	11	0	2	0	2	4	0	1	1	0	0	1	0	1
zOTU_2251	0	0	2	9	1	4	5	9	0	1	3	3	4	0	2	4	2	3	4	5	1	0	1	6	3	2	0	6	6	1	0	0	3	7	4	1	2	3	2	0	4	7	4	1	0	0	3	3
zOTU_2252	20	16	15	23	29	18	11	10	29	22	8	21	24	30	23	6	10	32	18	9	10	19	39	18	17	9	14	28	10	5	0	0	9	20	16	30	30	15	15	24	24	18	8	20	27	11	18	8
zOTU_2253	2	0	0	0	5	0	2	0	3	0	1	0	1	5	0	0	0	5	0	0	4	6	7	0	4	0	5	1	1	0	0	0	0	2	1	1	0	2	2	4	0	0	0	0	2	0	0	0
zOTU_2254	0	0	3	0	0	0	5	0	0	0	0	1	0	0	0	2	0	0	0	7	0	0	0	0	7	0	0	0	4	0	0	0	0	1	0	0	0	9	0	0	0	5	3	0	0	0	13	0
zOTU_2255	1	1	0	1	4	2	5	1	3	0	1	0	1	0	3	1	2	0	0	1	0	0	1	8	0	0	0	7	1	0	0	0	2	3	2	0	1	1	1	0	0	0	2	4	2	2	7	0
zOTU_2256	0	0	1	0	0	0	1	0	1	0	0	0	1	1	0	0	0	0	1	2	2	1	3	0	11	0	0	0	3	0	0	0	0	13	0	0	0	13	0	0	1	6	1	1	0	2	4	0
zOTU_2257	0	0	0	9	0	0	1	4	0	0	1	1	3	1	1	0	1	1	0	1	3	0	4	2	1	0	0	2	0	0	0	0	0	2	1	0	0	0	0	0	0	1	0	2	0	4	0	6
zOTU_2258	1	2	1	2	10	3	1	1	4	1	2	0	4	31	4	7	4	23	9	11	2	4	4	7	2	7	8	4	6	1	0	0	8	5	15	1	13	26	3	0	7	42	1	1	5	1	1	4
zOTU_2259	2	2	0	2	1	2	1	0	1	1	0	1	1	0	2	0	0	2	1	1	6	3	2	1	1	1	1	3	0	0	0	0	1	2	2	4	4	1	1	1	1	0	0	0	5	0	3	0
zOTU_226	0	9	25	0	0	27	15	1	1	9	0	18	0	0	47	247	0	0	186	147	0	0	0	71	5	1	0	76	92	0	0	1	32	57	5	0	33	245	1	0	20	189	112	0	0	7	31	0
zOTU_2260	0	0	1	0	2	1	0	0	0	1	0	4	3	0	5	0	1	0	0	0	2	1	0	2	3	3	0	3	0	2	0	0	0	2	0	2	3	5	0	1	2	1	0	5	1	3	0	0
zOTU_2261	0	0	1	1	6	2	0	0	2	0	1	3	0	5	0	1	1	10	0	2	3	1	0	0	0	0	1	0	1	0	0	0	0	1	5	0	0	8	0	0	1	4	1	1	0	0	4	1
zOTU_2262	2	1	0	0	3	1	0	0	1	2	0	0	0	2	1	0	0	1	1	0	0	5	7	0	2	1	4	2	0	0	0	0	3	1	2	1	2	1	1	1	3	2	0	0	11	2	0	0
zOTU_2263	1	1	0	2	7	2	1	2	4	0	3	0	1	2	8	2	12	1	4	3	0	6	0	2	1	3	2	3	5	0	0	0	2	6	4	2	4	7	1	7	2	9	2	2	0	0	0	3
zOTU_2264	0	1	0	0	2	0	0	0	3	1	0	0	0	2	1	0	0	1	1	2	0	3	6	0	5	0	0	0	0	0	0	0	0	6	0	5	0	2	0	1	2	2	0	0	8	0	2	0
zOTU_2265	2	0	1	2	4	1	2	0	4	1	2	0	3	0	5	3	4	0	3	0	3	3	5	2	3	2	0	3	2	1	0	0	0	1	4	0	1	1	1	2	1	2	0	3	4	0	3	2
zOTU_2266	0	1	0	1	0	3	2	0	0	0	0	0	0	0	4	4	2	1	6	2	2	0	2	1	4	0	3	1	1	0	0	0	4	4	5	1	4	2	0	0	2	0	3	1	0	2	2	0
zOTU_2267	1	0	0	0	2	0	6	0	0	0	0	0	0	2	0	4	2	4	0	0	9	1	6	0	2	2	2	0	0	0	0	0	0	1	1	1	0	5	2	0	0	1	1	1	3	0	6	0
zOTU_2268	0	3	3	10	0	2	2	3	0	0	2	4	2	0	3	3	0	0	4	3	0	0	0	0	2	1	0	1	1	0	0	0	0	3	0	0	2	5	0	0	0	4	3	3	0	3	3	0
zOTU_2269	1	3	1	2	4	2	2	0	0	2	0	2	0	1	2	0	3	1	2	3	1	0	1	4	1	0	1	1	0	0	0	0	1	0	2	3	1	2	0	3	5	0	1	1	0	1	0	0
zOTU_227	37	43	29	45	52	93	60	27	27	28	18	29	47	37	80	52	78	31	63	40	9	29	27	80	12	65	25	100	41	59	0	5	62	66	81	19	71	49	60	25	65	36	24	14	9	47	12	36
zOTU_2270	1	3	2	0	0	5	7	1	0	0	0	0	1	1	2	4	0	1	1	1	0	1	0	0	1	1	0	5	3	0	0	0	3	6	0	0	1	4	0	0	0	2	1	0	0	3	1	0
zOTU_2271	0	2	0	1	1	2	2	0	0	0	0	3	1	0	2	0	0	2	0	2	0	2	7	4	0	0	4	4	2	0	0	0	1	0	0	3	2	0	0	2	0	0	0	0	2	2	4	0
zOTU_2272	0	4	0	0	0	3	3	0	0	0	0	3	1	0	0	1	2	0	1	2	0	0	0	2	2	4	0	1	4	0	0	0	6	2	3	0	0	4	1	0	3	9	3	0	0	1	0	0
zOTU_2273	0	1	0	3	2	2	2	0	2	0	1	2	0	0	1	3	0	3	3	1	2	0	0	4	1	0	8	2	2	0	0	0	1	0	0	0	1	1	1	0	3	1	2	1	1	1	2	0
zOTU_2274	0	2	0	0	0	0	2	1	0	0	1	2	0	4	4	4	2	2	0	2	10	2	0	1	2	1	1	3	0	1	0	0	0	1	5	1	2	5	1	0	3	4	2	3	1	0	3	0
zOTU_2275	0	1	0	1	4	1	0	0	4	0	2	0	2	7	2	2	3	1	1	1	0	1	1	1	0	1	2	1	1	2	0	0	0	0	8	4	1	4	3	1	0	1	0	2	0	0	0	1
zOTU_2276	0	2	0	6	0	1	3	0	0	1	0	2	1	0	2	1	2	0	2	1	3	1	0	1	1	1	0	0	0	1	0	0	0	7	1	0	1	0	1	0	3	1	0	3	1	2	9	0
zOTU_2277	0	1	1	3	0	4	7	0	0	0	1	4	1	0	6	5	8	0	0	3	5	0	0	0	6	3	0	0	0	4	0	0	0	1	6	0	0	2	4	0	2	0	0	1	0	1	3	1
zOTU_2278	4	0	1	1	1	3	4	0	2	2	0	0	2	0	0	0	0	0	2	0	3	1	1	3	0	0	0	0	0	0	0	0	4	0	3	0	3	0	0	1	1	0	2	3	2	7	5	1
zOTU_2279	1	0	1	0	1	0	0	0	0	0	0	0	0	0	0	0	0	4	0	0	0	1	22	0	1	0	8	0	0	0	0	0	0	1	2	5	0	0	0	2	0	0	2	0	7	0	0	0
zOTU_228	20	24	10	33	91	34	17	15	72	31	18	19	38	25	61	34	26	84	62	35	14	45	30	55	23	17	35	53	17	21	0	0	33	25	49	52	40	65	34	39	65	35	11	11	16	46	17	15
zOTU_2280	1	2	1	0	0	5	6	0	0	1	2	3	0	0	2	1	0	0	2	2	0	0	0	4	4	0	0	8	1	1	0	0	2	2	0	0	2	0	0	0	2	2	0	0	0	3	4	0
zOTU_2281	1	0	5	0	0	1	0	0	2	0	0	0	0	1	3	0	1	1	3	6	0	0	0	5	4	0	0	4	1	1	0	0	2	5	0	0	3	3	1	0	1	4	1	0	0	3	4	0
zOTU_2282	3	0	1	1	6	1	0	1	0	0	2	0	3	2	2	0	0	4	2	2	4	0	3	1	0	2	2	1	0	0	0	0	4	0	4	0	9	1	0	2	1	2	3	0	4	0	2	3
zOTU_2283	0	2	0	5	0	0	2	1	1	1	1	2	0	1	1	0	0	0	0	0	0	0	3	0	11	1	0	0	0	1	0	1	1	4	2	0	1	6	1	0	2	0	0	0	0	0	3	2
zOTU_2284	0	1	0	1	0	1	0	0	3	0	0	0	2	8	1	1	0	7	4	4	0	2	0	3	0	1	7	0	1	0	0	0	4	0	1	3	3	4	2	1	0	2	0	0	0	2	0	0
zOTU_2285	0	0	0	3	1	0	0	1	0	1	0	0	1	1	1	0	1	1	1	2	5	3	1	0	0	1	1	0	0	2	0	0	0	1	6	0	1	0	0	0	0	3	0	0	5	2	4	2
zOTU_2286	1	0	1	0	9	1	3	0	1	0	0	3	0	1	1	1	0	0	2	2	0	0	1	3	1	0	0	0	2	0	0	0	0	1	1	1	1	8	1	2	0	1	3	2	6	2	4	0
zOTU_2287	1	3	0	1	1	0	4	0	1	2	0	0	1	1	1	0	3	0	1	1	6	0	2	2	3	1	0	2	0	0	0	0	2	4	5	1	1	1	2	0	2	1	0	1	0	3	7	0
zOTU_2288	2	2	0	0	2	0	2	0	1	1	1	2	0	0	0	2	1	4	5	0	1	0	2	1	0	0	0	4	0	0	0	0	0	2	1	0	2	1	6	1	1	1	0	2	5	2	0	0
zOTU_2289	8	1	0	0	8	0	0	1	16	0	1	0	3	9	0	0	2	3	1	0	1	5	3	1	0	1	6	2	0	0	0	0	2	0	0	3	2	1	2	5	0	0	0	0	3	1	0	1
zOTU_229	24	15	32	37	48	34	36	20	65	26	13	61	38	12	53	43	31	43	26	26	28	32	64	32	42	35	34	49	16	24	1	3	25	85	40	30	16	37	26	37	52	21	16	15	26	38	28	16
zOTU_2290	1	0	0	5	3	0	1	2	1	2	2	0	0	1	1	0	0	3	2	0	1	1	3	2	1	1	2	1	0	1	0	0	0	0	3	2	6	0	1	1	0	1	0	0	3	1	3	0
zOTU_2291	0	0	2	6	2	0	0	1	0	1	2	1	1	0	0	2	2	3	5	4	0	1	0	0	3	0	0	0	0	1	0	0	1	0	3	2	2	1	3	0	3	7	2	0	0	0	7	0
zOTU_2292	0	2	0	2	0	0	2	0	1	1	0	5	1	1	0	4	4	6	2	0	2	0	5	1	0	1	4	4	0	0	0	0	2	3	0	3	2	2	2	0	2	1	2	2	1	4	3	1
zOTU_2293	1	2	1	1	5	0	0	0	1	0	0	2	0	1	0	1	1	5	1	0	0	2	2	2	0	0	6	0	1	3	0	0	0	0	4	6	0	1	0	2	6	1	1	0	0	3	0	0
zOTU_2294	2	0	0	0	0	1	1	0	0	2	0	0	3	7	0	0	3	1	0	2	2	2	0	0	2	0	1	0	0	0	0	0	1	2	0	2	3	2	2	1	0	0	0	2	7	1	1	0
zOTU_2295	0	1	4	1	4	2	0	0	3	3	0	2	0	1	1	2	1	1	0	1	0	2	4	1	2	4	0	1	1	0	0	0	4	3	2	1	1	2	1	1	1	4	0	2	0	0	1	0
zOTU_2296	3	2	0	0	0	1	3	0	0	0	0	0	1	0	0	2	0	1	1	0	1	2	5	1	1	0	2	3	2	0	0	0	0	2	1	4	0	0	1	2	2	0	0	1	7	3	6	0
zOTU_2297	0	0	0	2	1	0	0	0	4	3	2	0	0	2	1	1	0	3	2	1	2	3	2	1	4	0	0	2	0	2	0	0	0	1	1	2	2	3	2	0	2	1	1	1	1	0	2	0
zOTU_2298	0	2	0	2	0	3	0	1	0	0	2	0	2	0	2	0	1	0	1	0	0	0	0	1	0	1	0	2	0	2	0	11	5	0	3	1	3	0	0	0	3	0	0	3	0	2	0	2
zOTU_2299	1	0	1	2	2	1	1	2	2	1	1	1	1	1	0	0	1	3	1	2	0	1	3	3	1	1	1	0	1	1	0	0	0	0	2	0	3	0	0	3	3	1	0	3	1	0	1	1
zOTU_23	0	368	310	251	2	637	793	173	1	995	127	684	27	2	867	566	226	158	690	225	119	3	234	901	291	259	42	1190	83	179	1	29	367	415	795	28	500	330	276	4	476	124	286	559	2	1057	902	171
zOTU_230	58	14	1	37	110	19	0	13	45	2	23	0	24	54	39	1	4	117	54	0	2	21	40	22	1	27	143	13	0	32	0	0	29	1	50	39	73	1	22	34	64	1	0	8	1	11	0	73
zOTU_2300	3	3	0	0	3	1	0	1	0	0	0	0	0	3	0	0	0	1	1	0	2	4	5	2	0	0	4	0	0	0	0	0	1	0	0	5	0	0	0	2	4	0	0	0	13	4	1	0
zOTU_2301	1	0	1	1	0	1	8	1	0	1	0	3	1	0	1	4	0	2	0	3	0	0	2	5	2	0	2	4	1	1	0	0	4	2	1	1	2	3	0	0	4	1	1	0	2	4	2	0
zOTU_2302	0	3	0	1	0	1	0	0	0	1	0	0	2	2	2	1	2	0	1	5	0	1	1	6	4	2	2	1	3	2	0	0	3	1	9	0	0	4	0	1	4	4	2	0	1	3	2	1
zOTU_2303	0	2	1	2	1	0	2	0	1	2	0	0	3	2	1	3	1	5	1	0	0	5	0	2	2	0	1	1	3	1	0	0	4	1	2	1	2	5	2	2	2	1	0	0	1	0	1	2
zOTU_2304	0	1	0	0	1	1	4	1	0	1	0	1	0	0	3	0	0	2	3	0	0	0	2	2	3	0	1	2	1	0	0	0	2	2	2	0	2	0	0	1	4	1	1	0	0	3	0	0
zOTU_2305	0	0	0	0	0	1	0	0	0	3	1	0	1	1	2	2	1	0	1	1	1	3	1	2	4	2	0	1	0	0	0	0	3	3	1	1	0	7	0	0	0	2	1	1	1	3	16	0
zOTU_2306	0	0	4	5	0	0	3	1	1	0	0	1	0	2	5	7	0	0	4	9	0	0	0	2	1	2	3	2	2	0	0	0	3	8	1	0	0	8	0	0	4	7	3	0	0	2	4	0
zOTU_2307	1	0	0	4	6	3	1	0	0	0	0	0	0	5	5	0	0	3	4	7	1	0	0	5	0	0	1	4	1	1	0	0	4	2	3	0	3	3	0	1	1	4	0	0	0	0	3	1
zOTU_2308	1	0	0	0	5	3	0	0	0	0	0	0	0	1	2	0	0	4	1	0	0	0	0	1	0	1	3	3	0	1	0	0	1	0	0	8	4	0	0	2	1	0	0	0	2	2	0	0
zOTU_2309	2	0	6	0	0	0	8	1	0	1	1	5	1	1	0	0	0	0	2	5	2	1	0	2	2	1	0	3	3	0	0	0	1	9	0	0	0	9	0	1	2	7	3	0	0	0	11	0
zOTU_231	197	0	0	39	210	0	0	9	67	1	5	0	15	11	0	0	22	468	1	0	15	73	78	0	0	74	163	0	0	12	0	0	0	0	5	22	0	0	11	16	0	0	0	2	8	0	0	56
zOTU_2310	3	0	1	1	5	2	1	0	1	5	0	0	0	3	2	0	1	3	0	0	2	1	3	1	0	0	0	3	0	2	0	0	0	0	0	5	1	1	0	3	4	0	2	1	2	2	1	0
zOTU_2311	0	0	0	0	1	0	2	0	3	2	0	2	0	1	0	2	1	1	0	0	2	1	3	5	1	0	0	2	0	3	0	0	0	1	1	2	2	0	0	2	3	0	0	1	10	3	5	0
zOTU_2312	0	0	0	1	4	3	0	0	1	0	2	0	0	8	2	1	0	3	1	1	0	4	3	0	1	0	1	0	0	1	0	0	0	0	2	0	1	3	2	1	0	1	1	2	1	0	2	1
zOTU_2313	1	0	0	0	6	0	0	0	2	0	0	0	0	6	2	4	1	4	3	3	0	1	0	2	2	0	5	0	0	0	0	0	1	0	1	1	4	3	0	2	2	1	2	0	1	0	0	0
zOTU_2314	2	1	0	1	3	0	0	0	2	0	1	0	6	4	3	2	5	3	2	0	0	0	2	0	0	0	0	2	0	2	0	0	2	0	2	4	2	0	1	4	1	1	1	1	1	2	0	1
zOTU_2315	0	3	1	0	1	2	1	0	0	3	0	2	0	2	0	5	0	1	3	3	1	0	0	4	2	1	0	1	2	0	0	0	1	5	0	0	0	7	0	1	0	6	2	0	2	2	4	0
zOTU_2316	1	2	5	1	0	4	4	1	0	4	1	8	2	1	2	6	4	0	2	7	4	0	2	5	14	2	0	2	1	2	0	0	3	15	3	0	2	10	2	2	2	8	1	2	0	1	24	0
zOTU_2317	0	3	0	1	0	1	1	1	0	0	1	0	0	0	5	0	0	0	11	0	2	0	0	3	0	3	0	4	0	2	0	0	1	0	4	0	4	0	4	0	3	0	1	0	0	0	0	0
zOTU_2318	0	1	1	2	0	0	3	0	0	1	1	1	2	0	1	4	2	0	1	0	3	0	0	1	0	4	0	0	0	1	0	0	0	5	6	0	0	5	3	0	0	1	5	1	0	1	4	0
zOTU_2319	0	6	4	3	3	7	9	0	3	3	2	8	0	0	15	15	6	0	13	10	1	1	1	9	12	8	0	9	9	3	0	0	4	23	9	0	11	11	4	0	7	17	3	1	0	4	10	2
zOTU_232	0	16	46	10	1	42	104	1	0	13	13	76	8	0	23	57	7	1	23	113	2	1	1	60	286	1	0	69	54	3	0	1	16	126	0	2	12	87	2	2	16	35	49	16	0	16	117	3
zOTU_2320	1	0	0	2	0	0	0	0	0	0	2	1	6	1	4	1	3	0	7	4	0	3	0	1	1	1	5	0	3	2	0	0	1	5	11	0	2	4	10	0	2	2	0	1	0	1	0	0
zOTU_2321	0	0	0	1	2	1	0	0	0	0	2	0	0	6	1	0	1	3	2	1	0	6	0	1	0	0	1	0	1	0	0	0	6	0	5	0	1	4	2	4	3	5	1	0	0	0	0	0
zOTU_2322	0	2	3	5	11	3	3	1	4	2	4	5	8	16	9	7	1	11	6	5	2	3	1	6	3	0	8	4	4	0	0	0	4	10	2	3	9	12	2	9	4	11	3	1	0	1	1	2
zOTU_2323	1	4	0	0	1	1	0	0	0	0	0	0	0	1	4	0	0	1	1	0	0	2	0	0	0	0	0	2	0	0	0	0	1	0	0	1	8	0	0	0	8	0	0	0	0	2	0	0
zOTU_2324	0	2	1	0	0	1	3	0	0	1	0	2	0	0	3	1	4	0	3	5	3	0	2	2	0	0	1	3	0	3	0	0	2	2	1	0	4	3	5	0	0	2	1	0	0	2	1	0
zOTU_2325	0	2	1	2	0	0	1	1	0	2	1	1	3	0	3	0	2	0	3	3	0	1	0	3	1	2	0	1	2	0	0	0	0	4	4	0	2	4	3	0	2	1	0	2	0	2	2	1
zOTU_2326	0	1	5	4	0	1	1	1	0	0	5	0	10	0	5	0	2	0	2	6	0	0	0	0	1	1	0	5	3	0	0	0	3	1	10	1	1	4	9	1	3	6	2	0	0	0	1	2
zOTU_2327	0	1	1	0	0	0	6	0	0	2	0	3	1	0	0	3	0	0	1	2	0	0	0	0	9	2	0	0	0	0	0	0	0	5	1	2	0	7	0	0	3	5	4	3	1	2	10	0
zOTU_2328	0	0	2	0	0	0	3	0	0	0	0	2	0	0	0	0	0	0	0	6	0	0	0	0	13	0	0	0	4	0	0	0	0	15	0	0	0	7	0	0	0	5	1	0	0	0	5	0
zOTU_2329	0	0	2	0	0	1	0	0	0	0	0	2	0	0	1	3	0	0	6	6	0	0	0	3	1	0	0	1	0	0	0	0	4	1	1	0	2	5	0	0	4	7	8	0	0	1	3	0
zOTU_233	13	29	76	33	22	21	99	16	27	34	24	103	21	14	37	100	22	17	22	48	22	8	41	23	76	23	14	25	35	3	1	0	19	78	33	20	18	74	20	24	37	70	69	19	25	35	94	7
zOTU_2330	0	0	0	0	0	0	0	0	0	0	0	0	0	0	0	0	0	0	0	0	0	0	0	0	0	0	0	0	0	0	0	0	0	0	0	0	0	0	0	0	0	0	0	0	0	0	0	0
zOTU_2331	0	0	0	1	0	1	0	5	0	0	0	0	4	0	3	0	0	0	1	4	2	0	0	1	1	1	0	3	0	0	0	0	3	3	4	0	6	3	6	0	3	2	0	4	0	1	0	0
zOTU_2332	0	0	5	0	0	1	6	0	0	0	1	1	0	0	2	1	1	0	0	7	0	0	0	4	7	1	0	5	6	0	0	0	2	8	0	0	2	7	1	0	0	2	2	2	0	2	2	1
zOTU_2333	3	2	0	0	2	1	0	0	2	0	0	0	0	5	2	1	0	1	1	1	0	1	1	2	1	0	1	2	0	0	0	1	3	2	1	0	2	1	0	5	4	2	1	0	0	1	0	0
zOTU_2334	0	0	1	0	0	0	3	0	0	0	0	4	0	0	0	3	0	0	0	2	0	0	0	0	8	0	0	0	1	0	0	0	0	5	0	0	0	3	0	0	0	4	2	0	0	0	21	0
zOTU_2335	2	0	0	1	6	0	0	0	3	1	0	0	0	3	3	0	0	4	2	0	0	5	6	3	0	0	3	2	0	0	0	6	1	0	0	4	0	0	0	4	1	0	0	0	4	1	0	0
zOTU_2336	0	0	5	0	0	1	3	0	0	5	0	11	0	0	0	2	0	1	3	3	0	0	1	6	2	0	0	4	0	0	0	0	1	4	0	0	1	2	0	0	3	3	1	0	0	2	6	0
zOTU_2337	3	2	0	3	2	3	1	2	0	1	2	2	3	8	1	1	1	1	2	0	1	3	3	3	0	2	3	3	1	1	0	0	4	2	5	4	4	1	0	6	4	1	0	1	3	0	1	1
zOTU_2338	0	0	1	2	0	1	0	0	5	0	0	1	0	2	3	0	0	2	1	1	1	2	4	5	3	1	0	0	0	1	0	0	0	0	1	2	1	0	0	2	0	1	0	1	4	2	1	1
zOTU_2339	0	4	1	1	10	3	2	1	0	1	0	0	2	1	0	2	2	0	3	1	4	3	0	1	0	1	0	1	0	1	0	0	3	0	7	0	0	0	1	0	1	2	1	0	0	0	1	0
zOTU_234	4	7	18	18	13	53	79	10	15	20	10	36	11	48	34	137	45	7	34	61	34	23	23	70	103	24	8	52	25	5	0	0	45	37	59	6	20	83	18	9	16	50	50	22	36	37	283	9
zOTU_2340	1	2	0	0	0	0	0	0	0	0	0	0	0	4	2	0	0	3	3	0	0	5	5	0	0	0	3	0	0	0	0	0	0	0	0	6	4	0	0	2	4	0	0	0	6	2	0	0
zOTU_2341	39	15	19	26	27	6	19	18	27	11	16	24	31	13	28	40	33	36	33	39	25	17	46	17	24	32	15	21	13	9	0	0	8	36	28	24	24	56	29	13	29	34	19	17	17	16	18	14
zOTU_2342	1	1	1	0	3	1	2	0	2	1	0	2	0	0	1	3	0	2	0	2	2	5	4	1	3	0	0	1	0	0	0	0	0	2	1	0	1	0	0	1	1	1	0	0	6	1	1	0
zOTU_2343	0	2	0	1	2	6	2	0	0	3	0	0	0	0	5	1	0	0	4	3	0	0	0	2	2	0	0	3	1	0	0	1	3	1	0	0	4	0	0	0	3	0	0	0	1	3	0	0
zOTU_2344	1	0	1	3	3	1	1	2	2	4	1	1	2	5	0	2	1	0	0	0	0	2	5	0	0	2	3	4	0	0	0	0	2	0	3	2	2	1	1	3	3	0	0	0	2	1	0	2
zOTU_2345	0	1	0	1	3	0	1	0	2	0	0	1	1	0	1	0	2	2	1	1	4	1	3	1	1	6	0	3	0	1	0	0	2	1	3	0	0	0	4	0	3	1	0	1	1	1	4	0
zOTU_2346	2	1	1	0	3	2	2	0	0	0	0	5	0	0	0	2	1	0	2	1	2	0	1	2	4	2	0	0	1	0	0	0	0	1	1	1	1	4	1	0	3	1	1	0	2	0	5	0
zOTU_2347	0	3	0	0	0	0	0	3	0	0	0	0	3	0	2	4	0	0	3	10	0	0	0	0	0	0	0	0	0	1	0	0	4	1	6	0	3	5	3	0	0	1	0	0	0	4	0	0
zOTU_2348	0	3	0	0	0	1	0	0	0	1	0	1	0	0	3	1	5	0	0	1	5	1	1	2	2	2	0	3	1	1	0	0	7	5	3	0	2	3	0	0	0	0	0	1	0	9	0	0
zOTU_2349	3	1	1	3	3	0	1	0	0	3	2	3	3	3	2	0	0	2	1	1	3	0	1	2	0	0	1	2	0	1	0	0	1	0	0	4	6	0	1	1	1	2	0	1	2	3	0	0
zOTU_235	15	17	5	35	25	28	13	28	29	25	18	18	39	17	37	16	31	48	42	12	32	16	73	54	14	28	51	53	9	21	2	0	32	29	68	45	57	12	62	41	56	8	4	16	23	35	7	12
zOTU_2350	5	6	0	5	5	1	0	0	4	0	3	1	3	9	3	0	4	5	5	1	1	1	7	2	0	4	3	6	0	1	0	0	0	1	8	7	4	0	5	6	10	1	0	3	1	2	0	0
zOTU_2351	0	0	1	0	2	3	0	0	1	1	1	1	0	1	1	1	0	0	1	0	3	0	6	2	1	1	2	0	0	0	0	0	5	2	0	1	0	1	0	3	2	0	0	0	1	3	5	0
zOTU_2352	2	1	0	0	1	0	0	0	1	1	0	0	0	1	0	1	1	3	0	1	2	1	4	1	0	0	4	4	1	0	0	0	2	0	0	1	1	1	1	5	2	0	1	0	0	0	1	2
zOTU_2353	0	0	0	0	0	0	1	0	0	0	0	0	0	1	0	4	0	1	0	3	0	0	3	0	10	0	0	0	0	0	0	0	0	4	0	3	0	5	0	1	0	0	1	0	3	0	18	0
zOTU_2354	0	1	1	0	1	2	1	0	2	3	0	3	0	2	2	2	0	0	0	2	1	0	1	1	2	1	0	3	2	1	0	0	3	2	2	0	7	3	0	3	3	5	1	0	2	3	0	0
zOTU_2355	1	0	0	0	4	0	0	3	4	1	0	0	1	4	1	1	3	5	0	0	6	0	2	1	0	0	1	0	0	1	0	0	3	2	2	2	0	0	0	5	0	1	0	2	4	2	1	1
zOTU_2356	0	0	1	0	0	0	11	0	0	0	0	3	0	0	0	7	0	0	0	6	0	0	3	0	2	0	2	0	0	0	0	0	0	3	0	0	0	3	0	1	0	1	7	0	0	0	18	0
zOTU_2357	0	0	1	0	0	0	2	0	0	0	0	0	0	0	0	2	0	0	2	3	5	0	0	1	5	1	0	3	1	2	0	0	0	2	2	0	0	2	0	0	4	0	0	0	0	5	10	0
zOTU_2358	2	0	2	1	1	0	2	0	0	1	1	2	3	0	1	0	2	2	0	3	0	2	2	1	1	1	1	1	0	0	0	0	0	0	2	5	0	2	2	0	0	0	2	1	0	2	0	1
zOTU_2359	0	0	2	0	0	0	7	0	0	0	0	7	0	0	0	4	0	0	0	4	0	0	0	0	8	0	0	0	2	0	0	0	0	7	0	0	0	6	0	0	0	3	1	0	0	0	3	0
zOTU_236	13	27	11	38	56	37	10	6	20	14	3	2	19	19	44	19	18	89	60	24	34	20	66	62	37	31	30	35	17	26	0	1	29	12	57	63	110	52	15	19	47	26	8	15	35	51	42	8
zOTU_2360	0	1	2	0	1	1	1	0	0	1	0	0	0	2	0	3	0	6	3	3	0	1	1	7	4	1	1	0	2	1	0	0	1	6	1	1	2	11	0	1	1	6	2	1	1	1	0	0
zOTU_2361	0	0	3	2	1	0	2	1	0	1	0	1	1	0	0	1	0	0	4	1	1	0	2	0	2	0	0	2	1	0	0	0	1	5	0	3	4	3	2	0	0	4	3	0	0	3	3	0
zOTU_2362	1	0	0	2	2	1	0	1	2	3	1	1	1	1	2	0	2	3	2	0	0	3	2	3	0	0	1	1	0	0	0	0	2	1	1	0	3	0	2	2	3	1	0	1	1	3	2	0
zOTU_2363	2	3	0	0	1	1	0	0	2	1	1	0	1	1	3	0	2	2	2	0	2	0	1	4	2	2	2	1	1	0	0	0	1	4	1	4	2	2	4	0	3	1	0	2	1	1	2	1
zOTU_2364	0	4	0	0	0	0	1	0	0	0	0	0	0	0	1	0	2	0	2	3	3	0	0	2	0	1	0	1	0	0	0	0	3	2	9	0	5	6	4	0	0	3	0	0	0	2	0	0
zOTU_2365	6	1	0	3	3	0	0	2	2	0	0	0	3	2	2	1	0	2	2	0	0	4	2	2	0	0	1	6	0	0	0	0	1	2	1	1	2	0	2	3	0	0	0	0	0	3	1	0
zOTU_2366	4	1	1	4	1	3	0	3	4	3	1	0	5	0	2	0	0	1	0	0	0	0	4	1	0	3	4	1	0	0	0	0	3	1	2	1	0	0	1	3	4	0	0	2	0	1	0	0
zOTU_2367	0	1	0	13	0	1	1	0	0	0	1	0	0	4	5	0	0	0	3	0	0	0	0	0	1	0	1	0	0	0	0	0	1	0	0	4	1	0	1	6	0	0	0	1	0	2	0	1
zOTU_2368	1	0	0	2	0	0	1	0	3	0	0	1	0	0	0	5	0	3	0	2	0	1	1	0	7	1	0	0	1	0	0	0	0	6	6	1	1	4	0	1	2	6	3	0	0	1	2	0
zOTU_2369	0	0	0	0	1	1	2	0	0	1	0	1	4	0	2	1	2	1	3	1	3	1	3	3	2	0	1	0	0	0	0	0	0	1	0	2	0	3	2	0	3	0	0	4	2	5	3	1
zOTU_237	6	30	37	24	15	14	65	39	13	19	34	62	48	14	37	98	50	17	33	84	12	13	13	46	51	40	14	53	63	21	0	2	35	162	66	11	38	129	27	21	54	97	40	7	4	25	27	22
zOTU_2370	13	0	0	0	17	0	0	0	12	0	0	0	0	2	0	0	0	0	0	0	0	7	1	0	0	0	1	0	0	0	0	0	0	0	0	1	0	0	0	1	0	0	0	0	8	0	0	0
zOTU_2371	1	0	0	4	3	0	0	0	4	0	7	0	7	1	1	1	0	1	3	5	0	1	1	1	1	3	1	2	1	0	0	0	1	0	7	0	2	1	4	0	0	2	0	4	0	0	0	15
zOTU_2372	1	1	0	0	0	2	2	2	0	0	0	0	0	0	2	0	3	0	0	0	5	0	6	1	0	0	0	0	1	0	0	0	0	0	0	0	0	0	0	0	0	0	0	3	13	1	11	2
zOTU_2373	0	0	0	0	3	0	0	4	5	0	2	0	4	3	0	0	3	2	2	0	0	2	2	4	0	2	1	3	1	2	0	0	2	0	0	2	0	0	2	3	2	0	0	1	2	2	1	0
zOTU_2374	0	3	1	0	0	0	0	0	0	1	0	1	0	0	2	2	0	0	4	11	0	0	0	2	2	0	0	3	2	0	0	0	0	3	0	0	2	7	0	0	5	11	0	0	0	3	0	0
zOTU_2375	0	1	2	0	0	1	0	1	1	0	0	0	1	5	1	1	1	0	2	1	0	1	2	1	1	1	0	2	1	0	0	0	1	3	0	2	1	2	0	1	5	4	1	0	2	2	5	3
zOTU_2376	0	2	1	2	1	1	0	1	3	0	0	0	2	5	4	1	1	3	5	4	2	0	1	3	0	0	3	0	0	0	0	0	1	0	5	0	5	2	1	0	4	2	1	0	0	0	1	3
zOTU_2377	2	1	0	0	1	0	8	0	1	0	1	1	2	4	0	2	3	1	1	1	1	4	3	0	4	0	0	3	1	0	0	0	0	7	6	0	1	4	1	0	1	3	1	1	5	0	0	0
zOTU_2378	3	0	1	0	1	0	1	0	1	1	1	0	5	3	4	3	5	1	1	4	0	2	4	2	0	5	4	1	1	3	0	0	1	1	1	2	4	2	1	2	2	1	1	1	2	2	0	1
zOTU_2379	0	3	0	0	0	2	2	0	0	2	0	2	0	0	5	3	0	0	8	2	2	0	0	4	2	0	0	3	2	2	0	0	2	4	0	0	5	5	0	0	0	2	1	0	0	3	2	0
zOTU_238	21	19	24	23	41	40	45	10	21	21	5	33	19	48	35	44	46	14	36	48	41	24	42	44	83	22	11	59	23	10	0	2	17	32	52	13	48	46	23	15	31	29	28	35	43	47	147	20
zOTU_2380	0	3	3	0	0	0	0	2	0	2	2	0	0	0	2	4	1	1	1	8	4	0	2	5	2	0	2	0	0	3	0	0	2	4	3	0	4	8	0	0	3	2	2	0	0	3	2	0
zOTU_2381	2	4	0	0	2	1	2	0	3	1	0	1	1	0	1	7	2	0	3	0	1	1	3	2	0	1	1	3	1	1	0	0	1	0	3	0	1	2	3	3	1	1	1	1	2	0	2	0
zOTU_2382	0	0	2	0	0	3	0	0	1	1	0	0	0	0	0	2	4	0	2	2	0	1	0	0	4	0	0	0	0	0	0	0	3	3	2	0	0	1	2	0	0	2	1	3	1	2	7	1
zOTU_2383	4	2	2	0	4	1	0	0	6	0	0	0	0	2	6	0	0	1	7	1	0	3	2	3	0	0	2	1	0	0	0	0	5	2	0	3	5	2	0	0	5	0	4	0	1	3	0	0
zOTU_2384	0	0	2	0	0	0	2	0	1	0	0	3	0	1	0	6	0	6	2	1	0	0	5	1	4	0	3	2	1	1	0	0	0	2	0	4	1	3	1	2	2	6	0	0	0	0	1	0
zOTU_2385	0	1	2	0	0	1	3	0	0	3	0	7	0	0	1	4	0	0	0	5	2	0	0	0	5	2	0	0	1	1	0	0	0	4	3	0	0	8	1	0	0	1	0	0	0	1	1	0
zOTU_2386	2	0	0	0	2	2	1	0	1	3	2	2	1	1	1	1	0	5	0	0	2	1	6	0	2	1	1	1	1	0	0	0	3	0	3	1	2	2	1	0	2	1	0	2	1	1	0	0
zOTU_2387	0	2	0	0	0	2	0	0	0	1	0	1	0	0	1	7	0	3	1	2	0	0	3	4	3	0	2	0	2	0	0	0	2	4	0	0	1	2	0	0	1	4	2	0	0	2	2	0
zOTU_2388	1	2	2	1	2	1	1	1	1	2	1	1	1	2	2	1	1	0	2	1	3	1	2	5	2	3	1	2	1	0	0	0	0	1	3	1	0	1	1	2	2	0	0	3	2	2	2	2
zOTU_2389	0	0	0	5	2	2	0	0	0	1	5	0	0	1	3	0	0	0	2	0	2	0	1	3	0	4	1	2	0	3	0	0	2	0	11	1	3	0	5	2	1	0	0	1	1	3	0	0
zOTU_239	27	31	13	45	97	38	14	20	54	16	11	9	21	74	34	39	20	99	58	40	11	76	88	39	31	29	48	36	20	17	0	16	22	39	37	21	67	43	23	43	56	37	22	11	47	35	28	37
zOTU_2390	7	1	2	12	9	7	3	5	5	4	5	2	12	11	3	5	3	9	7	3	4	5	13	2	1	2	6	5	0	2	0	0	5	2	3	7	7	3	4	6	4	1	3	0	1	4	0	0
zOTU_2391	0	0	2	3	0	0	1	2	0	1	0	1	1	0	5	0	3	4	0	2	0	0	1	4	1	3	0	1	0	0	0	0	2	1	0	2	1	0	1	0	1	0	2	1	0	2	4	0
zOTU_2392	0	2	1	0	0	1	2	1	0	2	0	6	0	0	8	1	0	1	0	2	0	0	0	2	1	0	0	4	2	0	0	0	0	3	1	0	3	4	0	0	3	2	0	1	0	4	3	0
zOTU_2393	0	1	4	2	0	1	3	0	0	0	2	3	0	1	0	1	0	1	1	17	0	1	1	1	8	1	0	0	2	0	0	0	0	3	0	1	0	7	0	1	2	10	1	0	1	1	2	1
zOTU_2394	0	3	0	2	3	1	0	3	1	4	0	0	5	1	4	2	4	4	2	0	3	2	3	4	0	1	1	7	0	3	0	0	0	0	7	5	1	0	7	1	1	0	0	0	0	2	0	0
zOTU_2395	1	0	2	0	3	0	4	0	2	1	0	0	0	2	1	3	0	0	1	3	0	2	0	3	3	0	1	0	1	1	0	0	0	1	0	2	0	2	0	0	3	1	0	0	1	0	4	0
zOTU_2396	1	0	0	0	0	0	0	0	0	1	0	4	0	0	0	2	1	0	3	2	0	2	2	4	11	0	1	1	2	1	0	0	0	2	1	0	1	3	0	4	1	1	1	0	1	3	0	0
zOTU_2397	0	3	1	2	1	4	0	1	1	0	2	0	0	2	1	3	1	2	1	1	2	1	6	1	2	0	0	0	1	1	0	0	2	0	0	2	0	1	1	1	1	0	0	8	4	0	1	1
zOTU_2398	1	0	0	4	5	0	0	1	3	0	1	0	0	3	1	1	4	3	1	1	3	1	2	0	2	1	1	1	0	2	0	3	3	0	8	3	2	2	0	1	1	0	0	1	1	0	0	0
zOTU_2399	0	0	0	0	1	0	0	0	0	0	0	1	0	6	0	2	0	4	7	0	0	4	0	0	0	0	0	2	0	0	0	0	0	0	0	0	6	4	0	0	4	9	0	0	2	1	0	0
zOTU_24	305	218	206	254	676	410	219	167	360	68	158	120	251	250	446	575	386	514	406	294	48	431	240	378	82	370	388	511	215	131	8	19	280	415	320	235	365	346	189	276	444	315	238	59	202	168	123	255
zOTU_240	47	19	15	24	63	48	15	14	69	21	3	19	55	93	28	24	19	42	31	24	17	40	48	33	27	3	20	65	10	4	0	0	19	32	29	44	40	29	27	59	41	23	6	5	53	25	13	6
zOTU_2400	0	0	6	0	0	0	1	0	0	0	0	0	0	0	0	7	0	0	0	4	0	0	0	0	4	0	0	0	2	0	0	0	0	6	0	0	0	5	0	0	0	9	12	0	0	0	1	0
zOTU_2401	0	0	0	1	1	1	4	0	1	3	0	1	1	0	2	2	3	2	6	1	2	4	1	2	2	1	0	2	4	0	0	0	1	5	2	1	4	3	0	1	1	1	0	0	2	0	0	0
zOTU_2402	0	6	2	2	1	2	1	1	0	3	2	0	2	2	4	3	1	1	8	3	0	0	0	11	5	1	3	3	6	2	0	0	3	5	3	1	3	12	2	2	0	3	1	0	1	4	0	0
zOTU_2403	0	0	0	0	1	0	0	2	0	0	0	1	4	1	0	0	0	1	1	0	0	3	7	0	0	0	4	0	0	0	0	0	0	0	0	4	0	1	1	3	2	0	2	3	1	1	0	0
zOTU_2404	0	0	2	0	0	0	4	1	0	1	0	2	0	0	1	2	0	0	0	2	1	0	0	1	5	0	0	0	2	0	0	0	0	9	1	0	2	12	0	0	0	2	1	0	0	0	2	0
zOTU_2405	5	1	1	0	1	1	1	0	1	2	0	1	0	0	1	0	0	1	3	0	0	4	3	1	0	0	2	3	0	0	0	0	1	1	0	1	3	1	0	4	4	1	1	0	2	2	1	0
zOTU_2406	1	0	0	0	1	0	0	0	0	4	0	0	0	1	4	0	0	5	2	1	0	1	1	1	1	0	2	1	0	0	0	0	1	0	0	0	5	0	0	0	5	0	2	0	0	2	1	0
zOTU_2407	1	2	1	3	4	4	0	1	1	0	0	4	2	1	1	0	0	1	3	0	5	0	1	2	1	0	0	2	0	0	0	0	1	1	2	1	0	0	0	0	1	1	0	2	0	3	0	2
zOTU_2408	2	2	0	2	2	2	4	0	1	2	2	3	2	2	8	2	5	2	0	1	3	2	3	2	4	4	8	8	2	2	0	0	1	3	7	1	0	1	0	7	3	2	1	1	0	2	3	7
zOTU_2409	0	3	1	3	3	1	0	1	2	1	2	0	1	1	4	1	0	3	5	0	0	1	1	0	1	0	2	1	0	0	0	0	1	1	1	1	9	1	0	0	4	0	0	0	1	1	0	0
zOTU_241	16	18	15	41	74	22	19	12	36	11	18	14	17	89	27	30	31	43	43	57	19	27	33	15	20	40	47	22	25	26	0	0	26	14	80	53	61	64	36	40	46	39	13	18	18	24	20	23
zOTU_2410	2	2	2	3	1	0	1	1	1	0	2	0	1	0	0	0	0	1	1	0	1	4	1	2	2	1	0	6	0	3	0	0	1	3	3	1	0	1	2	2	1	2	1	1	3	2	3	0
zOTU_2411	1	0	1	1	2	3	2	2	0	2	1	1	0	0	0	0	0	0	0	1	4	1	4	1	3	0	0	2	1	0	0	0	1	3	0	0	1	1	0	1	2	1	0	2	4	1	3	2
zOTU_2412	0	0	1	0	2	0	2	0	2	0	1	1	3	1	2	1	3	2	1	3	2	1	3	2	1	0	0	0	2	2	0	0	2	0	3	0	4	2	0	0	0	1	0	0	1	2	3	0
zOTU_2413	0	1	5	1	0	1	1	0	0	2	0	2	0	2	1	3	0	1	3	0	0	1	1	0	2	0	0	1	0	1	0	0	3	3	0	0	1	1	1	0	1	1	3	0	1	4	14	0
zOTU_2414	0	0	0	2	0	0	1	0	1	0	0	3	1	2	1	8	1	1	3	5	0	1	3	4	3	2	0	0	4	1	0	0	0	7	5	0	1	12	2	0	2	18	2	2	0	1	4	0
zOTU_2415	0	3	1	1	0	1	1	1	0	1	0	1	1	2	0	3	0	0	1	0	0	0	0	2	2	2	1	5	2	0	0	0	0	2	0	0	5	3	0	1	0	1	1	1	2	4	2	0
zOTU_2416	0	1	0	0	1	0	2	2	0	0	0	0	1	2	1	1	1	0	0	0	10	1	8	5	0	1	0	2	0	1	0	0	0	0	3	0	0	1	1	2	0	1	0	2	4	0	4	1
zOTU_2417	0	1	0	0	5	0	0	0	1	0	0	0	0	2	2	2	4	1	4	6	3	0	3	2	6	1	1	1	0	0	0	0	2	1	6	1	1	4	1	0	2	0	0	1	0	1	2	1
zOTU_2418	0	0	3	2	0	0	4	2	0	0	1	1	3	0	3	4	8	0	3	3	0	0	0	0	2	1	0	1	6	2	0	0	1	9	7	0	2	8	3	0	1	13	1	1	0	1	1	1
zOTU_2419	1	2	1	1	2	1	4	0	4	1	1	1	1	0	0	0	3	1	2	1	1	1	6	3	3	5	4	4	2	3	0	0	2	5	5	0	0	1	2	0	1	1	0	1	0	3	4	3
zOTU_242	22	35	9	15	30	54	16	21	18	36	7	41	17	17	33	30	25	25	27	12	26	21	63	37	45	22	19	69	12	19	0	0	77	60	26	16	43	22	26	28	38	28	10	28	62	60	30	4
zOTU_2420	1	2	0	0	5	2	0	0	1	4	0	0	0	1	1	1	1	1	2	0	0	0	2	3	0	0	3	2	0	0	0	0	1	3	0	5	4	0	2	2	3	0	0	1	0	5	0	1
zOTU_2421	1	2	0	1	1	0	0	1	1	0	3	0	2	3	1	1	0	2	2	2	3	0	2	0	0	3	2	0	1	0	0	0	4	1	0	1	1	1	0	2	1	1	0	0	0	2	1	1
zOTU_2422	2	0	4	1	0	0	3	0	2	0	1	3	0	1	4	0	2	1	4	3	0	0	2	2	3	2	0	0	1	1	0	0	1	5	2	0	0	4	3	0	5	3	1	0	0	2	5	0
zOTU_2423	1	1	0	2	3	0	0	0	1	0	0	1	4	1	1	0	0	6	0	0	3	1	0	4	1	1	1	0	0	0	0	0	1	0	1	0	2	0	1	2	5	0	1	2	2	2	0	0
zOTU_2424	0	1	0	0	1	0	1	1	0	3	0	3	0	0	4	0	0	0	1	1	0	0	0	3	2	0	2	1	1	0	0	0	1	2	3	0	1	0	5	0	1	3	2	0	2	3	1	0
zOTU_2425	0	0	0	0	0	0	0	0	0	0	0	0	1	0	4	1	0	0	5	3	0	0	0	3	1	0	2	0	1	0	0	0	4	1	1	0	7	1	1	0	7	3	1	0	0	0	0	0
zOTU_2426	1	1	0	2	1	1	1	2	2	0	1	2	1	8	0	0	3	4	0	0	1	3	3	3	0	0	2	2	0	0	0	0	0	0	0	1	0	1	0	1	2	0	0	2	4	2	0	2
zOTU_2427	0	0	0	1	0	2	0	0	3	3	1	1	4	3	2	0	1	0	4	0	1	1	1	3	2	1	2	2	0	2	0	0	0	1	1	1	1	3	2	3	3	0	0	2	1	3	7	0
zOTU_2428	0	1	1	1	0	2	2	3	0	0	0	0	2	1	2	2	0	0	4	3	1	0	0	1	4	1	0	1	0	1	0	0	4	1	4	0	3	2	0	0	2	1	1	2	0	3	3	1
zOTU_2429	2	0	2	0	4	0	0	0	1	0	1	0	2	1	0	3	1	0	4	2	0	2	0	1	0	1	1	2	2	0	0	0	4	0	2	1	0	4	0	1	4	3	1	0	0	0	0	0
zOTU_243	32	26	26	24	60	21	35	13	41	21	9	22	18	39	51	36	21	52	45	35	21	31	49	36	24	14	34	48	17	16	1	0	32	54	29	49	28	59	34	45	66	38	13	23	39	43	28	8
zOTU_2430	1	2	3	0	2	1	4	0	0	0	0	0	1	0	0	2	0	2	2	1	3	1	3	1	1	2	1	2	0	0	0	0	1	3	0	0	2	3	0	0	0	2	1	1	2	1	4	1
zOTU_2431	0	0	2	5	3	1	1	0	1	0	1	0	1	2	1	0	3	2	0	0	3	1	3	3	2	2	1	1	0	1	0	0	0	0	3	2	2	2	0	0	3	0	1	2	0	1	8	2
zOTU_2432	1	0	0	1	4	2	0	0	3	0	0	3	0	2	1	2	0	2	2	2	0	1	1	3	2	0	0	3	0	0	0	0	0	5	0	0	1	0	1	0	4	1	2	0	1	2	0	1
zOTU_2433	3	0	1	0	0	0	0	0	1	0	0	0	0	1	0	4	0	3	3	7	0	5	0	0	2	0	1	1	3	0	0	0	0	0	1	0	3	6	0	1	1	2	2	0	1	0	1	0
zOTU_2434	0	0	0	0	3	0	1	0	1	0	0	0	2	8	0	0	1	1	0	1	2	1	0	1	1	1	1	0	1	1	0	0	0	0	1	2	4	0	0	3	2	1	1	0	0	1	0	0
zOTU_2435	1	0	0	0	0	0	0	0	1	1	0	1	1	1	2	1	3	1	0	0	1	1	3	0	3	0	2	0	1	0	0	0	1	1	3	1	3	0	0	1	2	0	0	1	3	1	5	0
zOTU_2436	0	1	0	1	3	1	0	1	5	0	0	2	2	0	0	2	3	2	3	0	0	1	1	0	2	0	0	0	1	1	0	0	0	1	2	4	2	0	2	2	1	1	1	0	2	0	2	0
zOTU_2437	2	0	2	2	6	4	1	2	0	2	0	0	1	2	2	1	1	1	1	0	1	1	5	3	2	0	0	4	1	1	0	0	2	1	1	2	3	2	0	1	1	1	0	0	2	2	1	1
zOTU_2438	1	0	3	2	0	0	2	1	1	0	1	1	0	0	1	2	2	0	3	2	2	0	1	0	1	0	2	0	0	1	0	0	0	2	3	0	5	5	0	0	2	3	0	1	0	2	4	1
zOTU_2439	0	2	1	1	0	0	3	0	0	1	0	1	0	3	2	0	0	0	2	1	1	1	1	0	6	0	0	2	2	0	0	0	1	0	6	0	1	5	2	0	2	1	0	1	0	1	0	0
zOTU_244	30	32	25	54	97	32	25	13	46	16	36	27	18	165	55	54	45	59	59	35	47	29	58	44	33	37	85	46	20	38	0	0	40	44	87	41	84	63	57	48	57	48	19	26	56	28	46	31
zOTU_2440	1	2	3	0	4	1	2	0	1	1	0	2	1	0	1	0	0	1	3	0	1	0	3	1	3	0	0	1	1	0	0	0	1	2	0	0	2	0	0	3	1	0	2	0	1	3	2	0
zOTU_2441	6	2	0	0	6	1	0	0	6	0	0	0	0	7	9	0	0	4	0	0	0	1	0	0	0	0	5	0	0	0	0	0	4	0	0	1	2	0	0	0	1	0	0	0	0	1	0	0
zOTU_2442	0	0	0	2	0	0	0	1	0	2	0	0	0	0	0	0	5	1	0	1	18	0	0	0	5	1	1	1	0	3	0	0	0	6	10	0	1	0	1	0	0	0	1	5	3	0	0	0
zOTU_2443	0	0	0	0	0	1	1	1	0	1	0	0	0	0	2	0	0	0	0	0	0	1	5	0	3	0	0	0	0	0	0	0	0	1	0	2	1	0	0	1	1	0	0	3	16	2	6	1
zOTU_2444	2	0	0	0	8	0	0	0	1	0	0	0	0	4	0	0	0	4	0	0	0	2	5	0	0	0	5	0	0	0	0	0	0	0	0	6	0	0	0	3	0	0	0	0	4	0	0	0
zOTU_2445	2	0	1	0	4	0	0	0	3	0	0	0	1	0	2	2	0	1	0	1	1	2	2	1	3	0	1	2	1	0	0	0	1	0	1	6	0	2	0	0	1	3	1	0	3	0	1	0
zOTU_2446	0	0	0	3	5	0	0	1	0	1	0	0	4	2	2	1	0	1	4	1	0	1	1	2	0	0	0	1	1	1	0	0	3	1	2	0	5	7	0	0	0	2	1	0	0	1	1	0
zOTU_2447	0	2	0	0	2	2	1	1	1	1	0	0	0	3	4	0	1	1	2	0	0	1	1	2	2	0	0	1	0	1	0	0	2	2	2	0	0	2	1	0	1	0	0	0	3	2	2	0
zOTU_2448	0	1	0	0	0	0	2	0	0	1	0	0	0	1	1	1	0	0	2	2	0	0	0	2	2	1	0	2	1	0	0	0	3	0	2	1	6	5	0	2	5	3	1	0	0	3	4	0
zOTU_2449	0	0	2	1	0	0	4	0	1	0	1	1	3	0	0	1	0	0	3	0	1	2	0	0	4	2	1	1	0	0	0	0	2	4	1	0	1	3	0	3	3	3	0	0	1	0	2	0
zOTU_245	34	32	24	36	68	46	59	27	19	15	19	6	19	38	28	8	25	23	23	40	43	22	74	55	129	38	47	30	19	31	0	0	24	22	41	36	55	15	11	35	41	20	19	28	85	36	118	73
zOTU_2450	2	3	1	0	4	2	1	0	4	1	1	0	0	2	0	0	0	3	2	1	1	1	3	1	0	0	0	2	1	0	0	0	1	5	1	0	0	1	1	2	3	0	0	0	0	2	0	1
zOTU_2451	1	3	0	4	5	0	0	1	4	2	2	0	0	2	5	0	0	2	1	0	0	2	2	1	0	2	0	1	1	4	1	0	0	0	6	1	3	0	3	2	2	0	0	1	0	3	0	0
zOTU_2452	4	0	0	0	2	2	0	0	0	2	1	0	0	0	3	0	1	2	6	0	1	1	4	6	0	0	1	4	1	0	0	0	0	0	0	1	2	0	0	1	0	0	0	0	2	1	1	0
zOTU_2453	1	0	1	2	4	2	0	0	1	2	0	0	1	0	3	0	2	0	3	0	0	1	3	3	5	0	0	1	2	0	0	0	1	3	0	0	2	0	1	1	2	3	0	1	0	1	1	0
zOTU_2454	2	0	0	1	3	0	2	2	0	1	0	2	1	0	4	4	4	0	1	3	0	1	1	1	3	2	0	2	0	0	0	0	2	4	3	1	1	1	1	2	2	1	0	0	1	3	2	2
zOTU_2455	2	0	1	0	1	0	1	1	4	0	0	1	1	7	0	0	0	3	1	0	0	6	4	0	0	2	5	1	0	0	0	0	2	0	2	9	0	2	1	1	1	2	0	0	2	1	0	1
zOTU_2456	3	0	0	0	3	0	2	0	1	0	0	1	0	1	3	4	0	1	1	1	0	1	3	3	3	0	2	3	0	3	0	0	1	0	3	0	1	0	0	0	0	1	1	2	1	2	3	1
zOTU_2457	0	1	2	2	0	0	1	0	0	1	1	1	0	0	1	4	0	0	1	5	0	0	0	2	2	1	0	0	5	0	0	0	2	5	0	0	2	4	3	0	2	2	1	0	0	2	1	0
zOTU_2458	0	2	8	1	0	1	5	0	1	4	1	3	1	2	9	13	2	2	6	5	0	1	0	10	9	0	0	10	4	2	0	0	4	11	0	0	5	15	1	2	5	7	6	1	0	1	4	0
zOTU_2459	0	1	3	0	1	2	3	1	0	1	3	1	0	1	9	2	9	0	0	1	1	0	0	3	6	1	1	6	3	0	0	0	0	8	4	0	5	4	1	1	4	1	1	0	0	1	2	0
zOTU_246	3	31	75	14	9	26	160	11	11	36	5	165	14	12	32	107	15	11	22	44	22	5	21	17	73	10	7	28	26	5	0	10	27	63	14	10	28	67	13	10	25	61	45	5	12	50	79	3
zOTU_2460	0	0	2	2	2	1	1	0	0	0	0	1	0	15	0	2	0	2	0	3	2	0	1	3	2	0	3	0	0	0	0	0	0	0	0	1	3	3	1	0	1	2	1	2	0	0	0	0
zOTU_2461	0	0	1	0	0	2	6	0	0	3	0	4	0	0	1	2	0	0	3	1	0	0	0	2	3	0	0	0	2	0	0	0	0	4	0	0	4	4	0	0	3	2	2	1	0	3	7	0
zOTU_2462	0	0	1	0	0	2	5	0	0	3	0	4	0	0	0	4	0	2	2	1	0	0	4	1	1	0	1	1	1	0	0	0	1	0	1	1	0	1	0	2	1	1	1	0	0	2	1	0
zOTU_2463	1	1	1	0	4	0	1	1	4	0	0	1	0	7	0	1	0	4	0	4	0	4	8	0	1	0	1	1	0	0	0	0	0	2	2	3	0	4	0	0	0	1	0	0	3	0	0	1
zOTU_2464	1	4	0	0	3	2	0	0	2	0	0	0	0	1	4	0	1	2	0	0	0	4	3	3	0	0	2	2	0	0	0	0	0	0	0	2	2	0	0	2	2	0	0	0	3	4	0	0
zOTU_2465	0	0	0	2	1	0	2	0	0	1	0	2	0	0	0	5	3	1	1	2	0	1	1	2	3	2	0	0	2	0	0	0	0	10	3	0	0	3	0	0	1	2	1	2	0	0	6	0
zOTU_2466	3	0	1	0	0	1	1	0	0	0	0	0	0	0	0	0	0	0	0	0	1	0	4	0	1	1	0	1	0	0	0	0	0	0	0	1	1	0	0	1	1	0	0	7	15	2	12	1
zOTU_2467	0	2	1	0	0	1	2	2	0	1	0	2	1	0	2	1	1	0	3	1	1	0	0	1	2	2	0	1	0	0	0	0	1	2	1	0	0	5	0	1	0	0	0	0	0	2	10	1
zOTU_2468	1	0	1	1	3	0	2	3	1	0	1	1	0	11	2	5	0	1	4	4	0	1	2	0	0	1	3	0	4	1	0	0	0	3	0	2	2	6	1	1	6	7	1	1	3	1	2	0
zOTU_2469	2	1	0	1	2	1	0	0	0	0	3	0	1	2	2	1	0	5	4	2	0	0	0	2	0	3	3	1	1	5	0	0	1	0	5	3	10	2	4	0	2	3	0	1	1	1	1	0
zOTU_247	35	19	28	5	40	41	47	6	56	23	16	19	15	7	16	18	45	25	15	22	22	49	113	49	44	29	37	46	25	20	0	0	36	70	22	42	24	52	17	41	27	18	24	13	41	36	22	6
zOTU_2470	2	3	1	2	0	0	1	2	4	1	0	2	1	1	1	1	2	1	0	0	1	1	1	1	2	2	1	0	0	0	0	0	1	1	1	0	0	0	1	2	1	0	2	3	3	1	0	0
zOTU_2471	2	1	0	2	1	0	0	0	1	0	1	0	2	0	1	1	1	2	3	1	3	1	4	2	2	0	0	0	0	1	0	0	2	2	1	0	0	1	4	2	2	1	0	0	2	2	3	1
zOTU_2472	0	0	1	0	0	1	6	0	1	1	0	3	0	0	1	7	0	0	0	3	0	1	0	3	1	0	0	4	5	0	0	0	1	6	0	0	0	13	0	0	2	3	2	0	0	1	0	0
zOTU_2473	0	1	0	3	2	2	1	0	0	0	1	0	5	1	1	6	12	3	4	6	2	3	0	0	1	5	1	1	2	6	0	1	2	0	9	0	2	6	1	0	7	2	2	0	0	0	1	1
zOTU_2474	1	0	0	0	5	0	1	1	6	1	1	2	1	2	1	1	1	1	0	0	1	2	0	0	0	0	1	2	0	1	0	0	1	0	3	1	1	1	4	1	2	0	0	1	6	0	0	1
zOTU_2475	0	0	0	1	3	2	2	0	3	0	1	1	4	1	2	3	0	2	1	1	1	1	0	0	1	2	1	4	1	0	0	0	2	0	1	3	4	0	3	2	4	0	0	0	0	0	0	0
zOTU_2476	0	2	0	1	2	2	3	1	1	0	0	0	0	0	0	0	2	3	3	0	1	2	4	0	2	1	2	1	0	3	0	0	1	1	0	3	0	0	1	0	1	1	1	1	3	2	7	0
zOTU_2477	0	0	1	0	0	0	3	0	1	0	0	2	0	0	0	5	0	1	1	5	0	2	2	0	1	0	2	0	1	0	0	0	1	6	0	1	1	8	0	0	0	5	1	0	1	0	0	0
zOTU_2478	9	0	0	2	7	3	1	1	1	1	2	0	4	7	2	2	2	2	0	0	2	2	12	4	0	2	3	1	0	1	0	0	1	0	2	2	5	0	1	2	5	1	1	4	3	6	1	0
zOTU_2479	1	1	0	3	0	0	5	0	0	0	0	0	0	1	1	0	3	0	0	0	3	1	3	2	5	1	0	1	0	0	0	0	0	2	1	0	3	0	0	1	0	0	0	4	9	3	6	1
zOTU_248	21	13	13	24	88	22	3	17	59	7	8	4	29	145	53	25	21	88	55	60	5	73	17	27	6	20	63	35	12	14	0	7	24	9	72	21	56	31	31	33	43	30	13	0	22	13	9	18
zOTU_2480	0	0	0	2	0	0	0	2	0	3	1	0	1	0	0	0	4	0	3	0	5	0	0	0	0	3	0	0	0	4	0	0	1	0	4	0	5	0	4	0	1	0	0	2	0	0	0	2
zOTU_2481	1	0	0	0	0	0	0	0	0	0	0	1	0	0	0	2	0	0	0	10	2	2	0	1	1	0	0	0	0	0	0	0	0	4	1	0	0	10	0	0	1	5	1	0	4	3	3	0
zOTU_2482	0	3	0	1	0	1	2	1	0	0	0	2	0	2	1	0	0	0	3	0	0	0	0	0	1	0	0	2	3	3	0	0	2	1	3	1	3	3	0	2	1	3	0	0	1	1	5	0
zOTU_2483	0	0	0	0	0	2	6	1	0	0	0	3	0	0	0	2	1	0	4	1	1	0	1	4	3	0	0	2	1	0	0	0	1	3	1	1	6	2	0	0	0	2	1	0	0	5	0	0
zOTU_2484	2	1	0	3	0	1	1	3	2	1	1	1	3	0	0	0	1	1	0	1	0	0	0	2	0	4	0	0	0	0	0	0	0	1	8	0	1	1	4	1	3	2	0	1	0	5	0	2
zOTU_2485	1	0	1	0	1	0	0	1	2	0	1	0	0	0	1	2	0	2	2	3	0	0	1	4	1	1	0	1	0	1	0	0	0	0	3	0	2	4	4	1	3	2	3	0	2	1	1	0
zOTU_2486	0	3	0	0	0	5	0	0	0	0	0	1	0	7	3	0	0	2	4	0	0	0	3	4	0	0	0	1	0	0	0	0	3	0	0	1	5	2	0	3	8	0	0	0	1	3	0	0
zOTU_2487	0	0	7	4	0	1	8	1	0	2	0	6	0	0	1	0	1	0	2	5	1	0	1	3	2	2	0	2	2	0	0	0	0	2	1	2	2	0	0	0	0	2	3	3	0	1	2	1
zOTU_2488	1	0	0	0	7	1	0	0	2	0	0	0	0	4	1	1	0	0	1	0	1	1	7	0	0	0	1	0	0	0	0	0	0	0	0	1	1	0	0	4	0	0	0	0	15	0	0	0
zOTU_2489	0	1	2	1	0	2	1	1	0	2	0	2	2	0	4	1	1	1	3	0	0	0	0	3	1	1	0	4	0	1	0	0	1	2	1	0	5	1	1	0	4	0	0	0	0	4	0	0
zOTU_249	11	18	29	33	33	29	49	40	20	8	18	43	55	35	26	67	67	51	29	53	19	40	22	11	17	63	26	37	34	26	0	0	27	47	57	20	30	53	39	22	33	42	31	7	10	13	16	38
zOTU_2490	1	3	1	4	2	1	0	1	2	0	0	0	0	2	3	0	3	1	3	0	3	1	1	2	1	1	2	1	0	3	0	0	0	1	4	4	1	0	0	2	0	0	0	2	2	0	0	2
zOTU_2491	0	1	1	0	1	1	1	0	2	0	0	1	1	1	1	1	0	2	0	0	0	4	6	2	0	0	1	1	1	0	0	0	1	1	1	1	1	1	0	2	3	1	0	0	0	2	0	0
zOTU_2492	0	0	1	0	0	0	2	0	0	0	0	0	0	0	0	1	7	0	0	6	4	0	0	1	11	0	0	0	1	0	0	0	0	2	0	0	0	9	0	0	0	2	1	0	0	0	13	0
zOTU_2493	0	0	3	1	0	0	2	0	0	1	1	1	0	0	0	5	0	0	1	5	0	0	0	3	4	1	0	0	1	0	0	0	0	5	1	0	1	14	0	0	0	11	2	0	0	0	4	0
zOTU_2494	0	0	3	0	0	0	6	0	0	0	0	4	0	0	0	3	2	0	1	4	0	0	0	1	3	0	0	2	2	0	0	0	0	10	0	0	1	10	0	0	1	6	4	0	0	0	2	0
zOTU_2495	0	0	0	0	0	0	0	0	0	0	0	0	0	0	0	0	0	0	0	0	0	0	0	0	0	0	0	0	0	0	0	0	0	0	0	0	0	0	0	0	0	0	0	0	0	0	0	0
zOTU_2496	0	0	1	0	2	0	0	0	0	0	0	7	0	0	1	5	1	0	1	0	1	1	1	1	2	0	0	3	4	1	0	0	0	3	2	1	2	5	0	0	3	4	2	0	0	1	3	1
zOTU_2497	0	0	0	0	0	0	0	0	0	0	0	0	0	0	0	0	0	0	0	0	0	0	0	0	0	0	0	0	0	0	0	44	0	0	0	0	0	0	0	0	0	0	0	0	0	0	0	0
zOTU_2498	2	0	0	0	2	1	0	0	2	0	0	1	2	5	0	2	3	1	2	0	2	0	4	0	0	2	3	0	1	0	0	0	4	0	1	0	3	3	0	1	1	4	3	0	1	0	6	0
zOTU_2499	1	2	0	1	0	0	0	4	0	0	0	0	0	0	0	0	2	1	0	0	1	0	0	2	2	4	0	3	0	2	0	0	0	3	6	1	1	2	1	0	2	1	0	1	6	1	2	0
zOTU_25	211	183	131	632	488	412	279	318	364	270	235	339	401	205	285	266	432	186	267	189	567	188	469	301	428	376	167	316	144	253	1	0	248	515	497	100	155	298	342	96	211	283	133	660	384	211	364	360
zOTU_250	30	94	26	17	33	49	59	13	30	33	10	44	5	12	42	24	74	47	53	29	31	47	34	40	11	35	18	96	13	13	0	2	81	35	43	11	33	31	24	14	23	30	13	13	30	105	17	12
zOTU_2500	1	3	0	1	2	1	1	0	1	1	2	1	2	1	0	2	0	0	0	2	2	3	1	3	1	1	1	1	0	0	0	0	3	2	1	4	4	2	3	1	0	0	0	0	0	3	3	1
zOTU_2501	4	1	0	2	4	0	0	0	1	0	0	0	3	0	0	0	4	7	2	0	0	2	4	1	0	5	2	1	0	1	0	0	1	0	4	6	0	0	4	5	1	0	0	1	0	2	0	0
zOTU_2502	0	2	0	0	0	0	1	0	0	0	0	0	0	0	1	1	0	0	1	6	0	0	0	1	2	0	0	1	1	0	0	0	4	1	0	0	0	7	0	0	0	14	3	0	0	1	2	0
zOTU_2503	3	0	0	2	2	0	0	0	3	0	2	2	0	5	1	0	2	5	2	0	0	2	3	0	0	2	0	0	0	0	0	0	1	0	1	1	1	0	0	0	1	0	0	1	1	3	0	0
zOTU_2504	2	3	0	1	0	6	2	1	0	2	0	0	1	0	1	0	1	0	0	0	7	0	10	0	4	0	0	0	0	0	0	0	0	0	1	0	1	0	0	0	4	0	0	1	6	5	4	0
zOTU_2505	0	2	1	0	0	0	2	0	1	1	0	1	1	0	0	5	4	0	1	2	2	0	0	0	2	1	0	1	1	1	0	0	2	3	9	0	1	12	6	1	2	4	5	0	0	7	0	1
zOTU_2506	0	2	1	0	0	4	1	0	0	2	0	0	0	0	1	1	0	0	2	3	0	0	0	5	1	0	0	6	2	0	0	0	2	7	0	0	1	6	0	0	6	2	0	0	0	6	0	0
zOTU_2507	0	1	2	1	0	0	2	1	0	1	0	0	2	0	0	3	2	0	3	3	1	0	0	0	4	0	0	3	1	0	0	0	2	0	2	0	4	3	0	0	1	2	4	3	0	0	5	1
zOTU_2508	0	0	0	1	2	0	1	0	0	0	0	1	0	0	1	1	3	1	3	0	0	0	2	3	2	0	1	1	0	0	0	0	1	1	4	1	1	1	0	1	4	0	0	2	0	2	2	0
zOTU_2509	1	0	1	0	0	0	1	0	1	0	0	0	0	1	1	0	0	8	0	1	0	6	9	0	3	0	6	0	0	0	0	0	0	0	0	2	0	0	0	2	0	1	0	0	7	0	2	0
zOTU_251	54	32	30	39	61	33	42	21	62	33	22	36	35	39	57	36	32	43	45	33	29	26	60	57	41	21	36	72	21	18	1	0	31	55	55	51	67	50	44	50	51	24	19	29	49	55	41	14
zOTU_2510	0	0	0	0	0	0	0	0	0	0	0	0	0	0	0	0	0	0	0	4	0	0	0	0	7	0	0	0	0	0	0	0	0	11	0	0	0	15	0	0	0	11	0	0	0	0	0	0
zOTU_2511	1	0	0	4	1	1	0	0	1	1	0	0	3	0	1	0	3	2	1	1	1	4	0	2	0	3	0	2	0	1	0	0	3	0	2	0	0	0	1	0	3	0	1	1	0	3	0	1
zOTU_2512	0	0	0	0	1	0	1	0	0	1	0	0	0	0	0	2	3	0	2	5	2	0	0	0	4	1	0	2	0	3	0	0	0	0	13	0	2	4	6	0	0	3	0	0	0	0	1	0
zOTU_2513	2	3	0	0	1	7	2	0	4	2	0	3	1	2	2	2	0	1	1	2	0	0	2	0	1	0	1	1	1	1	0	0	1	1	2	1	0	0	1	2	1	1	1	0	1	1	1	0
zOTU_2514	0	3	0	2	0	2	0	3	0	0	1	2	3	0	2	2	3	1	4	0	1	0	0	2	0	0	0	1	2	0	0	0	3	0	3	0	6	3	0	0	5	1	2	0	0	1	4	2
zOTU_2515	0	1	1	1	3	0	1	0	1	0	1	2	2	0	0	2	4	1	0	1	2	0	2	2	0	2	0	1	0	0	0	0	0	3	1	2	1	0	0	0	1	0	0	2	1	3	4	0
zOTU_2516	0	0	2	0	0	0	5	0	0	0	0	0	0	0	0	2	0	0	0	2	0	0	0	0	10	0	0	0	0	0	0	0	0	11	0	0	0	3	0	0	1	5	2	0	0	0	16	0
zOTU_2517	0	1	0	0	1	0	3	0	0	1	0	1	0	1	1	0	0	0	1	0	2	0	1	3	4	0	0	2	0	0	0	0	0	4	0	0	1	2	0	0	1	1	0	0	6	3	8	0
zOTU_2518	0	1	1	0	0	0	0	0	0	0	0	1	0	0	3	1	0	0	2	2	3	0	0	3	0	2	0	3	0	1	0	0	4	0	4	0	4	0	4	0	1	1	0	0	0	4	2	1
zOTU_2519	0	0	0	1	1	0	2	2	10	0	2	2	1	1	2	1	1	2	3	0	0	4	5	4	0	1	0	1	0	2	0	0	1	1	5	1	1	0	1	3	0	0	0	1	1	1	0	1
zOTU_252	24	31	37	57	52	53	63	42	42	35	26	24	48	45	60	48	61	43	44	32	6	32	42	48	13	60	37	52	23	21	0	1	32	36	40	24	62	24	26	28	59	19	23	12	23	28	22	37
zOTU_2520	0	0	0	1	1	3	0	1	0	2	0	2	1	3	0	2	2	0	0	2	1	2	2	0	0	0	2	0	1	0	0	0	1	1	3	0	1	0	3	0	1	3	0	2	2	0	1	0
zOTU_2521	0	0	0	6	0	0	0	5	0	0	3	1	8	0	0	0	1	0	0	0	0	0	0	4	0	2	0	0	0	1	0	0	0	0	8	2	0	0	2	0	0	0	0	3	0	0	0	8
zOTU_2522	6	8	10	10	24	8	10	4	18	5	9	8	3	15	9	10	6	12	19	5	10	8	20	19	8	7	12	11	4	2	0	0	6	9	9	10	13	13	8	22	21	13	3	6	11	12	15	4
zOTU_2523	3	0	4	3	12	4	3	4	6	2	2	2	3	9	9	8	3	5	3	5	2	8	5	3	5	1	9	8	4	2	0	0	0	2	2	3	8	1	3	8	2	2	2	1	5	2	3	4
zOTU_2524	2	2	1	1	1	2	0	0	2	0	0	0	0	0	1	0	0	4	2	0	0	3	0	3	0	2	2	1	0	0	0	0	2	0	0	2	3	0	0	4	6	1	0	0	1	1	1	0
zOTU_2525	0	0	0	0	1	1	0	0	0	0	0	0	0	3	1	0	0	0	1	0	0	2	0	0	0	0	1	1	0	0	0	0	1	0	0	1	7	0	0	0	8	0	0	0	0	0	0	0
zOTU_2526	0	0	1	1	0	0	0	0	2	1	0	1	2	0	1	0	0	0	0	2	1	1	1	1	6	1	0	2	2	0	0	0	1	7	0	1	0	3	0	1	1	3	0	2	0	1	0	1
zOTU_2527	1	3	1	3	0	1	0	1	0	1	0	0	2	0	4	1	1	1	2	1	3	0	2	0	1	0	0	1	0	0	0	0	0	3	2	0	0	0	1	0	0	0	1	1	2	0	3	0
zOTU_2528	0	0	0	1	2	1	1	2	3	0	1	1	3	5	2	0	0	2	1	1	0	2	1	0	2	0	2	0	0	0	0	0	0	0	3	0	1	0	1	1	1	0	0	1	4	0	0	2
zOTU_2529	0	2	0	0	0	3	3	0	0	2	0	2	0	0	2	1	0	0	0	1	1	0	0	1	1	0	0	5	2	0	0	0	3	3	1	0	4	2	1	0	1	3	3	0	0	4	7	0
zOTU_253	20	31	32	45	35	26	17	23	30	21	20	28	35	26	43	23	40	59	50	36	36	28	25	40	28	48	24	48	24	37	0	0	29	49	78	46	37	58	79	28	37	30	10	14	28	29	45	18
zOTU_2530	2	0	0	3	3	1	0	2	1	2	3	0	2	1	1	1	0	2	2	0	0	1	1	1	1	1	1	1	0	2	0	0	1	2	2	2	1	1	0	0	1	1	0	4	2	3	0	1
zOTU_2531	1	1	1	0	2	0	0	4	0	0	0	0	2	0	0	0	0	0	1	3	1	0	0	3	3	2	0	2	0	2	0	0	0	1	3	1	1	2	4	1	2	0	0	0	2	0	1	0
zOTU_2532	0	1	0	1	0	0	2	1	1	2	0	1	0	0	5	2	0	0	2	0	1	0	0	6	0	0	0	4	0	1	0	0	0	2	2	0	4	2	0	0	2	0	0	1	0	1	0	0
zOTU_2533	1	0	0	4	2	2	3	0	0	0	0	0	1	2	2	0	1	2	0	1	0	1	0	1	1	0	0	5	0	1	0	0	0	1	3	4	2	0	2	0	0	0	0	1	0	1	6	1
zOTU_2534	0	0	3	0	0	3	5	0	0	1	0	4	0	0	3	5	0	0	1	12	0	0	0	2	5	0	0	2	0	0	0	2	2	4	0	0	1	12	0	0	3	5	3	0	0	2	8	0
zOTU_2535	1	2	1	0	2	0	2	0	0	2	1	0	0	0	1	1	2	0	3	0	3	0	0	1	2	0	1	1	1	0	0	0	2	0	1	0	2	0	1	0	2	0	1	1	4	3	3	1
zOTU_2536	2	2	0	1	0	1	1	0	1	0	1	2	0	2	1	0	0	5	1	1	0	0	5	4	1	2	0	1	1	1	0	0	2	0	1	1	0	1	2	1	3	0	1	3	0	5	0	0
zOTU_2537	0	0	1	0	0	0	0	0	0	0	0	1	1	0	0	7	1	0	1	8	0	0	0	3	1	0	0	1	2	1	0	0	2	2	2	0	3	9	1	0	1	17	1	0	0	0	2	1
zOTU_2538	0	0	0	0	0	3	4	1	0	2	0	0	1	0	2	0	0	0	1	3	3	0	2	1	2	0	1	1	1	1	0	0	0	3	1	0	1	1	1	1	0	4	0	1	2	2	3	0
zOTU_2539	1	0	1	2	7	1	2	0	3	0	3	1	1	0	2	2	1	5	0	1	0	2	3	1	1	0	4	0	1	1	0	0	2	3	2	2	0	2	0	2	2	1	0	1	0	0	1	0
zOTU_254	132	0	0	6	221	0	0	4	91	0	0	0	14	104	0	0	0	177	0	0	0	55	34	0	0	3	192	0	0	1	0	0	0	0	0	101	0	0	2	73	0	0	0	0	5	0	0	2
zOTU_2540	0	0	3	1	0	1	1	1	0	0	0	0	0	0	1	3	1	5	2	4	0	0	1	0	2	0	0	3	3	0	0	0	1	5	0	0	0	2	0	0	1	1	1	0	0	1	2	0
zOTU_2541	0	1	1	1	0	0	2	1	0	1	0	2	1	0	0	0	1	0	0	1	2	0	0	3	3	0	0	1	1	0	0	0	2	3	4	0	3	1	2	0	1	0	0	4	0	1	8	0
zOTU_2542	2	0	1	1	5	0	1	1	2	0	1	1	0	0	1	1	0	4	1	1	1	2	5	0	2	1	2	1	0	1	0	0	0	1	0	2	0	2	2	2	0	0	1	1	4	0	1	0
zOTU_2543	0	0	4	0	0	1	1	0	0	0	0	8	0	0	0	3	1	0	0	4	0	0	0	0	4	0	0	1	2	0	0	0	0	2	0	0	1	8	0	0	0	5	0	0	0	1	3	0
zOTU_2544	0	0	1	1	0	1	1	1	0	1	0	0	0	0	6	2	0	0	0	0	2	0	0	5	4	0	0	0	0	3	0	0	0	2	4	1	0	0	0	0	5	1	0	0	0	1	8	1
zOTU_2545	1	1	0	0	3	0	0	0	1	1	1	0	0	1	0	0	0	3	0	1	0	3	1	2	3	1	3	2	1	2	0	0	2	0	4	0	1	0	3	0	1	1	0	0	3	0	0	0
zOTU_2546	0	0	0	0	0	1	2	2	0	1	6	0	2	0	0	1	7	0	5	4	1	0	0	0	3	0	0	0	2	1	0	0	1	1	14	0	2	5	5	0	2	4	4	2	0	2	1	2
zOTU_2547	0	1	1	0	0	2	3	0	0	0	0	1	0	0	0	0	0	0	0	4	0	0	0	1	7	0	0	0	0	0	0	0	1	1	0	0	0	4	0	0	1	4	4	0	0	1	7	0
zOTU_2548	0	3	0	0	3	0	0	0	0	0	1	0	3	0	1	0	7	1	0	6	3	1	1	0	0	6	0	1	0	0	0	0	3	0	0	0	3	1	1	0	1	1	0	0	0	1	0	2
zOTU_2549	1	4	0	3	1	0	0	0	1	0	3	0	0	0	1	0	0	0	6	0	0	1	1	5	0	0	0	2	0	0	0	0	0	0	0	0	3	1	0	1	5	0	0	6	1	3	0	2
zOTU_255	20	17	7	46	105	18	14	7	25	14	9	2	7	59	38	6	23	47	24	20	20	15	38	18	13	23	42	24	7	20	0	3	17	13	122	65	61	19	41	43	34	13	2	13	16	31	26	22
zOTU_2550	0	1	0	0	0	0	1	0	0	2	0	0	0	0	0	1	0	0	1	5	1	0	0	6	3	0	0	3	2	1	0	0	0	0	3	0	2	2	2	0	5	1	6	0	0	0	0	0
zOTU_2551	0	0	2	0	0	0	1	1	0	2	0	4	3	0	3	1	1	0	4	3	0	0	0	2	0	3	0	3	0	1	0	0	1	3	2	0	3	2	1	0	3	2	0	0	0	3	0	1
zOTU_2552	1	4	7	7	2	5	7	4	1	4	5	3	7	8	4	10	5	1	3	5	4	1	8	1	3	2	2	4	3	0	0	0	1	7	7	1	5	6	4	5	4	10	5	3	2	3	1	5
zOTU_2553	2	0	0	0	5	3	0	1	5	0	0	0	0	2	0	1	0	4	2	1	1	8	2	5	2	0	4	4	0	0	0	0	4	0	1	1	0	1	0	2	1	0	0	0	2	1	0	1
zOTU_2554	0	2	0	1	1	0	2	1	0	0	0	0	0	1	0	1	0	0	0	0	4	1	0	1	4	2	0	0	0	0	0	0	0	1	0	0	2	1	0	0	0	1	0	3	4	2	8	0
zOTU_2555	2	0	0	1	2	2	1	0	0	0	0	0	1	0	0	1	4	1	0	1	2	0	3	3	2	1	1	0	1	0	0	0	1	2	3	0	0	0	2	0	1	2	0	1	3	0	9	0
zOTU_2556	1	0	2	0	5	1	1	0	6	0	0	1	1	5	0	2	1	4	0	0	0	0	1	1	1	2	5	1	0	1	0	0	2	2	0	2	0	3	0	4	3	0	0	0	1	1	0	0
zOTU_2557	0	1	0	1	0	0	0	1	1	1	0	0	1	0	5	1	2	5	1	0	1	1	1	0	0	0	1	2	0	0	0	0	0	3	4	3	2	2	1	1	1	0	0	1	0	3	0	0
zOTU_2558	0	0	2	0	0	0	2	0	0	2	0	0	0	0	3	4	0	0	0	0	0	0	0	1	5	0	0	0	3	0	0	0	1	5	0	0	0	3	0	0	0	2	2	0	0	3	6	0
zOTU_2559	1	0	0	1	0	0	4	1	0	0	1	0	0	0	0	3	2	1	2	0	0	0	6	3	3	1	2	2	0	1	0	0	2	1	0	2	1	2	2	5	0	3	2	0	3	0	1	0
zOTU_256	11	10	8	38	22	13	17	27	33	14	21	17	46	22	22	8	21	46	21	15	78	19	88	30	31	27	30	37	4	23	0	0	22	22	56	26	14	16	34	32	30	19	11	94	75	29	43	13
zOTU_2560	1	0	1	1	0	1	3	1	0	0	1	0	1	0	2	4	0	1	1	1	1	0	1	1	1	0	0	3	1	0	0	0	1	8	3	0	3	4	0	0	5	1	1	0	0	2	0	1
zOTU_2561	0	4	2	1	2	0	0	2	2	2	0	1	1	1	1	1	0	2	1	0	0	0	1	3	1	0	0	2	0	0	0	0	0	3	3	0	0	0	2	0	4	1	0	0	0	0	0	0
zOTU_2562	1	7	13	17	1	4	5	8	1	0	5	5	13	1	3	9	3	5	3	10	0	0	2	0	4	10	2	6	11	3	0	0	4	5	6	0	7	14	8	1	7	9	3	2	0	1	2	4
zOTU_2563	0	1	0	1	0	0	3	2	0	0	1	0	0	1	2	1	1	2	1	2	2	0	1	2	5	0	0	2	0	0	0	0	0	1	2	1	0	0	1	0	1	2	2	7	1	0	3	1
zOTU_2564	0	0	0	0	0	0	2	0	0	0	0	1	0	0	0	3	0	0	0	4	0	0	0	1	10	0	0	1	4	0	0	0	0	8	0	0	0	6	0	0	3	1	2	0	0	0	1	0
zOTU_2565	2	1	0	2	2	1	0	0	2	0	0	0	0	1	1	0	0	1	1	0	2	1	4	1	0	0	0	3	0	0	0	1	1	0	2	4	2	0	0	0	1	0	0	3	4	1	0	1
zOTU_2566	0	0	0	0	0	1	1	0	0	0	0	0	3	0	3	5	1	0	5	0	2	0	0	2	0	1	0	3	0	1	0	0	0	1	10	0	0	3	4	0	3	1	1	2	0	0	3	0
zOTU_2567	1	2	1	4	1	2	0	0	0	0	0	0	0	0	2	0	0	0	0	3	1	1	0	0	2	0	1	0	0	0	0	0	5	0	2	0	1	0	1	1	1	1	0	2	2	2	3	0
zOTU_2568	0	2	0	3	0	0	0	2	2	3	0	3	2	0	2	2	2	0	1	0	2	1	1	0	1	0	1	2	1	0	0	0	1	1	1	1	0	1	0	1	2	0	0	1	1	1	3	0
zOTU_2569	0	1	0	0	3	1	0	0	2	0	0	0	0	1	0	3	1	0	0	0	3	3	2	3	0	0	1	1	1	0	0	0	2	1	3	0	3	0	1	0	0	0	0	1	1	0	4	0
zOTU_257	44	10	6	28	86	14	17	10	58	8	15	7	26	40	32	8	17	71	16	6	23	47	107	17	11	17	44	24	2	21	0	0	10	12	52	75	17	10	41	52	39	5	5	35	65	22	7	15
zOTU_2570	1	1	2	8	3	2	1	0	1	1	0	0	0	0	1	0	0	0	2	2	0	0	0	0	1	0	0	1	4	0	0	0	2	0	1	2	2	0	1	0	2	0	0	0	2	1	2	3
zOTU_2571	0	1	0	0	0	3	3	0	1	0	0	1	0	0	0	4	0	0	2	0	0	0	7	1	5	0	3	2	0	0	0	0	1	1	0	3	2	0	0	0	1	2	0	0	1	2	0	0
zOTU_2572	0	0	1	2	0	1	0	0	0	1	0	2	0	2	2	1	4	1	1	1	2	2	0	1	0	2	2	0	0	0	0	0	0	5	0	0	0	4	0	0	1	0	1	2	3	0	1	0
zOTU_2573	0	0	0	0	0	0	0	0	0	0	0	0	0	0	1	0	0	0	0	4	0	0	1	1	5	0	0	0	0	1	0	0	0	0	4	1	0	5	0	0	0	1	0	0	3	2	11	2
zOTU_2574	0	0	2	0	4	0	0	1	2	3	0	1	0	0	2	4	0	2	3	1	1	1	1	0	1	0	0	1	0	0	0	0	1	3	1	1	2	1	0	1	1	2	1	1	2	0	2	0
zOTU_2575	0	0	0	1	1	0	1	2	7	0	0	3	0	2	0	6	1	2	0	2	1	4	2	0	0	1	0	1	0	0	0	0	3	1	0	0	1	4	0	1	3	0	0	0	2	0	0	1
zOTU_2576	0	0	0	1	0	0	3	1	0	0	0	0	0	5	0	3	0	0	0	1	0	0	0	2	4	0	2	0	0	0	0	0	0	4	0	1	2	4	0	1	2	0	0	0	2	0	3	0
zOTU_2577	0	10	0	0	0	4	0	0	0	1	0	0	0	0	2	0	0	0	7	0	0	0	0	4	0	0	0	5	0	0	0	0	6	0	0	0	4	0	0	0	5	0	0	0	0	2	0	0
zOTU_2578	0	0	1	1	1	1	0	3	2	0	0	0	0	1	1	1	1	2	1	2	1	0	0	0	2	0	1	3	0	2	0	0	1	0	2	2	1	1	2	0	0	0	1	1	1	1	0	0
zOTU_2579	0	0	0	0	0	0	5	0	0	0	0	2	0	3	1	4	0	1	0	2	2	0	4	2	1	0	1	0	1	0	0	0	1	0	0	0	1	3	0	1	0	0	1	1	2	1	14	0
zOTU_258	19	45	44	67	64	58	68	58	46	28	43	47	67	67	86	59	82	40	45	41	29	36	58	75	39	95	55	69	40	32	0	0	46	62	85	27	83	58	51	44	78	55	35	29	21	41	59	37
zOTU_2580	1	0	0	3	2	1	1	1	0	3	0	5	1	0	0	0	0	0	0	0	0	0	1	0	2	0	0	3	0	0	0	0	0	1	2	1	2	1	1	0	0	0	0	4	2	3	4	0
zOTU_2581	0	1	1	1	0	2	3	1	0	1	1	2	1	0	0	0	0	2	0	0	0	0	4	3	2	0	0	1	0	0	0	0	0	1	0	3	0	0	0	1	0	1	1	2	1	1	16	0
zOTU_2582	0	0	0	3	1	0	1	0	0	1	3	0	0	0	0	0	0	9	3	2	2	1	0	0	1	1	1	3	0	0	0	0	2	0	4	0	1	6	3	0	0	3	1	0	0	1	0	1
zOTU_2583	3	0	0	0	4	1	0	0	1	0	0	0	1	4	1	1	1	4	0	0	0	2	3	2	0	0	0	1	1	0	0	0	2	3	1	1	0	1	0	2	0	0	0	0	1	4	0	1
zOTU_2584	2	2	0	0	0	1	1	2	3	0	0	1	0	1	1	1	2	2	3	0	0	0	1	6	2	0	0	3	1	1	0	0	1	1	2	1	0	2	2	1	1	0	1	2	2	1	2	0
zOTU_2585	0	0	2	1	6	0	0	0	1	1	0	0	0	2	2	1	0	3	2	4	0	2	0	1	1	0	5	0	0	0	0	0	3	0	0	4	4	5	0	6	2	0	3	0	1	0	1	0
zOTU_2586	2	0	0	0	2	0	1	0	1	0	0	0	0	2	1	0	0	5	1	3	2	2	7	1	0	0	2	0	0	0	0	0	0	0	1	1	1	1	0	4	0	0	0	4	3	0	0	0
zOTU_2587	0	1	0	2	0	3	3	1	0	1	0	0	0	1	2	0	1	0	0	0	6	0	0	0	4	1	0	1	0	1	0	0	0	1	0	0	2	0	0	0	0	0	0	2	6	1	10	2
zOTU_2588	0	0	1	0	0	4	0	0	0	2	0	0	0	1	1	0	2	0	3	1	0	0	0	2	8	0	0	0	1	0	0	0	4	0	0	0	2	1	0	0	1	0	0	0	0	1	4	0
zOTU_2589	0	0	0	2	0	1	0	1	0	2	1	0	2	0	0	1	4	0	0	1	0	0	0	0	0	1	0	2	2	0	0	0	2	0	0	0	4	3	0	0	2	6	0	0	0	0	10	0
zOTU_259	31	24	7	33	69	35	14	17	38	21	17	8	26	58	36	14	27	49	42	8	12	33	49	42	6	35	37	63	7	29	0	3	20	16	75	45	47	9	34	59	48	6	3	20	33	35	4	8
zOTU_2590	0	1	4	0	0	0	0	0	0	1	0	1	0	0	1	0	1	0	2	3	0	0	0	0	3	0	0	2	0	1	0	0	1	17	0	0	0	5	0	0	0	4	0	0	0	2	4	0
zOTU_2591	0	0	2	5	0	1	2	1	0	1	1	3	1	0	1	3	2	0	1	1	1	0	0	1	1	1	0	4	1	1	0	0	2	5	0	0	4	5	2	0	1	4	0	2	0	1	0	0
zOTU_2592	0	1	2	0	0	0	0	0	0	2	0	1	0	0	4	4	2	0	1	2	0	0	0	6	1	1	0	2	0	0	0	0	1	1	0	0	5	1	0	0	3	2	0	0	0	2	0	0
zOTU_2593	1	0	1	2	1	0	0	0	0	1	2	3	2	1	1	2	2	1	1	0	3	1	2	1	1	1	0	2	0	0	0	0	2	1	5	1	0	2	1	0	3	2	1	1	3	2	0	0
zOTU_2594	0	2	0	2	2	2	0	0	0	0	1	0	0	0	0	0	0	2	6	5	0	0	1	2	1	0	1	0	1	0	0	0	1	0	1	0	4	4	1	0	4	1	2	1	0	2	2	2
zOTU_2595	2	0	0	0	11	3	0	1	0	0	0	0	0	6	1	0	0	0	2	0	0	0	1	2	0	0	2	0	0	0	0	0	0	0	1	1	1	0	0	2	4	0	0	0	0	0	0	1
zOTU_2596	2	3	0	2	0	1	1	1	1	3	0	0	1	0	1	1	0	0	0	0	2	2	1	1	0	0	2	2	0	0	0	0	0	8	1	2	0	1	2	0	2	2	0	0	2	0	0	0
zOTU_2597	1	0	0	5	1	1	1	1	2	2	0	0	1	1	2	0	0	4	1	0	1	2	1	0	1	0	1	4	2	0	0	0	1	2	0	1	2	1	1	1	4	1	0	1	0	1	0	0
zOTU_2598	0	0	5	0	0	0	3	0	0	4	0	6	0	0	1	4	1	3	5	4	3	0	0	5	3	2	0	4	2	0	0	0	1	2	0	1	6	3	2	0	5	7	0	0	0	1	0	1
zOTU_2599	0	0	3	0	0	0	0	0	0	0	0	1	0	0	0	5	0	0	0	5	0	0	0	0	4	0	0	0	3	0	0	0	0	7	0	0	0	8	0	0	0	6	4	0	0	0	8	0
zOTU_26	287	299	291	659	928	436	410	401	675	382	328	422	486	963	570	452	446	730	603	440	436	429	893	595	523	463	534	716	254	463	7	38	406	498	904	537	917	703	633	519	764	529	227	506	650	573	493	245
zOTU_260	7	17	26	25	35	40	56	30	31	16	9	55	27	7	44	45	26	17	36	18	17	24	36	69	70	19	11	70	20	8	0	3	34	41	22	19	32	30	33	23	84	22	20	19	56	37	64	6
zOTU_2600	0	0	0	1	1	1	2	1	3	2	0	0	0	0	0	3	0	1	0	1	0	4	3	3	2	1	0	1	0	1	0	0	0	1	1	0	2	5	1	1	0	3	0	3	0	0	2	1
zOTU_2601	0	4	0	0	0	0	2	0	0	1	0	0	0	0	3	1	0	0	2	0	0	0	0	2	0	0	0	3	0	0	0	0	3	0	0	0	7	0	0	0	8	0	0	0	0	2	1	0
zOTU_2602	1	0	0	1	1	2	4	0	1	1	0	0	0	1	1	2	0	0	2	1	0	0	1	1	1	0	0	1	0	0	0	0	3	2	1	1	0	0	1	0	2	4	1	0	2	2	5	0
zOTU_2603	1	0	4	1	0	2	1	0	1	2	1	1	3	1	1	1	4	1	1	0	2	0	1	4	9	1	1	4	1	2	0	0	0	2	6	0	0	0	1	0	1	0	0	1	1	3	4	1
zOTU_2604	0	2	0	0	0	0	3	2	0	2	0	2	1	0	1	0	0	0	0	1	1	0	0	0	1	0	0	2	1	0	0	0	1	1	1	0	1	5	1	0	6	4	2	1	0	0	1	0
zOTU_2605	0	0	0	3	0	0	0	3	1	0	5	0	3	0	0	0	4	0	0	0	0	1	0	0	0	2	0	0	0	0	0	0	0	0	0	0	0	0	1	0	0	0	0	15	4	0	0	2
zOTU_2606	1	1	2	0	3	0	0	0	1	0	0	0	0	2	0	7	0	2	12	3	0	2	0	3	1	0	1	3	0	0	0	0	1	0	0	1	1	3	0	0	0	0	3	0	1	0	0	0
zOTU_2607	2	1	0	0	3	3	0	0	1	0	0	0	0	1	0	0	0	1	0	0	0	1	4	1	0	0	1	1	0	0	0	0	1	0	0	2	1	0	1	3	0	0	0	0	8	2	0	0
zOTU_2608	4	1	0	1	1	0	0	0	1	0	0	0	1	4	3	0	0	4	1	3	0	2	2	0	0	0	2	2	0	0	0	0	2	0	0	0	1	1	1	0	0	3	0	2	3	1	1	1
zOTU_2609	0	1	0	0	2	1	3	3	1	0	0	3	0	0	0	1	0	3	1	1	1	0	2	3	0	0	0	3	3	1	0	0	1	2	1	0	1	3	1	1	1	2	1	0	0	0	2	0
zOTU_261	298	0	0	22	295	1	1	7	66	1	3	0	14	13	0	0	16	199	0	0	5	93	29	0	0	56	79	0	0	5	0	0	0	0	9	18	0	0	9	8	0	0	0	2	7	0	0	37
zOTU_2610	0	0	0	0	0	4	0	0	0	0	0	0	0	2	0	0	0	0	0	0	1	0	3	3	1	0	0	3	0	0	0	0	2	2	0	2	0	0	0	2	1	0	0	0	2	1	9	0
zOTU_2611	2	1	0	1	4	1	0	0	0	2	0	1	1	0	2	1	2	1	2	0	2	1	2	4	1	1	0	3	0	0	0	0	3	2	2	0	2	2	1	0	2	0	1	0	1	2	3	0
zOTU_2612	2	0	1	1	2	0	0	0	1	1	0	0	1	0	1	1	3	4	1	0	1	1	1	1	2	1	0	2	2	0	0	0	0	0	2	0	2	0	0	3	3	4	1	1	1	0	0	0
zOTU_2613	1	1	0	0	2	1	0	2	3	0	0	1	0	2	0	1	0	8	2	0	0	5	3	0	0	0	0	1	0	1	0	0	1	1	1	1	3	2	1	0	0	2	2	2	1	1	2	1
zOTU_2614	0	0	3	0	0	0	1	0	0	0	0	4	0	0	0	6	0	0	0	3	0	0	0	0	3	0	1	0	4	0	0	0	0	4	0	0	0	9	0	0	0	7	0	0	0	0	4	0
zOTU_2615	0	3	1	1	2	0	0	1	4	0	0	0	0	5	0	1	0	3	2	1	0	1	3	1	1	0	1	4	0	2	0	0	1	2	0	0	3	2	1	0	3	1	0	1	1	1	0	0
zOTU_2616	0	3	1	0	0	4	1	0	1	0	0	0	1	2	6	7	1	2	2	4	1	0	0	2	0	0	1	6	3	3	0	0	3	1	1	0	8	5	2	0	4	3	2	0	0	1	1	0
zOTU_2617	0	0	1	0	0	0	2	0	0	0	0	3	0	0	0	4	0	0	0	2	0	0	0	1	4	0	0	0	4	0	0	0	1	9	0	0	0	3	0	0	1	4	1	0	0	1	5	0
zOTU_2618	1	1	1	2	1	4	3	0	5	0	1	5	5	3	2	8	1	5	8	1	0	2	3	4	0	2	0	2	2	0	0	0	3	2	4	3	3	2	6	5	6	8	0	0	0	5	0	0
zOTU_2619	0	0	0	0	0	1	2	0	0	1	0	0	0	0	2	0	1	0	0	0	0	0	5	3	2	3	0	2	0	0	0	0	2	1	1	0	0	0	0	1	0	0	0	7	8	3	9	0
zOTU_262	8	32	11	44	32	43	24	19	24	26	9	20	10	87	41	17	10	19	46	16	29	14	34	36	23	24	18	51	13	16	0	0	26	13	33	35	79	24	20	16	54	18	5	25	23	30	15	15
zOTU_2620	3	1	5	3	9	2	1	0	4	2	5	4	2	8	2	1	7	5	1	4	0	4	7	3	3	1	3	5	1	4	0	0	3	7	2	5	2	5	1	2	2	3	1	1	1	3	1	4
zOTU_2621	1	1	2	0	1	1	1	1	1	0	2	1	4	3	0	2	2	3	0	1	0	0	1	0	1	1	1	5	0	1	0	0	1	1	4	1	1	1	1	1	4	0	0	4	0	0	0	2
zOTU_2622	0	1	3	0	0	0	0	0	0	0	0	4	0	0	3	9	0	0	6	4	0	0	0	3	5	0	0	9	4	0	0	0	1	10	0	0	8	12	0	0	6	4	4	0	0	2	4	0
zOTU_2623	0	0	3	1	1	1	1	0	3	0	3	0	1	0	2	0	1	0	0	0	1	0	3	0	2	0	0	2	2	0	0	0	0	2	2	4	0	2	0	0	1	1	0	3	0	1	3	0
zOTU_2624	1	4	1	4	0	0	0	3	1	0	0	1	7	0	3	0	1	0	1	3	0	0	0	2	1	3	1	1	5	1	0	0	3	3	1	0	2	0	2	0	0	1	1	0	0	1	1	0
zOTU_2625	0	3	1	0	0	1	0	0	1	5	0	0	0	0	1	2	0	0	6	2	0	0	0	4	0	0	3	4	2	0	0	0	1	1	0	0	0	1	0	1	3	3	2	0	1	2	1	0
zOTU_2626	0	2	0	1	2	1	2	3	1	1	0	0	5	0	0	1	1	0	0	0	2	1	1	3	2	1	0	0	0	0	0	0	0	1	2	1	2	0	0	1	0	0	0	0	2	0	2	1
zOTU_2627	0	0	0	0	3	0	3	0	1	1	0	2	0	3	0	1	0	1	0	1	1	3	3	0	1	0	0	2	1	2	0	0	0	6	0	0	1	2	0	1	2	3	0	1	0	0	1	1
zOTU_2628	0	3	0	0	0	2	0	0	0	3	0	0	0	0	1	1	1	0	1	7	2	0	1	2	2	0	0	0	2	0	0	0	1	0	4	0	2	3	0	0	1	2	0	0	1	3	1	0
zOTU_2629	0	2	3	0	0	2	4	0	0	1	0	0	0	0	3	2	0	0	1	2	0	0	0	4	3	0	0	8	0	0	0	0	2	2	2	0	3	2	1	0	2	0	1	0	0	1	0	0
zOTU_263	30	22	10	59	105	44	14	20	42	15	9	8	21	88	36	42	10	69	49	31	4	51	29	37	16	21	49	39	11	16	0	0	25	15	62	16	67	19	18	23	49	22	12	7	27	20	8	33
zOTU_2630	3	1	2	2	8	2	1	1	1	0	1	3	4	5	3	7	2	7	0	12	0	2	0	2	1	3	5	1	3	0	0	0	2	6	12	2	2	5	1	1	2	4	4	0	1	0	2	3
zOTU_2631	0	1	0	4	1	1	0	2	2	0	1	0	6	1	0	0	2	2	0	0	0	1	1	0	0	0	4	1	0	2	0	0	1	0	3	3	2	0	6	2	0	0	0	0	0	0	0	0
zOTU_2632	0	0	1	1	0	0	0	0	0	1	1	0	0	0	2	5	1	0	2	1	0	0	0	0	0	1	0	0	0	0	0	0	2	0	11	0	0	9	5	0	0	5	2	0	0	0	0	0
zOTU_2633	0	2	0	0	1	0	0	1	0	0	0	1	0	2	0	0	3	1	5	3	0	2	0	1	1	0	0	1	0	0	0	0	1	1	3	2	1	9	1	0	1	6	2	0	0	2	1	1
zOTU_2634	1	1	1	0	0	3	2	0	0	1	0	0	1	0	4	9	0	0	7	3	0	0	0	9	1	0	0	5	0	0	0	0	3	2	0	0	3	3	0	0	3	4	0	0	0	3	0	0
zOTU_2635	2	1	0	1	3	0	0	0	1	0	0	0	0	3	0	1	1	2	0	0	4	1	1	4	1	1	1	2	0	0	0	0	2	0	2	3	0	0	1	2	0	0	0	1	2	1	0	0
zOTU_2636	2	0	0	0	3	0	1	0	0	0	0	2	1	0	1	1	5	4	0	1	2	1	2	0	0	2	1	2	0	1	0	0	0	2	3	0	0	0	1	2	1	0	0	1	0	3	0	0
zOTU_2637	2	4	1	0	2	0	0	2	4	0	1	0	3	1	2	0	1	3	1	1	1	1	2	6	0	1	1	1	0	0	0	0	2	1	2	1	2	0	0	0	0	0	0	0	2	1	0	1
zOTU_2638	0	0	3	0	0	2	1	0	0	0	0	1	1	0	2	13	4	0	4	1	1	0	0	0	0	0	0	1	2	1	0	0	3	1	2	0	2	1	1	0	0	1	3	0	0	0	0	0
zOTU_2639	0	1	0	2	0	0	0	0	0	1	0	0	3	0	3	0	1	0	3	1	2	0	0	0	1	1	0	0	2	0	0	0	1	2	7	0	5	6	3	0	3	4	2	1	0	3	2	0
zOTU_264	4	24	15	33	41	25	76	25	16	17	15	30	28	26	50	41	44	21	42	115	20	16	21	38	77	16	22	21	25	33	0	0	25	65	83	17	43	147	24	16	47	59	44	7	26	44	94	17
zOTU_2640	0	0	0	2	2	0	0	0	4	0	0	2	0	2	0	0	2	2	1	3	2	0	2	1	2	0	1	1	0	2	0	0	1	1	2	1	2	0	0	0	0	0	1	0	1	2	3	1
zOTU_2641	0	0	0	0	0	0	3	0	0	1	0	0	0	1	0	3	1	1	2	0	1	0	1	1	4	1	0	2	1	2	1	0	3	1	0	0	1	1	0	1	0	2	0	1	2	3	3	0
zOTU_2642	2	2	3	4	3	4	3	0	1	9	4	5	2	3	7	3	2	1	11	0	2	1	1	5	4	3	0	6	2	0	0	0	2	4	5	4	3	2	3	1	12	3	1	3	3	6	1	3
zOTU_2643	0	1	0	2	0	2	0	0	2	0	1	0	0	0	1	0	0	0	1	0	1	0	1	2	3	1	1	2	1	0	0	3	1	3	2	0	2	0	2	2	2	0	0	2	0	2	3	0
zOTU_2644	0	2	2	0	0	2	1	0	0	0	0	0	0	2	0	0	0	0	2	2	0	1	1	5	2	0	1	2	1	0	0	1	3	0	1	1	2	4	0	0	2	3	0	1	0	1	0	0
zOTU_2645	0	2	0	0	2	0	0	0	1	0	0	1	1	0	0	0	0	1	0	0	2	3	2	1	2	2	0	0	1	1	0	0	0	3	2	0	0	0	2	0	0	1	0	0	13	1	1	0
zOTU_2646	0	1	0	0	3	0	0	2	1	0	0	0	2	0	1	0	2	0	3	1	3	0	1	2	0	3	1	1	0	1	0	0	2	0	0	1	2	1	2	0	5	0	2	0	0	1	0	0
zOTU_2647	0	0	0	2	2	1	0	0	0	0	2	1	0	0	0	0	2	0	1	2	0	0	0	0	1	1	1	1	0	1	0	0	0	1	5	2	1	2	2	0	3	3	0	1	0	0	1	1
zOTU_2648	1	0	1	3	1	0	0	0	2	0	2	0	0	5	0	0	2	5	1	1	0	0	1	0	0	1	5	0	1	0	0	0	0	0	2	0	0	2	1	2	0	3	1	4	0	0	0	1
zOTU_2649	0	0	0	0	5	0	0	2	4	0	0	0	2	0	0	1	0	4	3	0	0	0	0	1	0	2	4	2	0	0	0	0	0	0	4	0	2	4	1	2	1	1	0	1	0	1	1	1
zOTU_265	19	16	22	25	52	20	30	25	54	27	12	49	25	40	34	33	23	23	35	23	14	21	43	35	45	24	33	62	18	16	0	0	21	63	30	30	53	51	22	24	47	27	9	18	22	33	37	8
zOTU_2650	6	1	4	1	5	1	2	1	4	4	3	1	6	16	1	2	2	5	5	6	1	5	3	3	1	3	6	9	1	0	0	0	5	2	6	5	3	5	1	9	5	4	3	2	0	1	2	2
zOTU_2651	2	0	0	0	3	0	0	0	4	0	0	0	0	1	2	0	0	7	1	0	1	0	3	1	0	1	2	3	0	0	0	0	0	0	0	4	0	0	0	3	0	0	0	0	4	0	0	0
zOTU_2652	0	0	0	1	1	4	0	0	3	2	1	1	7	1	1	1	0	0	2	1	0	0	2	2	1	1	0	4	0	0	0	0	1	2	0	1	1	1	0	0	1	1	1	2	2	1	1	0
zOTU_2653	2	0	0	0	6	0	0	0	1	0	0	0	0	1	0	0	0	1	0	0	0	5	1	0	0	0	3	0	0	0	0	0	0	0	0	2	0	0	0	0	0	0	0	0	5	2	0	0
zOTU_2654	0	0	0	0	0	3	1	0	1	0	0	0	0	0	4	0	0	0	1	0	0	1	1	2	0	0	2	4	0	0	0	0	1	0	0	0	3	0	0	0	1	0	0	0	0	1	1	0
zOTU_2655	1	3	1	3	5	1	1	1	5	0	2	0	2	13	1	1	1	24	3	1	0	4	0	0	4	1	11	3	1	1	0	0	0	2	4	2	4	6	0	2	2	6	1	0	1	2	2	0
zOTU_2656	0	0	0	0	3	1	0	3	2	0	1	0	1	2	0	0	1	0	2	2	0	2	1	0	0	1	0	0	0	0	0	2	3	0	0	1	3	1	1	1	2	0	0	1	0	0	0	0
zOTU_2657	1	0	0	0	2	0	0	1	3	0	1	0	0	0	3	1	0	0	0	1	1	2	4	2	2	1	2	0	0	0	0	0	1	1	1	1	0	2	2	0	1	2	0	1	0	0	1	0
zOTU_2658	0	0	5	0	0	1	4	0	0	2	0	8	0	0	1	10	0	0	0	3	0	0	0	0	2	0	0	0	0	0	0	0	0	3	0	0	0	3	0	0	0	3	2	0	0	0	8	0
zOTU_2659	0	0	0	0	1	1	2	0	0	0	1	0	2	2	0	2	0	1	0	0	0	19	2	1	0	0	5	1	0	0	0	0	0	0	0	3	1	0	0	2	1	0	0	0	0	0	0	0
zOTU_266	13	23	18	40	40	59	15	20	40	39	29	19	55	48	55	33	60	39	54	26	24	26	65	55	24	41	28	77	24	10	0	6	38	40	66	20	63	37	59	47	53	29	18	22	22	50	11	21
zOTU_2660	0	0	2	0	2	1	2	0	1	1	0	0	0	3	1	3	0	2	3	3	0	1	1	1	1	0	0	1	2	1	0	0	2	2	2	0	1	3	3	2	4	2	2	0	1	5	0	1
zOTU_2661	0	1	1	0	0	1	4	0	0	0	1	1	2	0	1	1	0	0	2	1	1	0	0	3	1	2	0	5	0	1	0	0	0	2	2	0	1	2	4	0	1	2	1	0	0	1	2	1
zOTU_2662	3	0	0	3	3	0	0	1	3	0	0	0	0	1	0	0	1	4	5	4	0	2	0	0	0	1	6	1	0	0	0	0	2	0	1	0	0	2	0	0	0	4	1	0	0	0	0	2
zOTU_2663	0	0	6	0	0	1	1	2	0	1	0	1	1	0	1	3	1	0	1	2	0	0	0	1	3	0	0	0	3	0	0	0	1	6	0	0	2	8	0	0	1	6	2	0	0	1	2	0
zOTU_2664	0	0	2	0	1	1	2	0	1	0	0	1	0	0	2	6	0	1	2	4	1	2	0	2	0	1	0	1	7	1	0	0	1	12	0	3	0	8	2	2	3	5	0	0	0	0	0	2
zOTU_2665	0	0	0	0	2	1	0	1	2	1	0	0	0	9	1	4	0	1	1	5	0	2	0	0	2	0	1	0	3	2	0	0	2	0	4	0	0	7	2	1	1	2	2	0	0	1	0	1
zOTU_2666	0	1	0	3	2	0	1	1	0	0	2	1	2	0	0	0	1	0	4	0	0	0	0	6	0	0	0	3	0	3	0	0	1	0	4	0	0	1	3	0	2	2	0	2	0	1	0	0
zOTU_2667	0	0	0	0	0	0	0	1	1	0	0	1	0	2	1	0	0	1	0	0	2	0	3	0	2	0	1	0	1	0	0	0	2	4	0	1	0	0	0	1	0	1	0	2	7	0	7	0
zOTU_2668	0	0	1	0	6	0	0	0	1	0	0	3	0	1	0	1	0	2	2	0	0	3	3	1	0	0	2	1	0	1	0	0	0	1	0	2	0	0	0	6	1	0	0	0	0	1	0	0
zOTU_2669	0	0	1	0	0	0	2	0	0	0	0	6	0	0	0	7	0	0	0	4	0	0	0	0	10	0	0	0	1	0	0	1	0	4	0	0	0	4	0	0	1	5	4	0	1	0	2	0
zOTU_267	35	26	8	41	133	43	9	10	61	20	10	5	22	128	26	29	14	109	39	25	9	72	49	38	7	26	59	40	15	12	8	1	36	10	43	22	70	19	38	45	50	9	11	12	45	25	11	34
zOTU_2670	0	0	1	0	0	0	4	0	0	0	1	7	0	0	0	2	0	0	0	0	0	0	0	0	0	0	0	0	0	0	0	0	0	0	0	0	0	0	0	0	0	1	1	0	0	0	23	0
zOTU_2671	1	0	0	2	2	2	0	1	0	0	2	0	0	1	3	0	1	0	2	0	1	0	0	1	0	0	1	0	0	0	0	0	3	0	1	2	2	0	0	0	4	0	0	1	1	2	0	1
zOTU_2672	0	1	2	0	1	1	3	0	4	1	0	0	1	1	1	1	0	2	0	1	1	1	0	1	0	1	0	0	0	1	0	0	1	0	0	1	1	3	2	0	1	0	0	1	0	1	2	1
zOTU_2673	0	1	0	0	0	0	1	0	0	1	2	0	0	0	0	4	0	0	1	1	0	0	0	4	2	0	0	2	1	0	0	0	2	5	4	0	0	0	0	0	4	7	0	2	0	1	3	0
zOTU_2674	0	1	0	1	1	1	1	0	1	2	0	4	1	0	3	1	2	0	3	0	0	1	0	2	1	0	0	1	1	1	0	1	1	2	3	1	0	4	0	1	3	3	0	1	0	1	1	0
zOTU_2675	0	3	2	0	1	1	2	0	1	0	1	1	0	0	0	0	0	0	1	1	2	2	2	1	3	0	1	0	0	0	0	0	1	3	0	1	1	4	1	0	2	0	0	0	1	1	9	2
zOTU_2676	0	0	2	0	0	0	5	0	0	0	0	5	0	0	0	0	0	0	0	3	0	0	0	0	11	0	0	0	0	0	0	0	0	3	0	0	1	6	0	0	0	2	1	0	0	0	13	0
zOTU_2677	0	1	1	0	1	0	3	0	1	0	0	0	0	0	1	1	0	0	0	0	1	0	3	2	5	0	0	1	1	0	0	0	0	1	1	1	3	3	0	2	0	0	0	1	2	2	5	0
zOTU_2678	0	1	2	0	0	0	0	0	0	0	0	4	0	0	0	1	0	0	0	2	0	0	0	2	4	0	0	3	1	0	0	0	7	10	1	0	0	5	1	0	5	3	0	0	0	2	3	0
zOTU_2679	0	1	2	0	2	4	2	0	0	4	1	3	2	3	3	5	1	5	8	4	4	3	4	5	3	3	4	7	5	0	0	0	3	7	5	2	5	4	5	3	4	11	7	4	3	3	13	4
zOTU_268	39	18	14	20	81	33	15	15	47	14	12	21	25	54	46	15	20	48	34	15	8	29	40	39	15	12	23	57	19	5	0	1	22	22	26	33	37	27	20	36	38	22	12	11	27	25	20	12
zOTU_2680	0	1	1	0	0	0	1	0	2	0	0	0	1	0	2	0	0	0	0	1	0	1	0	0	4	0	0	1	0	1	0	0	1	8	0	0	1	3	1	0	1	3	1	0	1	0	3	0
zOTU_2681	0	2	0	3	1	4	0	0	3	1	1	0	1	1	4	1	0	1	3	5	2	2	1	1	1	1	2	3	1	0	0	0	1	2	2	0	2	0	0	0	5	1	1	0	0	1	0	1
zOTU_2682	0	0	0	5	1	0	0	0	2	0	0	0	0	0	1	0	0	1	1	0	2	2	2	0	0	0	1	1	0	4	0	0	1	0	3	2	0	0	0	0	0	0	0	4	0	1	0	0
zOTU_2683	0	1	0	0	0	0	1	0	0	0	0	0	0	0	1	2	0	0	4	0	1	3	0	2	2	0	0	2	1	0	0	0	0	4	1	1	2	3	1	1	2	1	3	0	1	1	7	1
zOTU_2684	0	0	2	0	1	0	1	0	0	1	0	0	0	0	1	1	0	0	2	1	0	0	0	2	5	0	0	0	0	1	0	0	0	3	2	0	1	5	0	0	0	5	1	0	0	0	0	1
zOTU_2685	0	2	1	0	0	0	5	0	0	0	0	0	0	0	0	1	0	0	4	1	1	0	0	1	1	2	0	1	0	0	0	0	0	3	5	0	0	3	3	0	0	5	0	0	0	3	0	0
zOTU_2686	1	1	0	3	0	0	2	0	0	0	0	0	2	2	3	3	0	0	2	3	0	0	1	0	4	1	0	2	1	2	0	0	2	3	1	0	1	3	0	0	2	2	1	0	1	2	2	3
zOTU_2687	0	0	1	0	0	2	5	0	0	0	0	6	0	0	0	1	0	0	0	5	0	0	0	0	6	0	0	0	1	0	0	0	0	2	0	0	0	7	0	0	0	3	4	0	0	0	4	0
zOTU_2688	0	1	0	2	0	1	1	0	0	0	1	0	1	0	0	0	0	3	3	1	2	0	0	1	0	1	1	1	2	0	0	0	3	0	3	0	4	6	1	0	2	3	1	0	0	0	0	2
zOTU_2689	0	1	0	0	1	0	1	0	0	0	0	1	0	0	0	0	0	4	1	1	2	0	5	1	1	0	2	3	0	2	0	0	0	5	2	0	3	2	2	1	2	0	1	1	0	0	0	0
zOTU_269	24	17	30	26	29	18	43	21	23	21	29	50	22	8	26	30	23	37	37	27	28	21	55	30	35	21	24	50	12	5	4	0	19	33	38	20	24	43	38	23	27	34	15	24	30	34	36	14
zOTU_2690	0	0	1	4	1	1	1	0	0	1	1	0	2	0	0	0	2	3	2	0	0	0	1	2	0	3	1	1	0	0	0	0	1	0	0	0	3	0	0	0	3	1	0	0	2	3	0	1
zOTU_2691	0	0	0	0	0	0	0	0	0	0	0	0	0	0	0	0	0	0	0	0	0	0	0	0	0	0	0	0	0	0	0	0	0	0	0	0	0	0	0	0	0	0	0	0	0	0	0	0
zOTU_2692	0	2	1	0	4	1	0	0	1	1	1	0	1	1	1	3	0	1	1	1	1	0	0	2	1	0	0	2	0	0	0	4	0	2	2	2	2	0	0	0	0	2	1	2	0	0	1	0
zOTU_2693	0	0	2	0	0	0	2	0	0	0	0	1	0	0	0	2	0	0	0	7	0	0	0	0	9	0	0	0	2	0	0	0	0	3	0	0	0	15	0	0	0	4	4	0	0	0	2	0
zOTU_2694	0	0	1	0	0	1	4	1	0	2	0	4	0	0	0	2	2	0	1	2	1	0	0	2	2	0	0	0	2	0	0	0	1	5	5	0	0	1	1	0	2	4	2	0	0	1	3	0
zOTU_2695	0	1	0	0	1	1	1	1	0	1	0	1	0	0	0	0	0	1	3	1	3	0	2	4	1	0	0	2	1	0	0	0	0	0	1	0	2	0	0	0	3	0	1	2	0	2	5	1
zOTU_2696	0	0	1	0	0	0	5	0	3	0	1	5	0	0	0	1	0	1	0	1	0	0	1	0	5	0	0	1	0	0	0	0	0	4	0	0	0	6	0	1	1	3	1	0	0	0	1	0
zOTU_2697	0	0	0	1	2	2	0	1	0	2	0	0	0	2	1	0	0	0	1	5	0	0	4	2	1	0	1	0	2	0	0	0	0	1	3	1	1	6	0	0	0	5	1	0	0	1	0	0
zOTU_2698	0	0	1	0	0	0	0	0	1	0	1	0	0	0	0	9	4	0	0	5	0	0	0	0	1	3	0	2	0	2	0	0	3	0	10	0	2	8	1	0	1	5	1	0	0	0	2	0
zOTU_2699	3	0	0	0	9	0	0	0	6	0	1	0	2	6	3	1	2	9	3	1	0	5	1	1	0	2	2	0	0	0	0	0	2	0	5	0	1	1	1	3	1	1	0	1	1	1	0	0
zOTU_27	125	185	162	214	364	360	348	240	365	253	164	346	359	212	334	343	350	385	270	283	399	247	626	321	342	349	279	426	176	214	2	1	287	483	552	218	268	408	391	311	316	274	189	233	318	259	239	110
zOTU_270	23	51	11	14	42	52	38	18	19	12	7	18	27	30	53	21	38	19	25	31	20	29	65	49	38	31	20	34	9	31	0	39	31	29	47	24	48	22	11	19	39	15	19	14	34	30	78	32
zOTU_2700	0	1	0	1	0	0	1	0	0	0	0	0	1	0	0	1	1	0	5	1	5	0	0	2	3	0	0	3	1	4	0	0	0	3	3	0	1	1	3	0	3	0	0	3	0	0	0	0
zOTU_2701	0	1	1	0	0	0	3	0	0	0	0	1	1	0	1	1	0	0	3	1	0	0	1	8	1	0	0	8	0	0	0	0	2	0	1	0	4	1	2	0	3	1	0	0	0	4	2	0
zOTU_2702	0	0	1	1	0	4	1	0	0	0	0	0	0	0	0	1	2	0	1	1	1	0	0	3	5	2	0	3	0	0	0	0	0	3	1	0	1	2	0	0	3	0	1	2	0	1	2	0
zOTU_2703	0	0	2	0	0	0	1	0	0	0	0	2	0	0	0	2	0	0	0	5	0	0	0	0	10	0	0	0	1	0	0	0	0	3	0	0	0	7	0	0	0	4	1	0	0	0	8	0
zOTU_2704	0	2	0	1	0	0	1	0	0	0	0	0	0	0	1	4	0	0	2	0	0	0	0	2	0	0	1	0	3	1	0	0	3	4	0	2	0	12	1	0	2	5	3	0	0	1	0	0
zOTU_2705	0	0	1	0	0	3	4	1	0	1	0	0	0	0	3	0	1	0	2	1	0	0	0	1	2	0	0	0	1	1	0	1	2	3	1	0	1	0	2	0	2	0	1	1	4	2	1	0
zOTU_2706	0	0	0	0	0	0	4	0	0	0	0	4	0	0	1	6	0	0	1	0	0	0	0	2	17	0	0	1	1	0	0	0	0	10	0	0	4	5	0	0	1	6	2	0	0	1	14	0
zOTU_2707	6	0	1	0	2	3	1	0	2	0	1	2	1	12	4	3	1	4	6	0	0	9	0	3	1	2	4	1	1	0	0	0	4	2	0	2	3	1	2	5	2	1	1	1	2	5	0	0
zOTU_2708	2	0	0	2	0	0	0	0	0	1	0	0	0	4	0	1	0	7	1	5	1	1	2	2	1	0	2	3	0	0	0	0	1	0	3	0	2	3	0	1	3	0	1	0	0	1	2	1
zOTU_2709	1	1	0	1	5	0	0	0	1	0	1	0	1	3	0	0	0	3	0	3	0	4	2	0	0	0	3	0	2	0	0	0	2	1	2	0	0	3	0	0	0	1	0	0	1	1	0	0
zOTU_271	56	6	11	24	56	29	19	6	35	12	9	16	13	26	15	22	13	45	17	5	11	33	121	30	19	18	49	33	7	8	0	0	20	31	14	35	21	12	9	51	32	13	11	12	145	18	27	5
zOTU_2710	0	2	3	2	0	2	2	2	0	1	1	1	3	0	4	1	0	0	6	2	2	0	0	1	0	1	0	3	0	2	0	0	2	1	2	0	8	3	1	0	4	0	1	0	0	2	0	1
zOTU_2711	1	0	0	0	0	1	2	1	0	0	0	2	0	0	2	2	1	0	3	6	0	2	1	4	4	0	0	1	0	0	0	0	0	1	3	0	0	7	3	1	3	3	0	0	3	0	1	0
zOTU_2712	0	0	0	0	1	1	1	0	4	1	0	0	0	2	0	2	2	2	1	0	2	4	3	0	1	1	0	0	0	0	0	0	1	0	0	1	2	0	0	2	0	1	1	0	1	0	0	0
zOTU_2713	0	0	0	3	5	0	1	0	1	0	0	0	0	5	0	1	0	5	1	1	1	0	1	0	0	0	1	1	0	1	0	0	1	0	6	0	2	2	2	1	1	0	0	0	1	0	1	1
zOTU_2714	1	0	0	0	3	1	0	2	3	0	0	0	3	6	0	0	0	0	2	0	0	2	4	1	0	3	1	2	0	0	0	0	1	0	0	1	0	0	1	0	1	0	0	3	4	1	2	0
zOTU_2715	2	1	2	0	1	0	0	2	0	1	1	0	0	1	1	2	2	1	1	1	0	2	1	1	3	0	0	1	1	0	0	0	2	2	1	1	0	1	0	1	0	2	0	0	3	0	0	0
zOTU_2716	4	0	0	0	2	1	0	0	3	0	0	0	0	3	1	0	0	0	3	0	0	0	0	4	0	0	0	1	0	0	0	0	0	0	0	0	5	0	0	1	8	0	0	0	0	1	0	0
zOTU_2717	0	1	0	2	0	0	1	2	2	0	0	1	1	1	1	0	3	6	1	1	5	1	3	0	0	1	1	0	1	1	0	0	0	2	1	2	0	1	0	1	0	1	0	3	1	0	0	2
zOTU_2718	0	0	0	1	0	1	2	0	0	0	1	0	0	0	1	3	0	0	2	12	0	0	0	0	5	0	0	0	4	1	0	0	3	4	0	0	1	11	1	0	0	10	0	0	0	1	2	0
zOTU_2719	0	2	0	0	1	3	2	0	1	0	0	1	1	0	0	1	3	1	0	1	0	1	0	0	3	1	0	1	0	0	0	0	1	2	2	1	2	2	0	0	1	0	0	0	3	3	1	0
zOTU_272	13	53	19	29	33	37	23	28	26	49	14	22	35	11	62	29	17	33	47	29	16	15	30	67	17	13	23	65	12	24	0	3	44	35	63	22	82	49	47	26	91	22	15	19	16	47	19	10
zOTU_2720	1	0	0	0	11	1	0	1	1	0	0	1	0	1	1	2	0	11	1	0	0	1	5	0	1	0	4	0	0	0	0	0	0	0	0	0	1	0	1	0	0	3	0	0	2	0	0	0
zOTU_2721	0	0	0	1	6	1	0	2	1	1	0	0	0	1	0	2	1	3	0	0	0	0	0	5	0	0	2	0	0	2	0	0	2	1	0	4	4	0	5	4	1	0	0	1	0	1	0	3
zOTU_2722	0	3	7	1	4	1	5	1	4	2	2	8	1	1	6	7	4	2	2	8	3	4	2	8	0	2	0	2	2	2	0	0	4	6	3	5	1	4	1	3	4	9	3	3	5	3	3	1
zOTU_2723	0	2	1	2	1	1	2	0	0	0	1	1	1	0	3	1	1	0	5	2	1	0	2	0	3	0	1	2	0	0	0	0	3	2	1	3	1	1	0	0	3	4	1	1	2	0	3	0
zOTU_2724	1	0	3	4	0	0	1	2	0	0	0	0	0	3	0	0	3	0	0	0	3	1	2	1	1	2	0	1	1	0	0	0	1	1	0	2	0	0	0	0	2	0	0	3	1	1	5	0
zOTU_2725	0	1	0	2	0	1	0	0	0	0	0	1	0	0	0	3	0	0	0	3	0	1	2	2	5	0	0	3	1	0	0	0	0	3	0	0	0	2	0	0	0	3	1	1	0	1	6	1
zOTU_2726	0	2	0	0	0	0	1	0	1	2	0	1	0	0	1	2	1	1	3	0	0	0	5	0	2	0	0	0	0	0	0	0	0	1	1	0	0	1	0	1	0	4	1	0	2	2	2	0
zOTU_2727	0	0	0	0	0	0	0	0	1	0	2	0	3	0	2	1	1	1	1	1	3	0	0	0	1	2	1	1	0	2	0	0	4	1	4	0	0	1	3	1	3	0	0	4	0	2	0	1
zOTU_2728	0	0	0	1	3	0	0	0	4	0	0	0	0	9	0	1	1	4	0	0	3	0	0	1	0	0	2	0	0	2	0	0	1	0	1	1	0	1	0	1	0	0	0	0	0	0	0	0
zOTU_2729	1	2	0	1	3	0	3	0	1	0	0	2	0	0	0	1	0	0	1	2	3	1	2	0	4	0	0	1	1	0	0	0	2	0	1	0	0	5	1	2	1	1	0	3	1	3	3	4
zOTU_273	5	23	31	23	3	48	59	9	2	24	9	60	31	1	49	80	35	3	22	63	25	0	4	38	94	23	3	61	37	13	0	0	35	83	49	2	18	97	28	3	28	71	39	26	1	26	91	11
zOTU_2730	2	0	0	1	1	1	0	0	0	0	0	2	0	1	0	2	0	0	2	1	1	0	4	0	2	0	2	0	0	0	0	0	1	0	0	3	0	1	1	1	2	2	2	1	7	1	3	0
zOTU_2731	0	0	0	0	0	0	1	0	0	0	0	0	0	1	0	1	0	0	1	3	0	0	0	1	3	0	0	0	1	0	0	0	1	3	0	1	3	8	0	0	1	4	0	0	0	0	5	0
zOTU_2732	0	0	0	0	0	0	0	0	0	0	0	0	0	0	0	0	0	0	0	7	0	0	0	0	10	0	0	0	3	0	0	0	0	9	0	0	0	9	0	0	0	5	0	0	0	0	0	0
zOTU_2733	3	0	0	0	2	1	0	0	0	0	0	0	1	1	1	0	0	8	0	0	0	2	5	1	0	0	2	0	0	0	0	0	1	0	0	0	0	0	0	4	1	0	0	0	3	0	0	0
zOTU_2734	6	0	0	2	4	0	0	1	3	0	0	0	1	3	1	2	1	4	3	1	0	2	2	0	0	1	5	0	0	0	0	0	0	0	0	0	1	0	0	2	2	0	0	0	1	0	1	2
zOTU_2735	0	1	1	4	1	0	0	1	0	0	1	0	0	1	2	1	4	4	4	0	1	2	0	2	0	2	3	2	0	2	0	0	0	1	2	1	3	1	3	0	1	1	1	1	0	1	0	0
zOTU_2736	0	0	0	1	0	0	0	0	0	0	0	0	0	1	0	3	0	0	1	4	0	0	0	0	4	0	1	0	0	0	0	0	0	2	1	0	0	10	0	0	0	5	5	0	0	0	4	0
zOTU_2737	2	0	0	0	0	0	1	0	0	0	1	0	0	1	0	1	1	4	1	1	0	0	2	0	0	0	0	1	2	0	0	0	0	3	12	0	1	1	1	1	1	2	0	0	0	1	0	0
zOTU_2738	0	0	1	1	2	0	0	0	0	0	1	0	0	1	0	0	2	1	0	2	2	4	1	1	4	0	0	0	1	0	0	0	1	0	1	2	0	0	0	0	3	0	0	1	1	0	3	1
zOTU_2739	0	0	3	0	2	0	1	1	0	0	0	7	1	0	0	1	1	1	0	0	1	0	2	1	1	3	0	1	1	0	0	0	0	6	1	1	0	5	2	2	0	1	0	0	0	0	1	0
zOTU_274	15	40	39	8	19	55	83	14	24	42	5	51	8	25	51	60	27	15	62	59	30	17	21	91	53	33	15	108	26	13	1	1	48	87	14	13	58	74	11	10	68	57	34	9	21	61	53	2
zOTU_2740	0	0	1	0	3	0	2	0	0	0	0	0	0	1	1	0	0	0	1	2	0	0	3	4	4	2	1	1	1	0	0	0	0	7	0	0	3	4	0	0	3	2	0	0	0	1	3	0
zOTU_2741	0	0	0	0	0	0	1	0	0	1	0	0	1	0	1	0	4	1	1	2	4	0	0	2	3	2	0	0	1	0	0	0	0	0	2	0	1	2	2	0	2	2	0	1	2	0	5	0
zOTU_2742	0	0	1	1	0	1	0	1	0	0	1	2	0	0	1	0	5	0	0	1	1	0	0	1	0	1	1	1	0	4	0	0	0	1	0	0	3	1	1	0	2	0	4	0	0	0	1	0
zOTU_2743	0	2	2	0	0	0	2	0	0	2	0	1	0	0	1	0	0	0	1	3	0	0	0	0	2	0	0	2	2	0	0	0	0	3	0	0	0	3	0	0	1	7	2	0	0	1	3	0
zOTU_2744	0	0	0	0	0	0	2	0	0	0	0	2	0	0	0	3	0	0	0	8	0	0	0	0	6	0	0	0	0	0	0	0	0	3	0	0	0	3	0	0	0	2	1	0	0	0	7	0
zOTU_2745	0	0	16	0	0	0	4	0	0	0	0	1	0	0	0	5	0	0	0	30	0	0	0	0	7	0	0	0	16	0	0	0	0	15	0	0	0	29	0	0	0	38	16	0	0	0	4	0
zOTU_2746	2	0	0	1	2	0	0	1	0	0	2	0	4	2	2	1	4	4	0	1	1	0	2	3	1	0	1	0	0	1	0	0	0	1	2	1	6	0	0	1	2	0	0	0	0	0	0	0
zOTU_2747	0	1	0	1	4	1	0	2	2	0	0	0	2	1	0	0	3	1	1	4	0	1	1	3	0	0	0	1	0	0	0	0	3	1	0	1	1	0	0	0	1	2	0	0	0	1	0	2
zOTU_2748	1	2	0	0	2	1	0	0	0	3	1	0	1	1	3	1	1	2	1	0	0	0	0	3	0	0	0	2	0	0	0	0	1	1	0	1	0	0	1	2	1	0	0	0	1	2	1	0
zOTU_2749	0	4	0	0	1	3	0	0	2	1	1	3	0	0	1	2	3	2	3	0	3	0	3	1	7	1	0	1	0	1	0	0	0	0	2	0	2	1	1	1	0	1	1	2	1	0	2	0
zOTU_275	11	18	15	24	30	34	28	31	20	20	9	30	30	29	40	19	43	22	31	15	15	12	50	38	31	32	23	45	7	17	1	0	32	42	53	14	38	32	31	25	34	21	12	37	28	46	51	16
zOTU_2750	1	0	0	0	0	0	0	0	0	0	1	0	0	0	0	0	0	0	0	0	0	0	0	0	0	0	0	0	0	0	0	0	0	0	0	0	0	0	0	0	0	0	0	0	0	0	0	0
zOTU_2751	0	0	3	0	0	0	8	0	0	0	0	4	0	0	0	3	0	0	0	1	0	0	0	0	4	0	0	0	1	0	0	0	0	2	0	0	0	4	0	0	0	5	0	0	0	0	4	0
zOTU_2752	1	0	0	0	1	2	0	0	1	0	0	1	2	0	1	0	0	2	0	0	0	0	4	1	0	0	3	1	1	0	0	0	1	0	1	1	0	0	0	1	1	0	0	0	1	3	1	1
zOTU_2753	2	0	1	0	8	0	0	2	1	0	0	0	1	2	0	0	0	0	1	0	0	0	1	1	0	0	4	0	0	0	0	0	0	0	8	0	2	0	0	1	3	1	0	0	1	0	0	1
zOTU_2754	3	0	0	2	0	1	1	0	0	3	0	1	1	2	1	1	4	1	4	6	1	2	4	3	3	1	0	0	0	2	0	0	0	2	0	1	1	2	1	1	2	3	2	1	3	0	5	0
zOTU_2755	1	3	0	0	0	0	0	0	2	1	0	0	0	1	1	0	0	0	0	0	0	0	1	3	0	0	0	4	0	0	0	0	0	0	0	0	1	0	0	1	8	0	0	0	1	2	0	0
zOTU_2756	1	0	0	0	2	0	0	0	0	1	0	0	0	0	1	0	0	0	1	2	0	0	5	3	2	0	0	3	0	0	0	0	1	3	0	0	0	0	0	1	0	0	0	0	2	0	5	0
zOTU_2757	0	0	1	2	0	0	0	3	2	0	3	0	1	3	0	2	1	1	0	0	2	3	0	0	0	0	0	1	0	1	0	0	0	0	6	1	1	2	1	0	0	0	2	0	1	0	0	1
zOTU_2758	2	0	0	0	4	0	0	0	3	0	1	0	0	0	0	0	2	1	1	0	3	0	5	0	0	0	1	0	0	0	0	0	1	1	0	0	0	0	4	0	0	0	0	2	4	3	1	0
zOTU_2759	0	0	2	0	0	0	0	0	0	0	0	0	0	0	0	1	0	0	0	14	0	0	0	0	0	0	0	0	5	0	0	0	0	3	0	0	1	4	0	0	0	12	0	0	0	0	0	0
zOTU_276	52	17	1	34	50	23	2	2	42	3	4	0	6	137	35	1	4	77	26	0	1	14	59	34	0	18	172	17	0	8	1	0	31	0	21	75	106	3	8	23	29	0	1	4	1	11	2	40
zOTU_2760	0	0	0	0	0	0	0	0	0	0	0	0	1	3	0	1	0	2	0	0	0	1	6	2	0	0	2	0	0	1	0	0	0	0	0	3	1	0	0	3	0	0	1	1	1	1	3	0
zOTU_2761	2	0	1	0	1	0	0	0	0	0	0	3	0	1	0	0	0	3	0	2	0	2	8	0	3	0	2	2	2	0	0	0	0	5	0	0	1	0	0	2	0	2	3	1	1	0	2	0
zOTU_2762	7	0	1	5	12	1	0	0	7	2	0	1	1	2	1	0	1	5	3	2	0	3	2	1	1	3	0	2	0	1	0	0	0	0	1	2	2	3	3	2	2	1	1	0	0	2	0	0
zOTU_2763	0	3	0	1	0	0	0	0	0	0	1	0	0	0	4	0	0	1	1	0	0	1	0	1	0	1	0	3	0	2	0	0	3	1	0	0	1	1	2	0	4	0	1	0	2	3	0	0
zOTU_2764	0	1	1	1	0	0	1	2	0	0	0	0	0	0	2	0	1	0	0	0	2	0	4	0	5	0	0	1	0	0	0	0	0	4	0	0	0	0	0	0	0	0	0	6	4	2	10	0
zOTU_2765	1	0	1	0	0	1	0	0	1	0	0	0	0	0	1	1	0	1	0	1	1	0	2	1	0	0	0	0	1	0	0	0	2	2	2	3	0	2	1	0	2	2	0	1	4	4	2	0
zOTU_2766	2	1	0	0	0	0	3	1	0	1	0	1	2	2	1	4	2	1	1	2	0	3	0	0	0	1	1	1	2	1	0	0	5	1	1	3	4	0	0	1	1	2	0	0	0	4	3	0
zOTU_2767	2	0	0	0	3	0	0	1	5	0	0	0	0	5	2	0	0	2	0	0	0	2	1	0	0	0	2	0	0	0	0	0	0	0	3	0	2	0	2	1	0	0	0	0	0	0	0	0
zOTU_2768	2	1	0	0	0	0	2	0	0	1	1	1	2	0	0	1	0	1	2	2	2	0	0	1	1	1	1	0	1	1	0	0	0	4	0	0	2	3	1	0	1	2	0	0	0	0	2	0
zOTU_2769	0	2	0	0	0	1	2	0	0	0	0	0	1	1	0	1	0	7	2	1	1	2	1	2	3	0	4	0	1	0	0	0	2	0	0	0	0	3	0	0	1	4	3	1	1	1	0	0
zOTU_277	11	16	35	39	26	25	49	28	26	36	22	65	28	31	35	49	16	15	23	24	33	21	24	27	51	29	24	37	18	15	0	0	18	73	55	17	30	51	29	16	26	42	19	29	30	20	44	8
zOTU_2770	1	1	1	0	2	1	4	1	3	0	0	1	2	3	1	0	0	1	0	0	0	1	1	0	0	0	0	1	0	2	0	0	0	0	0	3	1	0	1	0	2	1	1	0	3	0	2	0
zOTU_2771	2	1	0	2	1	0	2	0	0	0	1	0	1	0	2	0	1	2	2	0	0	3	3	0	3	4	1	1	1	3	0	0	1	0	0	4	0	0	0	1	1	1	0	1	0	1	1	0
zOTU_2772	6	1	0	3	7	6	10	0	1	1	0	0	2	1	2	0	2	0	1	1	0	1	0	1	2	0	0	0	0	0	0	0	0	0	0	0	0	0	0	0	0	0	1	0	7	1	6	1
zOTU_2773	0	0	0	0	6	0	0	0	2	0	0	0	0	10	0	0	0	3	0	0	0	1	3	1	0	0	3	0	0	0	0	0	2	0	0	5	1	0	0	2	1	0	0	0	3	2	0	0
zOTU_2774	0	0	0	1	0	3	1	0	0	1	0	0	0	0	1	0	3	0	4	0	0	0	0	2	0	1	0	1	0	1	0	0	2	0	1	0	2	0	3	0	0	0	2	0	0	2	0	0
zOTU_2775	0	1	0	0	2	0	0	2	0	0	5	0	0	3	0	1	0	2	2	1	0	0	0	1	0	1	0	0	2	0	0	0	3	0	9	0	3	1	2	0	0	2	0	1	0	0	0	10
zOTU_2776	0	0	0	1	3	0	0	0	0	0	1	0	0	2	0	1	0	1	0	4	0	2	1	0	0	1	1	0	0	0	1	0	0	1	1	2	1	1	4	0	0	2	1	0	4	0	2	1
zOTU_2777	0	3	2	1	0	0	2	1	0	0	0	0	2	3	2	1	0	0	0	3	3	2	0	0	1	0	0	2	0	2	0	1	0	1	3	1	5	6	1	0	0	1	1	0	0	0	1	0
zOTU_2778	0	0	0	0	0	0	0	0	0	0	0	0	0	0	0	2	0	0	5	0	0	0	0	5	0	0	0	9	1	0	0	0	3	0	0	0	9	4	0	0	3	2	2	0	1	5	1	0
zOTU_2779	1	0	0	0	2	0	0	0	1	2	0	0	0	0	0	1	0	3	1	1	1	1	2	1	3	0	0	1	1	1	0	0	0	1	0	0	0	4	0	2	1	2	0	0	2	1	1	0
zOTU_278	24	31	28	16	43	43	54	14	38	15	15	41	30	30	30	37	58	44	26	20	23	20	57	44	24	38	34	40	18	19	0	0	29	49	37	33	26	31	27	52	39	23	30	20	35	44	22	9
zOTU_2780	0	0	0	4	0	1	3	0	0	0	0	2	0	0	0	0	2	0	1	0	2	0	0	0	3	0	0	2	0	2	0	0	0	2	2	0	0	0	0	0	2	4	0	5	0	0	4	1
zOTU_2781	0	1	0	1	1	1	1	0	1	1	0	1	0	0	2	1	2	0	1	0	2	0	1	0	2	1	1	1	1	2	0	0	2	2	0	1	0	0	3	0	1	2	0	0	0	2	0	0
zOTU_2782	0	0	1	1	0	0	0	0	1	0	0	0	0	0	0	0	2	1	1	0	1	3	0	1	1	0	0	0	0	0	0	0	1	0	8	0	0	1	3	1	0	0	3	1	0	2	1	0
zOTU_2783	2	1	0	0	1	0	0	1	0	1	0	0	0	2	1	0	1	4	1	2	0	1	2	0	1	0	2	0	0	0	0	0	1	0	2	4	0	1	4	2	0	2	0	1	2	0	3	0
zOTU_2784	0	0	0	2	0	0	1	0	2	0	0	1	0	0	0	0	0	4	1	1	0	1	0	3	0	0	3	1	0	3	0	0	0	1	5	0	3	1	0	1	1	2	1	0	0	1	0	0
zOTU_2785	0	0	0	0	0	1	1	0	0	0	0	0	1	0	1	4	2	0	0	4	0	0	0	1	4	0	0	3	1	0	0	0	0	3	4	0	1	3	2	0	6	3	3	0	0	0	2	0
zOTU_2786	3	2	4	8	3	0	0	4	5	4	3	4	2	12	6	3	3	4	4	1	4	2	4	4	0	2	1	5	2	3	0	0	2	0	19	4	10	5	8	6	8	6	1	2	3	1	5	3
zOTU_2787	0	0	0	0	0	1	0	0	0	2	1	0	0	0	2	4	0	1	2	0	1	2	1	1	1	0	0	0	0	0	0	0	2	2	0	2	5	1	0	0	3	3	0	0	1	0	2	0
zOTU_2788	0	0	1	0	0	0	0	0	0	0	0	0	0	0	0	1	0	0	0	1	0	0	0	1	2	0	0	1	0	0	0	3	3	1	0	0	3	10	0	0	1	7	0	0	0	2	1	0
zOTU_2789	1	0	0	2	1	3	3	0	0	0	0	0	0	0	0	0	0	1	0	1	3	1	0	0	0	0	0	0	0	0	0	0	1	0	0	0	0	0	1	0	0	0	1	1	5	0	6	0
zOTU_279	21	19	13	32	31	22	41	23	13	8	20	16	31	8	30	9	33	19	21	36	36	16	61	52	63	35	24	42	22	23	0	21	21	39	42	26	28	22	21	42	15	10	26	32	19	38	77	24
zOTU_2790	0	0	0	0	0	0	1	0	0	0	0	4	0	1	0	4	1	0	0	2	0	0	0	0	8	0	0	0	6	0	0	0	0	4	0	0	0	7	0	0	0	0	0	0	0	0	2	0
zOTU_2791	0	0	1	0	1	0	1	0	0	1	0	0	2	4	0	3	4	0	0	4	2	1	0	0	3	1	0	2	1	0	0	0	1	0	6	0	1	10	3	0	1	5	6	0	0	3	2	0
zOTU_2792	0	0	0	1	0	2	1	1	0	0	1	0	0	0	2	1	0	1	0	0	1	0	0	0	1	1	0	2	1	0	0	0	0	0	4	1	5	1	1	0	3	0	1	0	0	2	2	0
zOTU_2793	0	0	1	0	0	0	0	0	0	0	0	0	1	1	0	2	0	0	0	0	0	0	0	0	0	1	0	5	0	0	0	0	1	6	0	0	1	0	0	0	0	29	0	0	0	1	0	0
zOTU_2794	1	1	1	5	2	0	0	2	4	0	6	0	1	0	0	0	1	0	0	1	0	5	0	2	0	0	0	1	1	0	0	0	0	1	0	0	0	0	1	1	2	1	0	1	0	0	0	0
zOTU_2795	1	0	2	11	0	0	0	3	0	0	0	1	5	1	0	1	0	1	0	1	0	0	0	1	0	0	0	2	0	2	0	0	1	0	0	0	0	0	0	0	0	0	0	4	1	0	1	4
zOTU_2796	3	1	0	0	1	2	2	0	1	0	1	0	0	5	0	1	2	2	0	2	0	2	0	4	0	0	0	0	0	0	0	0	1	1	0	0	0	0	1	0	1	3	0	0	0	1	0	1
zOTU_2797	0	0	2	0	1	0	1	0	0	1	0	0	0	1	0	3	0	0	8	6	0	0	0	1	0	0	0	1	1	0	0	0	1	1	0	0	2	1	0	0	0	1	2	0	0	0	0	0
zOTU_2798	0	0	1	0	1	0	0	2	2	0	0	0	0	3	0	0	0	7	2	2	0	2	3	0	0	0	3	0	0	1	0	0	1	2	0	2	0	0	0	1	1	2	0	0	1	0	0	1
zOTU_2799	0	1	0	1	2	1	1	1	0	0	0	0	0	0	3	0	1	4	0	0	0	3	1	0	0	1	1	0	0	0	0	0	5	0	1	0	2	3	0	0	0	3	1	1	1	0	0	1
zOTU_28	100	200	299	236	219	222	633	147	215	250	123	589	198	135	342	381	304	163	322	382	310	136	252	450	489	246	71	433	186	162	6	13	215	511	412	106	358	496	376	106	405	447	241	194	197	385	463	61
zOTU_280	47	36	25	24	36	26	59	10	27	23	18	11	20	14	25	11	38	58	9	21	41	37	195	61	49	55	31	53	6	19	0	14	15	31	27	38	28	13	8	55	29	13	8	63	90	62	64	22
zOTU_2800	0	0	0	0	2	2	0	1	3	2	0	1	0	3	2	0	0	3	1	0	0	0	0	1	0	0	1	0	0	0	0	0	0	0	0	1	3	0	2	0	1	3	0	0	1	1	1	0
zOTU_2801	1	2	0	0	6	1	1	2	0	0	1	0	1	1	2	2	0	3	2	1	0	1	0	0	0	2	0	2	0	0	0	0	5	0	1	1	1	2	1	0	0	1	2	0	0	0	0	1
zOTU_2802	1	1	0	0	1	0	0	0	0	0	1	1	0	2	1	2	1	0	1	2	0	0	3	1	4	1	3	1	0	0	0	0	1	0	1	1	2	0	0	0	5	1	0	0	3	2	3	0
zOTU_2803	1	1	0	2	1	1	0	0	0	1	1	0	2	2	1	1	0	2	0	2	0	1	1	0	2	0	0	5	0	0	0	0	0	0	3	1	1	2	2	0	1	2	0	0	1	0	0	0
zOTU_2804	1	0	1	2	1	0	1	1	5	2	0	1	1	0	2	1	0	0	0	2	1	1	1	3	0	1	0	1	0	2	0	0	0	5	2	0	1	0	1	2	4	0	0	2	0	0	2	1
zOTU_2805	0	1	1	1	1	3	0	0	0	0	0	0	0	3	0	0	0	1	2	2	0	0	0	1	6	0	0	2	1	0	0	0	0	1	0	0	3	3	0	0	2	1	1	0	0	2	1	0
zOTU_2806	0	1	0	3	0	1	1	0	0	1	0	0	0	0	2	0	0	1	0	0	0	0	0	2	2	2	0	1	0	1	0	0	1	2	0	0	2	0	0	0	0	1	0	4	0	1	1	3
zOTU_2807	5	0	1	0	2	0	0	0	1	0	0	1	1	5	0	0	2	2	0	0	2	0	3	0	0	0	2	2	1	0	0	0	0	1	1	2	0	0	2	1	2	0	0	0	4	0	0	0
zOTU_2808	1	0	0	4	0	1	1	0	1	1	0	0	0	1	1	0	1	1	0	0	4	0	1	2	0	0	1	1	2	2	0	0	0	2	1	1	2	2	1	0	0	0	1	1	0	0	0	2
zOTU_2809	0	0	1	0	0	3	0	0	0	0	1	2	1	0	2	0	0	1	1	2	0	0	0	1	3	0	0	1	0	0	0	13	1	3	1	0	0	1	0	2	3	2	0	0	0	0	1	2
zOTU_281	23	18	27	69	49	20	58	38	25	32	32	62	41	16	41	46	24	25	27	30	32	21	52	41	46	36	18	49	17	22	0	0	20	61	58	26	34	38	33	30	39	34	13	116	39	31	47	18
zOTU_2810	0	0	1	0	1	2	3	0	4	1	0	2	0	0	1	1	1	1	0	1	0	0	0	1	4	1	1	2	0	0	0	0	1	2	0	0	0	1	0	1	1	1	0	0	0	0	0	0
zOTU_2811	0	1	1	1	0	0	1	2	1	0	1	0	0	2	1	3	3	1	3	0	0	0	0	0	1	2	0	5	0	1	0	0	0	0	0	1	1	1	2	1	0	1	0	0	0	1	0	1
zOTU_2812	0	3	0	0	0	1	1	2	0	0	0	0	1	0	1	3	2	0	2	3	0	0	0	1	0	0	1	0	0	0	0	0	6	2	2	1	1	4	0	1	1	2	3	0	0	1	0	2
zOTU_2813	4	3	1	0	1	1	0	0	1	0	1	0	0	2	0	2	6	0	5	0	0	3	0	1	0	0	3	0	2	0	0	0	2	1	1	1	2	0	1	0	1	0	0	0	1	1	0	1
zOTU_2814	0	0	0	0	1	2	2	3	1	0	0	0	2	2	2	1	0	0	0	1	0	1	2	0	0	3	0	0	1	0	0	0	0	2	5	0	0	4	1	0	0	1	0	3	0	0	1	1
zOTU_2815	2	0	1	7	4	1	0	1	3	1	2	1	3	0	0	2	2	2	1	0	2	0	4	3	1	2	0	0	0	0	0	0	1	0	3	1	1	1	0	0	1	2	2	4	1	1	0	2
zOTU_2816	1	1	0	1	1	0	0	1	0	0	0	0	3	1	3	1	5	1	0	1	0	0	2	2	1	2	1	0	0	1	0	0	2	1	3	1	1	1	1	0	0	1	1	1	0	0	1	1
zOTU_2817	0	0	1	0	0	0	4	0	0	0	0	0	0	1	0	2	1	0	2	1	3	1	2	1	2	0	0	4	0	1	0	0	1	0	0	1	0	2	0	2	1	0	0	0	2	0	4	0
zOTU_2818	1	3	0	0	0	0	2	0	1	0	0	0	2	1	1	0	0	0	3	2	1	1	2	0	0	1	2	0	0	0	0	0	4	2	0	2	0	6	0	2	2	1	0	0	1	3	3	2
zOTU_2819	0	1	2	3	3	0	0	1	0	0	2	3	1	1	0	2	0	1	2	1	0	0	1	1	0	0	0	2	0	0	0	0	1	1	1	2	0	2	0	2	2	1	1	1	0	0	0	1
zOTU_282	6	13	5	20	29	13	22	14	27	13	4	16	10	20	15	20	49	41	15	10	107	29	102	25	34	47	35	22	8	26	0	0	8	21	21	27	13	18	12	21	31	26	14	73	47	17	57	10
zOTU_2820	0	3	0	0	0	0	0	0	0	2	0	3	0	0	1	2	0	0	0	2	0	0	0	0	4	0	0	0	1	0	0	0	1	4	0	0	0	4	0	0	1	3	2	0	0	1	8	0
zOTU_2821	0	0	0	0	0	3	1	1	0	1	1	0	1	2	0	0	2	0	0	0	4	0	5	1	3	0	0	1	0	0	0	0	0	0	1	0	0	0	0	1	2	0	0	0	3	2	5	0
zOTU_2822	0	0	1	0	0	1	1	1	0	0	0	0	0	0	2	0	0	0	0	0	4	2	2	2	0	0	0	0	0	0	0	0	0	0	0	4	1	0	0	6	0	0	0	0	4	2	4	0
zOTU_2823	2	0	0	2	0	0	2	1	0	0	1	1	3	0	0	1	0	0	0	0	0	0	0	0	0	0	0	0	0	0	0	0	0	1	1	0	1	2	0	0	1	1	0	3	1	0	8	1
zOTU_2824	0	1	0	0	1	1	0	1	2	1	0	0	0	0	1	1	0	0	0	1	2	0	0	2	1	0	1	1	0	1	0	0	0	0	5	0	1	3	2	1	3	0	0	0	0	1	4	0
zOTU_2825	0	0	0	0	0	0	2	1	0	0	0	1	1	0	0	0	5	0	1	1	3	0	0	1	2	1	0	0	2	2	0	0	2	1	9	0	2	2	4	1	1	1	2	2	0	1	7	1
zOTU_2826	0	5	0	0	1	1	0	0	1	1	1	0	0	1	3	1	3	1	4	2	0	0	0	1	1	1	0	2	3	0	0	0	1	1	0	2	6	0	0	1	4	3	0	0	1	0	0	0
zOTU_2827	1	1	0	0	1	3	0	0	2	1	1	0	3	0	0	2	0	0	0	2	1	2	0	4	3	1	0	1	1	2	0	0	3	0	0	0	2	0	2	0	1	0	0	1	0	1	0	0
zOTU_2828	3	0	0	0	1	1	0	0	4	1	0	0	0	2	2	0	0	0	2	0	0	1	2	3	1	0	0	1	0	0	0	0	0	0	0	0	0	1	1	1	1	2	0	0	3	0	1	0
zOTU_2829	1	0	0	1	0	2	2	1	2	0	1	0	1	0	1	0	2	1	0	1	0	4	3	2	0	4	0	0	1	0	0	0	1	3	2	1	1	1	1	0	2	0	2	0	0	0	0	1
zOTU_283	16	31	0	0	102	91	1	0	31	17	0	0	3	57	145	0	1	2	49	0	0	16	0	32	0	0	11	29	0	1	0	11	37	0	6	8	213	0	2	2	172	0	0	0	2	17	0	2
zOTU_2830	0	0	0	0	0	0	1	0	0	0	1	2	0	0	2	5	1	0	0	0	1	0	0	0	1	1	0	0	2	0	0	0	0	2	1	0	0	11	0	0	1	4	1	0	0	0	0	0
zOTU_2831	0	0	0	0	0	0	0	0	0	0	0	1	0	1	0	0	0	1	0	3	0	2	0	0	0	2	0	2	0	1	0	0	1	0	0	1	1	5	0	0	3	2	2	0	2	1	1	0
zOTU_2832	0	1	0	0	2	1	0	3	2	0	2	0	0	0	2	0	1	0	1	2	2	0	1	1	0	1	1	3	0	0	0	0	1	2	1	0	2	0	1	0	5	1	2	2	2	1	0	0
zOTU_2833	0	1	3	5	1	0	2	1	0	2	2	0	1	2	7	10	1	2	2	10	1	0	0	6	4	4	2	2	7	1	0	0	3	3	8	2	4	36	7	1	2	41	3	1	2	0	1	1
zOTU_2834	0	0	0	0	0	2	0	2	0	0	0	0	0	0	0	0	4	2	3	1	2	0	0	0	2	0	0	1	0	2	0	0	2	2	1	0	0	0	6	1	0	0	0	1	0	0	2	0
zOTU_2835	0	1	0	0	2	0	0	0	2	0	0	0	0	3	2	0	0	1	3	0	0	2	0	0	0	0	2	1	0	0	0	0	4	0	0	2	1	0	0	4	2	0	0	0	0	0	0	0
zOTU_2836	0	1	0	1	1	1	0	1	0	0	0	0	2	0	1	3	1	0	4	3	0	0	0	0	0	0	0	2	0	0	0	9	4	2	1	1	0	0	0	3	2	0	1	0	0	0	0	0
zOTU_2837	1	1	0	0	2	0	1	0	1	0	0	0	0	0	2	0	2	1	0	0	0	3	1	1	0	0	1	0	0	0	0	0	0	1	2	4	0	0	1	0	0	0	0	0	1	5	3	0
zOTU_2838	0	0	0	3	1	1	0	1	2	1	1	0	3	1	0	2	0	0	0	1	2	2	0	0	1	1	0	0	0	1	0	0	0	1	3	0	0	0	0	1	0	0	0	2	0	0	1	0
zOTU_2839	0	0	0	0	0	1	5	1	1	6	0	0	1	2	2	3	1	0	1	7	0	0	0	2	0	0	0	2	1	0	0	0	1	5	0	0	4	3	0	2	3	3	0	0	0	0	2	0
zOTU_284	29	23	25	42	36	52	59	36	18	16	36	17	52	31	43	57	77	19	35	50	13	16	15	49	24	52	8	63	41	29	0	0	49	62	64	19	45	76	51	26	68	74	32	17	25	29	32	28
zOTU_2840	2	0	5	0	3	1	4	0	3	0	0	3	0	8	2	7	0	1	1	3	0	0	1	0	1	0	0	4	1	1	0	0	0	8	0	0	0	6	0	3	1	0	3	0	0	1	3	0
zOTU_2841	0	0	1	0	0	1	0	1	1	0	2	0	0	2	0	1	0	3	0	2	0	0	1	2	1	0	5	1	0	2	0	0	0	4	0	0	1	0	0	1	1	2	1	0	1	0	0	1
zOTU_2842	1	0	0	0	4	0	0	1	2	0	0	0	1	6	3	0	0	2	0	0	1	0	1	0	0	1	1	1	0	0	0	0	1	1	0	0	0	0	0	2	0	0	0	2	3	0	0	2
zOTU_2843	1	2	0	2	1	1	1	0	1	0	3	3	1	1	0	1	0	1	1	0	1	0	0	1	3	2	0	0	0	0	0	0	0	1	0	1	1	3	0	0	2	1	1	1	1	0	1	1
zOTU_2844	0	0	0	1	0	0	0	0	0	0	0	0	0	2	0	0	1	0	0	0	3	0	3	1	1	0	1	1	0	1	0	0	0	1	4	0	0	0	0	2	0	0	0	0	10	2	4	0
zOTU_2845	0	1	0	0	0	0	0	0	0	1	0	0	1	2	0	0	0	1	1	0	2	0	3	0	0	1	5	0	1	1	0	0	1	1	2	3	1	0	1	1	1	0	0	1	0	1	0	1
zOTU_2846	0	0	1	0	0	0	0	0	0	0	0	1	0	0	2	0	4	0	1	4	0	0	0	1	0	0	0	0	2	0	0	0	4	0	1	0	0	4	1	0	0	3	3	0	0	2	2	0
zOTU_2847	1	1	0	0	4	0	2	0	4	2	0	3	1	0	2	1	0	0	1	0	1	0	0	2	1	0	0	3	0	0	0	0	2	1	1	1	1	0	0	0	0	3	2	0	0	0	1	0
zOTU_2848	0	2	1	0	0	4	0	0	0	3	0	3	0	0	2	1	0	0	4	1	0	0	0	2	0	0	0	5	1	0	0	0	4	3	0	0	3	0	0	0	0	3	1	0	0	5	1	0
zOTU_2849	2	0	0	0	1	0	0	0	1	0	0	1	0	0	2	0	0	2	0	1	0	2	1	0	3	0	0	4	2	0	0	0	2	2	0	0	0	0	0	2	4	2	0	0	2	1	2	0
zOTU_285	20	17	24	25	46	21	27	16	24	23	9	57	17	48	34	63	46	49	27	43	67	26	31	22	63	27	40	35	23	36	1	0	26	61	80	18	44	74	38	13	36	45	34	20	31	30	51	11
zOTU_2850	0	2	0	0	1	0	2	1	1	0	1	0	0	0	0	1	0	0	1	0	0	0	2	1	2	0	0	2	1	0	0	0	0	0	3	0	0	1	0	2	0	2	0	1	1	0	3	0
zOTU_2851	1	0	0	0	1	1	2	0	0	0	0	1	1	0	0	4	2	0	0	3	0	0	1	2	3	0	0	0	0	0	0	0	1	1	3	1	3	3	3	0	4	0	1	0	4	0	0	0
zOTU_2852	0	0	0	0	4	0	0	0	0	0	0	0	0	4	0	0	3	5	0	0	0	1	13	0	0	1	0	0	0	0	0	0	0	0	0	0	0	0	1	0	0	0	0	0	8	0	0	0
zOTU_2853	1	0	1	0	0	0	0	1	0	1	0	1	1	0	0	2	0	1	3	2	0	1	0	1	2	0	0	0	0	0	0	0	2	2	2	1	0	4	1	0	0	2	0	3	1	0	4	2
zOTU_2854	0	0	0	0	1	0	0	0	2	0	0	0	0	2	3	0	0	0	4	0	0	2	0	0	0	3	2	1	0	0	0	0	0	0	1	1	1	0	3	3	0	1	0	0	1	0	0	0
zOTU_2855	0	1	0	3	2	1	1	2	2	1	4	1	2	1	0	0	0	2	1	0	0	1	1	0	0	0	1	3	0	3	0	0	0	0	2	1	0	0	0	3	1	0	0	5	1	0	0	3
zOTU_2856	0	2	0	0	1	0	2	0	1	0	1	0	0	0	1	1	1	0	0	1	1	1	2	6	0	0	0	3	1	0	0	0	0	1	1	1	0	1	1	0	4	0	1	1	0	2	2	0
zOTU_2857	4	0	0	0	2	0	2	0	2	0	1	0	0	3	0	0	0	1	0	0	3	3	5	2	1	0	1	1	1	0	0	0	0	2	1	7	2	1	2	6	0	2	0	0	10	0	4	0
zOTU_2858	1	2	0	0	1	0	3	1	1	1	1	2	2	0	2	4	1	3	3	0	2	0	3	1	1	3	0	1	0	1	0	0	2	4	1	2	2	2	4	5	0	2	0	2	5	4	1	1
zOTU_2859	0	3	1	0	1	0	0	0	1	1	0	0	0	2	3	3	0	1	0	1	0	2	0	3	2	0	3	1	1	1	0	0	0	5	0	1	0	3	0	1	2	1	0	1	2	0	5	0
zOTU_286	29	16	15	15	51	8	25	5	41	12	12	38	17	17	20	28	29	46	36	17	18	54	43	45	9	30	25	34	6	20	0	0	13	34	51	56	21	28	33	43	41	29	14	17	41	26	27	7
zOTU_2860	2	1	2	0	0	1	1	3	0	0	0	0	0	0	1	1	2	3	3	1	1	2	4	1	0	1	0	2	0	1	0	0	2	1	0	0	1	0	1	1	2	0	0	0	3	0	3	0
zOTU_2861	2	0	0	0	2	0	0	2	4	0	0	2	4	4	0	3	0	1	0	0	0	0	1	0	0	1	0	0	2	3	0	0	1	0	3	1	2	0	0	0	1	0	0	0	3	1	1	1
zOTU_2862	1	0	0	2	0	0	0	1	3	1	6	0	0	2	1	0	0	0	0	0	1	1	1	1	0	0	0	1	0	0	0	0	0	0	4	0	3	0	1	0	1	0	1	4	0	2	1	3
zOTU_2863	1	0	0	0	1	2	0	4	1	1	2	1	3	1	2	1	0	2	0	0	0	0	0	4	4	0	0	3	0	0	0	0	1	3	0	1	0	0	2	0	2	1	4	0	0	1	1	0
zOTU_2864	0	1	1	0	0	0	3	1	0	0	0	0	1	0	0	2	5	0	0	9	0	0	0	0	1	0	0	0	0	0	0	0	0	2	4	0	1	10	2	0	0	2	5	1	0	0	0	1
zOTU_2865	0	0	0	2	1	0	1	2	0	1	0	2	3	0	1	1	1	2	1	1	0	1	0	0	0	0	1	4	0	0	0	0	1	0	1	1	0	1	1	1	0	0	1	0	0	1	1	1
zOTU_2866	0	1	3	0	0	1	0	0	0	2	0	3	1	1	3	2	1	0	2	2	1	2	1	3	3	1	0	2	1	0	0	0	1	2	5	1	1	3	2	1	2	1	0	2	0	2	5	0
zOTU_2867	0	1	0	0	0	1	0	0	0	0	0	1	0	1	1	1	0	0	4	0	0	1	0	2	2	0	0	3	0	0	0	0	2	3	1	0	2	1	1	0	1	0	0	0	1	5	1	0
zOTU_2868	1	3	1	0	1	3	2	0	0	1	2	0	2	1	3	1	0	0	1	0	0	0	0	1	1	1	0	1	0	1	0	0	1	2	3	0	1	2	1	0	1	0	0	7	0	2	1	0
zOTU_2869	0	0	1	0	1	2	3	0	1	0	0	1	0	0	1	1	2	0	0	1	3	0	0	1	3	2	0	2	0	0	0	0	2	3	0	0	0	2	0	0	0	2	1	1	0	1	6	0
zOTU_287	34	18	11	17	48	50	33	12	41	29	10	23	11	29	24	23	19	14	29	10	22	21	43	32	23	15	7	40	6	3	0	0	20	23	17	12	34	20	15	28	38	18	7	20	51	30	27	21
zOTU_2870	3	0	0	0	2	0	0	1	0	0	1	0	0	2	0	0	0	4	2	1	0	3	2	0	0	0	0	0	0	0	0	0	0	0	0	0	1	2	0	0	0	0	0	0	1	0	0	0
zOTU_2871	0	0	0	2	6	0	0	0	0	0	3	0	2	5	2	1	0	2	0	1	0	1	1	0	1	2	0	0	1	0	0	0	0	1	10	0	1	2	2	0	1	2	1	1	0	0	0	0
zOTU_2872	0	0	0	0	1	0	1	0	0	1	0	0	0	0	1	1	0	0	3	3	0	0	0	1	0	0	1	2	1	0	0	0	0	2	0	0	3	0	0	0	6	3	0	0	0	3	0	0
zOTU_2873	0	1	4	0	1	0	1	0	0	1	0	2	0	0	0	1	0	0	0	2	1	2	0	0	4	2	0	1	0	0	0	0	0	1	0	0	1	1	0	0	1	0	0	0	0	0	6	0
zOTU_2874	1	1	0	0	1	0	3	0	1	2	1	0	1	3	0	0	0	5	0	0	0	1	0	1	0	0	3	2	1	0	0	0	3	2	0	0	2	2	0	1	5	1	0	0	0	1	1	0
zOTU_2875	0	0	2	0	0	0	3	0	0	0	0	0	0	0	1	0	0	0	1	0	0	0	0	0	5	0	0	1	1	0	0	0	1	0	0	0	0	2	0	0	0	0	0	0	0	0	20	0
zOTU_2876	1	0	1	0	0	0	0	0	1	0	0	1	0	4	0	1	0	4	4	2	0	1	2	2	1	0	3	0	1	1	0	0	0	1	2	1	1	3	0	0	0	0	0	0	0	0	1	0
zOTU_2877	0	0	0	0	0	0	3	0	0	0	0	3	0	0	0	1	0	0	0	3	0	0	0	0	9	0	0	0	1	0	0	0	0	5	0	0	0	8	0	0	0	1	2	0	0	0	6	0
zOTU_2878	0	0	1	1	0	2	2	2	0	0	0	0	1	0	1	3	3	1	0	1	0	0	0	2	0	0	0	1	1	0	0	0	2	2	5	0	0	1	0	0	1	1	1	1	0	0	1	0
zOTU_2879	2	1	0	0	4	0	0	1	0	3	1	2	2	0	1	4	0	0	0	1	0	5	0	1	0	0	1	0	2	0	0	0	2	0	0	0	0	0	0	0	0	0	0	3	2	0	0	0
zOTU_288	19	28	42	42	38	34	34	26	30	16	41	25	47	74	63	78	57	37	50	89	13	41	30	43	24	36	31	46	48	13	0	1	36	96	58	25	41	82	38	38	54	63	36	17	17	21	23	41
zOTU_2880	0	0	4	0	0	0	3	0	0	1	0	6	1	1	0	2	0	0	0	4	0	0	0	0	1	0	0	0	1	0	0	0	0	4	0	0	1	3	1	0	2	5	4	0	0	1	3	0
zOTU_2881	0	0	0	0	0	0	2	0	0	0	0	0	0	0	0	2	0	0	0	3	0	0	0	0	3	0	0	0	2	0	0	0	0	3	0	0	0	4	0	0	0	4	0	0	0	0	12	0
zOTU_2882	0	0	0	0	0	0	0	0	0	0	0	0	0	0	1	5	0	0	2	5	0	0	0	1	0	0	0	0	2	0	0	0	1	3	6	0	4	8	0	0	0	7	1	0	0	0	0	0
zOTU_2883	1	0	3	0	0	0	4	0	0	0	0	2	0	1	0	2	0	3	1	0	0	0	4	1	2	0	0	0	0	0	0	0	1	2	0	1	1	1	0	0	1	0	0	0	2	2	7	0
zOTU_2884	0	2	1	0	0	2	3	0	0	0	0	0	0	0	0	1	2	0	2	3	0	0	0	1	2	0	0	7	0	0	0	0	1	3	2	0	0	2	2	0	2	3	0	1	0	1	3	1
zOTU_2885	0	1	0	2	0	0	1	0	0	1	1	0	2	0	0	2	2	0	4	2	4	0	0	1	0	0	0	1	0	2	0	0	0	0	5	0	0	3	4	0	2	2	0	0	0	0	2	0
zOTU_2886	0	2	0	1	0	0	0	1	0	0	0	0	1	0	0	3	1	0	3	1	1	0	0	0	0	0	0	1	3	2	0	0	2	1	3	0	3	2	2	0	1	2	0	0	0	1	1	0
zOTU_2887	0	1	0	0	0	0	1	0	0	2	0	5	0	0	1	3	0	0	4	2	0	0	0	1	2	0	0	4	1	0	0	0	1	2	0	0	1	1	0	0	0	3	1	0	0	0	2	0
zOTU_2888	0	0	0	0	2	1	0	0	1	1	0	0	0	0	0	0	0	0	0	0	0	1	2	2	0	0	0	2	0	0	0	0	0	0	0	0	5	0	0	0	2	0	0	0	0	1	0	0
zOTU_2889	1	2	0	0	2	1	0	0	3	1	0	0	0	1	0	0	0	0	0	0	0	4	3	0	1	0	2	2	0	0	0	0	0	3	0	3	0	2	0	3	1	0	0	0	5	0	0	1
zOTU_289	3	16	2	11	143	20	8	2	15	2	2	0	9	154	25	9	25	24	27	37	8	1	3	20	4	6	82	13	7	8	0	3	20	1	202	21	51	2	48	15	20	1	0	5	0	36	2	53
zOTU_2890	0	1	1	0	0	0	0	0	0	0	0	1	0	0	6	1	0	0	0	2	0	0	0	4	1	0	0	2	2	0	0	0	0	1	0	0	0	3	0	0	5	2	1	0	0	0	4	0
zOTU_2891	0	1	0	2	0	2	0	0	0	3	2	0	1	2	3	0	5	0	3	1	3	1	1	2	1	2	1	3	0	0	0	0	2	0	7	2	4	0	1	0	2	0	0	1	0	3	0	1
zOTU_2892	1	0	0	0	7	1	0	0	4	0	0	0	0	3	1	1	0	2	0	0	0	4	1	1	0	0	1	1	0	0	0	0	0	0	0	2	0	1	0	2	2	0	0	0	1	0	0	0
zOTU_2893	1	0	0	1	2	2	0	0	5	0	0	0	3	3	4	0	0	1	1	2	1	1	0	0	0	2	1	4	2	1	0	0	3	1	7	0	2	3	1	0	1	0	0	0	0	0	1	0
zOTU_2894	0	1	0	0	3	0	2	1	1	1	0	2	0	0	1	0	1	0	0	0	1	1	0	2	1	0	0	7	0	1	0	0	1	3	4	0	0	0	0	0	1	0	0	0	1	2	0	0
zOTU_2895	0	0	0	4	3	0	0	0	0	0	0	0	0	0	2	1	2	0	0	1	1	1	0	1	0	2	0	0	0	1	0	0	3	1	4	1	0	4	4	0	0	1	0	0	0	0	1	4
zOTU_2896	0	0	1	0	0	0	2	0	0	0	1	0	2	0	0	3	2	0	0	3	3	0	0	0	0	1	0	0	0	1	0	0	0	0	12	0	0	3	0	0	0	1	1	1	0	0	5	0
zOTU_2897	2	0	0	0	0	4	3	0	2	2	0	2	0	2	5	1	0	1	1	2	0	0	3	7	0	1	1	2	0	1	0	0	8	0	0	0	4	3	1	2	4	2	0	1	0	3	0	0
zOTU_2898	0	0	0	0	1	0	0	1	1	0	2	0	0	0	1	0	3	0	1	1	2	0	3	2	0	2	2	3	0	1	0	0	0	0	4	0	0	2	1	0	3	0	0	0	0	1	1	0
zOTU_2899	0	0	0	2	0	3	0	1	0	3	1	0	1	0	0	0	2	0	0	0	0	0	0	0	0	0	0	4	0	0	0	0	1	0	5	0	9	0	4	0	2	0	0	2	0	4	0	0
zOTU_29	310	175	135	488	472	262	306	311	418	315	143	340	373	275	450	200	299	451	296	116	408	273	710	362	213	313	193	464	93	139	8	16	181	194	455	279	330	168	414	321	469	113	88	323	601	349	263	138
zOTU_290	24	19	14	31	78	26	16	14	26	7	23	10	6	102	40	24	13	70	31	29	8	39	50	28	22	22	47	50	13	9	1	1	31	16	54	40	84	21	39	36	51	24	13	16	31	29	9	10
zOTU_2900	0	2	1	0	0	1	2	0	0	0	0	0	0	0	2	1	1	0	1	2	1	0	0	2	0	0	0	0	0	1	0	0	0	2	10	0	4	4	4	0	1	5	0	0	1	0	4	3
zOTU_2901	2	1	0	0	9	1	0	0	1	0	0	0	0	0	2	0	0	3	0	0	0	0	2	0	0	0	4	0	0	0	0	1	0	0	0	1	2	0	0	0	0	0	0	0	3	1	0	0
zOTU_2902	0	0	0	0	0	0	0	0	0	0	9	0	3	0	0	1	2	0	1	0	0	0	2	0	0	0	1	0	0	0	0	0	0	0	6	1	0	1	1	0	0	0	0	0	1	0	0	13
zOTU_2903	1	0	0	5	8	2	0	5	0	0	0	0	6	6	3	1	0	1	0	1	0	2	3	0	1	0	1	0	0	0	0	0	2	0	3	0	0	0	1	0	0	0	0	3	4	0	1	2
zOTU_2904	0	1	1	0	0	0	0	0	2	0	0	0	0	0	3	0	2	1	2	1	1	2	4	1	0	2	3	1	1	2	0	0	0	1	1	1	2	2	2	0	3	1	0	0	0	1	0	1
zOTU_2905	0	0	0	0	0	0	0	0	0	0	0	0	0	0	0	0	0	0	0	0	0	0	0	0	0	0	0	0	0	0	0	0	0	0	0	0	0	0	0	0	0	0	0	0	0	0	0	0
zOTU_2906	0	0	1	0	4	2	1	0	0	3	0	0	0	0	1	2	0	0	1	0	0	1	2	3	1	0	2	3	0	0	0	0	5	0	0	2	0	3	0	1	1	3	2	0	2	1	0	0
zOTU_2907	0	0	1	0	0	0	2	0	0	0	0	6	0	0	0	3	1	1	0	1	0	0	1	0	4	0	0	1	2	0	0	0	0	3	0	0	0	2	2	0	0	3	2	1	0	0	4	0
zOTU_2908	0	1	0	0	0	1	0	0	0	1	0	0	0	0	1	1	0	0	3	0	0	0	0	1	0	0	0	1	2	3	0	0	1	2	4	0	1	6	0	0	0	0	1	0	0	3	0	0
zOTU_2909	3	0	0	4	2	1	0	0	7	1	1	0	2	1	0	0	0	1	2	0	0	1	2	1	0	0	0	1	0	0	0	0	0	0	0	1	1	0	0	1	1	0	0	0	1	0	0	0
zOTU_291	1	6	25	4	14	8	77	13	10	32	11	129	21	10	38	92	17	0	9	33	10	14	3	5	75	6	1	15	17	12	0	0	15	100	31	0	24	72	12	5	31	29	54	19	15	27	128	0
zOTU_2910	0	0	0	2	0	0	0	0	1	0	0	0	0	0	0	0	0	1	0	0	0	0	1	0	0	0	0	0	0	0	0	0	0	0	0	0	0	0	0	1	0	0	0	0	0	0	0	1
zOTU_2911	1	0	0	2	0	0	0	1	2	0	0	0	0	2	0	0	0	1	0	0	0	1	1	0	0	1	1	1	0	3	0	0	0	0	4	0	1	0	2	2	1	0	0	0	1	0	0	0
zOTU_2912	0	1	2	0	1	2	2	1	0	1	0	1	1	0	1	0	1	0	0	2	0	0	1	0	1	2	1	1	0	0	0	0	0	3	2	0	3	0	1	0	1	1	1	1	0	7	7	1
zOTU_2913	0	0	0	0	0	0	0	0	0	1	0	1	0	0	2	2	0	0	3	1	0	0	0	1	1	0	0	1	2	0	0	0	1	6	0	0	1	3	0	0	0	3	0	0	0	0	1	0
zOTU_2914	0	0	1	0	0	0	0	0	0	0	0	0	0	0	1	2	0	0	3	3	0	0	0	0	2	0	0	0	1	0	0	0	2	2	0	0	1	5	0	0	2	0	1	0	0	1	3	0
zOTU_2915	0	2	1	1	1	0	0	0	2	1	1	1	0	1	0	1	2	0	1	0	0	2	0	2	0	0	0	0	0	2	0	0	0	0	1	0	1	2	2	1	1	1	0	1	0	3	2	0
zOTU_2916	0	0	0	0	0	0	0	0	0	1	1	0	0	0	1	0	1	1	1	1	5	0	0	2	0	1	0	1	2	0	0	0	0	0	5	0	2	0	1	1	1	3	1	0	0	1	1	0
zOTU_2917	2	2	0	3	3	0	0	1	3	0	1	1	0	2	0	0	2	0	1	1	0	3	0	3	0	0	1	5	0	0	0	0	0	1	4	1	3	1	2	0	3	0	1	1	1	0	1	0
zOTU_2918	7	0	0	0	2	0	1	0	0	0	0	0	0	0	0	2	0	4	1	5	0	10	0	0	0	0	1	0	0	0	0	0	1	0	0	1	2	4	0	0	0	0	1	0	2	0	0	0
zOTU_2919	0	1	0	1	0	1	2	0	0	0	1	2	1	2	1	1	0	0	1	0	0	1	2	1	0	0	0	2	0	1	0	0	1	1	2	2	3	1	0	0	3	0	0	1	5	1	4	0
zOTU_292	30	105	97	126	43	65	104	69	41	84	46	125	92	17	108	118	64	33	82	66	40	53	34	69	69	62	19	113	50	27	0	0	69	119	106	21	54	118	61	15	40	121	56	35	33	93	46	25
zOTU_2920	2	0	0	2	1	2	4	0	4	1	1	6	5	0	2	1	2	1	2	0	4	4	1	6	2	0	2	7	0	0	0	0	0	6	6	2	1	3	1	3	2	3	0	0	5	3	3	1
zOTU_2921	1	0	0	0	0	0	0	1	2	0	0	1	2	0	0	0	1	2	2	2	0	0	0	0	1	0	0	1	1	0	0	0	0	3	0	1	1	4	0	0	0	1	1	1	2	1	1	0
zOTU_2922	0	1	0	0	1	1	0	0	1	1	0	0	0	1	1	1	0	0	1	1	0	1	0	3	3	1	0	4	0	1	0	0	0	1	0	0	2	0	0	0	2	1	0	0	0	1	2	0
zOTU_2923	0	1	0	1	0	0	0	1	1	1	0	0	2	0	2	0	1	0	4	0	0	0	0	1	0	0	0	3	0	0	0	0	0	0	1	0	0	2	3	0	3	1	1	1	0	1	0	3
zOTU_2924	0	1	0	0	0	0	1	0	0	0	0	3	0	0	4	0	4	0	1	1	1	0	0	2	2	0	0	2	0	0	0	0	1	1	1	0	1	4	3	0	1	0	2	0	0	0	3	0
zOTU_2925	0	1	3	0	4	2	3	4	2	4	0	4	6	4	2	6	1	6	12	9	0	5	5	3	0	1	2	7	4	0	0	0	3	6	7	3	5	11	0	2	5	8	5	3	3	0	5	0
zOTU_2926	0	0	0	0	1	0	0	0	1	0	1	0	0	1	0	2	0	1	3	0	0	2	2	0	1	2	0	2	1	0	0	0	3	3	2	2	2	2	0	1	5	1	0	0	0	0	1	0
zOTU_2927	0	0	3	0	0	1	0	0	0	0	0	0	0	1	1	7	6	0	4	2	2	0	0	3	0	7	0	1	1	1	0	0	1	2	1	0	3	3	0	0	0	3	4	0	0	1	3	0
zOTU_2928	0	0	1	0	2	0	0	0	4	1	0	2	2	1	0	1	0	2	0	1	0	1	4	1	0	1	0	1	0	0	0	0	1	1	0	1	0	0	1	1	0	0	0	0	3	2	0	0
zOTU_2929	0	0	2	2	1	1	3	4	2	1	1	4	3	0	0	2	0	1	0	0	0	2	1	0	1	2	0	1	1	0	0	0	0	2	2	2	0	1	0	0	1	2	0	2	0	0	2	0
zOTU_293	31	36	58	41	63	73	106	32	58	35	36	68	67	78	77	112	106	53	59	93	49	46	98	86	66	60	34	91	53	28	1	0	46	114	60	31	47	106	48	43	69	85	41	28	30	57	28	25
zOTU_2930	0	1	0	2	0	1	1	2	0	0	0	0	0	0	0	1	2	0	2	0	0	3	0	3	0	3	0	1	0	0	0	0	0	0	4	0	0	0	0	1	1	0	1	2	0	2	4	0
zOTU_2931	2	1	1	1	2	1	1	0	0	0	0	0	2	1	1	0	0	0	1	0	3	3	1	1	3	2	0	2	1	0	0	0	2	1	0	0	1	3	0	0	1	0	3	1	4	2	3	1
zOTU_2932	0	0	0	0	0	0	0	0	0	0	0	4	0	0	2	1	0	0	0	2	0	0	0	4	4	0	0	2	0	0	0	0	1	6	0	0	0	1	0	0	0	1	0	0	0	2	5	0
zOTU_2933	0	1	0	0	0	4	0	0	0	1	0	0	0	0	12	0	0	0	1	0	0	0	0	2	0	0	0	3	0	0	0	0	1	2	0	0	2	1	0	0	1	0	0	0	0	6	0	0
zOTU_2934	0	1	0	0	0	1	1	0	0	0	0	2	1	0	1	0	0	0	3	0	4	0	0	0	0	0	0	5	0	5	0	0	0	0	0	0	4	0	2	0	0	0	0	3	0	3	4	0
zOTU_2935	0	1	1	1	0	0	0	0	0	0	0	0	1	3	4	1	0	2	2	0	0	2	0	1	0	0	2	0	0	0	0	0	0	2	0	1	1	0	0	2	1	1	2	0	4	1	0	1
zOTU_2936	3	0	0	0	0	0	0	0	1	0	0	1	0	1	0	0	0	0	0	4	1	1	5	2	5	0	2	1	0	0	0	0	1	1	0	1	1	0	1	1	2	0	0	2	2	1	2	0
zOTU_2937	0	0	1	0	1	2	2	0	0	0	1	1	0	1	0	3	0	1	0	2	0	1	1	1	2	0	0	0	0	0	0	0	0	1	0	0	0	3	0	1	0	2	2	0	2	0	12	0
zOTU_2938	0	0	0	0	1	1	0	0	0	1	1	0	2	2	2	0	1	2	5	0	0	0	0	3	0	2	1	0	0	1	0	0	0	0	10	0	0	0	0	0	2	0	0	0	0	0	0	0
zOTU_2939	2	0	0	0	1	0	1	0	2	0	0	0	0	1	1	0	0	1	2	0	0	4	1	3	0	0	0	0	0	0	0	0	2	0	0	1	6	1	0	0	0	0	0	0	3	0	0	0
zOTU_294	22	26	10	44	28	24	26	22	30	12	15	6	49	30	27	28	42	19	10	14	14	19	33	30	19	40	33	27	14	18	0	0	30	25	44	20	20	23	29	37	23	15	14	18	26	17	26	21
zOTU_2940	1	1	0	0	0	1	3	0	1	0	0	0	0	1	5	0	0	0	1	3	1	0	1	3	1	0	0	2	0	1	0	0	0	1	2	0	0	3	1	0	1	0	2	2	0	3	0	0
zOTU_2941	0	0	4	2	0	0	1	1	0	0	1	0	1	0	0	1	0	2	2	4	1	0	0	0	2	0	1	0	1	0	0	0	0	2	4	0	2	7	0	0	1	2	1	0	0	0	1	1
zOTU_2942	0	1	1	1	1	1	2	0	0	0	0	0	0	1	2	0	1	0	2	1	0	1	1	0	2	0	1	0	1	0	0	0	2	2	4	0	2	0	1	1	3	2	1	1	1	0	0	1
zOTU_2943	0	1	1	1	4	1	0	0	1	0	0	0	0	1	1	2	1	1	4	0	2	2	0	2	1	0	0	0	1	0	0	0	1	2	1	0	2	1	0	2	2	1	0	0	0	1	1	4
zOTU_2944	0	2	2	1	0	1	0	1	0	4	0	3	0	2	3	0	0	0	2	1	1	1	1	4	2	0	0	3	0	1	0	0	0	6	0	0	3	0	1	1	3	0	1	1	0	1	2	0
zOTU_2945	0	0	0	0	1	1	0	0	1	0	0	1	1	2	0	2	0	1	1	2	0	1	2	2	0	1	1	1	0	0	0	0	0	2	1	2	1	1	0	4	0	0	0	2	2	2	0	0
zOTU_2946	0	0	0	0	0	0	0	0	0	0	0	1	0	0	1	3	0	0	0	1	0	0	0	2	5	0	0	1	1	0	0	0	0	1	0	0	1	5	0	0	1	3	1	0	0	0	4	0
zOTU_2947	5	0	0	1	6	0	0	0	4	0	0	0	1	3	0	0	0	1	1	0	1	1	0	0	0	0	2	0	1	0	0	0	1	1	0	0	5	1	0	1	1	2	0	0	0	3	2	1
zOTU_2948	3	0	0	0	0	3	1	0	1	1	1	0	0	0	0	1	0	3	2	1	0	3	0	2	1	0	1	3	1	1	0	0	0	0	2	2	1	1	1	2	2	0	0	0	0	1	0	0
zOTU_2949	0	1	0	4	0	2	0	0	0	1	1	1	3	0	3	1	0	0	1	0	0	0	0	0	0	3	0	0	0	1	0	0	0	0	4	0	1	0	0	0	0	0	0	2	0	0	1	2
zOTU_295	10	30	31	9	16	17	88	4	11	21	12	70	8	6	28	45	29	15	28	33	38	17	31	51	49	17	3	55	8	17	0	0	24	50	25	6	18	40	17	8	23	38	28	19	32	49	59	0
zOTU_2950	2	1	5	2	5	2	20	1	5	5	2	12	3	5	4	15	4	4	2	9	2	2	7	5	18	2	3	6	2	2	0	0	3	15	11	2	16	29	6	2	2	16	11	5	1	8	24	0
zOTU_2951	1	0	1	2	0	2	1	0	0	1	0	2	1	2	1	2	0	1	0	0	0	0	2	0	2	1	1	0	0	0	0	0	0	1	1	0	1	0	0	0	3	1	1	3	0	0	1	0
zOTU_2952	1	0	0	0	2	0	0	0	1	0	0	0	0	9	1	0	0	0	0	0	0	0	0	0	0	0	1	0	0	0	0	0	1	0	1	6	1	0	0	0	1	0	0	0	0	2	0	0
zOTU_2953	0	0	1	0	0	0	1	0	0	0	0	0	0	0	0	2	1	0	0	1	2	0	0	0	1	1	0	0	0	1	0	0	0	6	3	0	0	6	4	0	0	0	1	2	0	1	1	0
zOTU_2954	0	3	0	0	1	1	0	0	1	2	0	0	0	0	1	0	0	0	2	0	2	0	1	2	1	0	0	0	1	0	0	0	2	1	2	0	0	0	1	1	3	0	0	0	1	2	0	0
zOTU_2955	0	0	0	3	4	0	0	3	4	0	2	0	7	6	0	0	4	6	1	0	0	1	0	0	0	6	1	0	0	2	0	0	1	0	14	1	0	2	13	1	0	0	0	1	0	0	0	1
zOTU_2956	2	1	0	2	2	1	0	0	1	0	0	0	2	0	0	1	1	0	1	0	1	0	2	3	0	1	0	0	0	1	0	0	0	1	0	1	1	0	0	2	2	0	0	0	2	2	0	0
zOTU_2957	0	0	0	1	0	1	0	0	0	3	0	0	0	0	0	2	0	0	12	0	0	0	0	11	0	0	0	16	0	0	0	0	0	0	0	0	3	0	1	0	2	0	0	0	0	1	0	0
zOTU_2958	0	2	0	0	1	0	0	0	4	0	0	0	1	1	1	0	2	2	1	2	1	0	3	4	4	0	0	1	1	0	0	0	1	1	0	0	1	0	0	0	1	2	2	0	0	0	1	0
zOTU_2959	0	0	0	0	0	0	0	0	0	0	0	0	0	0	0	1	0	0	1	1	0	0	0	0	1	0	0	1	0	0	0	0	0	0	0	0	0	1	0	0	0	3	7	0	0	0	20	0
zOTU_296	23	13	8	32	58	16	24	19	31	6	10	17	23	67	24	26	24	35	21	11	21	20	56	32	10	33	26	44	12	38	0	0	18	24	70	40	28	16	34	32	33	14	2	16	17	21	14	16
zOTU_2960	1	0	1	0	0	0	0	0	0	0	0	2	0	0	0	2	0	7	1	4	0	5	1	8	1	0	0	0	0	0	0	0	0	0	0	0	1	0	0	0	0	3	0	0	1	0	0	0
zOTU_2961	1	0	0	1	4	0	0	0	3	0	1	1	1	0	0	0	2	3	0	1	1	0	1	0	0	1	0	1	0	2	0	0	0	0	2	0	0	0	3	0	0	0	0	0	0	0	0	0
zOTU_2962	0	0	0	0	0	0	0	0	0	0	0	0	0	0	3	0	1	0	0	3	3	0	0	0	6	1	0	3	2	2	0	0	2	2	3	0	0	1	0	0	1	2	0	1	0	0	3	0
zOTU_2963	4	0	0	0	0	0	0	1	0	0	0	0	2	1	0	0	0	5	2	1	0	0	0	2	1	0	2	0	1	0	0	0	0	2	2	1	0	0	3	2	1	1	0	1	1	0	0	1
zOTU_2964	0	4	0	0	1	2	1	0	0	0	0	1	0	1	1	2	0	0	0	0	0	0	2	4	2	0	0	1	0	1	0	0	1	5	0	1	2	3	0	0	0	1	1	0	0	0	2	0
zOTU_2965	0	0	2	0	0	0	3	2	0	0	1	3	0	0	1	2	2	0	0	1	0	0	0	0	3	1	0	1	0	0	0	0	1	2	1	0	2	3	0	0	1	0	2	1	0	4	1	0
zOTU_2966	1	0	0	0	1	1	0	0	1	0	2	0	1	0	0	0	0	5	0	0	0	1	8	0	0	0	1	1	0	0	0	0	0	0	2	2	0	0	0	0	0	0	0	0	3	0	1	1
zOTU_2967	0	1	0	3	1	0	1	3	0	0	0	1	3	0	1	0	1	0	0	1	0	0	2	0	0	0	0	1	0	0	0	0	0	1	0	0	0	3	1	0	2	2	0	0	0	0	1	3
zOTU_2968	0	0	0	0	2	0	0	0	0	0	1	1	0	0	1	1	0	1	2	0	1	1	1	1	0	3	0	1	1	0	0	0	0	1	0	1	3	0	0	0	2	1	0	0	5	2	1	1
zOTU_2969	0	0	0	0	0	0	1	0	0	1	1	0	0	0	2	0	1	0	1	0	2	0	0	1	0	1	0	1	0	1	0	0	0	4	2	0	0	1	1	0	0	0	0	5	1	0	5	0
zOTU_297	15	15	24	21	34	27	21	24	31	33	11	45	18	25	33	23	20	14	35	17	28	18	32	47	35	24	24	40	17	18	0	0	30	48	43	22	39	45	20	29	30	24	12	19	34	48	32	15
zOTU_2970	1	0	0	2	1	1	0	0	1	1	0	1	0	3	0	1	0	5	0	5	1	0	3	0	0	0	2	0	1	0	0	0	1	0	0	0	0	5	1	0	0	5	1	0	0	1	1	0
zOTU_2971	0	0	0	0	0	2	1	0	0	1	0	0	0	0	3	2	0	0	6	0	0	0	0	6	2	0	0	5	0	0	0	0	0	7	0	0	1	0	0	0	2	0	0	0	0	2	4	0
zOTU_2972	1	0	0	0	0	4	1	0	0	1	0	1	1	2	0	2	2	0	0	3	2	1	0	2	0	2	0	1	0	1	0	0	0	0	3	0	1	1	4	1	1	0	3	1	1	1	1	0
zOTU_2973	0	2	1	0	0	2	0	0	0	0	0	3	0	0	3	0	3	0	2	2	1	0	0	0	2	1	0	1	1	0	0	0	1	2	0	0	3	1	2	0	2	6	1	0	0	1	4	0
zOTU_2974	0	0	3	3	0	0	3	0	0	0	2	1	1	0	1	2	0	0	0	2	0	0	1	4	1	0	0	2	0	1	0	0	0	2	0	0	0	3	0	0	0	1	0	2	0	1	0	0
zOTU_2975	0	2	5	0	0	1	1	0	0	0	0	1	0	0	3	1	0	1	3	1	1	0	0	0	0	0	0	2	0	0	0	0	0	2	2	0	1	0	1	0	6	1	0	0	0	2	2	0
zOTU_2976	0	1	0	1	0	0	0	1	0	0	0	0	0	0	0	0	2	0	0	0	0	0	0	1	0	3	0	1	1	1	0	0	1	2	3	0	1	1	7	0	1	1	1	0	1	1	2	0
zOTU_2977	0	1	3	0	0	0	2	0	0	0	0	2	0	0	0	11	1	0	3	1	0	0	0	4	0	1	0	3	4	0	0	0	4	3	0	0	0	4	0	0	1	2	4	0	0	0	3	0
zOTU_2978	3	3	4	6	10	4	2	2	2	4	3	0	3	8	3	9	9	9	14	16	9	7	9	7	8	8	2	10	4	1	0	0	3	4	16	0	9	18	5	2	4	22	7	5	13	2	10	4
zOTU_2979	0	1	3	2	2	0	1	3	1	2	2	3	3	3	1	10	2	2	1	8	0	3	1	0	4	1	1	2	4	0	0	0	0	8	1	1	1	4	0	1	5	16	3	0	0	1	1	4
zOTU_298	3	16	5	49	18	29	12	51	22	10	19	8	55	36	19	14	52	19	20	11	60	14	15	17	16	39	11	19	9	26	0	0	10	17	53	14	26	34	42	16	48	26	7	26	21	11	11	16
zOTU_2980	1	0	1	0	3	2	1	1	2	1	0	0	0	0	1	0	3	1	0	1	0	1	2	0	1	0	0	0	0	0	0	0	0	0	0	3	1	0	0	1	0	2	1	1	0	1	1	1
zOTU_2981	0	0	0	4	0	0	0	1	1	1	1	1	0	0	3	2	0	2	1	0	1	2	0	0	0	0	0	1	0	0	0	0	2	0	2	0	1	1	0	0	1	1	0	1	1	1	1	0
zOTU_2982	0	0	0	2	0	0	2	0	0	1	0	0	0	0	2	1	1	0	1	0	1	0	0	0	3	1	0	2	0	2	0	0	1	0	1	1	0	0	1	0	1	0	1	1	0	0	3	0
zOTU_2983	1	0	0	1	4	0	0	0	2	0	0	0	1	3	1	0	2	4	0	0	1	0	1	1	1	0	1	1	0	0	0	0	1	0	1	1	0	1	0	1	1	0	0	0	1	3	0	0
zOTU_2984	0	1	0	0	0	1	0	0	0	0	0	0	0	0	0	0	0	1	1	2	0	0	2	1	2	0	2	1	1	0	0	0	0	1	0	3	2	2	0	2	0	0	0	0	3	3	0	0
zOTU_2985	0	0	5	0	0	8	3	0	0	2	1	1	0	0	3	6	1	0	3	3	0	0	0	2	3	0	0	4	3	0	0	0	2	3	2	0	2	8	1	1	3	2	1	0	1	4	1	1
zOTU_2986	2	1	0	0	3	1	0	1	1	0	0	0	1	2	1	1	0	1	0	1	0	3	2	0	0	0	0	2	0	1	0	0	0	0	1	1	0	0	0	1	0	0	0	1	3	0	0	0
zOTU_2987	0	0	1	0	0	0	1	0	0	1	0	0	0	0	1	11	5	1	5	3	0	0	0	0	2	2	0	0	5	3	0	0	7	2	4	0	0	2	7	0	0	9	4	0	0	1	1	0
zOTU_2988	0	0	0	0	0	1	1	0	1	1	0	1	2	1	1	4	1	0	2	0	0	0	0	0	2	1	1	1	2	0	0	0	0	2	0	0	1	1	1	1	1	1	1	1	0	0	0	2
zOTU_2989	4	4	1	2	2	2	1	0	3	2	1	0	1	1	1	3	1	1	2	2	0	2	1	1	1	2	0	4	0	0	0	0	1	0	2	1	4	1	0	1	2	2	1	0	0	2	6	0
zOTU_299	21	16	8	8	73	21	36	9	17	16	5	8	22	47	22	47	21	21	32	39	22	51	34	45	48	9	14	22	19	6	0	0	24	32	56	36	25	64	29	45	33	40	35	17	46	43	37	6
zOTU_2990	1	0	1	0	0	2	1	0	0	1	0	0	0	0	1	0	2	0	0	1	0	0	2	0	1	0	0	0	0	0	0	0	0	1	0	0	0	0	0	0	2	0	0	4	4	1	7	0
zOTU_2991	0	0	0	0	4	0	0	0	2	0	1	0	0	3	2	2	0	9	6	2	1	5	1	2	1	1	4	1	0	0	0	0	3	2	3	0	1	2	2	1	0	1	3	2	1	0	0	1
zOTU_2992	0	5	0	0	0	0	0	0	0	1	0	0	2	0	3	0	0	0	1	0	0	0	0	5	0	1	0	4	0	0	0	0	3	0	1	0	3	0	1	0	0	1	0	0	0	5	0	0
zOTU_2993	1	0	1	0	0	1	0	0	0	1	0	0	0	0	1	0	1	0	1	0	2	0	0	0	1	0	1	1	0	1	0	0	1	0	5	0	4	0	1	0	3	0	1	1	2	0	2	0
zOTU_2994	0	0	1	0	0	0	1	0	0	0	0	0	0	0	0	2	0	0	0	6	0	0	0	0	2	0	0	0	0	0	0	0	0	2	0	0	0	9	0	0	0	10	1	0	0	0	0	0
zOTU_2995	1	4	3	0	1	0	0	0	0	1	0	1	0	1	3	0	0	1	1	0	0	1	1	2	1	0	1	1	0	0	0	0	1	1	0	0	1	2	0	1	1	1	0	0	5	2	2	0
zOTU_2996	0	2	1	0	4	1	0	0	0	0	0	2	1	0	4	9	4	1	3	1	1	0	0	0	0	1	2	0	1	1	0	0	2	0	1	1	1	3	0	2	3	0	6	0	1	0	1	0
zOTU_2997	0	0	3	0	0	0	0	0	0	2	0	1	0	0	0	2	0	0	3	0	0	0	0	0	1	0	0	2	0	0	0	0	1	2	1	0	4	2	0	0	3	2	1	0	0	2	1	3
zOTU_2998	0	0	0	0	0	0	7	0	0	0	0	1	0	0	0	4	0	0	0	2	0	0	0	0	2	0	0	0	1	0	0	0	0	6	0	0	0	7	0	0	0	3	2	0	0	0	2	0
zOTU_2999	2	0	0	0	2	1	1	1	0	0	0	1	0	0	1	0	0	0	2	0	1	4	4	1	0	0	0	3	0	0	0	0	1	0	0	0	3	0	0	0	2	0	0	1	0	0	0	0
zOTU_3	546	945	1100	997	1248	1480	1958	1061	1460	1421	736	2714	1479	898	1603	2280	1335	1226	1619	1385	1423	1066	1943	1709	2147	1220	892	2078	875	865	16	43	1239	2828	1846	876	1405	2563	1206	939	1598	1845	1006	1253	1303	1449	1943	450
zOTU_30	166	187	201	226	436	312	274	183	255	95	215	230	397	485	422	646	443	312	354	541	91	286	276	301	209	334	221	349	249	144	3	18	305	557	440	192	428	559	305	302	382	511	226	113	185	252	137	254
zOTU_300	29	14	6	18	73	18	11	8	16	8	12	13	15	77	21	32	32	49	35	33	27	21	34	24	25	28	45	23	17	13	0	1	33	17	96	38	42	66	54	27	30	40	17	9	50	28	36	12
zOTU_3000	1	0	0	0	2	1	0	0	4	0	0	0	0	1	1	0	0	2	1	0	0	1	0	2	0	0	1	2	0	0	0	0	0	0	0	0	4	0	0	1	4	0	0	0	2	0	0	0
zOTU_3001	0	0	1	0	3	0	1	1	1	0	4	0	5	2	1	2	1	0	1	0	0	1	0	0	0	3	1	1	0	1	0	0	3	0	2	1	0	0	2	2	2	1	3	0	1	1	1	1
zOTU_3002	0	0	0	2	1	2	2	0	0	0	0	0	0	0	2	1	0	0	1	0	1	0	1	1	0	0	0	1	0	0	0	0	2	2	0	0	3	3	0	0	4	0	0	0	0	0	1	0
zOTU_3003	0	0	0	0	2	0	0	0	4	0	1	0	1	12	0	0	1	5	0	0	0	0	0	0	0	5	1	1	0	2	0	0	2	0	5	4	0	0	4	3	0	0	0	0	0	0	0	0
zOTU_3004	0	0	2	0	0	0	2	0	0	0	0	6	0	0	0	7	1	0	0	3	0	0	0	0	3	0	0	0	1	0	0	0	0	2	0	0	0	9	0	0	0	17	1	0	0	0	1	0
zOTU_3005	1	0	0	0	0	0	0	1	1	0	0	0	0	2	0	1	2	1	0	1	1	4	0	0	0	1	2	1	1	0	0	0	0	2	1	0	2	1	0	0	3	1	1	0	4	0	0	0
zOTU_3006	1	0	0	1	0	0	2	0	0	0	0	1	0	0	0	2	1	4	0	1	0	0	4	4	2	1	2	0	0	0	0	0	0	2	1	0	1	1	1	0	0	1	0	2	1	1	0	0
zOTU_3007	0	0	0	3	2	0	0	1	2	1	0	0	2	2	4	0	2	2	0	0	1	0	1	0	0	0	0	0	0	0	0	0	0	0	2	1	0	0	2	0	0	0	0	2	1	0	0	1
zOTU_3008	0	2	0	1	1	0	0	2	0	1	0	0	1	0	1	1	0	1	1	0	0	1	2	2	0	0	3	0	0	1	0	0	1	0	1	3	3	1	0	5	3	0	0	0	4	4	0	0
zOTU_3009	0	0	0	0	0	0	0	0	1	0	0	1	1	0	0	0	0	3	0	2	0	3	1	0	0	0	1	0	1	0	0	0	0	1	1	0	1	4	2	1	1	1	0	0	0	1	0	1
zOTU_301	96	54	72	68	217	99	30	43	114	23	56	25	69	108	98	121	84	178	103	50	10	127	97	76	17	109	110	120	76	20	0	1	56	74	99	82	66	94	55	85	107	110	59	13	57	25	14	70
zOTU_3010	4	1	1	3	2	2	1	2	6	4	1	1	5	2	5	1	2	3	3	4	0	1	6	2	4	3	2	5	2	1	0	0	2	3	2	4	7	4	2	6	3	5	1	5	2	1	2	1
zOTU_3011	0	0	0	1	3	2	0	1	2	1	0	0	0	0	0	0	0	3	0	1	0	1	2	0	1	0	2	0	0	0	0	0	3	0	0	0	0	3	0	0	0	1	0	2	5	0	0	0
zOTU_3012	1	2	0	0	0	0	2	0	0	1	0	1	0	0	0	1	0	0	0	1	0	0	0	0	1	0	0	4	2	0	0	0	2	3	1	0	0	2	1	0	0	6	1	0	0	0	4	0
zOTU_3013	6	5	12	20	5	13	17	12	10	3	6	7	10	14	16	12	11	10	15	13	6	7	11	19	7	11	6	12	9	0	0	0	10	18	7	9	5	21	10	6	6	14	11	2	1	3	1	11
zOTU_3014	0	1	0	0	0	2	3	0	0	1	0	0	1	0	2	1	1	0	0	1	1	0	1	0	2	1	2	4	0	1	0	0	0	3	2	0	0	1	0	2	0	1	0	3	0	0	1	0
zOTU_3015	1	1	0	0	2	1	0	0	1	1	0	0	0	2	3	0	1	0	1	1	0	0	2	1	1	3	0	5	0	0	0	0	0	0	2	0	2	0	2	1	1	0	1	3	1	2	2	2
zOTU_3016	0	1	0	0	0	1	0	0	0	0	0	0	0	0	0	0	0	3	0	1	0	0	2	1	2	0	3	1	0	0	0	0	2	4	0	2	3	5	1	1	2	1	0	1	3	0	0	0
zOTU_3017	0	0	0	0	0	1	0	0	0	1	0	0	0	0	0	1	0	5	0	1	1	0	3	0	2	1	3	0	0	0	0	0	0	0	1	3	3	0	1	1	0	3	0	0	0	0	0	0
zOTU_3018	0	1	1	0	0	0	0	0	0	0	0	0	0	0	1	1	0	0	3	3	0	0	0	1	0	0	0	1	0	0	0	0	6	0	1	0	1	1	2	0	0	2	3	0	0	2	0	0
zOTU_3019	1	0	1	0	0	0	2	0	0	1	1	0	1	0	0	0	0	0	0	1	1	0	1	4	1	0	0	2	0	0	0	0	0	1	3	0	0	4	1	1	0	0	0	0	1	5	0	0
zOTU_302	11	21	9	30	41	20	18	19	47	23	13	16	31	30	25	41	68	28	37	14	50	17	25	51	47	68	12	36	11	29	0	3	32	18	47	12	54	30	34	16	47	25	14	19	28	29	27	10
zOTU_3020	1	5	1	0	0	0	0	1	0	0	1	1	2	1	3	0	0	1	2	2	0	0	1	1	0	1	1	0	0	0	0	0	1	0	0	2	1	3	0	0	1	0	0	0	0	0	1	0
zOTU_3021	2	0	0	0	2	0	0	0	2	0	0	0	5	0	1	0	1	3	2	3	0	2	2	1	0	0	3	1	0	0	0	0	1	1	2	1	0	0	1	1	0	0	0	0	2	1	0	0
zOTU_3022	0	0	0	1	1	0	0	0	1	1	0	0	0	2	1	0	0	0	0	0	0	0	1	2	0	0	0	2	0	0	0	0	0	0	0	2	1	0	1	1	1	0	0	5	4	2	1	0
zOTU_3023	0	2	0	0	0	1	0	0	0	1	0	0	0	0	3	0	0	0	1	0	0	0	0	2	0	0	0	5	0	0	0	0	2	0	0	0	5	0	0	0	3	0	0	0	0	2	0	0
zOTU_3024	0	1	0	1	1	2	1	0	3	0	1	2	2	1	1	2	1	5	1	0	0	1	3	2	0	0	0	1	0	1	0	0	1	2	0	0	1	1	0	2	3	1	1	0	1	0	0	1
zOTU_3025	0	0	0	3	0	0	0	0	0	0	1	0	3	0	0	1	3	0	0	0	2	0	2	0	1	2	0	0	0	3	0	0	0	0	3	0	0	1	4	0	0	0	1	0	0	1	0	1
zOTU_3026	0	0	1	0	0	0	0	0	2	0	0	2	2	0	1	0	0	2	3	6	0	0	0	0	0	1	2	2	2	0	0	0	0	0	1	0	3	3	0	0	0	3	0	0	0	1	3	0
zOTU_3027	0	2	3	0	0	0	0	0	0	0	0	1	0	0	0	1	1	0	1	2	0	0	0	0	0	2	0	0	0	1	0	0	0	1	3	0	5	2	0	0	1	1	1	0	0	1	0	1
zOTU_3028	1	1	1	3	2	3	3	3	1	1	2	1	2	5	4	0	4	0	2	0	1	1	0	7	1	3	1	4	0	1	0	0	0	1	2	1	0	1	1	1	5	1	0	1	3	3	2	1
zOTU_3029	0	0	0	0	2	0	1	0	0	0	1	2	0	2	1	0	2	3	2	0	0	0	2	3	0	1	0	1	0	1	0	0	1	1	1	5	1	2	0	2	0	0	0	1	3	2	1	0
zOTU_303	37	10	4	36	102	25	7	6	66	8	8	1	14	120	34	12	5	27	38	20	8	16	16	40	14	14	18	21	7	16	0	2	11	5	123	25	53	14	61	7	32	17	1	7	23	20	16	20
zOTU_3030	0	2	0	1	0	0	0	0	0	0	2	1	2	1	0	0	1	2	0	1	1	3	2	2	0	2	2	1	0	1	0	0	1	0	1	1	0	0	1	0	0	1	0	0	1	0	0	0
zOTU_3031	0	2	0	1	2	0	0	0	0	1	1	0	0	2	0	0	2	1	0	1	1	0	4	0	2	0	1	0	0	0	0	1	1	0	0	1	0	0	2	0	0	2	0	0	0	0	3	0
zOTU_3032	0	0	0	2	0	0	0	1	0	0	0	0	3	0	1	0	0	1	0	0	4	0	0	0	1	1	0	1	0	1	0	0	0	0	4	0	1	1	2	2	0	0	0	6	0	0	0	2
zOTU_3033	0	0	1	0	0	1	0	0	0	0	0	0	0	0	0	3	0	1	11	3	0	3	0	0	0	0	0	2	1	0	0	1	0	0	0	0	0	1	0	0	0	2	0	0	0	0	0	0
zOTU_3034	0	0	0	1	0	0	0	0	0	0	0	0	0	0	0	2	4	0	1	1	1	0	0	0	0	3	0	0	1	1	0	0	3	0	6	0	0	2	1	0	2	4	5	0	0	1	0	0
zOTU_3035	0	4	0	0	1	0	5	0	0	0	0	5	0	0	1	0	0	0	2	1	0	0	0	2	1	0	0	2	2	0	0	0	1	1	0	0	0	2	0	0	1	0	0	0	0	2	1	0
zOTU_3036	1	5	1	3	1	2	0	0	3	3	3	2	2	3	5	2	4	3	1	0	3	1	2	5	2	2	1	5	1	0	0	0	5	0	8	8	2	8	10	2	3	3	4	1	2	3	0	1
zOTU_3037	0	0	2	0	0	2	3	1	0	2	0	0	0	2	0	0	1	2	0	1	1	0	0	0	0	1	0	1	0	0	0	0	1	1	5	0	1	2	0	0	2	1	0	1	2	1	0	0
zOTU_3038	2	0	1	0	0	4	2	1	1	1	0	0	0	2	2	0	1	0	4	1	0	1	0	3	1	1	0	2	0	0	0	0	4	1	2	2	5	2	0	0	2	2	0	1	1	0	2	1
zOTU_3039	0	0	0	0	1	0	4	0	1	0	0	1	1	1	2	0	0	1	5	1	1	4	0	2	0	1	0	0	0	1	0	0	0	0	3	0	2	0	0	0	0	0	0	0	0	1	0	0
zOTU_304	7	11	12	23	18	26	36	9	16	19	10	42	13	19	15	54	9	14	25	12	14	12	47	12	84	10	15	15	14	7	0	1	14	76	10	13	10	57	6	9	29	32	22	42	38	16	98	4
zOTU_3040	0	1	0	0	4	2	3	0	1	0	0	0	0	3	1	1	0	0	2	0	1	1	1	0	3	0	0	0	1	0	0	0	0	1	3	2	0	1	2	1	3	3	0	0	3	1	0	0
zOTU_3041	0	2	0	0	3	1	0	1	0	2	0	0	1	2	0	0	1	0	2	3	1	0	0	3	4	0	0	2	0	0	0	0	1	1	1	1	1	2	0	0	2	1	1	1	0	2	3	0
zOTU_3042	4	1	0	0	0	0	1	0	1	0	0	0	0	1	2	0	1	3	0	0	0	2	2	0	0	0	2	0	0	0	0	0	0	1	0	4	1	2	0	2	0	0	0	0	1	1	0	2
zOTU_3043	0	0	0	0	0	0	2	0	0	0	0	0	0	0	0	1	0	0	0	8	0	0	0	0	8	0	0	0	0	0	0	0	1	0	3	0	0	5	0	0	0	4	0	0	0	2	5	0
zOTU_3044	0	1	1	0	1	2	2	0	0	1	0	3	4	0	1	6	0	0	1	4	0	1	0	1	1	0	0	1	12	2	0	0	0	9	1	0	1	8	0	0	2	8	2	0	0	2	2	0
zOTU_3045	0	0	0	0	0	2	0	0	2	0	0	2	0	0	0	1	0	5	0	0	1	0	3	0	0	1	3	1	1	0	0	0	1	0	0	3	2	0	0	0	0	1	0	0	1	1	0	0
zOTU_3046	0	0	0	0	0	1	0	0	0	1	0	1	0	0	0	0	0	0	0	0	1	0	2	3	0	1	0	7	0	0	0	0	0	1	0	1	1	0	0	1	4	0	0	0	1	3	0	0
zOTU_3047	0	1	0	0	0	0	0	2	1	0	1	0	1	0	0	1	1	3	1	1	2	0	0	2	0	0	0	2	0	1	0	0	0	0	0	0	0	0	0	1	2	1	0	0	0	1	0	1
zOTU_3048	0	0	0	0	0	0	1	0	0	0	0	0	0	0	2	0	0	0	3	1	0	0	0	2	5	0	0	0	0	0	0	0	0	0	0	0	0	0	0	0	3	1	2	0	0	2	6	0
zOTU_3049	1	0	0	0	1	0	0	0	2	2	0	0	5	0	0	2	0	1	0	0	0	0	1	0	3	1	0	1	1	0	0	0	0	0	4	1	1	2	1	0	1	1	0	1	0	0	1	0
zOTU_305	29	36	31	18	65	64	39	25	48	10	21	29	59	62	66	73	54	52	52	57	6	47	37	46	18	34	33	75	28	12	0	1	43	81	37	36	35	75	36	57	51	75	33	12	21	33	15	28
zOTU_3050	0	3	0	0	1	0	3	0	0	1	0	2	1	2	1	0	2	2	0	0	1	3	1	0	0	0	1	0	0	1	0	0	2	0	0	0	1	0	1	0	0	0	0	0	0	1	0	1
zOTU_3051	0	0	0	0	0	0	3	0	0	0	0	5	0	0	0	3	0	0	0	0	0	0	0	0	4	0	0	0	5	0	0	0	0	9	0	0	0	1	0	1	0	5	0	0	0	0	3	0
zOTU_3052	0	1	2	0	0	1	0	0	0	0	1	1	0	0	1	2	0	4	0	2	0	0	0	0	0	0	3	0	0	0	0	0	1	0	3	0	0	1	1	0	2	3	0	0	1	1	2	2
zOTU_3053	0	0	1	0	2	0	3	0	0	0	0	4	0	0	0	0	1	0	2	1	1	1	1	1	2	1	0	4	0	0	0	0	0	1	1	1	2	0	0	0	1	2	0	0	1	2	4	1
zOTU_3054	0	1	3	0	0	2	2	1	0	2	0	1	0	0	0	0	0	0	0	2	1	0	0	0	2	0	0	2	0	1	0	0	2	0	3	0	1	1	1	0	0	1	0	0	0	3	6	0
zOTU_3055	0	1	1	0	1	0	0	0	1	0	0	0	0	0	0	0	0	0	1	0	1	1	0	0	1	1	0	0	0	0	0	0	0	2	2	1	0	0	0	0	0	0	0	1	2	5	7	1
zOTU_3056	0	0	0	0	0	1	0	0	0	5	0	0	0	0	5	0	0	0	1	0	0	0	0	1	2	0	0	0	0	0	0	0	2	0	0	0	2	1	0	1	2	2	1	0	0	4	1	0
zOTU_3057	1	0	2	0	0	0	2	1	0	1	0	1	0	0	1	2	0	0	1	0	0	0	0	1	1	1	0	1	1	1	0	0	2	3	3	0	1	4	2	0	0	4	1	0	0	0	0	0
zOTU_3058	0	0	2	0	0	1	2	0	0	0	1	0	1	0	0	3	3	0	4	1	4	0	0	0	1	2	0	1	0	1	0	0	3	0	1	0	0	2	0	0	0	1	0	0	0	1	1	0
zOTU_3059	0	0	1	1	3	1	0	0	0	0	0	0	0	0	3	9	1	0	4	2	0	1	0	0	2	0	1	1	4	0	0	0	3	0	1	0	2	5	0	0	2	3	4	0	1	4	1	0
zOTU_306	107	0	0	57	170	0	0	24	72	0	3	0	44	11	0	0	0	93	0	0	0	37	117	0	0	2	129	0	0	1	0	0	0	0	9	17	0	0	9	3	0	0	1	3	19	0	0	25
zOTU_3060	1	0	0	1	0	0	1	0	0	1	0	2	0	0	5	0	1	0	1	1	2	0	1	1	1	0	0	0	0	0	0	0	1	1	0	0	0	3	0	1	1	0	0	0	1	1	2	0
zOTU_3061	1	0	0	3	2	4	2	2	0	1	1	3	2	5	1	5	5	1	1	1	3	0	1	1	0	3	2	0	2	0	0	0	0	2	2	1	0	2	2	2	1	3	2	0	0	1	2	0
zOTU_3062	1	0	0	1	1	0	1	0	0	0	0	0	0	0	3	0	1	0	0	0	1	0	1	4	1	0	0	2	0	0	0	0	0	0	2	0	1	0	0	0	2	2	0	0	0	3	0	1
zOTU_3063	0	1	0	0	2	1	0	0	2	0	0	0	0	3	1	0	0	2	1	0	0	0	1	0	0	0	1	0	0	0	0	0	2	0	0	0	2	0	0	0	1	1	1	1	1	2	0	0
zOTU_3064	0	0	2	0	0	0	1	0	0	1	0	2	0	0	1	1	0	0	2	1	0	0	0	1	3	0	0	5	3	0	0	0	1	0	0	0	4	1	0	0	0	2	0	0	0	0	3	0
zOTU_3065	0	2	0	0	2	0	0	0	0	1	0	0	0	0	0	2	1	0	0	1	1	0	3	1	4	0	0	1	0	0	0	0	1	1	0	4	2	0	0	2	0	0	0	0	1	1	3	1
zOTU_3066	0	2	1	1	0	0	1	0	0	0	0	1	0	1	1	2	0	0	2	1	0	1	1	0	0	1	2	1	0	0	0	0	0	0	0	1	1	4	0	1	2	1	0	0	0	1	1	0
zOTU_3067	0	0	0	0	1	0	4	0	0	0	0	0	0	0	0	3	0	0	4	2	0	1	0	2	0	0	1	0	0	1	0	0	0	1	0	2	0	0	1	1	1	1	0	0	1	4	4	0
zOTU_3068	0	0	2	0	0	0	0	1	1	0	0	1	0	0	0	1	2	0	0	1	5	0	0	3	3	1	1	0	0	0	0	0	0	1	1	0	1	3	1	0	0	2	0	0	0	0	4	0
zOTU_3069	1	1	0	1	2	1	0	1	0	1	0	0	1	1	1	0	1	0	1	0	0	0	0	6	0	0	1	1	0	0	0	0	0	0	2	1	1	0	0	0	1	0	1	1	0	2	1	1
zOTU_307	24	9	3	33	46	28	26	19	38	14	8	22	16	63	27	19	21	30	17	9	21	22	51	24	24	12	14	25	6	4	0	0	15	12	17	15	21	9	17	32	31	7	5	23	55	18	14	17
zOTU_3070	0	0	4	0	0	0	0	0	0	0	0	0	0	0	0	5	0	0	0	2	0	0	0	0	0	0	0	0	1	0	0	0	0	0	0	0	0	1	0	0	0	3	16	0	0	0	2	0
zOTU_3071	0	0	0	1	1	0	0	2	2	0	0	0	0	0	0	0	0	2	0	0	1	0	0	0	0	0	0	0	0	1	0	0	0	0	1	1	0	0	3	2	1	0	0	1	1	1	0	2
zOTU_3072	0	0	0	1	0	0	0	2	0	0	0	0	0	1	1	1	0	5	1	0	1	1	1	1	1	1	3	1	2	3	0	0	1	1	3	2	0	4	1	1	2	0	0	1	2	0	1	0
zOTU_3073	1	2	0	0	1	1	0	0	1	0	0	0	0	0	0	0	0	1	1	0	0	0	3	2	0	0	1	1	0	0	0	0	1	0	0	1	1	0	0	1	2	0	0	0	4	4	0	0
zOTU_3074	0	1	1	0	0	0	2	0	0	0	1	0	0	0	4	1	2	0	0	2	0	0	0	2	0	0	0	2	3	0	0	0	2	0	0	0	1	1	0	0	2	1	0	0	0	1	0	0
zOTU_3075	0	3	0	1	0	0	2	0	1	0	0	0	0	1	1	0	2	3	1	0	0	2	0	0	1	1	1	1	0	0	0	0	1	0	2	1	0	3	5	1	1	0	0	2	2	1	6	0
zOTU_3076	0	0	1	1	0	0	1	1	0	0	0	0	1	0	2	0	0	0	1	0	2	0	0	3	0	1	0	2	0	0	0	0	1	2	2	0	2	1	2	0	2	1	0	1	0	5	0	2
zOTU_3077	1	0	1	0	2	0	3	0	2	1	0	2	0	1	1	2	0	1	1	1	0	1	1	0	2	1	0	2	0	0	0	0	0	2	2	0	0	1	0	1	0	1	1	1	1	1	1	0
zOTU_3078	0	2	0	1	0	1	0	0	1	0	0	0	1	1	0	0	2	2	1	0	0	1	2	0	0	0	0	5	0	0	0	0	4	2	2	0	1	0	2	0	1	0	0	0	1	1	0	0
zOTU_3079	17	20	18	25	24	18	19	11	21	21	20	16	20	21	28	26	12	23	29	14	9	33	38	39	13	18	19	35	16	5	0	0	13	21	31	19	24	27	27	21	33	18	10	17	24	20	14	14
zOTU_308	4	17	8	7	8	8	11	1	22	33	8	30	10	15	40	33	8	21	20	21	17	14	32	23	29	19	5	29	9	18	1	0	21	46	87	20	50	53	60	32	63	38	14	23	35	28	29	3
zOTU_3080	0	1	0	0	2	0	0	0	0	0	0	0	0	0	0	1	0	2	1	2	1	1	0	1	0	0	0	0	1	0	0	0	0	0	7	0	0	0	1	1	0	2	1	0	2	2	0	0
zOTU_3081	0	1	0	0	3	0	0	0	2	0	0	0	1	3	1	0	0	1	0	1	1	0	2	2	0	0	1	0	1	1	0	0	3	0	0	0	1	0	0	0	1	0	1	0	0	0	0	0
zOTU_3082	0	2	0	0	0	0	0	0	0	0	1	0	0	0	1	0	3	0	0	5	0	0	1	0	5	1	0	1	0	0	0	0	0	0	0	0	0	3	0	0	0	0	1	0	0	1	0	0
zOTU_3083	3	0	0	0	2	0	0	0	2	0	0	0	0	1	0	1	0	4	0	0	0	2	0	0	0	0	1	0	0	0	0	0	0	0	0	0	0	0	0	1	0	1	0	0	6	0	0	0
zOTU_3084	0	0	2	0	1	0	2	1	0	0	1	0	2	0	0	1	0	1	0	0	3	1	0	3	2	1	0	0	0	0	0	0	0	2	5	0	1	1	0	0	3	0	2	2	0	0	1	0
zOTU_3085	8	9	17	21	12	9	8	12	12	7	30	18	6	21	12	13	11	13	8	1	6	6	12	7	2	5	10	12	8	2	0	0	6	9	7	13	11	12	4	16	14	12	2	13	2	7	9	7
zOTU_3086	0	0	0	1	0	0	0	0	0	1	0	2	0	0	1	0	2	0	1	2	0	0	1	1	2	0	1	2	1	0	0	0	0	0	3	0	0	1	7	1	1	1	0	1	0	1	1	0
zOTU_3087	0	1	0	0	1	0	0	1	0	0	2	1	1	0	1	1	1	2	1	0	0	0	1	1	2	0	1	4	0	1	0	0	0	1	3	1	3	1	2	1	0	1	1	1	0	2	0	2
zOTU_3088	1	0	0	0	0	3	1	0	1	0	0	0	0	0	3	1	1	1	0	0	1	1	0	5	1	0	0	1	0	0	0	0	1	0	0	1	2	3	1	0	1	2	2	0	0	0	0	0
zOTU_3089	2	1	0	0	3	0	0	2	0	0	0	0	2	0	1	0	0	1	0	0	0	0	0	0	0	0	0	2	0	0	0	0	2	1	0	2	1	1	1	2	3	0	0	0	1	2	0	0
zOTU_309	15	26	40	44	15	25	42	23	22	37	20	75	21	12	49	38	25	30	33	26	36	12	45	44	55	23	12	52	23	10	0	1	17	43	31	27	24	59	24	19	64	52	16	25	21	30	44	21
zOTU_3090	0	0	0	0	1	0	0	0	0	0	0	0	0	3	0	1	0	0	0	3	0	2	0	0	6	0	0	0	0	0	0	0	0	0	0	0	0	3	0	1	0	5	0	0	1	1	11	0
zOTU_3091	1	0	0	0	0	0	4	0	0	1	0	4	0	0	0	0	0	1	4	1	2	0	0	0	2	0	0	1	0	0	0	0	0	4	1	0	0	1	0	0	0	1	0	0	0	0	0	0
zOTU_3092	1	0	0	1	1	2	2	0	3	2	2	1	0	0	0	1	0	1	2	1	0	0	5	0	0	0	0	1	0	1	0	0	1	0	0	1	0	3	3	0	1	1	0	0	0	2	0	0
zOTU_3093	0	1	0	0	0	1	0	1	0	0	0	0	1	0	1	7	0	0	1	3	0	0	0	3	3	3	0	1	2	0	0	0	3	2	0	0	0	5	0	0	0	1	1	1	0	1	2	0
zOTU_3094	1	2	2	1	4	1	3	1	2	2	1	2	2	1	1	1	1	4	2	0	2	5	2	4	1	2	2	4	2	1	0	0	2	1	7	2	1	1	0	5	3	0	1	3	2	1	2	3
zOTU_3095	0	0	0	0	0	0	1	0	0	0	1	0	0	0	0	0	0	0	1	1	0	0	4	1	4	0	0	2	0	0	0	0	1	0	1	0	0	0	0	0	0	0	0	2	8	3	9	0
zOTU_3096	0	0	0	0	0	1	4	0	0	0	2	1	0	0	0	0	1	0	0	1	0	0	0	1	2	1	0	0	1	0	0	0	0	3	1	0	3	3	1	0	1	2	0	1	0	3	2	0
zOTU_3097	0	1	0	0	0	2	1	0	0	1	0	2	0	0	2	1	0	0	0	3	0	0	0	1	5	0	0	3	1	0	0	0	0	2	0	0	1	2	0	0	1	1	0	0	0	4	2	0
zOTU_3098	1	0	0	0	0	0	0	0	1	0	0	1	0	0	2	0	2	0	0	0	1	2	3	1	1	1	0	1	0	3	0	0	0	2	3	0	0	2	2	0	0	1	2	0	1	0	5	0
zOTU_3099	0	1	0	0	3	0	1	0	0	0	0	0	0	0	0	0	1	1	2	0	2	2	0	1	0	0	0	0	1	1	0	0	1	0	1	0	0	1	0	2	0	0	1	1	2	1	1	0
zOTU_31	101	498	380	609	146	235	616	387	78	170	230	692	426	38	220	539	376	229	337	524	147	133	157	288	414	328	151	454	296	308	7	20	494	406	865	173	199	452	245	147	170	353	296	245	88	640	183	164
zOTU_310	2	8	17	19	2	12	39	12	4	20	13	16	18	2	10	10	25	26	4	17	7	10	128	23	24	17	40	23	16	16	1	1	7	66	24	94	9	28	19	100	15	6	18	18	9	8	26	8
zOTU_3100	0	2	2	0	0	0	0	0	0	0	0	0	0	0	0	5	4	0	8	3	0	0	1	0	1	2	0	2	1	0	0	0	0	1	0	0	1	0	1	0	0	3	4	0	0	1	1	0
zOTU_3101	0	1	2	1	3	0	0	0	1	0	0	0	1	0	0	0	0	3	0	2	0	5	1	2	3	0	3	0	0	0	0	0	0	0	6	1	0	0	1	1	0	2	1	0	6	0	2	0
zOTU_3102	0	0	0	0	0	0	0	0	0	0	0	0	0	1	2	1	0	1	0	2	0	0	1	0	1	5	1	0	0	1	0	0	0	0	1	1	1	1	1	0	2	0	0	1	1	0	2	0
zOTU_3103	9	2	1	2	29	9	0	0	10	1	5	0	2	13	12	0	3	18	9	0	2	12	4	5	0	5	28	10	0	1	0	0	6	0	1	8	11	0	0	10	14	1	0	1	7	3	0	6
zOTU_3104	0	0	0	0	1	0	0	0	0	1	1	1	1	0	0	0	0	0	1	0	2	0	1	0	0	0	0	2	1	0	0	0	0	1	0	1	0	1	0	2	1	0	1	0	0	0	3	0
zOTU_3105	0	1	2	0	0	0	1	2	0	0	0	3	1	0	1	0	1	0	0	4	0	0	0	1	2	0	0	1	0	0	0	0	2	0	2	0	2	1	0	0	0	3	1	0	0	0	1	0
zOTU_3106	1	0	0	4	1	0	0	0	0	1	0	0	1	2	1	0	3	0	0	0	1	2	0	0	0	3	0	1	0	3	0	0	1	0	3	0	0	0	2	0	0	0	0	4	0	0	0	1
zOTU_3107	0	2	1	0	0	1	0	0	0	3	0	0	0	0	6	0	0	0	3	0	0	0	0	1	0	0	0	1	0	0	0	0	0	0	0	0	2	0	0	0	6	0	1	0	0	2	2	0
zOTU_3108	0	0	0	0	0	0	0	0	1	0	0	3	0	0	2	0	0	0	1	2	1	0	0	1	1	1	0	0	1	0	0	0	1	0	2	1	1	1	1	0	0	0	4	0	0	0	3	0
zOTU_3109	1	0	0	0	0	0	0	0	2	0	0	1	0	0	0	1	0	3	0	2	1	3	1	2	1	0	0	0	0	1	0	0	0	0	0	0	1	4	0	0	0	5	2	0	1	0	1	0
zOTU_311	20	15	9	25	42	37	47	12	20	7	15	31	34	31	24	31	30	28	41	14	12	23	42	41	22	23	15	35	5	14	0	2	19	31	33	30	16	17	26	27	22	15	7	15	37	45	26	13
zOTU_3110	2	1	0	0	0	0	0	0	0	1	0	1	0	0	1	1	0	0	3	0	0	0	0	5	1	0	0	0	0	0	0	0	2	2	0	0	1	1	0	1	0	1	0	0	1	4	0	0
zOTU_3111	1	0	0	0	3	2	3	1	1	0	0	0	1	1	0	1	1	3	3	3	1	0	3	0	0	3	2	2	3	1	0	0	1	2	2	0	5	2	2	3	0	1	1	0	0	1	1	2
zOTU_3112	0	2	0	0	2	0	0	0	2	0	0	0	0	4	2	0	0	4	1	0	0	1	1	2	0	0	2	0	0	0	0	0	0	0	0	4	3	0	1	2	2	0	1	0	1	0	0	0
zOTU_3113	0	0	0	0	0	0	0	1	0	0	0	1	0	0	0	1	0	0	0	2	0	0	0	0	2	0	0	1	1	0	0	0	0	0	5	0	1	1	10	1	0	2	1	0	0	0	0	0
zOTU_3114	1	0	0	0	2	0	2	0	0	0	0	1	0	0	1	0	0	2	0	0	0	0	1	1	1	1	1	1	1	0	0	0	1	1	1	1	2	2	0	2	3	1	0	1	0	1	0	0
zOTU_3115	0	0	1	1	0	0	0	0	1	1	1	3	0	4	1	0	0	0	2	0	2	0	0	4	0	1	0	1	0	0	0	0	2	0	3	0	4	1	1	1	0	0	1	0	1	1	0	0
zOTU_3116	0	0	0	0	2	0	0	0	0	0	0	0	0	4	0	0	0	2	0	0	0	2	1	0	0	0	10	0	0	0	0	0	0	0	0	2	1	0	0	2	0	0	0	0	2	0	0	0
zOTU_3117	0	0	1	0	0	2	0	0	0	1	0	1	0	0	0	2	1	1	0	1	0	1	0	1	2	0	0	1	1	0	0	0	2	3	0	0	0	0	0	1	2	2	0	0	1	0	4	0
zOTU_3118	0	0	1	0	0	6	0	0	0	4	0	0	0	0	4	0	0	0	3	0	0	1	0	4	1	0	0	2	0	0	0	0	2	0	2	0	0	0	1	0	0	0	0	0	0	3	1	0
zOTU_3119	1	0	0	1	0	1	0	1	2	1	0	1	1	0	1	2	0	3	1	0	0	1	3	1	0	0	0	0	0	0	0	0	0	0	0	0	1	0	0	2	1	0	0	0	0	2	0	0
zOTU_312	42	24	24	22	101	12	12	4	81	16	16	18	18	124	25	21	16	50	21	11	21	26	88	33	31	22	68	33	21	10	2	0	13	30	20	95	43	20	25	96	50	19	10	17	35	14	28	19
zOTU_3120	2	0	0	0	0	0	0	1	2	0	0	2	1	1	0	1	1	0	0	1	1	1	2	0	2	0	0	0	1	0	0	0	0	1	1	0	2	1	0	0	1	3	0	0	0	2	0	0
zOTU_3121	0	2	2	0	0	0	5	0	0	0	1	1	1	0	0	2	0	0	0	1	0	0	0	0	4	0	0	0	1	0	0	0	0	6	0	0	0	0	1	0	0	4	2	0	0	0	2	0
zOTU_3122	0	0	1	1	2	0	0	0	0	0	0	0	0	1	5	0	0	0	0	0	0	0	0	1	0	0	0	1	0	0	0	0	0	2	0	0	0	1	0	0	2	1	0	4	2	0	3	1
zOTU_3123	0	0	3	0	0	0	0	0	0	0	0	0	0	0	0	6	0	0	3	6	0	0	0	1	8	1	0	1	4	0	0	0	0	5	3	0	0	5	0	0	0	9	0	0	0	0	1	0
zOTU_3124	1	1	1	1	0	1	0	0	1	0	0	0	2	1	1	3	0	0	1	1	0	0	0	1	2	0	0	0	0	1	0	0	1	0	2	0	2	5	0	0	0	0	1	0	0	0	1	0
zOTU_3125	0	0	2	0	0	0	0	0	0	1	0	1	0	0	1	0	0	0	0	1	0	1	2	3	5	0	0	1	0	0	0	0	3	2	0	0	1	0	0	0	1	1	1	0	2	1	3	0
zOTU_3126	0	0	0	0	2	1	1	1	0	0	0	0	0	2	1	0	0	7	0	0	1	0	2	2	1	0	1	1	0	1	0	0	0	0	1	1	2	0	2	0	0	0	0	0	2	1	1	0
zOTU_3127	0	1	1	1	0	0	0	1	0	0	0	0	0	0	1	0	1	0	5	3	0	0	0	6	0	2	0	3	0	0	0	0	0	1	4	0	2	5	1	0	4	0	1	0	0	1	4	0
zOTU_3128	0	1	0	0	1	0	1	0	1	0	1	1	1	0	2	0	1	1	1	0	2	0	3	2	4	0	0	2	0	0	0	0	1	1	1	0	2	1	1	2	1	0	0	4	4	1	5	0
zOTU_3129	0	1	0	1	0	0	0	0	0	1	1	0	0	0	0	3	2	1	2	0	2	0	0	1	2	1	0	0	2	0	0	0	3	0	2	0	0	3	0	0	0	2	1	0	0	1	3	0
zOTU_313	9	16	5	22	38	18	23	10	20	25	6	15	10	74	20	16	56	22	16	17	89	32	55	28	27	9	14	17	8	28	1	1	19	42	33	26	31	53	22	30	16	17	15	14	93	34	56	6
zOTU_3130	1	2	0	0	1	2	0	0	0	1	0	0	0	1	3	0	0	0	2	0	0	0	0	3	0	1	1	3	0	0	0	0	1	1	1	0	4	3	2	0	3	0	0	1	0	2	0	0
zOTU_3131	0	2	1	1	0	0	0	0	0	0	0	0	0	0	0	7	0	0	2	5	0	0	0	1	0	0	0	2	0	0	0	0	3	0	0	0	4	4	0	0	1	2	2	0	0	3	0	0
zOTU_3132	0	1	0	1	1	0	0	2	0	2	0	0	5	1	3	0	0	2	0	0	0	0	1	2	0	0	1	0	1	0	0	0	0	0	1	2	2	1	0	5	1	0	0	2	0	1	0	0
zOTU_3133	0	0	0	0	1	0	0	0	2	1	0	0	1	0	0	0	0	1	2	0	2	0	0	0	0	1	1	0	0	1	0	0	3	0	7	1	1	0	3	1	1	0	0	0	1	0	0	0
zOTU_3134	0	0	1	0	0	0	0	0	0	0	0	1	0	0	0	1	0	0	0	1	0	0	0	0	9	0	0	0	5	0	0	0	0	5	0	0	0	0	0	0	0	1	1	0	0	0	4	0
zOTU_3135	2	1	0	0	3	0	2	0	2	1	0	1	0	3	2	3	2	0	0	0	1	1	0	1	1	1	1	1	1	0	0	0	0	1	0	0	0	1	0	1	1	3	4	0	0	2	0	0
zOTU_3136	0	1	0	0	0	0	0	0	1	0	1	0	0	0	1	5	0	1	4	1	0	1	0	2	2	0	0	0	0	0	0	0	3	0	0	0	2	7	0	0	3	2	1	0	0	1	0	0
zOTU_3137	0	1	0	0	0	5	0	0	0	0	0	1	0	0	4	0	0	0	2	0	0	0	0	0	0	0	0	3	1	0	0	0	1	1	0	0	2	0	0	0	3	0	0	0	0	4	0	0
zOTU_3138	0	1	1	0	1	1	3	1	0	0	0	2	2	0	1	2	3	0	0	0	0	1	2	1	1	1	1	2	1	1	0	0	0	3	0	0	1	0	0	0	0	0	0	0	1	1	1	1
zOTU_3139	1	0	1	0	1	0	1	0	0	0	0	0	1	0	0	0	1	1	2	1	1	1	1	0	0	0	1	0	0	1	0	0	0	1	0	0	2	0	1	1	2	1	1	0	2	1	3	0
zOTU_314	9	9	19	18	13	11	21	7	7	17	14	71	17	5	30	116	39	12	62	23	18	22	12	60	6	5	5	71	6	2	0	2	16	21	25	3	21	44	29	2	20	138	8	10	23	21	14	4
zOTU_3140	0	0	0	0	0	1	0	0	0	0	0	1	1	0	1	2	1	1	1	0	0	1	2	2	1	4	0	0	0	0	0	0	0	3	0	0	0	1	1	0	0	5	0	1	0	0	0	0
zOTU_3141	1	1	0	0	4	1	0	0	0	0	0	0	0	2	0	0	1	1	1	0	0	4	1	0	0	1	2	0	0	0	0	0	1	0	0	0	1	0	0	1	2	0	0	0	1	0	0	0
zOTU_3142	0	0	1	0	0	0	1	1	0	0	0	1	0	0	1	1	0	0	0	4	0	0	0	0	2	1	0	0	1	1	0	0	0	9	0	0	0	2	1	0	0	3	0	0	0	0	1	0
zOTU_3143	0	0	0	0	0	0	1	0	0	0	0	0	0	0	0	0	0	0	0	1	0	0	0	0	4	0	0	1	3	0	0	0	0	3	0	0	0	8	0	0	0	6	0	0	0	0	0	0
zOTU_3144	0	1	0	0	0	0	0	1	0	0	0	2	0	2	2	1	2	0	0	0	0	0	1	1	0	0	0	1	0	0	0	0	2	2	0	0	1	1	0	0	0	0	1	2	1	0	2	0
zOTU_3145	0	0	0	0	0	0	0	0	0	0	0	0	0	0	0	1	0	0	1	4	0	0	0	1	3	0	0	0	2	0	0	0	0	5	0	0	0	12	0	0	0	5	0	0	0	0	0	0
zOTU_3146	0	1	0	0	0	0	0	0	1	1	0	0	0	1	0	0	1	1	2	0	1	2	1	3	1	2	0	0	1	0	0	0	0	0	3	0	0	0	0	0	1	0	0	0	1	1	1	0
zOTU_3147	2	0	0	3	1	1	1	0	1	0	1	0	1	0	1	0	0	1	0	0	1	0	0	0	0	1	0	0	0	0	0	0	0	0	3	1	1	0	3	1	0	0	0	1	1	2	1	1
zOTU_3148	0	1	0	0	0	0	2	0	0	1	0	0	0	0	1	1	0	0	0	0	0	0	0	0	3	0	0	2	1	0	0	0	0	3	0	0	0	1	0	0	1	6	2	0	0	0	6	0
zOTU_3149	0	1	0	2	0	1	0	0	0	1	0	0	2	1	4	0	0	1	0	1	0	0	0	1	0	0	0	1	0	0	0	0	2	0	2	0	5	0	0	0	0	0	0	0	0	0	0	0
zOTU_315	19	11	9	66	33	16	23	24	24	26	15	31	42	10	48	18	13	13	21	10	22	18	57	39	16	20	12	46	6	12	0	0	21	18	39	18	29	18	48	9	26	10	5	78	37	35	18	13
zOTU_3150	1	0	1	1	0	1	0	1	0	1	1	0	1	3	1	0	0	0	0	0	0	0	0	0	0	0	1	0	0	0	0	0	1	0	1	4	13	0	0	1	3	0	0	0	0	0	0	1
zOTU_3151	0	3	1	0	0	2	0	1	0	0	0	1	2	0	4	3	0	0	0	0	0	0	0	0	0	2	0	0	1	0	0	0	1	2	1	0	0	3	0	0	1	0	1	0	0	0	2	0
zOTU_3152	0	0	0	0	0	1	0	0	0	0	0	0	0	0	0	1	0	0	0	0	0	0	0	0	2	0	0	0	0	0	0	12	0	1	0	0	0	3	0	0	0	2	0	0	0	0	4	0
zOTU_3153	3	0	0	0	2	0	0	0	2	0	0	0	0	1	0	0	0	2	1	0	0	0	0	0	0	0	2	0	0	0	0	0	0	0	0	2	0	0	0	1	0	0	0	0	4	0	0	0
zOTU_3154	0	0	0	0	0	0	3	0	0	0	0	0	0	0	0	0	0	0	0	1	0	0	0	2	5	0	0	0	1	0	0	0	0	1	0	0	1	5	0	0	1	2	1	0	0	0	5	0
zOTU_3155	13	15	14	41	33	20	8	14	29	31	22	18	21	32	29	11	11	26	22	6	21	15	31	23	14	16	13	46	9	4	1	1	14	15	34	33	31	14	23	35	54	11	7	27	27	21	9	23
zOTU_3156	0	0	0	0	1	1	2	0	0	0	0	0	0	2	1	0	1	0	0	3	0	1	1	1	1	0	1	1	0	0	0	0	0	0	0	0	0	2	1	0	0	4	2	0	1	1	1	0
zOTU_3157	1	0	1	0	5	0	0	0	0	0	0	0	1	0	1	1	0	0	0	1	0	2	1	1	0	0	2	0	0	0	0	0	1	0	3	0	0	0	4	3	0	0	0	0	1	0	0	0
zOTU_3158	1	0	0	2	4	0	0	0	8	0	1	0	0	1	0	0	0	6	0	0	1	1	4	1	0	1	5	1	2	0	0	0	1	0	1	3	6	0	2	0	3	0	0	0	2	1	0	0
zOTU_3159	0	0	0	2	0	0	1	0	0	0	0	0	0	0	0	2	1	0	0	0	4	1	1	3	0	1	0	1	0	0	0	0	1	1	2	0	0	0	0	0	3	0	0	2	0	0	1	3
zOTU_316	8	13	16	34	27	23	35	18	21	34	18	32	31	10	20	34	24	17	25	19	21	15	32	19	24	23	15	50	13	14	0	0	10	28	25	13	26	25	19	19	34	27	24	25	25	22	38	6
zOTU_3160	0	1	0	6	1	0	0	2	2	0	0	0	0	2	0	0	0	1	2	0	0	0	0	0	0	1	0	1	0	1	0	0	2	0	2	0	0	0	1	0	2	0	0	0	0	0	0	1
zOTU_3161	2	0	0	0	4	0	0	3	2	0	0	1	0	4	0	0	0	0	0	0	0	0	0	0	0	0	1	2	0	0	0	0	0	0	0	2	1	0	0	0	0	0	0	0	1	1	1	2
zOTU_3162	0	0	0	1	1	0	0	0	0	0	0	0	1	0	0	4	3	0	1	0	0	0	0	2	0	4	0	0	2	1	0	0	3	0	4	0	2	5	0	1	3	1	0	1	0	0	1	3
zOTU_3163	0	0	0	0	7	0	0	0	1	0	0	0	0	3	0	0	0	1	0	0	0	0	0	0	0	0	0	0	0	0	0	0	0	0	0	1	0	0	0	2	0	0	0	0	1	0	0	0
zOTU_3164	0	0	1	1	4	1	0	2	2	0	0	0	7	3	0	2	1	11	0	2	0	3	0	1	1	0	7	0	0	0	0	0	0	0	3	0	0	3	2	0	0	0	0	1	1	1	0	1
zOTU_3165	0	0	0	0	0	0	0	0	0	0	0	0	0	0	0	0	2	0	0	0	0	0	0	0	0	4	0	0	0	1	0	0	0	0	23	0	0	0	20	0	0	0	0	0	0	0	1	0
zOTU_3166	0	0	0	0	0	1	2	0	0	1	0	2	0	0	0	3	1	0	1	0	1	0	0	0	0	0	0	1	0	0	0	0	0	2	1	0	0	0	0	0	0	2	1	0	0	3	4	0
zOTU_3167	14	0	0	0	8	0	0	0	3	0	0	0	1	1	0	0	0	0	0	0	0	1	0	0	0	0	0	0	0	0	0	0	0	0	0	1	0	0	0	0	0	0	0	0	3	0	0	0
zOTU_3168	0	0	0	0	0	0	0	0	0	0	0	0	2	0	1	1	0	0	2	2	0	0	0	2	0	0	0	4	1	0	0	0	4	1	3	0	1	0	0	0	0	1	0	0	0	2	2	0
zOTU_3169	0	4	0	2	0	0	0	1	1	0	0	0	2	0	2	3	1	2	1	0	2	0	3	1	1	1	0	0	3	3	0	0	1	3	0	3	2	1	3	1	2	4	0	1	2	0	2	0
zOTU_317	19	14	11	56	27	14	26	8	37	16	14	33	21	8	27	11	17	27	22	11	25	22	73	33	19	18	22	41	8	9	0	0	14	34	34	30	14	29	23	27	25	32	5	28	11	23	17	11
zOTU_3170	0	1	2	1	0	0	0	0	0	2	0	1	1	2	2	0	1	0	0	0	2	0	0	0	0	1	1	2	0	0	0	0	1	0	1	0	1	0	0	1	0	1	1	0	0	2	0	0
zOTU_3171	0	1	0	0	2	0	0	0	0	0	0	1	0	2	0	1	0	3	0	0	0	1	0	1	0	0	0	0	0	0	0	0	2	1	0	2	0	1	0	2	0	0	1	0	0	1	0	0
zOTU_3172	0	1	0	2	3	3	0	1	0	1	1	1	0	1	1	1	1	1	0	2	0	0	1	1	2	1	0	4	0	0	0	0	0	4	0	2	1	2	0	0	3	2	0	0	3	4	2	1
zOTU_3173	0	0	3	0	0	0	4	0	0	0	0	2	0	0	0	2	0	0	1	3	0	0	0	1	0	0	0	1	2	0	0	0	1	2	0	0	1	5	0	0	1	4	1	0	0	0	2	0
zOTU_3174	0	0	0	0	0	2	1	0	0	0	0	0	0	0	0	1	0	0	0	0	1	0	2	1	2	0	0	0	0	0	0	14	0	0	2	0	0	0	1	1	0	1	0	0	0	2	2	0
zOTU_3175	0	0	2	0	1	0	1	0	1	2	1	0	0	0	0	0	0	0	3	0	0	0	0	2	0	1	0	1	1	0	0	0	1	0	0	0	0	0	2	0	0	3	0	0	1	0	2	0
zOTU_3176	0	0	0	3	0	0	0	1	0	0	0	0	3	0	0	0	0	0	2	1	1	0	0	0	1	0	0	0	1	1	0	0	0	1	3	0	0	4	1	0	1	0	0	0	0	1	4	1
zOTU_3177	0	0	2	0	0	0	0	1	0	0	0	0	1	0	2	0	0	0	1	1	3	0	1	0	2	1	0	5	0	0	0	0	1	0	1	0	0	3	1	0	0	1	1	1	0	1	2	0
zOTU_3178	0	0	0	2	1	0	0	0	1	0	1	1	0	0	0	0	2	2	0	0	1	0	0	0	1	0	0	0	0	3	0	0	0	0	0	0	0	0	1	1	1	1	1	0	2	0	0	1
zOTU_3179	0	0	0	1	2	0	0	0	1	0	0	0	1	0	2	0	1	0	2	0	1	1	3	0	0	0	1	1	0	0	0	0	2	0	0	2	0	0	0	1	2	0	0	0	1	1	0	0
zOTU_318	14	10	13	22	22	5	19	15	48	9	15	22	21	25	11	9	48	51	16	15	65	22	89	19	21	57	13	17	1	17	0	1	11	13	65	47	15	10	44	38	20	8	5	28	36	31	20	8
zOTU_3180	0	5	0	3	0	3	0	5	1	1	3	2	6	1	2	4	6	3	4	1	2	0	1	5	0	5	0	5	0	3	0	0	2	1	9	1	2	4	8	0	3	2	1	0	0	4	3	1
zOTU_3181	0	4	0	0	0	1	1	1	0	3	0	1	0	0	0	0	0	0	0	0	4	0	0	3	2	3	0	1	1	0	0	0	0	1	0	0	0	1	1	0	1	0	0	1	0	5	1	0
zOTU_3182	0	0	1	1	0	0	0	1	0	0	0	0	2	0	1	0	0	0	2	2	1	0	0	0	1	1	0	3	1	1	0	0	0	0	2	0	3	3	1	0	2	0	1	0	0	0	2	2
zOTU_3183	0	0	0	2	2	1	0	2	1	0	0	0	1	2	0	1	0	0	1	1	0	1	0	0	0	0	1	0	0	0	0	0	2	0	3	0	0	1	0	0	2	0	0	0	0	0	0	0
zOTU_3184	2	0	0	0	0	0	0	0	0	0	1	0	0	0	0	0	1	6	0	0	0	0	4	0	0	4	1	0	0	0	0	0	0	0	2	3	0	0	0	1	1	0	0	0	1	1	0	1
zOTU_3185	0	1	0	0	0	0	2	0	0	1	1	1	0	0	1	0	1	0	1	1	1	0	0	1	2	0	0	0	1	1	0	0	0	0	1	0	1	2	2	0	0	4	0	2	0	2	0	0
zOTU_3186	0	0	0	0	3	0	0	0	3	2	0	0	0	0	0	0	0	1	0	0	0	0	2	1	0	0	2	0	0	1	0	0	0	0	9	0	0	0	2	0	0	0	0	0	3	0	0	0
zOTU_3187	0	0	1	0	1	1	2	0	0	0	0	0	0	0	1	1	0	4	0	1	0	0	2	0	0	0	0	1	0	0	0	0	3	0	3	0	0	0	0	0	0	2	0	0	1	0	1	0
zOTU_3188	0	1	0	0	0	1	0	1	0	2	1	0	0	0	1	0	0	0	0	0	1	0	0	0	4	1	0	1	0	5	0	0	0	2	1	0	0	0	1	0	2	1	0	1	0	0	3	1
zOTU_3189	0	0	1	0	0	0	2	2	1	2	2	0	0	1	2	1	3	1	1	1	2	1	0	4	2	1	0	3	0	1	0	0	1	0	0	1	1	0	1	0	0	1	0	2	2	5	4	1
zOTU_319	12	11	15	52	41	21	22	20	20	30	30	24	31	53	43	30	26	37	42	22	50	16	56	48	37	55	37	43	13	24	0	4	26	19	54	34	34	40	37	30	47	35	14	36	33	20	28	12
zOTU_3190	0	0	0	0	1	1	1	0	0	0	1	0	0	1	0	2	0	2	0	0	2	2	2	0	1	3	1	0	0	0	0	0	0	1	1	0	0	0	0	1	0	0	0	1	0	1	6	2
zOTU_3191	0	0	1	0	0	2	3	0	0	1	0	1	0	0	0	1	0	0	1	3	0	0	0	1	1	0	0	1	1	0	0	0	1	3	0	0	0	2	0	0	0	4	1	0	0	0	0	0
zOTU_3192	0	1	0	0	3	0	0	0	2	0	0	1	2	4	0	1	0	1	0	0	0	3	2	0	0	1	1	0	0	2	0	0	1	0	1	0	0	0	1	2	0	0	0	1	0	0	0	0
zOTU_3193	0	0	0	0	1	0	1	0	0	0	1	1	0	1	0	0	0	2	1	0	0	0	0	2	0	1	0	0	0	0	0	0	3	1	1	0	1	0	1	0	0	1	0	5	0	0	0	0
zOTU_3194	0	1	1	1	0	0	0	0	0	0	0	1	1	0	1	3	2	0	0	2	1	0	0	0	3	0	0	0	0	1	0	0	1	1	0	0	1	1	0	0	1	2	0	0	0	4	4	0
zOTU_3195	1	0	0	1	1	1	0	2	2	1	2	1	0	1	1	4	4	2	0	1	0	1	1	0	1	3	1	2	0	1	0	0	0	1	3	2	2	0	1	0	1	2	1	5	2	1	0	2
zOTU_3196	0	1	0	1	0	0	0	0	0	1	2	0	1	1	0	1	1	0	0	1	0	1	2	1	1	0	1	0	0	0	0	0	0	0	3	1	0	0	1	0	1	1	0	0	0	2	0	1
zOTU_3197	0	0	3	1	0	0	0	0	1	0	0	0	0	0	1	0	0	0	3	0	2	0	1	1	0	0	0	1	0	1	0	0	0	0	1	1	5	0	1	0	1	0	0	0	1	1	0	0
zOTU_3198	2	1	1	0	0	3	2	2	0	1	1	2	0	2	5	5	1	1	8	9	0	0	0	7	6	0	1	4	5	0	0	0	3	4	4	0	2	5	0	1	2	4	2	1	0	3	4	3
zOTU_3199	9	5	9	12	3	4	15	3	1	3	8	5	4	3	15	13	6	7	2	10	1	5	3	3	11	2	6	9	9	0	0	0	3	14	6	2	12	11	0	6	6	17	7	1	2	2	7	4
zOTU_32	76	218	507	136	64	469	934	88	89	316	99	746	156	12	252	543	375	53	274	478	210	76	148	535	1187	266	46	767	448	121	1	21	252	1510	177	63	173	703	136	80	287	444	467	114	56	242	512	122
zOTU_320	0	18	11	8	0	31	15	4	0	18	6	11	7	0	48	33	80	0	30	11	33	0	1	29	25	98	0	52	20	61	0	23	35	13	132	0	29	24	77	0	43	38	19	2	0	17	25	3
zOTU_3200	6	3	4	7	10	2	6	5	5	1	6	3	6	12	9	5	0	5	5	7	1	5	1	9	2	1	5	11	2	0	0	0	6	10	2	4	5	3	3	3	4	9	3	0	3	4	1	1
zOTU_3201	0	0	2	1	0	3	0	0	0	0	0	0	1	0	3	0	0	0	3	1	0	1	0	1	1	1	0	0	1	0	0	0	1	0	0	0	1	0	2	0	0	0	0	0	0	1	2	1
zOTU_3202	2	0	0	0	1	1	2	0	1	2	0	1	0	0	1	0	1	1	3	0	2	1	4	0	1	0	0	1	0	1	0	0	1	0	0	0	0	0	2	0	1	0	0	0	0	3	1	0
zOTU_3203	0	1	0	0	0	0	1	0	0	1	0	0	1	1	1	0	0	4	1	0	0	1	1	2	1	0	0	1	0	1	0	0	0	1	1	0	0	1	0	0	0	0	0	1	0	1	0	0
zOTU_3204	0	0	0	0	0	0	2	0	1	1	0	6	0	1	0	3	0	1	1	0	1	0	0	0	2	0	0	1	0	0	0	0	0	1	0	0	0	1	0	1	0	0	1	1	1	0	5	0
zOTU_3205	0	2	0	1	4	0	1	0	0	0	0	0	0	1	0	2	0	1	0	0	1	0	2	1	0	1	1	1	0	1	0	0	3	2	0	1	0	0	0	1	0	1	0	0	0	1	0	0
zOTU_3206	0	0	1	0	1	1	0	1	0	0	0	0	0	5	1	1	2	0	1	1	1	0	0	0	3	3	0	0	3	0	0	0	2	0	0	1	0	6	0	1	0	2	2	0	0	0	5	0
zOTU_3207	0	0	0	0	2	0	2	0	0	0	0	0	0	2	1	1	0	1	0	1	0	3	2	1	2	1	1	1	0	0	0	0	1	1	0	2	0	0	1	1	0	0	1	0	1	1	1	0
zOTU_3208	0	1	0	1	0	0	2	2	3	0	1	0	0	0	0	1	0	0	0	1	1	1	3	2	5	0	1	0	3	0	0	0	2	1	0	0	1	2	0	1	4	0	0	0	1	1	3	0
zOTU_3209	0	0	0	1	0	0	1	2	0	0	0	3	1	0	1	2	0	0	0	1	0	0	0	2	3	0	0	1	1	0	0	0	3	2	1	0	2	1	0	0	5	2	0	0	0	1	0	0
zOTU_321	17	21	4	57	45	28	14	33	36	11	22	6	36	34	45	18	27	42	25	8	5	17	42	40	7	26	26	54	3	22	0	3	19	14	96	45	34	11	50	55	42	5	7	32	12	36	6	15
zOTU_3210	1	0	0	0	1	0	1	0	2	1	0	0	1	0	0	0	0	0	0	3	0	0	2	1	1	0	0	0	0	0	0	0	1	1	2	1	0	1	1	2	0	1	1	1	2	1	2	1
zOTU_3211	2	0	0	0	2	0	0	0	1	0	0	0	0	6	0	2	0	2	1	1	0	1	0	1	0	0	1	0	0	0	0	0	2	1	0	0	0	1	0	0	0	2	1	0	0	0	0	0
zOTU_3212	2	3	0	0	3	0	0	1	2	0	1	0	0	4	0	3	2	2	1	1	1	5	2	5	0	4	1	3	2	1	0	0	5	1	6	0	1	2	2	3	2	1	0	0	2	2	0	0
zOTU_3213	0	1	1	0	1	1	0	0	1	1	0	2	0	1	0	0	2	2	3	0	1	0	1	1	1	1	0	2	0	1	0	0	1	2	2	0	1	2	1	0	1	2	0	2	0	0	1	0
zOTU_3214	1	0	0	0	0	0	0	0	2	0	0	0	4	0	0	0	0	2	1	0	1	0	0	0	0	0	5	0	0	1	0	0	0	0	3	2	3	1	1	2	0	1	0	1	0	1	0	0
zOTU_3215	16	21	26	39	34	29	27	25	22	29	21	22	39	54	46	35	21	31	35	15	35	15	40	33	23	40	13	61	19	6	0	0	16	34	46	14	39	20	40	22	59	31	10	28	27	27	16	12
zOTU_3216	0	0	0	0	1	0	0	0	1	1	0	1	0	1	2	0	2	1	2	1	1	1	2	2	0	0	0	0	0	1	0	0	3	0	0	1	1	0	0	1	2	2	0	0	3	1	0	0
zOTU_3217	0	0	0	0	0	0	0	0	0	0	0	1	1	0	1	1	0	0	5	2	0	0	0	0	3	0	0	3	1	0	0	0	1	1	3	0	0	3	2	0	1	1	0	0	0	0	0	0
zOTU_3218	0	1	0	1	3	1	2	0	0	0	0	0	0	0	0	3	0	0	0	1	1	0	0	5	1	0	1	2	1	1	0	0	0	0	0	0	3	6	2	1	0	1	0	0	0	1	3	1
zOTU_3219	0	2	4	5	0	1	2	2	0	0	0	0	3	0	0	7	1	0	3	0	0	0	0	1	2	1	0	1	0	0	0	0	1	3	0	2	2	2	1	1	4	0	0	1	0	0	0	1
zOTU_322	16	19	19	28	29	34	22	23	38	29	19	31	17	8	33	27	25	37	35	28	17	22	60	27	37	34	34	58	16	20	0	2	21	51	50	22	30	40	29	18	53	30	10	33	12	37	27	16
zOTU_3220	9	21	21	19	11	14	18	9	10	17	13	31	13	19	20	16	11	5	21	17	16	6	18	26	22	14	3	28	12	5	0	0	13	26	32	5	15	27	15	10	21	23	8	14	11	22	15	4
zOTU_3221	0	1	0	0	0	1	1	0	0	2	0	2	0	2	0	0	2	0	0	0	1	0	1	0	1	0	0	0	0	0	0	0	1	1	1	1	0	3	0	0	1	1	1	1	1	1	2	1
zOTU_3222	0	0	1	1	0	2	2	0	0	0	0	1	0	0	0	1	0	0	0	0	0	0	0	3	2	0	0	3	2	0	0	0	2	4	0	0	0	0	0	0	3	1	1	0	0	0	7	0
zOTU_3223	1	0	0	0	0	0	0	0	2	0	0	0	0	4	0	0	0	3	0	0	0	5	4	0	0	0	3	0	0	0	0	0	1	1	0	3	0	0	0	2	1	0	0	0	3	0	0	0
zOTU_3224	1	1	0	0	1	1	1	0	0	1	0	0	0	0	0	1	1	1	1	2	0	1	0	1	2	0	0	0	0	1	0	0	2	0	0	0	0	0	0	0	1	0	1	0	2	4	2	0
zOTU_3225	0	1	0	0	0	1	2	0	0	0	0	0	0	0	4	1	0	0	0	1	0	0	0	1	0	0	0	1	0	0	0	0	7	0	0	0	1	0	0	0	2	0	2	0	0	1	1	0
zOTU_3226	0	1	0	0	3	0	0	0	1	0	1	0	1	1	1	0	0	0	1	1	1	0	2	1	0	1	0	0	0	0	0	0	0	2	1	0	1	0	0	0	1	1	0	3	3	1	0	0
zOTU_3227	0	0	0	1	1	2	0	0	2	0	0	0	2	1	1	0	0	0	1	1	0	2	0	1	0	0	1	3	0	0	0	0	0	1	2	0	1	1	1	0	0	0	2	0	0	3	0	0
zOTU_3228	1	0	0	0	3	1	0	0	1	0	0	0	0	4	0	0	0	2	0	0	0	1	0	0	0	0	2	2	1	0	0	0	2	0	0	2	0	0	0	0	1	0	0	0	2	0	0	0
zOTU_3229	0	1	0	0	0	0	0	0	2	0	0	1	0	0	4	0	0	0	2	0	0	0	1	1	0	0	1	0	0	0	0	0	0	0	2	0	4	1	0	0	6	0	1	0	0	0	1	0
zOTU_323	69	36	19	5	40	23	29	11	34	16	12	10	24	35	36	10	49	16	19	14	23	36	45	40	51	13	25	41	12	9	0	0	32	25	27	56	36	22	8	35	29	12	8	25	71	49	36	41
zOTU_3230	0	1	0	1	0	0	2	1	0	1	0	0	0	1	1	0	0	0	0	0	2	0	0	0	1	0	0	2	0	0	0	0	0	0	0	1	0	0	1	2	2	0	0	0	1	0	2	1
zOTU_3231	0	1	0	0	0	1	1	0	0	1	0	0	2	0	1	0	0	0	1	3	1	1	0	0	2	0	0	0	0	0	0	0	1	1	2	0	0	1	1	0	0	0	0	4	0	0	1	0
zOTU_3232	0	0	0	0	0	0	0	0	0	2	1	4	1	0	0	0	0	4	1	2	1	2	4	0	2	1	1	3	1	0	0	0	0	6	1	3	0	2	2	1	2	1	1	1	0	1	0	0
zOTU_3233	0	1	0	2	1	1	0	1	0	0	0	1	0	0	0	1	0	2	0	2	0	0	0	0	1	1	3	0	0	0	0	0	1	1	2	1	0	3	0	0	0	0	0	6	0	1	9	1
zOTU_3234	0	0	0	0	0	0	0	0	0	1	0	0	1	0	0	0	0	0	2	1	0	0	1	1	4	1	0	2	1	0	0	0	1	2	0	0	2	1	0	0	0	0	0	0	0	0	5	0
zOTU_3235	1	0	0	0	0	0	0	0	0	0	0	0	0	0	2	1	1	0	1	0	2	1	2	2	1	0	0	0	0	1	0	0	0	1	1	1	0	1	2	0	0	2	1	0	3	1	3	1
zOTU_3236	2	0	0	0	3	1	1	0	4	1	2	0	0	3	0	0	0	5	1	3	0	3	4	0	0	0	4	2	1	1	0	0	1	1	0	2	0	1	0	2	0	0	0	0	1	1	0	0
zOTU_3237	0	1	0	0	1	0	0	0	0	0	0	0	2	1	1	0	1	0	0	0	0	1	3	0	0	1	1	0	0	1	0	0	2	0	0	0	2	0	1	1	1	0	0	3	1	0	1	0
zOTU_3238	0	0	0	0	0	0	0	1	1	0	0	0	1	1	0	0	1	4	0	0	0	2	8	0	0	1	0	0	0	0	0	0	0	0	0	2	0	0	0	1	0	0	0	0	1	0	1	1
zOTU_3239	0	0	0	0	0	0	2	0	0	0	0	3	0	0	0	0	0	0	0	1	0	0	0	0	1	0	0	0	0	0	0	0	0	4	0	0	0	9	0	0	0	3	3	0	0	0	3	0
zOTU_324	16	25	15	26	72	29	8	11	19	14	7	2	8	40	32	11	11	19	38	25	20	13	11	26	17	15	18	42	11	12	0	1	23	8	59	22	52	32	27	23	45	26	9	6	34	39	36	22
zOTU_3240	0	0	0	2	0	0	0	0	0	0	0	0	2	0	0	0	4	0	0	0	4	0	0	0	0	1	0	0	0	0	0	0	0	0	5	0	0	0	1	0	0	0	0	6	0	0	0	0
zOTU_3241	0	2	0	0	0	0	2	0	0	1	0	0	0	0	0	2	2	0	0	1	1	0	0	0	1	0	0	3	1	0	0	0	0	0	4	0	1	0	0	0	0	1	1	1	0	1	2	0
zOTU_3242	0	2	1	0	0	2	2	0	1	1	2	0	0	2	8	3	2	0	1	0	0	0	0	2	0	1	1	5	0	0	0	0	6	3	0	1	5	1	0	0	3	2	1	0	0	3	0	0
zOTU_3243	1	0	0	0	1	0	1	0	0	0	0	0	0	0	0	1	2	0	2	1	1	4	4	1	2	2	0	1	0	0	0	0	0	1	2	0	0	2	1	1	0	2	2	0	1	0	3	0
zOTU_3244	1	0	0	1	0	1	0	0	0	0	0	0	0	0	0	0	0	0	0	0	1	0	4	0	0	0	0	0	3	1	0	0	2	1	1	0	1	0	0	0	1	1	0	1	1	0	2	0
zOTU_3245	0	0	0	2	2	0	0	0	1	0	0	0	0	2	0	0	0	4	5	0	0	2	1	0	0	0	0	0	0	0	0	0	0	0	0	1	2	0	0	0	0	0	0	0	1	0	0	0
zOTU_3246	0	0	1	0	2	2	3	0	4	0	0	0	1	0	1	0	0	1	0	3	1	1	3	1	1	0	0	1	0	1	0	0	0	0	3	3	0	0	0	1	0	1	0	0	2	1	0	0
zOTU_3247	0	0	0	0	1	0	0	1	1	0	0	0	0	3	0	0	1	0	0	1	0	3	0	0	0	0	0	0	0	0	0	0	0	0	0	2	1	0	1	1	0	0	1	0	3	1	0	1
zOTU_3248	0	0	0	1	1	1	0	0	0	0	0	0	0	0	2	1	0	0	0	1	2	1	2	1	0	1	0	3	0	0	0	0	2	0	0	0	2	0	0	0	1	0	0	0	1	0	1	1
zOTU_3249	0	0	1	1	1	1	2	0	0	0	0	1	1	3	0	0	0	0	0	0	2	1	0	0	0	1	2	3	0	1	0	0	1	2	4	0	1	1	0	0	1	0	0	1	1	2	1	1
zOTU_325	15	18	13	15	61	30	25	6	32	17	6	14	11	31	27	16	10	40	34	10	4	27	34	34	10	15	30	30	9	6	0	0	22	17	20	33	37	20	9	40	29	11	5	4	24	23	10	6
zOTU_3250	4	0	1	0	0	0	2	0	0	1	0	0	0	0	0	0	0	0	0	3	0	1	0	0	2	0	1	0	0	0	0	0	1	0	0	1	0	3	0	0	0	1	0	1	0	3	1	1
zOTU_3251	0	0	2	0	0	0	0	0	0	0	0	1	0	0	1	7	2	0	2	2	0	0	0	0	0	0	0	0	2	0	0	0	4	0	0	0	0	1	0	0	0	3	5	0	0	0	0	0
zOTU_3252	0	0	2	0	0	0	3	0	0	1	0	0	0	1	0	2	0	0	0	0	0	0	0	2	1	0	0	1	0	1	0	0	1	2	2	1	0	1	0	0	1	1	1	0	0	0	0	0
zOTU_3253	0	0	0	0	2	0	2	0	1	0	0	1	0	0	0	0	2	0	1	0	0	1	1	0	2	1	0	0	0	0	0	0	1	0	2	0	2	0	2	0	0	2	0	0	0	0	0	1
zOTU_3254	0	0	0	1	0	0	0	0	0	2	0	0	0	2	0	0	2	0	0	1	1	0	4	0	0	3	2	0	0	0	0	0	0	0	1	0	1	0	0	0	0	0	0	1	0	1	2	0
zOTU_3255	0	7	2	8	0	4	0	0	1	1	3	0	0	0	0	2	0	0	1	1	1	0	0	9	2	0	0	1	0	2	0	0	3	4	2	0	0	3	0	0	6	1	0	2	0	4	2	2
zOTU_3256	0	0	0	0	0	0	1	0	0	0	0	1	0	0	0	0	3	0	0	0	1	0	0	0	1	1	0	0	0	5	0	0	0	0	4	0	0	0	6	0	0	1	0	0	0	0	1	0
zOTU_3257	0	1	0	1	0	0	1	0	0	0	0	0	0	1	0	1	0	3	0	1	0	1	0	1	0	0	1	0	0	0	0	0	0	0	3	0	1	2	0	0	0	3	0	0	0	0	0	0
zOTU_3258	1	0	0	1	1	1	0	2	0	0	0	0	1	1	0	0	0	2	0	1	1	1	0	0	0	0	1	0	0	0	0	0	0	0	0	0	1	1	2	0	1	0	1	0	0	0	0	2
zOTU_3259	0	0	1	0	0	0	0	0	1	1	0	1	0	0	0	1	1	0	0	1	0	0	0	1	2	0	0	0	0	0	0	0	0	3	5	0	1	2	2	0	0	4	0	0	1	3	2	0
zOTU_326	9	30	32	27	40	74	47	28	30	17	32	25	43	35	62	56	23	39	42	29	6	25	39	58	16	52	33	67	36	8	0	9	33	55	41	26	59	52	33	35	74	36	25	10	14	27	18	29
zOTU_3260	0	1	1	1	0	0	2	1	1	2	1	1	0	1	0	1	1	2	0	1	1	1	1	1	2	1	0	0	0	0	0	0	0	1	0	0	0	0	1	0	0	0	0	0	1	3	4	0
zOTU_3261	0	0	0	3	0	0	1	1	0	0	1	0	5	0	0	1	0	0	1	0	1	0	0	0	0	2	0	0	1	0	0	0	0	0	0	0	0	0	0	0	0	0	0	6	0	0	0	1
zOTU_3262	3	0	0	0	0	0	1	0	0	0	0	0	0	6	0	0	0	3	0	0	0	1	1	1	1	0	1	1	0	0	0	0	0	0	0	1	1	1	0	1	1	0	0	0	0	1	0	0
zOTU_3263	1	3	0	3	2	2	0	0	1	2	1	0	0	0	0	0	1	0	1	1	2	0	2	1	1	1	0	0	0	0	0	0	0	2	0	0	1	0	2	0	4	0	2	1	0	1	1	0
zOTU_3264	1	0	1	0	2	1	1	0	0	0	0	2	1	0	1	1	1	0	0	0	0	1	3	1	1	0	0	3	0	0	0	0	0	0	0	0	1	0	0	0	0	0	0	0	1	0	2	1
zOTU_3265	0	0	1	0	0	0	1	0	0	0	0	0	0	0	0	1	1	0	0	4	0	0	0	0	1	0	0	0	2	0	0	0	0	3	3	0	0	4	0	0	0	2	1	0	0	0	3	0
zOTU_3266	0	1	0	1	3	0	0	0	1	0	0	0	1	2	1	0	0	2	1	0	0	1	1	1	0	0	1	2	1	0	0	0	1	0	0	2	2	1	0	0	3	0	0	0	0	2	0	0
zOTU_3267	0	0	0	1	0	0	1	2	1	0	0	0	0	2	0	0	0	0	3	0	0	0	0	1	0	0	1	0	0	0	0	0	1	0	2	0	0	1	1	2	1	0	2	0	1	0	0	0
zOTU_3268	0	0	0	2	0	0	2	0	0	1	1	0	0	1	1	0	0	1	1	1	3	0	2	1	0	1	0	1	0	0	0	0	0	1	0	0	1	2	0	0	0	0	0	1	0	0	3	0
zOTU_3269	0	1	1	0	0	0	0	0	0	0	0	1	0	0	1	2	0	0	5	0	0	0	0	0	1	1	0	0	1	0	0	0	1	2	0	0	0	1	0	0	1	2	0	0	0	0	5	0
zOTU_327	72	0	9	11	75	1	3	9	38	1	0	3	12	9	5	4	1	90	4	0	1	20	90	6	1	2	54	26	0	1	1	0	0	0	2	60	12	0	3	95	16	1	1	2	14	2	0	6
zOTU_3270	0	0	0	0	0	0	0	0	1	0	0	0	1	0	0	0	0	0	0	0	1	4	0	0	0	0	0	0	0	0	0	0	0	1	0	0	1	0	0	0	0	1	1	1	10	1	0	1
zOTU_3271	0	1	0	1	1	0	1	1	2	0	1	3	2	1	0	0	1	6	1	4	0	2	1	1	0	0	0	0	1	0	0	0	1	3	0	2	0	3	0	2	0	6	3	1	1	1	2	0
zOTU_3272	0	1	0	0	0	2	0	0	0	0	0	0	0	1	0	0	1	0	0	2	0	0	0	2	1	0	0	0	1	0	0	0	1	0	0	0	0	1	1	0	3	0	0	0	0	0	0	0
zOTU_3273	0	0	0	0	0	1	2	0	0	1	0	1	0	3	2	0	1	0	0	0	1	1	0	3	1	0	1	0	0	0	0	0	0	1	3	0	0	1	0	0	0	0	0	0	2	3	2	0
zOTU_3274	0	1	0	0	0	2	0	0	0	3	0	0	0	0	0	2	0	0	0	0	0	1	0	2	1	0	0	2	1	1	0	0	3	0	1	0	0	1	0	0	2	0	0	0	0	0	0	0
zOTU_3275	0	0	1	0	0	1	0	0	0	0	0	0	1	0	1	0	1	0	2	0	0	0	0	6	1	0	0	3	2	0	0	0	3	2	0	0	2	4	0	0	1	3	0	0	0	0	0	1
zOTU_3276	0	0	0	0	0	2	1	1	2	0	1	0	1	1	1	1	3	0	1	4	0	0	0	0	1	1	0	1	3	0	0	0	2	3	1	0	1	8	3	0	1	5	5	0	0	0	0	2
zOTU_3277	1	0	0	0	0	2	0	0	1	0	0	1	1	1	1	0	2	0	2	0	0	0	0	2	0	0	0	1	0	2	0	0	0	0	1	0	1	0	1	0	2	0	0	0	0	2	0	1
zOTU_3278	1	0	1	0	0	0	0	0	1	0	0	0	0	0	0	0	0	1	0	3	1	0	0	0	2	0	0	0	1	1	0	0	0	2	0	0	1	6	0	0	0	0	0	0	0	0	0	0
zOTU_3279	1	0	1	0	1	2	0	2	0	1	1	1	0	0	0	0	1	1	0	0	0	0	4	1	1	4	2	3	0	0	0	0	0	0	2	0	0	1	1	0	0	1	0	0	1	2	3	0
zOTU_328	9	21	19	34	43	25	6	13	20	8	11	4	52	51	26	39	77	56	53	41	13	22	14	22	8	107	42	35	21	56	0	5	37	15	181	15	47	54	33	9	40	41	19	7	6	10	8	18
zOTU_3280	0	0	1	0	0	0	1	0	0	1	0	3	0	0	1	2	0	0	1	0	0	1	0	2	0	0	0	2	0	1	0	0	1	1	0	0	2	1	0	0	1	0	1	3	1	0	0	0
zOTU_3281	0	0	0	0	0	1	0	0	1	0	0	1	0	2	1	4	0	1	0	0	1	2	0	0	0	0	1	2	0	1	0	0	1	0	3	0	1	1	1	1	1	1	1	0	0	2	0	0
zOTU_3282	0	0	0	0	0	0	1	0	0	0	0	0	0	0	0	0	0	0	0	2	0	0	0	0	4	0	0	0	0	0	0	0	0	9	0	0	0	5	0	0	0	2	1	0	0	0	2	0
zOTU_3283	0	2	3	0	0	1	4	0	0	1	0	3	0	0	2	2	0	0	1	0	0	0	0	1	2	0	0	2	3	0	0	0	0	2	0	0	0	2	1	0	0	2	1	0	0	0	0	0
zOTU_3284	0	0	0	1	2	0	0	0	0	0	1	0	0	2	2	0	2	1	0	1	0	0	0	0	1	0	0	0	0	0	0	0	0	0	2	1	0	1	1	1	0	1	0	1	0	0	1	0
zOTU_3285	0	1	1	1	0	0	0	1	0	0	0	0	1	1	1	1	0	0	1	1	0	0	0	1	0	5	2	3	2	1	0	1	2	0	5	0	3	4	2	0	2	2	1	0	0	0	0	0
zOTU_3286	0	0	0	0	0	0	0	0	0	1	0	2	0	0	0	2	0	0	0	2	0	0	0	0	3	0	0	0	1	0	0	0	1	2	0	0	0	1	0	0	0	3	2	0	0	0	5	0
zOTU_3287	0	0	0	0	0	1	0	0	0	1	1	0	0	3	1	0	2	2	1	2	0	0	0	0	0	0	0	0	0	0	0	0	0	0	2	0	3	1	0	0	0	0	0	0	3	2	0	0
zOTU_3288	0	0	2	0	0	0	3	0	0	0	0	4	0	0	0	1	0	0	0	2	0	0	0	0	2	0	0	0	1	0	0	0	0	2	0	0	0	2	0	0	0	1	2	0	0	0	2	0
zOTU_3289	0	0	0	0	0	0	2	0	0	0	0	4	0	0	0	5	0	0	0	1	0	0	0	0	4	0	0	0	1	0	0	0	0	1	0	0	0	3	0	0	0	1	1	0	0	0	6	0
zOTU_329	6	15	2	24	48	19	6	15	35	21	8	13	36	14	33	6	25	24	25	6	34	23	74	36	13	25	77	29	7	45	0	0	14	12	46	59	25	12	40	25	48	15	2	33	46	25	25	8
zOTU_3290	0	0	0	0	1	0	0	0	0	2	0	2	0	0	1	0	0	0	0	0	0	0	0	1	0	0	0	4	0	0	0	0	0	2	0	0	1	2	4	0	3	2	0	0	2	1	1	0
zOTU_3291	0	1	0	0	1	0	3	0	0	4	0	0	0	0	2	0	0	1	4	0	2	0	0	0	0	1	0	0	1	0	0	0	1	0	1	0	2	0	0	0	0	0	1	1	0	0	3	0
zOTU_3292	2	0	0	0	3	0	0	1	0	0	0	0	0	1	0	1	0	0	1	0	1	0	3	0	0	3	1	1	0	1	0	0	0	0	3	1	0	0	0	2	5	0	0	2	3	1	0	0
zOTU_3293	0	0	0	0	1	0	0	1	2	0	0	0	1	3	0	0	1	1	3	1	1	0	0	2	1	2	2	0	0	0	0	0	1	0	0	0	0	2	0	0	4	0	1	3	0	0	0	0
zOTU_3294	0	2	0	0	0	0	0	0	0	1	0	1	0	1	0	0	1	1	0	0	1	0	0	0	2	1	0	0	0	0	0	0	0	4	0	0	1	1	1	3	0	0	0	0	2	0	1	0
zOTU_3295	0	0	0	0	0	0	1	0	0	0	0	4	0	0	0	0	0	0	0	0	0	0	0	0	1	0	0	0	0	0	0	0	0	4	0	0	0	8	0	0	0	3	2	0	0	0	0	0
zOTU_3296	1	0	0	0	0	0	0	0	0	0	1	0	1	1	0	1	1	4	1	3	0	1	2	0	0	0	0	0	1	0	0	0	0	2	1	0	0	2	0	0	0	1	0	0	0	0	0	0
zOTU_3297	0	0	0	0	0	1	1	1	1	0	0	4	1	2	0	0	1	7	0	1	2	1	6	0	6	0	2	2	1	0	0	0	1	7	1	1	1	0	0	1	0	1	0	3	3	1	2	0
zOTU_3298	0	1	0	0	0	0	0	0	0	0	0	0	0	0	2	2	0	0	1	3	0	0	0	0	0	0	0	2	1	0	0	0	3	2	0	0	2	4	0	0	1	2	0	0	0	0	0	0
zOTU_3299	0	0	0	0	0	1	0	0	0	1	0	1	0	0	2	0	0	0	0	0	2	0	1	0	1	0	1	0	0	0	0	0	0	1	0	3	0	0	0	0	0	0	0	4	3	0	7	0
zOTU_33	0	0	0	0	0	0	0	2	4	0	0	0	0	0	0	0	0	0	0	0	2	0	5	0	0	0	0	0	0	0	0	0	0	0	5	4	0	0	2	0	0	0	0	2	1	0	0	0
zOTU_330	4	21	11	34	22	20	34	16	25	26	6	43	23	10	16	17	16	20	21	8	40	11	61	48	39	11	16	34	7	20	0	1	14	23	23	25	23	13	23	18	19	9	10	28	26	33	63	4
zOTU_3300	4	3	2	4	2	3	0	4	5	6	2	3	7	3	4	5	2	3	6	0	0	4	2	3	1	4	6	7	2	1	0	1	8	2	6	2	5	2	0	2	5	4	4	2	2	4	4	3
zOTU_3301	0	2	0	0	0	2	0	0	1	1	0	1	1	0	1	1	0	1	0	0	0	0	0	1	0	1	2	0	0	0	0	0	1	1	0	0	0	2	0	4	1	1	2	0	0	0	0	0
zOTU_3302	1	0	0	0	4	0	0	0	4	0	1	0	0	3	0	0	1	0	0	0	0	0	5	1	0	0	2	1	0	0	0	0	0	0	0	2	0	0	0	4	0	0	0	1	5	0	0	0
zOTU_3303	6	13	30	5	9	21	33	6	10	9	10	18	12	16	16	23	12	6	18	15	6	13	7	33	24	7	4	28	22	7	0	0	19	40	8	5	18	40	5	6	23	16	19	2	11	11	8	2
zOTU_3304	1	2	0	0	3	5	0	0	0	0	0	0	0	1	4	0	0	0	1	0	0	1	0	0	0	0	0	0	0	0	0	0	4	0	0	0	4	0	0	0	6	0	0	0	1	2	0	0
zOTU_3305	2	0	1	0	0	0	0	0	2	0	2	0	0	1	1	0	1	0	3	1	2	0	0	0	2	0	1	3	0	1	0	0	0	0	4	1	0	0	1	0	2	3	2	0	2	0	0	0
zOTU_3306	0	0	0	1	0	0	0	0	0	0	0	0	0	0	1	0	0	0	1	8	0	0	0	0	0	0	0	0	2	0	0	0	0	0	1	0	0	10	1	0	0	4	1	0	0	0	1	0
zOTU_3307	0	1	0	2	0	1	0	0	0	1	0	0	0	0	1	0	1	0	0	1	0	0	0	4	0	0	0	0	1	0	0	0	0	0	0	0	0	1	0	0	2	1	2	0	0	3	2	0
zOTU_3308	0	1	0	0	0	1	1	0	0	1	0	0	0	0	2	1	0	0	1	4	0	1	0	3	10	0	0	2	1	0	0	0	0	2	0	0	0	4	0	0	0	1	0	0	0	0	0	0
zOTU_3309	0	0	0	0	0	0	0	0	0	0	0	0	0	0	0	0	0	0	0	11	0	0	0	0	0	0	0	0	3	0	0	0	0	3	0	0	0	6	0	0	0	7	1	0	0	0	0	0
zOTU_331	5	25	19	33	16	23	33	20	25	23	19	49	17	9	31	42	43	19	37	33	27	10	24	46	19	33	11	42	14	25	0	0	26	27	70	16	14	37	45	19	24	24	16	35	16	23	34	15
zOTU_3310	0	0	0	0	1	1	0	1	0	0	0	1	0	0	0	0	0	3	2	0	0	1	1	3	0	0	2	6	0	0	0	0	0	0	0	3	1	4	0	1	0	0	0	0	0	0	1	0
zOTU_3311	0	0	0	0	2	0	0	2	0	0	1	1	1	0	0	3	0	0	1	0	0	0	0	0	0	1	1	1	0	2	0	0	1	1	3	0	1	2	3	0	4	1	0	1	0	1	1	0
zOTU_3312	0	0	2	0	0	1	1	0	0	0	1	2	1	0	0	1	0	0	0	4	0	0	0	0	0	0	0	0	0	0	0	0	0	1	1	0	1	0	2	0	2	1	0	1	0	1	1	0
zOTU_3313	0	0	0	0	0	1	1	0	0	0	1	1	0	0	0	2	0	0	2	1	0	0	0	3	2	0	0	4	0	0	0	0	0	2	0	0	3	2	0	0	2	2	0	0	0	0	1	0
zOTU_3314	0	0	0	0	0	0	3	0	0	0	0	1	0	0	0	0	0	0	0	1	0	0	0	0	3	0	0	0	0	0	0	0	0	5	0	0	0	5	0	0	0	5	1	0	0	0	3	0
zOTU_3315	0	0	0	0	1	0	0	0	0	2	0	0	1	0	0	0	0	0	1	0	0	0	1	1	2	1	0	2	1	0	0	0	1	3	0	1	0	0	0	2	1	0	0	0	2	1	1	0
zOTU_3316	0	0	0	0	0	0	0	0	0	0	0	0	1	1	0	1	2	1	2	1	1	1	1	1	0	0	0	0	0	0	0	0	2	0	1	1	0	0	1	1	0	3	2	0	0	0	1	0
zOTU_3317	0	0	2	0	1	0	2	0	0	0	0	0	0	0	1	0	2	0	0	0	2	0	1	0	0	0	1	0	0	0	0	0	0	7	2	0	1	2	1	0	0	0	0	1	0	1	1	0
zOTU_3318	0	0	0	1	0	0	0	2	1	1	0	0	3	1	1	1	0	1	0	0	0	1	1	0	1	3	0	2	0	0	0	0	0	1	0	0	1	2	1	0	1	0	0	0	0	0	0	1
zOTU_3319	0	0	0	1	0	0	0	1	0	0	1	1	0	0	0	1	6	0	0	2	1	1	1	0	0	0	0	1	0	0	0	0	1	0	3	0	0	1	2	3	1	0	1	0	0	1	3	1
zOTU_332	14	13	13	33	65	19	11	10	21	7	5	7	19	43	22	27	22	88	39	35	6	30	58	19	23	11	27	25	9	9	0	1	18	21	31	10	37	29	12	25	41	22	18	8	25	17	14	21
zOTU_3320	1	0	0	0	0	0	2	0	2	2	0	0	0	0	0	0	0	1	1	0	0	2	3	1	0	0	0	0	0	0	0	0	1	1	0	1	0	2	0	3	0	0	0	0	1	0	0	0
zOTU_3321	0	0	0	0	0	0	1	0	0	0	0	0	1	0	0	0	1	3	0	0	3	1	0	0	1	2	0	1	0	2	0	0	1	3	3	0	0	0	2	0	1	1	0	0	0	0	0	0
zOTU_3322	0	1	0	0	0	0	0	1	0	0	1	1	0	0	3	0	1	0	1	0	0	0	0	0	1	0	0	1	0	0	0	0	0	6	0	0	0	3	0	0	0	1	1	0	0	0	2	1
zOTU_3323	1	0	0	0	0	0	0	0	0	0	0	0	0	0	0	0	0	0	0	0	0	0	0	0	0	0	0	0	0	0	0	0	0	0	0	0	0	0	0	0	0	0	0	0	0	0	0	0
zOTU_3324	18	9	12	9	9	22	21	9	25	18	19	9	28	32	22	19	14	25	21	4	8	8	23	12	19	29	12	25	13	12	0	0	20	21	16	23	13	20	17	36	36	16	10	12	11	11	14	10
zOTU_3325	0	0	1	0	0	1	1	0	0	2	0	0	0	0	1	0	0	0	2	0	1	0	1	2	1	1	0	1	1	0	0	0	0	1	0	4	0	1	0	1	1	0	0	1	1	0	0	0
zOTU_3326	0	0	0	0	0	0	0	0	0	0	0	0	0	0	0	1	1	0	1	0	0	0	0	1	1	0	0	0	2	0	0	0	1	1	1	0	0	9	0	0	2	3	0	0	0	1	0	0
zOTU_3327	0	1	0	1	1	0	1	0	0	2	2	0	0	0	1	0	2	1	0	0	0	1	0	1	0	0	1	2	1	0	0	0	0	2	3	0	0	2	1	0	1	0	1	0	0	1	0	1
zOTU_3328	0	0	0	0	2	2	2	0	0	0	0	0	0	0	0	1	3	0	0	0	2	1	0	2	0	5	0	0	1	0	0	0	0	0	4	0	2	0	1	0	1	0	0	0	0	0	0	0
zOTU_3329	1	0	0	1	1	0	0	1	1	0	0	0	0	0	1	0	0	2	2	1	0	0	1	1	1	0	1	2	0	0	0	0	0	0	0	2	3	0	1	0	0	0	0	0	0	1	0	0
zOTU_333	13	10	5	19	61	34	5	10	32	6	7	2	18	123	43	11	5	80	36	16	1	26	11	20	2	13	71	10	8	0	1	9	40	3	31	9	64	17	6	8	44	12	3	1	9	21	3	10
zOTU_3330	0	0	0	0	2	1	0	1	0	0	0	0	0	0	0	1	1	0	1	2	0	1	0	2	1	0	0	1	2	1	0	0	1	0	1	1	1	0	0	0	1	1	0	0	3	1	0	0
zOTU_3331	0	1	0	0	0	0	0	0	0	0	0	0	0	1	2	0	0	0	2	0	0	0	2	2	0	0	0	1	0	0	0	0	0	0	0	0	4	0	0	0	3	0	1	0	0	2	0	0
zOTU_3332	0	0	0	0	0	0	0	0	0	0	0	1	0	0	0	3	1	0	0	1	0	1	0	0	0	0	0	1	2	0	0	0	0	2	3	2	1	0	2	0	0	3	0	0	0	0	3	1
zOTU_3333	0	1	2	1	1	1	0	0	0	2	0	0	0	0	0	1	0	0	0	0	0	0	0	1	0	0	1	2	0	0	0	0	0	0	1	1	0	0	0	0	0	1	0	0	0	2	0	0
zOTU_3334	0	1	0	1	2	0	0	0	1	0	0	0	0	1	0	0	1	3	0	1	0	0	0	1	0	0	0	1	1	1	0	0	2	1	4	1	2	0	0	0	0	2	0	0	0	2	0	1
zOTU_3335	0	0	2	0	0	0	0	0	0	0	0	0	0	0	0	1	0	0	2	5	0	0	0	1	4	0	1	0	0	0	0	0	0	0	0	0	1	10	2	0	0	8	1	0	0	0	1	0
zOTU_3336	0	0	0	0	1	1	0	0	0	0	0	4	0	1	1	1	2	0	0	1	0	0	0	0	0	0	0	0	1	0	0	0	0	0	1	1	0	1	0	1	0	0	1	0	0	0	6	1
zOTU_3337	0	0	0	2	3	0	0	2	0	0	0	0	1	0	1	1	0	0	4	0	0	0	0	3	0	0	0	0	2	0	0	0	2	1	0	0	0	2	3	0	1	2	0	0	0	0	0	0
zOTU_3338	1	0	1	0	4	1	0	0	0	1	0	0	0	1	0	0	0	0	0	0	0	2	0	0	2	0	0	0	0	0	0	0	0	0	0	0	0	1	0	0	0	2	0	0	0	3	5	0
zOTU_3339	0	1	0	0	0	0	1	0	0	0	0	0	0	0	1	0	0	0	0	1	0	0	0	1	0	2	0	0	0	0	0	14	1	0	0	0	1	1	1	0	1	0	1	1	0	1	1	0
zOTU_334	11	13	20	22	30	19	31	14	25	23	16	26	15	32	24	12	31	27	34	16	20	19	30	42	23	22	19	38	17	4	0	0	20	34	34	25	33	21	25	22	36	13	10	23	15	15	19	6
zOTU_3340	0	0	2	0	0	1	0	3	0	1	1	0	2	0	1	0	0	0	0	0	2	0	0	0	0	0	0	0	1	1	0	0	1	2	3	0	1	2	0	0	0	1	1	0	0	1	0	0
zOTU_3341	0	0	0	1	0	1	1	1	1	2	1	0	1	0	0	0	0	0	1	0	1	1	0	1	0	1	0	0	0	0	0	0	0	1	0	1	0	1	1	0	1	0	0	0	3	0	2	0
zOTU_3342	0	0	0	1	3	0	0	0	0	0	1	0	0	3	0	0	0	3	0	2	0	0	0	0	0	0	2	0	0	0	0	0	1	0	5	0	1	1	0	1	0	2	2	0	0	0	0	0
zOTU_3343	0	0	2	0	1	1	0	0	0	0	0	0	0	0	1	2	1	1	2	2	0	0	0	0	0	0	0	0	0	0	0	0	1	1	0	0	0	5	0	0	1	0	1	0	0	1	1	0
zOTU_3344	0	0	0	0	0	0	2	1	0	0	0	2	0	0	0	0	0	0	0	3	0	0	0	0	6	0	0	0	1	0	0	0	0	6	0	0	0	2	0	0	0	2	1	0	0	0	2	0
zOTU_3345	0	0	1	0	0	0	0	0	0	0	0	0	0	0	2	2	0	0	4	1	0	0	0	0	1	0	0	0	1	0	0	0	1	2	0	0	0	4	0	0	1	2	0	0	0	1	1	0
zOTU_3346	2	0	1	2	1	1	3	1	0	1	0	0	1	2	1	3	2	1	1	1	0	0	1	1	0	0	0	1	2	0	0	0	0	2	0	0	0	2	1	0	1	3	0	0	2	0	1	2
zOTU_3347	0	0	0	1	1	1	0	0	0	1	1	0	0	1	0	0	1	1	0	1	1	0	1	3	1	1	0	2	0	0	0	0	0	0	0	1	1	0	0	0	0	0	0	1	1	2	2	0
zOTU_3348	0	0	1	0	0	0	1	0	0	0	3	1	2	1	3	7	7	1	2	0	0	0	0	2	0	1	1	1	2	0	0	0	1	0	1	0	2	0	0	0	4	3	2	0	0	1	0	0
zOTU_3349	3	1	0	0	2	0	1	0	1	0	0	0	0	0	0	1	2	1	2	0	0	0	2	1	0	0	0	0	0	0	0	0	2	0	2	0	1	1	2	1	3	2	0	0	0	2	0	0
zOTU_335	29	2	0	1	93	7	0	0	54	1	0	0	0	72	3	0	0	68	12	1	0	15	35	3	0	0	97	2	0	0	1	0	1	0	0	20	40	0	0	47	52	0	0	0	1	0	0	0
zOTU_3350	1	1	0	0	1	0	0	0	0	1	0	0	0	0	3	0	0	0	4	0	0	1	0	0	0	0	0	3	0	1	0	0	2	0	0	0	2	0	0	0	2	0	0	0	0	3	0	0
zOTU_3351	0	1	1	0	2	0	0	0	4	0	0	0	0	1	1	0	0	4	0	1	0	0	1	3	0	0	0	1	0	0	0	0	1	0	0	1	0	0	0	1	3	1	0	0	0	0	0	0
zOTU_3352	2	1	1	1	2	0	2	0	5	2	0	2	0	5	2	2	2	3	2	0	2	1	2	6	4	0	7	3	2	1	0	0	0	5	3	5	3	3	1	1	1	2	1	3	7	3	3	0
zOTU_3353	0	0	0	0	0	0	0	0	0	0	0	0	0	0	0	2	0	0	0	1	0	0	0	1	1	0	0	0	0	0	0	0	0	1	2	0	0	6	0	0	1	1	1	0	0	0	5	0
zOTU_3354	0	1	0	0	1	1	0	0	0	2	1	0	1	0	1	0	0	1	6	0	0	0	0	0	2	0	0	2	0	1	0	0	0	2	2	1	2	0	0	0	0	0	0	0	0	0	0	0
zOTU_3355	8	16	19	22	11	10	18	13	11	19	20	15	19	28	28	23	10	20	18	8	13	12	34	14	20	20	14	23	8	10	0	0	14	14	15	21	25	28	13	12	38	17	5	15	12	11	14	7
zOTU_3356	0	0	0	0	0	1	1	0	0	0	1	1	0	0	1	0	1	1	0	0	3	0	1	1	1	0	0	1	1	0	0	0	1	0	0	0	1	0	0	1	1	1	0	1	1	1	3	0
zOTU_3357	2	0	1	0	1	0	0	0	1	0	0	0	0	0	0	0	1	2	0	0	2	2	1	0	0	0	1	0	1	0	0	0	1	0	1	1	0	0	1	0	0	0	1	0	0	0	1	0
zOTU_3358	0	0	0	0	0	1	7	0	0	0	0	1	1	0	3	1	0	0	0	0	0	0	0	1	2	0	0	2	0	0	0	0	1	2	0	0	0	0	0	0	1	1	0	0	0	0	4	0
zOTU_3359	0	0	0	0	0	2	0	0	0	0	1	0	0	1	2	1	0	0	2	1	0	0	1	3	1	0	0	1	0	1	0	0	1	0	1	1	2	2	0	0	0	0	0	0	0	1	0	0
zOTU_336	22	16	22	11	30	10	36	9	25	16	17	39	13	15	29	27	13	27	33	24	21	44	35	33	43	22	10	33	16	10	0	2	12	76	29	24	26	50	16	34	22	31	21	18	50	22	37	2
zOTU_3360	0	0	0	0	1	0	1	0	1	2	0	2	1	2	0	0	0	1	0	0	0	1	0	0	0	0	3	0	0	0	0	0	0	0	0	2	0	0	0	1	1	0	0	0	2	1	0	0
zOTU_3361	1	1	2	1	0	0	1	0	1	1	0	0	1	1	0	4	2	0	0	0	0	0	1	2	0	0	1	0	2	0	0	0	0	0	0	2	2	1	1	2	2	1	1	2	1	2	4	1
zOTU_3362	1	1	2	0	0	1	0	1	0	0	0	0	0	1	0	2	0	3	1	3	0	2	1	0	1	0	0	0	0	2	0	0	1	0	0	0	3	3	1	0	0	3	1	0	0	1	0	0
zOTU_3363	0	4	1	1	0	2	1	0	0	0	0	1	2	0	1	0	0	0	2	1	1	0	0	1	1	2	0	1	0	0	0	0	6	1	2	0	2	2	1	0	2	2	0	0	0	2	1	0
zOTU_3364	0	0	0	0	0	0	0	0	0	0	0	0	1	1	0	1	0	6	0	2	0	1	0	0	0	0	1	0	0	0	0	0	0	0	3	0	2	2	1	1	0	1	0	0	1	0	0	1
zOTU_3365	0	0	0	0	1	0	4	0	0	1	0	2	0	0	0	0	0	1	0	0	0	0	0	4	0	0	0	2	0	0	0	0	3	2	1	0	1	0	0	0	4	2	1	0	0	6	1	0
zOTU_3366	0	0	0	0	1	1	0	0	0	1	1	0	1	0	0	2	1	1	3	0	0	0	1	0	0	0	0	1	0	0	0	0	0	0	3	1	3	0	0	0	0	0	0	1	1	1	0	0
zOTU_3367	0	0	0	0	0	0	0	0	0	0	0	0	0	0	0	0	0	0	0	0	0	0	0	0	0	0	0	0	0	0	0	0	1	0	0	0	0	0	0	0	0	0	0	0	0	0	0	0
zOTU_3368	0	0	1	0	6	1	3	1	0	0	0	0	0	1	1	0	0	0	0	0	0	0	4	2	0	0	1	0	0	0	0	0	0	0	0	0	0	0	0	0	1	1	0	0	1	0	0	0
zOTU_3369	2	0	1	0	1	2	0	0	1	0	0	0	0	0	0	1	0	1	0	1	1	0	5	0	2	0	0	0	1	0	0	0	0	0	0	1	1	0	0	1	0	0	0	1	1	1	0	0
zOTU_337	48	28	18	61	52	4	6	27	13	3	15	3	47	21	93	10	68	23	44	35	9	10	2	19	5	81	8	7	4	2	0	0	42	2	54	37	49	9	85	48	20	11	4	0	1	17	2	58
zOTU_3370	0	0	0	0	0	0	0	0	0	0	0	0	0	0	0	0	0	0	0	1	0	0	0	0	0	0	0	0	2	0	0	0	0	2	0	0	0	8	0	0	0	15	0	0	0	0	0	0
zOTU_3371	0	0	0	0	1	0	0	0	0	0	0	0	0	0	0	3	0	0	0	2	0	0	0	0	7	0	0	0	0	0	0	0	0	0	0	1	0	3	0	0	0	1	0	0	0	0	5	0
zOTU_3372	0	1	0	0	0	1	1	0	0	0	0	0	0	0	0	2	0	0	0	2	3	0	0	1	1	1	0	1	0	1	0	0	0	0	1	0	0	1	1	0	0	4	0	0	0	1	2	1
zOTU_3373	0	0	0	0	0	0	0	0	0	0	0	2	0	0	1	1	0	0	0	1	0	0	0	0	0	0	0	0	0	0	0	12	0	1	0	0	0	2	0	0	0	1	1	0	0	0	0	0
zOTU_3374	0	0	0	0	0	0	1	0	0	0	0	0	0	0	2	0	0	0	2	1	1	0	0	2	0	0	0	3	0	2	0	0	0	1	2	2	0	1	1	1	0	0	0	0	0	3	1	0
zOTU_3375	0	0	0	0	0	0	1	0	0	0	0	0	0	0	0	0	0	0	0	3	0	0	0	0	1	0	0	0	2	0	0	0	0	4	0	0	0	6	0	0	0	5	0	0	0	0	0	0
zOTU_3376	0	0	0	0	0	0	1	0	0	0	0	1	0	0	0	1	0	0	0	2	0	0	0	0	3	0	0	0	1	0	0	0	0	7	0	0	0	2	0	0	0	4	0	0	0	0	1	0
zOTU_3377	0	0	0	1	1	1	0	0	1	1	0	0	1	0	0	0	4	0	0	0	4	0	1	2	2	0	0	0	1	0	0	0	1	1	0	0	0	0	0	0	1	1	0	0	0	1	0	0
zOTU_3378	0	0	0	0	1	0	1	0	0	0	0	1	0	0	2	0	1	1	0	1	1	0	1	2	0	1	0	2	0	0	0	0	0	0	0	0	2	2	0	0	0	0	0	0	2	2	0	2
zOTU_3379	0	0	0	0	0	0	1	0	0	0	0	5	0	0	0	5	0	0	0	3	0	0	0	0	2	0	0	0	1	0	0	0	0	8	0	0	0	1	0	0	0	2	1	0	0	0	2	0
zOTU_338	22	13	13	25	42	23	15	18	34	26	14	25	24	45	28	18	28	20	22	13	32	21	50	20	16	23	44	41	9	56	0	12	24	16	95	28	44	28	42	27	38	21	10	25	31	20	26	20
zOTU_3380	0	0	1	0	0	0	0	0	0	0	0	1	1	2	0	0	0	4	0	0	0	0	1	0	0	1	2	0	1	1	0	0	0	0	4	0	0	0	2	0	1	0	0	0	0	0	0	0
zOTU_3381	0	0	0	0	0	0	0	0	0	0	0	1	0	0	0	0	0	0	1	0	0	0	0	7	0	0	0	1	0	0	0	0	2	0	0	0	4	0	0	0	8	0	0	0	0	0	0	0
zOTU_3382	0	0	0	0	0	0	0	0	0	0	0	0	0	0	0	5	0	0	0	0	0	0	0	0	0	0	0	0	2	0	0	0	0	4	0	0	0	6	0	0	0	5	1	0	0	0	0	0
zOTU_3383	0	1	1	0	0	0	1	0	0	0	0	0	0	0	0	2	0	0	0	3	0	0	0	0	4	0	1	2	0	0	0	0	0	3	1	0	0	0	0	1	1	0	3	0	0	1	0	0
zOTU_3384	0	0	0	1	0	0	1	0	2	1	1	1	0	0	0	0	0	1	1	0	0	0	0	2	0	0	3	1	0	4	0	0	1	0	1	0	0	0	1	0	0	0	0	0	0	2	0	0
zOTU_3385	0	0	0	0	1	0	0	0	1	0	0	0	0	0	0	0	0	0	0	0	1	3	3	0	1	1	1	0	0	0	0	0	0	0	2	1	1	2	0	0	1	0	0	0	1	1	1	0
zOTU_3386	0	2	0	0	1	1	1	0	0	0	1	0	1	0	0	1	1	3	1	1	0	0	0	1	0	0	0	0	0	0	0	0	2	1	3	0	0	2	1	0	2	2	1	0	0	1	0	2
zOTU_3387	0	0	0	0	6	0	0	0	1	0	0	0	0	3	0	0	0	0	1	0	0	1	0	0	0	0	2	0	0	0	0	0	0	0	0	0	0	0	0	0	0	0	0	0	4	0	0	0
zOTU_3388	0	0	0	1	0	0	0	1	0	1	0	0	2	1	0	0	1	0	0	1	0	0	0	3	1	1	0	0	0	0	0	0	1	2	4	0	2	2	0	0	1	0	0	1	0	0	2	1
zOTU_3389	0	0	0	0	0	0	2	0	0	0	0	4	0	0	0	2	0	0	0	2	0	0	0	0	2	0	0	1	1	1	0	0	0	0	1	0	0	0	3	0	0	0	0	0	0	0	3	0
zOTU_339	7	19	13	18	24	21	19	16	8	15	0	8	7	12	22	7	10	16	32	21	45	14	27	44	59	6	7	24	7	3	0	1	10	14	47	12	46	35	5	3	33	31	7	19	20	43	107	6
zOTU_3390	0	1	0	0	0	0	0	0	0	1	0	0	0	0	1	2	1	0	2	1	0	0	0	1	1	0	0	0	1	0	0	0	1	0	5	1	2	1	7	0	0	1	2	0	0	0	0	0
zOTU_3391	0	1	0	0	0	1	1	2	0	1	0	1	2	0	0	1	0	0	1	0	2	1	0	0	2	0	0	2	0	0	0	0	0	0	1	0	0	0	0	0	0	0	0	0	0	1	1	0
zOTU_3392	0	1	1	0	0	1	3	0	0	0	0	4	0	0	0	0	0	0	1	0	0	0	0	1	1	0	0	1	1	0	0	0	2	2	0	0	0	0	0	0	0	1	0	0	0	1	2	0
zOTU_3393	0	0	0	0	0	0	0	0	0	0	0	1	0	0	0	0	0	0	0	2	0	0	1	0	2	0	0	0	0	2	0	0	2	7	0	0	1	1	0	1	1	0	0	0	0	1	0	0
zOTU_3394	0	2	0	2	2	3	1	0	0	0	0	0	0	0	0	0	1	0	1	1	0	0	0	1	0	0	2	2	0	0	0	0	0	0	1	0	2	1	0	0	5	0	0	0	0	0	0	2
zOTU_3395	0	2	0	0	0	2	0	0	0	0	0	0	0	0	2	0	0	0	1	0	0	0	0	2	0	0	0	3	0	0	0	0	3	0	0	0	2	0	0	0	3	0	0	0	0	2	0	0
zOTU_3396	0	3	0	0	4	0	0	0	0	0	0	0	0	0	0	0	0	0	0	0	0	0	1	0	0	0	1	0	0	0	0	0	0	1	0	0	5	0	0	1	1	0	0	0	1	2	0	0
zOTU_3397	0	3	0	0	2	4	0	0	0	2	0	1	0	1	2	1	0	1	1	0	0	0	0	0	1	0	1	2	0	0	0	0	0	1	1	0	2	0	1	1	0	0	0	0	0	1	1	0
zOTU_3398	0	0	0	0	0	0	0	0	0	1	2	1	0	0	1	0	0	2	0	4	1	0	0	0	0	1	0	1	1	1	0	0	1	1	2	0	1	3	0	0	2	5	0	0	0	0	0	1
zOTU_3399	0	1	2	0	0	1	0	0	0	0	0	0	0	0	0	3	3	0	0	0	0	0	0	2	0	2	0	1	0	3	0	1	1	1	1	0	1	1	1	0	1	1	3	0	0	0	0	0
zOTU_34	341	207	129	507	485	542	289	326	242	109	219	200	313	306	381	318	277	363	392	273	37	347	247	464	73	280	249	633	214	156	4	25	284	363	395	136	444	288	241	153	452	289	108	75	81	197	40	410
zOTU_340	0	14	33	2	0	13	48	1	0	11	7	42	11	0	25	60	45	0	24	56	18	1	1	27	34	26	0	14	29	20	0	1	15	102	37	0	19	105	25	0	22	80	42	1	0	15	12	6
zOTU_3400	0	0	1	0	1	0	0	0	0	0	0	1	0	1	1	0	0	1	0	1	0	1	3	0	2	0	0	1	0	0	0	0	0	0	0	3	0	0	0	1	0	0	0	1	1	0	1	1
zOTU_3401	0	0	2	1	0	0	0	0	1	0	0	0	1	0	0	0	0	0	0	1	0	0	0	0	0	0	0	1	0	0	0	0	0	1	2	2	0	2	0	0	3	0	1	0	0	0	0	0
zOTU_3402	0	1	0	0	0	0	1	0	0	0	0	0	0	0	3	0	0	0	1	0	0	2	0	0	0	1	0	2	0	1	0	0	0	0	0	1	1	0	0	1	3	0	0	0	1	1	0	0
zOTU_3403	0	1	2	0	0	0	1	0	0	0	0	0	0	0	2	0	3	0	0	0	4	0	0	1	1	0	0	1	0	0	0	0	0	0	1	0	3	0	2	0	1	0	0	0	0	0	3	0
zOTU_3404	1	0	0	1	0	1	0	0	0	1	1	1	1	0	0	2	0	3	2	3	1	0	1	0	0	0	3	1	0	0	0	0	1	0	0	0	1	2	0	2	1	4	1	1	1	0	5	0
zOTU_3405	0	1	0	1	1	0	0	0	1	0	2	0	0	0	2	0	1	0	2	0	0	0	0	2	0	1	0	1	0	0	0	0	0	0	3	0	3	0	0	2	1	0	0	0	0	0	0	0
zOTU_3406	0	0	0	0	2	1	1	0	3	2	0	0	2	0	2	0	0	0	0	0	0	2	3	0	0	0	0	0	0	0	0	0	0	0	0	1	0	0	0	0	1	0	0	0	3	0	0	0
zOTU_3407	0	1	0	0	1	3	2	0	2	0	0	0	0	5	1	1	0	0	0	2	0	0	1	0	0	1	0	2	0	0	0	0	0	3	0	1	0	0	1	0	0	0	0	0	0	0	0	0
zOTU_3408	0	0	0	0	0	0	0	0	0	0	0	1	0	0	1	1	0	0	0	1	0	0	0	2	4	0	0	0	0	0	0	0	0	3	0	0	4	4	0	0	2	0	1	0	0	3	0	0
zOTU_3409	0	3	0	1	1	1	0	0	2	1	0	0	0	0	2	0	1	2	3	0	0	0	0	2	0	0	0	4	0	0	0	0	1	0	0	1	4	0	0	0	1	0	0	0	0	2	0	1
zOTU_341	43	8	0	25	61	21	2	20	44	10	16	5	41	58	14	3	15	48	16	1	11	63	83	33	3	13	63	46	3	8	0	1	18	5	11	39	10	13	1	33	4	4	1	11	55	10	7	14
zOTU_3410	0	0	1	0	0	0	1	0	2	0	0	1	1	0	0	0	0	1	0	1	0	0	0	0	1	1	0	1	0	0	0	0	0	2	2	0	0	2	1	0	1	1	2	1	0	1	2	1
zOTU_3411	0	0	0	2	1	0	0	1	1	1	1	1	0	1	0	0	0	2	0	1	2	0	0	1	0	0	0	0	0	0	0	0	0	2	2	0	1	2	0	0	0	1	0	0	1	0	0	0
zOTU_3412	1	1	1	0	0	2	2	0	0	0	1	0	0	2	0	0	1	1	0	1	1	0	1	2	0	1	0	2	0	0	0	5	0	2	0	2	0	2	0	0	2	0	2	1	0	3	1	0
zOTU_3413	0	0	1	0	0	2	3	0	0	0	0	0	0	0	1	7	0	0	0	1	0	0	0	1	2	0	0	0	2	0	0	0	1	1	0	0	0	1	0	0	0	5	1	0	0	0	1	0
zOTU_3414	0	0	0	0	0	0	0	0	0	1	0	0	0	0	0	0	0	0	4	0	0	0	1	1	0	0	0	8	0	0	0	0	0	0	0	0	1	0	0	0	2	0	0	0	0	1	0	0
zOTU_3415	1	0	0	1	2	0	1	0	0	0	0	0	1	1	0	0	1	2	0	0	1	0	0	0	0	1	0	0	0	0	0	0	1	1	0	1	0	0	2	0	0	0	0	0	4	2	0	0
zOTU_3416	0	0	1	0	0	0	1	0	0	0	0	2	0	0	0	1	0	0	0	0	0	0	0	0	2	0	0	0	0	0	0	0	0	8	0	0	0	7	0	0	0	1	0	0	0	0	1	0
zOTU_3417	0	0	0	0	0	0	0	0	1	0	1	0	4	3	0	0	0	2	0	0	0	1	0	0	0	0	3	0	1	0	0	0	0	0	1	0	4	0	1	0	1	1	0	0	0	0	0	1
zOTU_3418	1	1	0	0	3	0	0	0	0	0	0	0	0	0	1	1	0	0	0	1	0	1	1	0	0	0	1	2	0	0	0	0	0	1	0	1	1	1	0	1	2	0	0	0	0	0	3	0
zOTU_3419	0	2	0	0	0	0	0	0	0	0	0	0	0	0	2	8	0	0	5	1	0	0	0	4	0	0	0	0	0	0	0	0	1	2	0	0	3	0	0	0	0	0	1	0	0	0	0	0
zOTU_342	35	12	5	20	80	23	9	19	34	12	8	7	19	50	14	14	10	47	9	13	11	33	100	14	9	7	42	17	2	3	0	1	13	7	16	37	24	6	11	55	17	8	6	8	82	19	9	9
zOTU_3420	0	0	0	0	8	0	0	0	0	0	0	0	0	0	0	0	0	1	1	0	0	0	0	0	0	0	2	0	0	0	0	0	0	0	0	0	1	0	0	2	2	0	0	0	3	0	0	0
zOTU_3421	0	0	2	0	0	0	0	0	0	0	0	1	0	0	1	0	2	0	0	0	3	0	0	0	0	0	0	2	0	0	0	0	0	0	6	0	0	0	3	0	0	1	0	0	0	1	0	0
zOTU_3422	0	1	1	0	1	0	0	0	1	0	0	0	0	0	1	0	0	1	1	1	0	0	0	0	0	0	0	2	0	0	0	0	0	1	0	1	0	1	0	0	0	3	0	0	3	0	3	0
zOTU_3423	0	0	0	0	0	0	0	0	0	0	0	0	0	0	1	0	1	3	1	1	0	1	2	0	0	2	1	1	0	0	0	0	0	0	2	0	3	2	1	0	1	0	0	0	0	0	0	0
zOTU_3424	1	0	0	1	0	0	0	0	1	0	1	0	0	0	1	0	0	1	0	0	0	2	1	2	0	0	0	2	0	0	0	3	1	0	0	2	0	0	0	0	1	0	0	1	0	2	0	0
zOTU_3425	1	0	0	0	1	0	0	0	0	2	0	0	0	2	2	0	0	2	2	0	0	0	2	0	0	0	1	1	0	0	0	0	0	0	4	1	1	3	0	0	0	0	1	0	1	0	2	1
zOTU_3426	0	1	0	2	1	2	1	0	0	2	0	1	0	0	1	0	0	0	0	0	0	0	1	3	1	0	0	3	0	0	0	0	3	0	0	0	0	1	0	0	1	0	0	1	0	6	1	0
zOTU_3427	0	0	0	0	0	2	2	0	0	1	0	0	1	1	4	0	0	0	1	0	1	0	2	2	0	0	2	0	0	0	0	0	1	1	1	1	1	0	0	0	0	0	0	1	0	0	1	0
zOTU_3428	0	0	0	0	0	1	1	0	0	1	0	0	0	0	0	1	0	0	2	0	0	0	0	6	1	0	0	2	0	0	0	0	2	0	0	0	0	0	0	0	0	0	0	0	3	2	1	0
zOTU_3429	0	0	1	0	0	1	1	0	1	0	1	2	0	0	0	2	0	0	2	2	0	1	0	0	0	0	0	0	0	0	0	0	1	3	0	0	1	3	0	0	0	0	2	0	3	0	3	0
zOTU_343	27	0	0	0	64	2	1	0	49	0	0	0	0	52	9	0	1	50	8	0	0	13	27	3	0	0	65	0	0	0	1	0	3	0	0	25	29	0	0	38	40	0	0	0	1	0	0	0
zOTU_3430	0	1	0	0	1	1	0	0	0	0	0	0	0	0	0	0	0	0	3	1	0	0	0	0	0	0	0	1	0	0	0	0	0	0	5	0	2	0	0	0	1	0	0	1	1	1	2	0
zOTU_3431	0	0	0	1	0	0	0	0	0	0	0	0	0	0	0	1	1	0	1	1	0	0	0	1	1	0	0	1	1	0	0	0	0	5	0	0	1	1	0	1	0	0	2	0	0	0	1	0
zOTU_3432	1	2	0	0	0	1	0	0	0	1	0	0	0	0	1	0	0	0	3	0	0	1	0	1	0	0	0	1	0	0	0	0	2	0	0	0	4	0	0	0	1	0	0	0	1	1	0	0
zOTU_3433	0	0	0	0	3	1	0	0	0	0	0	1	0	1	0	0	0	0	0	1	0	5	1	1	0	0	1	0	2	0	0	0	0	0	0	1	0	0	0	1	1	0	0	0	2	0	0	0
zOTU_3434	0	2	0	0	0	0	2	0	0	1	0	2	0	0	1	3	0	0	3	0	0	0	0	4	0	0	0	5	1	0	0	0	1	3	0	0	0	1	0	0	0	1	0	0	0	2	1	0
zOTU_3435	0	0	3	0	0	0	0	0	0	0	0	0	0	0	0	1	0	0	2	2	0	0	0	1	1	0	0	0	2	0	0	0	0	4	0	0	1	5	0	0	0	3	6	0	0	1	0	0
zOTU_3436	0	0	0	0	0	0	0	0	1	0	0	0	0	0	0	2	2	0	0	2	0	0	0	0	2	1	0	0	1	0	0	0	0	2	1	0	1	6	1	0	0	6	1	0	0	0	1	0
zOTU_3437	0	1	0	1	1	0	0	0	0	0	0	0	0	0	0	0	0	0	0	0	0	1	3	1	0	3	1	0	0	0	0	0	1	3	0	3	1	0	0	2	1	0	1	1	2	0	0	0
zOTU_3438	0	1	0	0	0	0	0	0	0	0	0	0	0	0	2	0	0	0	3	0	0	0	0	1	0	0	0	4	0	0	0	0	2	0	1	0	1	0	0	0	2	0	0	0	0	2	0	0
zOTU_3439	0	0	0	1	5	0	0	0	3	1	0	1	0	2	2	0	0	0	1	0	0	0	0	0	0	0	0	1	1	0	0	0	2	1	0	0	3	0	0	0	0	0	0	0	0	0	0	0
zOTU_344	24	19	11	17	55	6	23	3	25	15	10	21	10	25	30	21	9	31	36	21	10	20	28	24	20	9	21	25	10	9	0	0	26	26	19	22	27	30	29	24	32	15	8	15	20	26	17	0
zOTU_3440	1	0	0	3	0	0	0	1	0	1	0	0	0	0	1	0	2	0	1	0	0	0	2	0	0	0	0	2	0	0	0	0	0	0	0	0	2	0	0	2	0	0	0	0	1	1	0	0
zOTU_3441	0	1	0	0	0	0	2	0	0	0	0	4	0	0	0	2	0	0	4	0	0	0	0	0	1	0	0	1	0	0	0	0	0	1	0	0	0	0	0	0	0	4	0	0	0	0	1	0
zOTU_3442	1	0	0	0	1	0	0	1	3	1	0	0	0	3	2	0	0	0	2	1	2	0	0	0	2	1	0	1	0	0	0	0	1	1	0	0	0	1	2	0	1	0	0	1	1	0	2	0
zOTU_3443	1	0	1	0	0	0	1	0	0	0	0	4	0	0	0	0	0	0	0	2	0	1	3	1	1	2	0	0	1	0	0	0	0	0	0	0	0	0	0	0	0	0	1	0	1	0	1	0
zOTU_3444	1	0	0	0	0	3	0	0	0	1	1	0	0	0	2	0	0	0	2	1	0	0	2	1	1	0	1	1	0	0	0	0	2	1	0	0	0	2	0	0	0	0	0	1	0	0	1	0
zOTU_3445	0	0	1	0	0	0	1	0	0	0	0	1	0	0	3	1	0	0	0	1	0	0	0	0	4	0	1	0	1	0	0	0	0	0	0	0	0	2	0	0	0	1	0	1	0	1	1	1
zOTU_3446	0	0	1	0	0	0	0	0	1	0	0	0	1	0	1	3	1	0	0	1	1	0	1	0	0	0	0	1	0	0	0	0	1	0	1	1	1	2	0	1	2	0	0	0	2	1	1	3
zOTU_3447	0	2	0	0	0	1	0	0	0	0	0	0	0	0	1	0	0	1	3	0	0	1	0	0	0	0	2	1	0	0	0	0	2	0	0	0	4	1	0	0	9	0	0	0	0	0	0	0
zOTU_3448	0	0	0	0	0	0	1	1	1	0	0	0	0	0	2	2	0	0	1	0	1	0	1	1	2	0	0	1	0	0	0	0	0	2	0	1	0	1	1	1	2	0	1	1	1	0	4	1
zOTU_3449	2	0	0	0	1	2	0	0	0	1	0	0	1	2	0	0	0	1	1	0	1	1	2	3	0	0	1	2	0	0	0	0	0	0	0	0	0	0	2	1	1	0	0	0	4	2	0	0
zOTU_345	28	10	17	35	98	15	18	16	35	2	23	0	11	115	5	30	16	32	12	31	8	16	13	18	11	22	37	2	6	10	0	0	25	8	42	39	47	13	22	26	12	14	3	5	22	20	24	23
zOTU_3450	0	2	2	0	0	0	0	0	0	0	0	0	0	0	0	0	0	0	2	0	0	0	0	5	1	0	0	0	1	0	0	0	1	0	0	0	2	3	0	0	2	5	0	0	0	0	0	0
zOTU_3451	0	0	0	0	1	0	0	0	0	0	0	0	1	0	0	0	1	1	0	0	3	2	1	0	0	0	0	0	0	0	0	0	0	0	0	0	0	1	1	2	0	1	0	0	5	0	0	0
zOTU_3452	1	0	0	1	0	1	0	0	1	0	0	1	0	1	0	0	1	0	1	0	2	0	2	0	2	1	0	0	1	0	0	0	0	1	1	1	1	0	2	0	0	1	0	0	0	2	5	0
zOTU_3453	0	0	0	0	0	0	2	0	0	0	0	0	0	0	0	5	0	0	0	1	0	0	0	0	4	0	0	0	0	0	0	0	0	1	0	0	0	1	0	0	0	1	4	0	0	0	6	0
zOTU_3454	1	0	0	1	0	0	1	1	0	0	0	1	0	0	0	1	0	0	0	0	0	0	0	0	0	1	0	1	1	0	0	0	0	2	0	1	0	2	1	0	0	1	0	2	0	1	1	0
zOTU_3455	0	0	1	0	1	1	2	0	0	0	0	0	1	1	1	1	0	0	0	2	0	0	0	0	1	0	0	0	0	0	0	0	0	1	0	0	0	1	0	0	0	1	0	0	0	1	10	0
zOTU_3456	0	0	0	0	0	0	1	0	0	0	0	1	0	0	0	3	0	0	0	1	0	0	0	0	1	0	0	0	0	0	0	0	0	5	0	0	0	2	0	0	0	6	0	0	0	0	2	0
zOTU_3457	0	2	0	3	1	1	1	0	2	0	0	0	1	0	0	0	1	0	2	1	2	1	1	1	0	0	0	1	0	1	0	0	1	0	0	1	0	1	3	5	0	0	0	0	4	2	1	0
zOTU_3458	0	0	0	0	1	0	0	0	0	1	0	0	0	2	1	1	0	3	1	0	1	1	0	1	0	1	1	0	0	0	0	0	1	0	4	0	0	0	3	0	0	1	0	0	2	0	0	0
zOTU_3459	0	0	0	1	1	0	0	0	0	0	7	0	0	0	2	1	0	0	1	0	0	0	0	1	0	0	0	0	0	0	0	0	0	0	3	0	0	2	2	0	0	0	0	0	0	0	0	6
zOTU_346	9	18	29	10	34	13	38	3	25	21	6	31	14	12	35	41	9	12	34	40	6	21	10	33	43	11	5	32	28	6	0	0	24	59	20	12	27	95	19	12	32	64	20	4	10	36	25	4
zOTU_3460	4	0	0	0	0	0	1	0	1	0	1	1	0	2	0	0	0	1	0	1	0	0	0	0	1	0	1	0	0	0	0	0	0	1	0	0	2	0	0	2	0	0	0	1	2	0	0	0
zOTU_3461	0	1	0	0	0	0	0	0	0	1	0	3	0	0	1	0	0	1	0	0	0	0	2	1	5	0	0	1	0	0	0	0	0	0	0	0	0	0	0	0	3	0	1	1	0	2	1	0
zOTU_3462	1	0	0	0	1	0	0	0	2	1	0	0	0	0	0	1	1	0	0	0	0	4	0	0	1	1	0	1	0	0	0	0	0	0	0	0	0	0	1	0	0	0	0	2	3	1	1	0
zOTU_3463	1	0	0	0	0	0	1	0	5	0	0	1	0	2	0	0	0	3	0	1	0	2	2	4	0	1	1	2	0	0	0	0	3	0	2	2	0	0	0	2	1	0	0	0	1	1	1	0
zOTU_3464	0	0	0	3	1	0	1	0	0	0	0	0	0	1	1	1	0	2	1	0	0	0	0	0	0	1	0	0	0	2	0	0	0	1	1	1	0	1	0	0	0	0	0	2	0	1	0	0
zOTU_3465	1	2	0	2	1	0	0	0	3	0	0	0	0	2	0	0	0	3	0	0	1	0	2	0	1	0	0	0	0	0	0	0	0	1	2	0	0	0	1	1	1	1	0	1	1	0	0	0
zOTU_3466	0	0	0	0	1	0	1	2	0	0	1	0	0	0	0	0	2	0	2	1	0	0	0	1	1	0	0	1	0	2	0	0	0	1	0	0	0	1	0	0	1	1	0	1	0	0	0	0
zOTU_3467	0	0	0	3	4	1	0	0	0	0	0	1	1	2	3	1	2	0	0	1	3	1	0	0	2	1	0	0	0	0	0	0	0	0	2	0	2	0	0	2	2	4	0	0	1	0	0	1
zOTU_3468	0	1	0	0	0	3	0	0	0	1	0	0	0	0	3	0	0	0	0	0	0	0	0	1	0	0	0	3	0	0	0	0	0	0	0	0	1	0	0	0	3	0	0	0	0	1	0	0
zOTU_3469	0	0	0	0	2	0	0	0	2	0	0	0	0	0	0	0	0	0	1	0	1	2	0	0	0	1	0	1	0	0	0	0	0	0	2	0	0	0	0	0	0	1	1	0	2	1	1	0
zOTU_347	49	27	26	34	118	40	13	12	61	5	27	6	30	60	39	66	36	66	48	22	6	58	28	41	8	36	54	79	30	13	0	0	28	41	23	33	39	39	25	35	63	40	29	5	23	17	11	34
zOTU_3470	0	0	0	0	0	1	0	0	0	0	0	0	0	0	0	0	0	2	0	1	0	0	0	0	1	0	1	1	0	0	0	0	1	0	1	0	1	0	6	0	1	0	1	1	0	0	0	0
zOTU_3471	0	3	0	0	1	0	2	0	0	0	0	0	1	0	1	0	0	0	3	0	0	0	0	1	0	0	0	3	0	0	0	0	2	1	0	0	0	0	0	4	1	0	0	0	0	1	0	1
zOTU_3472	0	0	0	0	1	0	0	0	0	0	0	1	0	0	0	0	0	0	1	0	1	1	1	1	0	0	0	2	0	0	0	0	0	0	0	1	1	0	0	0	0	0	0	0	2	1	1	0
zOTU_3473	0	0	0	0	3	0	0	0	5	0	0	0	0	5	0	0	0	0	0	0	0	0	1	0	0	0	2	0	0	0	0	0	0	0	0	1	0	0	0	1	0	0	0	0	0	0	0	0
zOTU_3474	0	0	0	0	0	0	1	0	0	0	0	0	0	0	1	9	0	0	0	1	0	0	0	0	0	0	0	0	1	0	0	0	2	2	0	0	1	5	0	0	0	4	1	0	0	0	0	0
zOTU_3475	0	0	0	0	0	0	0	0	0	0	0	1	0	0	0	1	0	0	0	2	0	0	0	0	3	0	0	0	0	0	0	0	0	5	0	0	0	3	0	0	0	3	0	0	0	0	3	0
zOTU_3476	0	0	1	0	0	0	1	0	0	0	0	2	2	0	0	1	3	0	0	1	1	0	0	0	3	0	0	2	1	0	0	0	1	1	1	0	0	0	3	0	0	0	0	0	0	0	1	0
zOTU_3477	0	0	2	0	0	0	1	0	0	1	0	1	0	1	0	3	0	0	2	2	0	0	0	2	0	0	0	0	0	0	0	0	0	4	0	0	2	4	0	0	0	3	3	0	0	0	1	0
zOTU_3478	2	2	0	0	2	1	0	1	3	0	0	1	0	10	1	1	0	0	0	0	0	1	5	2	1	1	0	1	2	0	0	0	0	0	1	5	1	0	0	1	1	2	0	2	8	2	0	0
zOTU_3479	1	0	0	0	1	0	0	0	1	1	0	1	0	0	0	1	0	1	0	0	0	0	1	1	0	0	1	0	0	1	0	0	0	2	2	0	0	3	0	0	0	0	2	1	0	1	1	0
zOTU_348	3	16	15	32	18	26	23	11	17	24	5	17	10	39	40	11	14	16	50	24	18	8	26	51	21	17	21	50	7	16	0	2	24	24	43	31	81	38	34	12	52	19	19	16	13	25	27	8
zOTU_3480	1	1	0	0	1	0	0	0	3	0	0	0	0	3	0	0	0	1	1	3	0	0	0	0	0	0	3	0	0	1	0	0	0	0	1	1	1	0	0	2	1	1	0	0	0	0	1	0
zOTU_3481	0	0	0	0	1	0	0	0	0	1	0	0	0	1	0	0	0	0	0	0	1	0	5	1	1	0	1	1	0	0	0	0	0	1	0	0	0	0	0	1	1	0	0	0	2	0	2	0
zOTU_3482	0	0	1	3	1	0	0	2	2	0	0	1	2	2	1	0	2	0	1	1	0	0	0	1	3	2	0	1	0	1	0	0	1	0	2	2	2	0	2	1	1	0	0	4	1	0	0	1
zOTU_3483	1	1	0	0	1	0	0	1	0	0	2	0	3	0	0	0	0	1	1	0	1	1	2	3	2	0	0	1	0	2	0	0	0	0	1	1	0	0	0	0	1	0	0	0	0	0	0	0
zOTU_3484	0	0	1	0	0	0	2	0	0	0	0	0	0	0	0	5	1	0	1	0	0	0	0	0	2	0	0	0	1	0	0	0	0	5	0	0	0	1	1	0	0	2	0	0	0	0	0	0
zOTU_3485	0	2	0	0	0	0	1	1	0	0	0	3	0	1	2	0	0	1	0	1	1	0	1	0	1	1	0	0	0	0	0	0	1	0	1	0	0	3	0	0	0	1	0	1	1	0	0	0
zOTU_3486	0	0	1	0	0	0	1	0	0	1	1	2	0	0	0	3	2	0	2	0	3	0	0	0	0	0	0	2	1	0	0	0	2	0	2	0	1	0	3	0	2	3	0	0	0	0	0	0
zOTU_3487	0	0	0	0	0	0	1	0	0	0	0	2	0	0	0	1	1	0	0	1	1	0	0	4	1	0	0	1	0	0	0	0	0	5	1	0	0	0	0	0	0	1	0	0	0	0	5	0
zOTU_3488	0	0	0	0	0	0	0	0	0	0	0	1	0	0	0	0	0	0	1	4	0	0	0	2	4	0	0	0	0	0	0	0	1	0	0	0	0	8	0	0	0	4	0	0	0	1	1	0
zOTU_3489	0	0	1	1	0	0	2	2	1	1	1	0	3	0	0	0	0	0	0	0	0	0	0	0	0	0	0	0	1	0	0	0	0	0	0	0	0	2	0	0	1	1	2	0	0	0	1	0
zOTU_349	3	13	22	22	12	4	29	14	16	9	25	23	26	5	31	33	41	29	21	30	10	23	12	29	16	46	10	31	22	32	0	1	14	19	69	12	25	59	53	13	34	29	10	10	5	15	22	8
zOTU_3490	0	1	0	1	1	5	1	0	0	0	0	1	1	1	2	1	0	0	0	1	2	2	1	2	1	1	1	1	1	0	0	0	0	2	0	1	2	0	1	0	3	1	3	0	3	1	5	0
zOTU_3491	0	2	0	0	1	0	2	0	2	0	0	0	0	0	1	0	0	0	1	0	0	0	0	3	0	0	0	0	0	0	0	0	1	0	0	2	1	0	0	0	1	0	0	0	0	0	0	0
zOTU_3492	0	0	2	0	0	0	6	0	0	0	0	1	0	0	0	1	0	0	0	1	0	0	0	0	3	0	0	0	3	0	0	0	0	3	0	0	0	10	0	0	0	3	2	0	0	0	0	0
zOTU_3493	0	0	1	0	0	0	0	0	0	1	0	1	0	0	1	1	0	0	1	6	0	0	0	1	2	0	0	0	1	0	0	0	0	4	0	0	0	5	0	0	0	6	1	0	0	0	0	0
zOTU_3494	1	0	0	0	1	0	2	0	0	0	0	1	0	0	0	0	0	0	1	0	0	1	1	1	0	0	0	1	2	0	0	0	0	2	0	0	0	5	0	0	0	2	0	0	0	0	0	0
zOTU_3495	0	0	2	0	0	0	0	0	0	0	0	0	0	0	0	4	2	0	5	0	1	0	0	3	0	5	0	0	0	0	0	0	1	2	1	0	0	1	0	0	0	1	2	0	0	1	2	0
zOTU_3496	0	0	0	1	0	0	0	0	0	0	0	0	1	1	0	0	0	0	1	0	1	2	1	0	2	0	0	0	0	0	0	0	0	0	2	0	1	1	0	0	1	0	0	0	0	1	1	3
zOTU_3497	0	0	1	0	0	0	0	0	0	0	0	2	0	0	0	4	0	0	0	0	0	0	0	1	2	0	0	1	0	0	0	0	0	1	0	0	0	4	0	0	0	3	0	0	0	0	0	0
zOTU_3498	0	0	0	1	2	2	0	1	1	0	0	0	1	2	0	0	0	3	2	0	0	0	1	1	0	0	2	0	0	0	0	0	2	1	1	2	1	1	1	0	2	1	1	0	0	0	0	0
zOTU_3499	0	0	1	1	0	2	0	1	1	1	0	2	4	1	1	1	0	1	3	0	2	1	0	3	2	2	1	1	0	1	0	0	1	1	2	2	1	1	2	1	1	1	1	1	0	0	1	1
zOTU_35	74	52	70	145	378	59	32	72	148	28	216	16	177	253	134	377	734	267	271	270	57	297	47	73	23	706	239	77	123	356	4	7	237	79	2652	55	200	333	1317	86	138	255	200	25	39	60	36	129
zOTU_350	24	14	7	17	67	27	14	13	43	4	6	4	24	61	36	23	17	49	22	21	2	35	50	20	10	15	55	36	8	10	1	4	19	25	31	40	26	26	34	45	30	22	6	8	18	8	7	14
zOTU_3500	1	0	1	1	0	0	3	0	0	0	0	0	0	0	0	2	0	3	0	0	0	1	5	0	1	0	0	0	0	0	0	0	0	0	0	0	0	0	0	0	0	0	0	0	0	1	1	0
zOTU_3501	0	0	0	0	0	3	0	0	0	1	0	0	2	0	0	0	1	0	0	0	1	0	0	1	0	2	0	2	0	0	0	0	1	0	2	0	1	0	2	0	0	0	0	1	0	0	0	1
zOTU_3502	0	0	0	0	1	0	0	0	1	0	0	0	0	0	0	0	0	0	0	0	0	0	0	0	0	0	1	0	0	0	0	0	0	0	0	2	0	0	0	0	0	0	0	0	4	0	0	0
zOTU_3503	0	0	0	2	0	0	2	0	0	0	0	4	0	0	1	3	3	0	0	0	1	0	0	1	0	0	0	0	1	2	0	0	0	3	1	0	0	1	1	0	1	2	0	0	0	3	1	1
zOTU_3504	0	0	1	2	0	0	0	0	0	0	0	0	3	0	0	1	0	2	1	0	1	2	0	1	0	0	1	1	0	0	0	0	0	0	1	0	1	1	3	4	0	0	0	1	2	0	0	0
zOTU_3505	0	1	2	0	0	0	1	0	0	1	0	1	0	0	1	0	0	1	3	2	0	0	4	0	0	0	0	3	2	0	0	0	1	0	0	0	3	1	1	0	0	0	0	0	0	3	0	0
zOTU_3506	1	0	0	0	4	0	0	0	2	0	0	0	0	1	0	0	0	2	0	0	0	0	1	1	0	0	2	0	0	0	0	0	0	0	0	3	0	0	0	2	0	0	0	0	3	0	1	0
zOTU_3507	0	0	0	0	1	0	1	1	0	1	0	0	0	1	1	0	2	1	0	3	0	0	1	1	1	0	0	0	0	0	0	0	1	0	0	0	0	2	1	0	0	0	2	0	1	3	3	0
zOTU_3508	0	0	0	0	0	0	0	0	0	0	1	0	0	0	1	0	2	0	2	1	0	1	0	0	0	0	0	0	0	0	0	0	0	1	2	1	1	1	1	0	2	0	0	0	0	0	1	0
zOTU_3509	0	0	1	0	0	0	0	0	0	0	0	0	0	0	3	5	0	0	5	3	0	0	0	0	0	0	0	0	0	0	0	0	0	0	2	0	1	3	1	0	0	2	0	0	0	0	0	0
zOTU_351	19	0	0	0	92	6	0	0	36	1	0	0	0	68	4	0	0	64	8	1	0	18	16	2	0	0	75	7	0	1	0	0	2	0	0	19	35	0	0	25	29	0	0	0	3	2	0	0
zOTU_3510	0	0	0	1	0	1	0	0	0	1	4	0	1	0	0	1	0	0	0	0	0	0	0	1	0	0	0	2	0	0	0	0	0	1	1	0	0	0	0	0	1	0	1	1	0	2	0	0
zOTU_3511	0	0	0	1	0	1	0	0	0	0	0	0	0	2	1	1	0	0	0	0	0	0	0	1	0	0	1	1	0	1	0	0	0	1	1	0	2	0	0	0	3	0	0	0	0	1	1	0
zOTU_3512	0	0	0	0	2	0	0	0	0	0	0	0	1	0	0	1	0	1	1	2	0	0	0	0	2	0	2	0	0	0	0	0	0	2	4	0	0	0	0	1	4	1	0	0	0	2	0	0
zOTU_3513	0	0	0	0	0	0	3	0	1	0	0	1	0	0	1	0	0	0	0	1	0	0	0	0	1	0	0	2	1	0	0	0	1	2	1	0	1	5	1	0	0	1	1	0	0	2	2	0
zOTU_3514	1	1	0	0	0	0	0	0	0	0	0	0	0	0	2	0	0	0	0	1	1	0	0	1	4	1	0	0	0	0	0	0	1	1	0	0	0	0	1	0	0	1	0	0	5	0	3	1
zOTU_3515	0	0	1	1	0	0	0	1	0	1	0	0	0	0	0	0	1	1	0	0	0	0	2	0	0	0	0	1	1	0	0	0	1	0	2	1	0	1	0	1	1	0	0	0	0	2	1	0
zOTU_3516	0	0	0	0	0	0	0	0	0	0	0	2	0	0	0	1	0	0	0	0	0	0	0	2	1	0	0	1	1	0	0	0	1	2	0	0	2	3	0	0	1	4	0	0	0	3	2	0
zOTU_3517	0	0	0	1	2	1	1	0	2	0	1	0	0	0	0	0	1	0	0	2	0	0	0	1	0	0	1	0	0	1	0	0	0	0	1	0	1	0	2	1	1	0	0	0	0	3	0	0
zOTU_3518	0	3	0	0	0	0	0	0	1	0	1	0	1	1	1	0	0	0	0	0	0	1	1	0	0	0	2	0	0	0	0	0	2	0	0	0	1	0	0	1	1	0	0	1	0	0	0	0
zOTU_3519	0	0	0	0	0	1	0	0	0	1	0	0	0	0	5	0	0	0	2	1	0	0	0	0	0	0	0	2	0	0	0	0	0	0	0	0	1	1	0	0	1	0	0	0	0	0	0	0
zOTU_352	11	11	14	9	49	24	4	14	29	1	27	1	15	78	2	8	17	81	16	40	2	18	14	18	7	32	64	13	15	12	1	0	20	5	32	14	33	12	9	5	17	6	6	4	4	6	4	22
zOTU_3520	0	0	0	0	0	0	1	0	0	2	0	3	0	1	4	1	0	0	0	3	0	0	1	2	1	1	0	0	0	0	0	0	1	1	0	0	0	2	0	0	1	2	0	0	0	2	0	0
zOTU_3521	0	0	0	2	0	0	0	1	0	0	0	0	0	1	1	1	1	0	0	0	0	0	0	3	0	0	0	1	1	0	0	0	0	3	0	0	1	0	0	0	2	0	0	0	0	1	2	0
zOTU_3522	0	0	0	0	0	0	0	0	0	0	0	0	0	2	0	0	0	0	0	0	0	0	0	0	0	0	0	0	0	0	0	0	0	0	0	0	0	0	0	0	0	0	0	0	0	0	0	0
zOTU_3523	0	0	0	0	0	1	0	0	0	1	0	0	0	0	1	2	1	1	2	0	1	0	1	1	1	0	0	1	0	0	0	0	1	0	0	0	3	0	0	0	2	0	1	0	0	0	0	0
zOTU_3524	0	0	0	1	3	1	0	0	2	0	0	1	0	1	0	0	2	2	2	2	2	0	2	1	2	0	0	1	0	0	0	0	0	3	0	0	1	1	0	1	1	1	1	1	0	2	1	0
zOTU_3525	0	1	0	0	0	0	0	0	1	1	0	0	0	0	0	0	1	0	1	0	1	2	4	0	0	0	0	0	0	0	0	0	0	0	0	0	0	0	0	0	1	0	0	0	1	4	0	0
zOTU_3526	1	2	0	0	2	0	0	0	0	0	0	0	0	0	0	0	2	0	0	0	0	0	0	2	0	1	0	3	0	0	0	0	4	0	0	0	4	0	1	0	5	1	0	0	1	2	0	0
zOTU_3527	0	1	0	0	0	0	0	0	2	1	1	0	0	0	0	0	0	0	0	1	0	2	2	0	0	1	0	2	0	0	0	0	1	0	1	0	4	0	0	0	0	1	0	1	1	1	1	1
zOTU_3528	0	0	0	0	1	0	0	1	0	0	0	0	1	1	1	0	0	3	0	0	1	0	2	0	0	0	0	0	0	0	0	0	0	1	4	0	0	1	0	1	1	0	0	1	3	0	3	0
zOTU_3529	0	0	0	0	1	0	0	0	0	0	0	1	0	0	0	0	0	1	0	2	0	0	0	3	0	0	0	3	0	0	0	0	0	2	1	1	0	1	0	0	2	1	1	0	2	1	2	0
zOTU_353	25	28	17	11	38	49	38	8	47	36	5	32	7	23	28	17	15	28	47	17	22	14	53	59	24	17	28	81	11	10	1	6	34	29	14	12	49	30	15	27	72	13	21	17	22	40	20	9
zOTU_3530	0	0	2	1	0	0	0	0	4	1	2	1	0	1	1	2	0	0	0	0	2	1	1	0	1	0	1	2	0	0	0	0	1	1	0	0	0	1	1	0	1	4	0	0	0	0	2	0
zOTU_3531	0	0	0	0	0	1	2	0	0	1	0	0	0	0	1	0	1	2	2	0	0	1	0	3	1	0	0	2	0	0	0	0	0	1	0	0	0	0	0	1	2	1	0	1	2	0	2	1
zOTU_3532	1	0	0	0	4	0	0	0	1	0	0	0	0	1	0	1	0	5	5	2	0	1	0	0	0	0	5	2	0	0	0	0	1	0	0	0	1	1	0	0	0	0	0	0	1	1	0	0
zOTU_3533	1	0	0	0	0	2	0	0	1	0	0	0	0	0	2	0	0	0	0	0	2	0	1	0	1	1	0	0	1	0	0	0	0	1	0	0	0	0	0	0	0	0	0	0	0	1	5	0
zOTU_3534	0	1	1	0	0	1	0	0	0	1	0	0	0	0	2	0	0	0	1	0	0	0	0	2	2	0	0	4	0	0	0	0	1	1	0	0	2	1	0	0	1	2	0	0	0	1	0	0
zOTU_3535	0	0	1	0	0	0	1	0	0	0	0	0	0	0	0	2	0	0	0	2	0	0	0	0	0	1	0	0	0	1	0	0	2	0	0	0	0	6	0	0	0	1	1	0	0	2	0	0
zOTU_3536	0	0	1	0	1	0	0	0	0	0	0	0	2	1	1	1	1	0	1	3	1	0	0	0	0	0	0	2	0	0	0	0	0	0	1	0	1	1	2	0	0	3	3	0	0	1	1	0
zOTU_3537	1	1	0	1	0	0	0	0	0	1	0	1	0	0	3	1	0	0	0	0	0	0	2	2	0	0	0	1	0	0	0	0	0	0	1	1	0	2	0	0	3	0	0	0	0	2	1	0
zOTU_3538	0	0	0	0	7	0	0	0	1	0	0	0	0	0	1	0	0	0	0	0	0	0	2	0	0	0	3	0	0	0	0	0	0	0	0	6	1	1	0	2	0	0	0	0	0	0	0	0
zOTU_3539	3	0	1	1	1	1	0	1	0	1	0	0	0	2	0	0	0	0	2	0	1	2	0	0	0	0	0	1	0	0	0	0	1	0	2	0	1	1	1	0	0	0	0	0	0	0	0	1
zOTU_354	2	25	21	24	11	9	10	13	12	13	40	21	58	3	45	30	49	6	32	27	6	16	7	37	10	31	2	28	15	35	0	0	30	26	53	3	35	52	41	5	47	27	9	22	5	29	13	7
zOTU_3540	0	2	0	0	0	0	0	0	0	0	0	1	0	0	0	0	0	0	0	1	0	0	0	0	0	0	0	1	1	0	0	0	0	1	0	0	3	1	0	1	0	1	2	0	0	1	1	0
zOTU_3541	0	0	2	0	0	0	4	2	0	0	0	2	1	0	2	1	1	0	1	3	1	0	0	1	3	2	0	0	1	0	0	0	0	0	1	0	0	2	3	0	0	1	0	3	0	0	0	0
zOTU_3542	0	0	0	1	0	0	0	0	0	1	0	1	1	0	0	0	0	0	1	1	0	0	0	3	0	1	0	4	0	0	0	0	0	1	0	0	2	3	1	0	1	1	0	0	0	0	0	0
zOTU_3543	0	1	0	1	0	0	1	0	0	1	0	2	0	2	1	1	0	0	0	0	1	0	0	1	1	0	0	0	0	0	0	0	2	2	0	0	1	0	0	0	1	1	2	1	0	3	1	0
zOTU_3544	1	5	3	3	2	6	13	1	0	2	5	5	6	3	8	22	4	2	5	9	0	1	0	13	2	11	2	11	5	5	0	0	4	18	3	1	2	14	7	2	6	13	5	1	0	1	0	6
zOTU_3545	0	0	1	0	0	0	0	0	0	0	0	1	0	1	2	1	0	1	0	1	0	0	0	2	2	0	0	0	0	0	0	0	0	1	0	0	0	1	0	0	0	0	0	0	5	1	4	0
zOTU_3546	0	0	0	0	0	0	2	0	0	0	0	2	0	0	0	1	0	0	0	0	0	0	0	0	1	0	0	0	1	0	0	0	0	3	0	0	0	3	0	0	0	1	3	0	0	0	3	0
zOTU_3547	0	1	0	0	0	0	1	1	0	0	1	1	1	0	1	3	2	2	1	1	0	2	0	0	0	1	0	0	0	0	0	0	1	2	0	0	1	2	2	1	0	2	1	0	2	1	0	0
zOTU_3548	0	0	0	0	0	5	2	0	1	0	0	1	1	0	1	2	3	0	1	2	2	0	0	2	0	0	0	1	0	0	0	0	0	0	0	0	0	0	0	0	0	0	1	2	0	0	2	0
zOTU_3549	0	0	0	0	0	0	0	0	0	0	0	0	0	0	0	3	0	0	1	5	0	0	0	0	1	0	0	0	3	0	0	0	0	0	0	0	0	2	0	0	0	2	2	0	0	1	1	0
zOTU_355	1	19	23	29	2	12	33	12	2	21	11	16	13	2	22	48	20	0	57	38	67	1	2	74	52	24	1	45	14	12	0	4	23	10	41	0	49	54	26	1	41	34	22	13	0	55	63	8
zOTU_3550	4	1	1	0	6	2	0	0	1	0	0	0	0	2	1	0	0	1	1	0	0	2	0	0	0	0	3	1	0	0	0	0	1	1	1	4	1	0	0	2	2	0	0	0	0	0	0	0
zOTU_3551	0	0	0	0	0	0	0	0	1	0	0	0	0	0	0	0	0	0	0	0	1	3	12	0	0	0	1	0	0	0	0	0	2	0	0	0	0	0	0	0	0	0	0	6	0	0	0	0
zOTU_3552	0	0	0	0	1	3	2	0	0	2	0	0	0	0	0	1	0	1	3	0	0	0	2	1	1	0	0	1	0	1	0	2	0	3	0	0	0	0	1	0	0	0	0	0	0	1	0	0
zOTU_3553	0	0	0	0	0	0	1	0	0	0	0	0	1	0	0	1	0	0	0	0	2	0	0	2	1	2	0	1	0	0	0	0	0	1	0	0	0	0	0	0	2	1	0	1	0	2	1	0
zOTU_3554	1	0	2	1	1	0	1	3	1	0	0	0	1	0	0	3	1	0	0	0	1	0	1	0	2	1	0	0	0	0	0	0	0	1	0	1	0	0	1	1	0	0	0	2	1	0	1	0
zOTU_3555	0	0	0	0	0	0	0	1	1	0	1	0	0	1	0	1	2	0	0	0	0	0	0	2	0	0	0	0	0	0	0	0	1	0	1	2	0	3	2	1	2	1	1	0	0	0	0	0
zOTU_3556	0	0	0	0	0	0	0	0	0	0	0	0	0	0	0	0	0	6	1	2	1	0	0	0	0	0	1	1	1	0	0	0	0	0	2	0	0	2	1	1	0	0	1	0	1	1	0	0
zOTU_3557	0	1	0	0	0	0	0	1	0	0	0	0	1	0	1	0	0	0	0	1	0	0	0	0	1	1	0	0	1	0	0	0	0	0	0	1	1	1	1	2	1	1	2	0	0	0	0	0
zOTU_3558	0	0	0	0	0	0	0	0	0	1	0	0	0	0	0	0	1	0	1	1	2	0	0	0	0	1	0	0	0	0	0	0	2	1	0	0	1	3	0	0	1	0	2	0	0	2	1	0
zOTU_3559	1	0	0	0	4	0	0	1	2	1	0	0	0	1	0	0	0	3	0	2	2	1	0	2	1	1	10	0	0	0	0	0	1	0	2	0	0	0	0	0	0	0	1	0	0	0	0	0
zOTU_356	13	6	15	18	27	31	37	10	17	12	10	26	23	24	22	36	21	11	25	31	19	11	15	26	17	32	8	37	16	14	0	0	24	27	39	10	23	44	19	13	28	32	20	5	6	18	12	6
zOTU_3560	0	0	0	0	0	0	0	0	0	0	0	0	0	5	1	1	0	1	0	0	0	0	1	0	1	0	0	0	0	0	0	0	1	0	2	0	0	1	0	0	0	1	0	0	0	1	1	0
zOTU_3561	0	0	0	0	0	0	0	0	0	0	1	1	1	0	1	1	1	0	1	0	2	0	0	0	2	2	0	0	0	0	0	0	1	0	2	2	2	2	1	0	0	0	1	0	0	0	1	1
zOTU_3562	0	0	1	3	3	0	2	0	0	0	0	1	1	0	1	1	3	1	1	1	0	0	3	0	1	1	0	1	0	0	0	0	0	2	1	0	1	1	1	0	0	1	0	1	1	0	1	1
zOTU_3563	0	1	0	1	1	1	0	0	1	2	0	0	0	0	1	0	0	2	2	0	1	0	0	1	0	0	0	0	0	0	0	0	0	0	1	0	0	0	0	0	4	0	0	0	0	1	0	0
zOTU_3564	2	0	0	0	2	1	0	0	0	0	1	0	0	3	0	3	0	2	0	0	0	1	1	2	0	0	4	1	0	1	0	0	0	0	2	0	4	1	0	0	1	0	0	0	1	1	0	2
zOTU_3565	3	0	0	0	0	1	0	1	0	1	0	0	0	0	0	0	1	4	1	0	1	0	0	0	0	1	0	0	0	1	0	0	0	1	1	2	0	0	0	5	1	0	0	0	2	0	0	0
zOTU_3566	0	0	1	0	0	0	6	0	0	1	0	4	0	0	0	3	0	0	0	7	0	0	0	2	14	0	0	2	6	2	0	0	1	6	0	0	3	3	0	0	1	3	2	1	0	1	13	0
zOTU_3567	2	0	2	3	6	4	1	2	8	0	3	2	3	9	4	4	3	2	4	1	0	3	4	2	1	3	6	5	2	1	0	0	6	6	3	6	7	6	3	7	9	5	1	1	4	1	1	7
zOTU_3568	0	0	0	0	0	0	0	0	1	0	0	0	0	2	2	2	0	1	1	0	0	0	1	0	0	1	0	1	0	1	0	0	0	2	1	0	2	1	0	0	1	2	0	1	0	2	2	0
zOTU_3569	9	3	4	7	4	6	1	1	7	0	5	1	3	5	8	13	6	1	6	6	0	4	4	3	2	5	4	6	6	1	0	0	3	6	7	4	2	4	5	6	8	6	4	0	1	2	2	4
zOTU_357	103	24	0	2	122	17	1	0	55	15	0	0	2	44	37	0	0	42	0	0	0	42	24	4	0	0	49	0	0	0	0	0	12	0	0	93	3	0	0	91	4	0	1	0	43	20	2	0
zOTU_3570	0	0	0	0	0	0	2	0	0	1	0	2	0	0	1	1	0	0	0	1	0	0	0	0	3	0	0	0	0	0	0	0	1	2	0	0	2	1	0	0	2	1	1	0	0	1	3	0
zOTU_3571	0	0	0	0	1	2	0	0	0	0	0	0	0	0	2	0	0	2	0	1	0	0	0	1	0	0	1	0	0	0	0	0	0	1	4	0	0	1	1	0	0	0	0	0	0	0	0	2
zOTU_3572	0	1	0	0	0	1	0	0	0	1	0	0	0	0	1	0	0	0	2	0	0	0	0	0	0	0	0	3	0	0	0	0	1	0	0	0	1	0	0	0	2	1	0	0	0	1	0	0
zOTU_3573	0	0	1	0	0	0	2	0	0	0	0	0	0	5	0	0	1	0	2	3	2	0	0	0	1	2	1	0	0	1	0	0	2	0	1	0	0	3	0	0	3	2	2	0	0	0	1	1
zOTU_3574	0	1	0	1	0	0	1	1	1	0	0	1	0	0	0	0	2	0	1	1	0	1	3	0	0	1	0	0	0	0	0	0	0	0	2	2	1	0	1	1	1	0	0	2	2	1	0	1
zOTU_3575	0	1	1	0	0	0	0	0	0	0	0	0	0	0	2	1	0	0	0	2	0	0	0	1	1	0	0	1	0	0	0	0	0	2	0	0	0	2	0	0	0	0	0	0	0	0	1	0
zOTU_3576	0	0	0	0	0	0	3	0	0	1	1	2	1	0	0	0	0	1	2	0	1	0	1	0	1	0	0	3	0	0	0	0	0	1	4	1	1	4	0	1	0	0	0	2	0	1	0	0
zOTU_3577	2	0	0	1	3	0	0	0	2	0	0	0	0	4	0	0	0	0	0	0	0	0	0	0	0	0	4	0	0	0	0	0	0	0	1	4	0	0	0	0	0	0	0	0	0	0	0	0
zOTU_3578	1	0	0	0	2	1	1	1	1	0	0	1	0	0	1	1	0	0	1	0	0	2	1	1	0	0	0	1	1	0	0	0	1	0	1	1	0	0	0	1	0	0	0	0	0	0	0	0
zOTU_3579	1	0	0	0	2	0	0	0	3	0	0	0	0	6	1	0	0	1	0	0	0	1	0	0	0	0	1	0	0	0	0	0	1	0	0	3	0	0	0	3	0	0	0	0	2	0	0	0
zOTU_358	24	27	12	19	31	56	40	14	28	25	19	41	25	52	66	58	26	44	51	25	15	29	26	81	18	14	30	112	16	15	0	7	36	49	47	28	65	40	25	47	65	26	15	11	15	59	10	14
zOTU_3580	0	0	0	2	0	1	0	0	0	0	0	1	0	1	1	0	0	0	0	0	0	2	5	2	0	0	0	0	0	0	0	0	1	0	1	2	1	0	1	0	0	0	0	0	2	2	0	0
zOTU_3581	0	0	0	0	0	2	0	0	0	2	0	0	0	0	0	0	0	1	0	0	0	0	0	3	1	0	0	2	0	1	0	0	0	1	1	0	0	1	0	0	0	0	0	1	0	2	1	0
zOTU_3582	0	0	0	0	6	1	0	0	1	1	0	0	1	0	0	0	0	0	3	0	0	1	0	0	0	0	1	0	0	0	0	0	0	0	1	0	0	0	1	0	1	0	0	0	0	1	0	0
zOTU_3583	0	0	0	0	0	0	0	0	0	0	1	0	1	0	1	3	0	0	0	1	0	0	0	0	0	0	0	0	2	1	0	0	0	1	0	0	0	7	0	0	1	1	1	0	0	2	0	0
zOTU_3584	1	0	0	0	0	0	0	0	0	1	0	0	0	0	0	0	1	0	0	0	2	0	2	0	0	0	0	0	0	1	0	0	0	0	1	3	1	0	1	0	1	0	0	1	2	0	1	0
zOTU_3585	0	1	0	0	0	2	1	0	0	0	0	0	0	3	0	3	0	1	1	3	0	0	2	1	0	0	1	0	0	0	0	0	0	2	1	0	0	0	1	0	0	0	0	0	3	0	0	0
zOTU_3586	0	0	1	1	0	2	3	2	0	0	1	0	2	0	0	1	0	0	0	0	0	1	0	0	3	0	0	0	1	0	0	0	0	0	1	0	1	2	0	0	1	2	1	0	0	3	1	0
zOTU_3587	0	0	0	0	0	0	0	0	2	1	0	0	0	2	1	0	1	3	0	0	0	1	2	0	0	0	0	2	0	0	0	0	0	0	0	0	1	0	0	1	4	1	0	0	0	0	1	0
zOTU_3588	0	0	0	0	0	0	0	0	0	0	0	2	0	0	1	1	4	0	0	2	5	0	0	0	0	0	0	0	2	1	0	0	0	0	0	0	0	2	0	0	1	2	0	0	0	0	0	0
zOTU_3589	0	0	0	1	1	1	0	1	2	0	0	0	1	0	1	0	1	1	1	0	1	1	0	0	0	1	2	0	0	0	0	0	0	0	1	2	1	0	1	0	3	0	0	0	0	0	0	0
zOTU_359	42	5	3	0	112	15	3	0	94	14	0	3	0	76	20	3	0	42	31	2	0	31	58	15	2	0	62	25	0	0	1	0	21	1	0	49	28	6	0	57	31	1	1	0	21	10	1	0
zOTU_3590	0	0	2	0	0	0	0	0	0	0	0	0	0	0	0	0	1	0	0	0	0	0	0	0	0	0	0	1	0	0	0	0	2	4	1	0	0	1	0	1	0	1	0	0	0	2	4	0
zOTU_3591	0	1	0	1	0	0	0	0	1	3	0	1	0	0	1	0	0	1	2	0	1	0	1	0	0	0	2	0	0	0	0	0	0	0	2	1	0	0	0	0	1	0	1	0	0	2	0	0
zOTU_3592	0	0	0	0	0	0	1	2	0	1	0	0	0	0	0	0	0	1	1	0	0	0	0	1	0	0	3	0	1	0	0	0	0	0	1	0	2	3	0	1	1	1	0	0	0	0	2	1
zOTU_3593	0	0	0	0	0	0	1	0	0	1	0	2	0	0	0	3	0	0	0	3	0	0	0	1	1	0	0	0	0	0	0	0	1	2	0	0	0	1	0	0	0	0	2	0	0	0	1	0
zOTU_3594	1	1	0	1	0	3	1	0	0	0	0	0	0	0	4	0	2	0	2	0	0	0	1	0	0	0	1	1	0	2	0	0	0	0	1	1	4	0	2	1	1	0	1	2	0	4	2	1
zOTU_3595	0	0	0	0	2	0	0	0	0	0	0	0	0	0	0	0	0	0	0	2	0	0	0	0	0	0	4	0	0	0	0	0	0	0	0	3	0	0	0	0	0	0	1	0	0	0	0	4
zOTU_3596	0	0	1	0	0	1	3	1	0	0	0	2	0	0	0	1	0	0	1	0	0	0	0	1	1	0	0	1	0	0	0	0	1	0	0	0	3	0	1	0	4	0	0	0	0	0	0	0
zOTU_3597	0	1	0	3	1	1	3	5	0	1	0	1	1	0	2	2	2	1	2	0	3	1	3	3	7	4	0	3	2	3	0	0	4	1	3	2	5	2	0	0	1	0	0	5	7	11	7	1
zOTU_3598	0	2	0	0	0	0	0	0	0	0	1	0	0	0	0	0	1	0	2	1	0	0	0	1	1	0	0	3	0	0	0	0	2	0	1	1	1	0	1	0	0	0	0	0	0	0	0	0
zOTU_3599	0	0	0	0	0	0	3	0	0	0	0	0	0	0	0	0	0	0	0	0	1	0	0	0	0	1	0	0	3	0	0	0	0	2	3	0	0	4	0	0	0	0	1	1	0	1	0	0
zOTU_36	348	101	129	135	844	218	105	80	491	44	94	58	168	375	255	288	185	770	239	142	19	584	382	184	47	189	577	262	140	68	3	44	151	246	160	324	242	230	82	307	253	167	93	32	334	94	42	137
zOTU_360	23	15	26	43	38	30	23	27	36	35	15	45	35	47	48	27	42	39	31	18	16	26	42	36	25	27	21	61	20	16	1	0	33	30	47	20	49	27	24	18	49	14	17	26	33	39	38	13
zOTU_3600	0	1	0	1	0	0	0	2	0	1	1	0	0	0	0	0	0	0	0	1	2	0	0	0	0	4	0	0	0	1	0	0	0	0	0	0	0	0	0	0	0	1	0	1	0	0	1	0
zOTU_3601	2	0	5	6	6	1	6	3	2	3	5	3	4	5	1	7	5	4	5	3	3	3	2	4	3	5	4	4	4	1	0	1	3	4	6	1	1	6	3	4	3	0	3	6	3	2	3	2
zOTU_3602	0	0	0	0	0	0	2	0	0	0	0	1	0	0	0	2	0	0	0	1	0	0	0	0	1	0	0	0	1	1	0	0	0	6	0	0	0	2	0	0	0	0	1	0	0	0	0	0
zOTU_3603	0	0	0	0	0	0	0	0	0	0	0	1	0	0	0	1	0	0	0	3	0	0	0	0	5	0	0	0	1	0	0	0	0	1	0	0	0	2	0	0	0	1	1	0	0	0	4	0
zOTU_3604	0	3	0	0	0	0	0	0	0	0	0	1	0	0	1	1	0	0	3	0	0	0	0	1	1	0	1	4	0	0	0	0	1	1	2	1	1	1	0	2	2	1	0	1	0	0	1	0
zOTU_3605	0	0	0	0	1	0	0	0	2	0	0	2	1	0	0	0	0	2	0	4	1	0	2	0	0	1	1	0	1	0	0	0	2	1	0	1	0	2	0	2	0	4	0	0	1	0	0	0
zOTU_3606	0	0	0	1	0	2	0	0	0	1	0	1	0	0	1	0	0	0	0	0	1	0	3	2	7	0	0	2	0	0	0	0	0	3	0	0	1	2	0	3	0	0	1	0	1	1	7	0
zOTU_3607	0	0	1	0	0	0	1	0	0	0	0	1	0	0	0	3	0	0	0	3	0	0	0	0	3	0	0	0	0	0	0	0	0	1	0	0	0	0	2	0	0	2	0	0	0	0	1	1
zOTU_3608	0	0	0	0	0	1	3	0	0	1	0	0	0	0	1	0	0	0	0	1	0	0	0	0	0	0	0	1	0	0	0	0	0	0	0	0	2	1	0	0	1	1	0	0	0	1	1	0
zOTU_3609	0	0	1	0	0	1	4	0	0	0	0	4	1	0	4	3	1	0	1	1	0	0	0	1	1	0	0	3	0	1	0	0	1	2	2	0	0	1	0	0	0	0	0	1	0	0	3	0
zOTU_361	12	12	11	51	22	10	17	31	22	18	16	33	30	8	33	15	21	9	20	19	31	25	22	28	15	23	7	32	10	18	0	0	21	19	30	25	28	35	15	26	23	15	9	49	34	23	34	8
zOTU_3610	0	0	0	1	1	1	0	0	1	0	0	0	1	0	1	0	0	2	0	0	3	1	2	2	0	1	1	0	0	0	0	0	0	0	3	0	0	0	2	0	1	0	0	0	0	0	0	0
zOTU_3611	0	0	0	0	0	0	0	0	0	0	0	0	0	2	1	1	0	1	0	0	1	0	4	0	0	1	3	0	0	0	0	0	0	0	3	0	1	0	3	0	0	0	1	0	1	0	1	1
zOTU_3612	0	0	0	0	0	0	0	0	0	0	0	0	0	0	0	0	0	0	0	0	0	0	0	0	0	0	0	0	0	0	0	0	0	0	0	0	0	0	0	0	0	0	0	0	0	0	0	0
zOTU_3613	0	0	0	0	0	0	0	3	0	0	0	0	0	0	5	0	0	0	0	0	0	0	0	1	0	1	1	0	0	0	0	0	0	0	4	0	0	3	0	0	0	0	0	0	0	0	0	0
zOTU_3614	0	0	0	1	0	2	1	0	0	2	1	2	1	0	0	0	3	1	0	1	0	0	2	2	0	1	0	5	0	1	0	0	1	2	1	0	1	1	0	0	2	1	2	0	0	2	0	0
zOTU_3615	0	1	0	0	0	0	0	0	0	0	0	0	0	0	0	0	0	0	0	0	0	0	0	3	1	0	0	0	0	0	0	0	1	0	1	0	0	1	0	0	0	0	0	3	2	0	3	0
zOTU_3616	1	2	0	0	4	0	0	1	2	0	0	0	0	0	0	0	0	4	0	0	1	0	1	0	1	0	0	0	3	0	0	0	2	0	0	1	1	0	1	1	0	0	0	1	5	0	0	0
zOTU_3617	1	0	0	0	0	1	0	0	1	0	0	0	0	1	0	0	2	0	0	0	2	0	0	0	3	0	0	0	1	0	0	1	0	2	1	0	3	0	0	1	0	1	0	0	1	1	1	0
zOTU_3618	0	0	0	0	0	0	0	0	0	2	0	1	0	0	0	1	0	0	0	0	0	0	0	0	1	0	0	1	0	0	0	0	0	1	0	0	0	1	0	0	1	1	2	0	0	1	0	0
zOTU_3619	0	1	0	0	1	1	0	0	0	0	2	0	0	0	0	0	1	0	0	0	0	0	4	0	1	0	0	2	0	0	0	0	0	1	0	0	0	0	0	0	0	1	0	0	3	3	5	1
zOTU_362	0	13	16	37	1	44	63	18	1	22	9	32	32	1	32	50	40	0	23	23	27	1	1	29	45	32	0	45	12	25	0	0	16	39	50	0	28	27	28	0	29	22	23	17	0	12	66	18
zOTU_3620	0	0	0	0	1	1	0	1	0	0	0	1	0	0	1	1	0	2	0	1	0	1	0	0	2	0	1	0	0	0	0	0	1	0	0	0	1	0	0	0	0	3	1	0	1	1	0	0
zOTU_3621	0	0	0	0	0	1	1	0	0	1	0	1	0	1	0	0	1	0	2	0	0	0	1	0	1	0	0	0	0	0	0	0	0	1	0	0	0	0	0	0	3	2	2	1	0	3	4	0
zOTU_3622	0	0	0	1	0	0	0	2	0	0	0	0	1	0	0	0	0	0	0	0	1	0	1	0	0	1	0	0	0	1	0	0	0	0	4	0	0	0	0	0	1	1	0	1	1	1	0	0
zOTU_3623	0	0	0	0	0	0	0	0	1	0	0	0	0	0	0	0	0	0	0	0	0	0	0	0	0	0	0	0	0	0	0	0	0	0	0	0	0	0	0	0	0	0	0	0	0	0	0	0
zOTU_3624	0	2	0	4	1	1	2	1	4	1	0	2	1	0	2	1	1	3	2	2	3	2	6	4	1	0	0	4	1	0	0	5	0	2	3	1	2	1	4	0	3	1	0	2	1	3	4	0
zOTU_3625	0	2	0	0	0	1	0	0	0	0	0	1	0	0	0	0	0	0	2	1	0	0	0	1	2	0	0	0	0	0	0	0	0	3	0	0	1	1	0	0	0	0	0	0	0	1	2	0
zOTU_3626	0	1	0	0	0	1	0	1	0	0	0	0	0	0	0	0	0	2	2	0	0	0	1	1	0	0	0	1	1	0	0	0	0	0	0	0	1	0	0	1	1	2	0	0	2	2	0	0
zOTU_3627	0	0	0	0	0	0	0	0	0	0	0	1	0	0	0	0	0	5	1	0	0	0	2	1	2	0	1	1	0	0	0	0	0	1	0	0	2	0	0	2	2	0	0	0	0	0	0	0
zOTU_3628	0	1	0	0	0	1	1	2	0	0	0	0	0	0	1	0	0	0	0	1	4	0	0	0	0	0	0	1	0	0	0	0	2	2	1	0	0	0	0	0	0	0	0	1	0	0	5	0
zOTU_3629	0	1	0	1	2	1	3	0	0	0	0	0	0	0	1	0	2	0	3	0	1	0	1	0	1	1	0	1	0	0	0	0	0	1	0	1	0	0	1	0	0	1	1	0	0	2	2	0
zOTU_363	37	13	4	70	78	28	13	36	27	10	17	15	61	70	16	15	9	39	14	10	5	29	74	18	15	14	31	18	3	2	0	0	16	17	7	42	28	13	9	27	32	10	3	41	29	20	15	13
zOTU_3630	0	1	0	0	0	4	0	0	0	2	0	0	0	0	3	0	0	0	2	0	0	0	0	0	0	0	0	1	0	0	0	0	2	0	0	0	1	0	0	0	1	0	0	0	0	3	0	0
zOTU_3631	0	0	0	0	1	0	2	0	0	0	0	0	0	0	0	0	2	0	1	0	1	1	0	0	0	0	0	1	0	0	0	0	1	1	1	1	0	1	1	1	0	1	0	1	0	0	1	0
zOTU_3632	1	0	0	2	0	1	0	0	2	1	0	0	1	1	1	0	1	2	0	0	2	2	0	0	3	0	0	1	0	0	0	0	0	0	0	1	2	0	1	0	0	0	0	0	1	0	1	0
zOTU_3633	0	0	1	0	0	0	0	0	0	0	0	1	0	0	0	1	0	0	0	3	0	1	0	0	0	0	0	0	0	0	0	0	0	1	0	0	0	2	0	0	0	3	6	0	0	0	0	0
zOTU_3634	0	0	1	0	0	0	3	0	0	0	0	1	0	0	0	0	0	0	0	0	0	0	0	2	1	0	0	1	0	0	0	0	0	2	0	0	0	1	0	0	2	0	2	0	0	0	1	0
zOTU_3635	0	1	0	0	2	0	0	0	1	0	0	0	1	2	0	2	0	0	0	0	0	3	0	0	0	0	0	0	0	0	0	0	1	0	0	0	1	2	1	1	0	1	3	0	2	0	1	0
zOTU_3636	0	1	0	1	0	0	0	3	0	1	0	0	0	0	0	0	0	0	0	0	0	0	0	1	0	0	0	1	0	0	0	0	4	1	0	0	3	1	0	0	1	0	0	0	0	1	0	0
zOTU_3637	0	0	0	0	0	0	1	0	1	0	0	1	0	1	0	0	1	1	2	1	1	1	1	2	0	1	0	1	0	0	0	0	1	0	1	2	0	1	1	0	0	0	0	0	0	0	1	0
zOTU_3638	4	1	2	2	4	4	2	3	8	1	3	1	3	0	3	8	0	3	2	2	0	0	0	4	1	0	2	3	3	1	0	0	0	0	2	4	2	2	1	3	2	3	3	0	0	1	0	0
zOTU_3639	0	0	0	0	0	0	1	0	0	0	0	0	0	0	0	0	2	2	0	0	4	0	0	0	1	0	0	0	0	0	0	0	0	0	0	0	1	1	1	2	0	0	0	0	0	0	0	1
zOTU_364	3	7	18	11	67	6	4	15	46	4	17	5	19	100	19	11	21	57	34	50	6	30	7	21	14	17	55	8	25	21	0	0	29	37	76	32	44	65	22	16	44	30	9	8	2	5	22	4
zOTU_3640	0	0	0	0	0	0	2	0	0	0	0	0	0	0	0	0	0	0	0	0	0	0	0	0	1	0	0	0	1	0	0	0	0	3	0	0	0	6	0	0	0	6	0	0	0	0	0	0
zOTU_3641	0	0	0	1	0	0	1	2	1	0	0	1	1	0	0	1	0	1	0	2	1	0	3	0	1	0	1	0	2	0	0	0	0	0	0	0	0	0	0	1	0	1	0	0	0	0	2	0
zOTU_3642	0	0	0	0	1	0	0	1	0	0	0	0	1	1	1	1	0	0	0	0	0	0	0	0	0	0	0	2	1	0	0	0	1	0	2	0	2	3	1	0	0	0	0	0	0	0	0	1
zOTU_3643	0	0	0	0	0	0	0	0	1	1	0	1	0	0	1	0	0	3	1	0	0	0	1	0	0	0	1	1	0	0	0	0	0	1	0	1	1	0	0	0	0	0	0	0	2	1	2	0
zOTU_3644	0	0	0	0	0	0	1	0	0	0	0	0	0	0	0	0	0	0	2	1	1	0	0	0	1	0	0	2	0	0	0	0	4	0	1	0	0	6	1	0	0	1	0	2	0	0	2	0
zOTU_3645	0	1	0	0	0	0	1	0	0	0	0	0	0	0	0	4	1	0	2	3	0	0	0	0	1	0	0	0	0	0	0	0	0	0	0	0	0	2	1	0	0	2	0	0	0	0	0	1
zOTU_3646	1	0	0	2	1	0	0	0	0	1	0	0	2	0	0	1	0	2	0	0	0	1	0	0	0	0	1	2	0	0	0	0	0	0	0	0	0	1	0	0	0	0	0	0	1	0	0	0
zOTU_3647	0	2	0	0	0	1	1	0	0	0	0	2	0	0	1	1	0	0	1	0	0	0	0	1	0	0	0	1	0	0	0	0	2	2	0	0	0	4	0	0	2	0	1	0	0	0	0	0
zOTU_3648	0	0	0	1	0	1	1	2	0	1	1	1	1	0	0	0	0	0	1	0	0	0	0	0	0	2	0	0	0	0	0	0	0	0	0	0	0	1	1	0	2	0	0	2	0	1	0	0
zOTU_3649	0	2	1	0	0	0	1	1	0	0	0	0	1	0	2	0	0	0	0	0	0	0	0	0	0	0	0	0	0	1	0	0	1	2	0	0	2	0	0	0	0	0	0	1	4	0	0	0
zOTU_365	21	12	11	22	43	23	19	16	25	14	15	6	11	51	26	15	9	35	26	14	3	23	46	22	8	11	36	22	4	11	0	0	12	19	14	33	19	16	13	29	33	8	13	13	20	16	18	5
zOTU_3650	0	1	0	0	0	0	1	0	1	0	0	0	0	1	0	0	1	1	1	0	1	0	0	1	0	0	0	1	0	0	0	0	1	1	1	1	0	0	0	0	1	0	0	0	0	1	0	0
zOTU_3651	0	0	2	0	0	0	5	0	0	0	0	2	0	0	0	0	0	0	1	2	0	0	0	0	1	0	0	1	0	0	0	0	0	3	0	0	0	3	0	0	0	3	0	0	0	0	6	0
zOTU_3652	0	1	1	0	0	0	0	0	0	1	0	0	0	0	0	0	0	0	2	0	0	0	0	0	0	0	0	0	0	0	0	0	2	1	0	0	0	0	0	0	1	0	1	0	0	3	0	0
zOTU_3653	0	0	0	0	3	0	1	0	3	0	1	0	0	0	1	0	0	0	2	1	0	0	1	0	0	1	1	0	0	0	0	0	1	1	0	0	0	2	2	0	1	0	0	1	2	0	0	0
zOTU_3654	0	0	1	0	1	0	1	0	0	0	0	1	0	0	1	0	0	0	0	0	0	0	2	1	0	0	0	1	0	0	0	0	0	0	1	2	1	0	0	0	0	0	0	0	2	3	0	0
zOTU_3655	0	2	2	4	0	1	0	1	0	0	0	0	1	0	1	0	1	0	1	1	0	0	0	3	2	1	0	0	0	2	0	0	0	0	2	0	4	0	1	0	2	0	0	0	0	0	1	1
zOTU_3656	2	1	1	1	1	0	0	3	0	0	1	0	1	3	2	2	0	6	3	1	0	2	1	1	1	1	3	0	0	0	0	0	1	1	2	0	2	6	2	0	2	2	1	0	0	0	1	0
zOTU_3657	0	0	0	0	0	0	0	0	0	0	0	0	0	0	0	0	3	4	6	5	2	0	2	2	2	0	0	1	0	1	0	0	0	0	0	0	0	1	0	0	0	0	0	1	0	0	0	0
zOTU_3658	0	0	0	0	3	0	2	0	0	1	1	0	2	0	0	0	0	1	1	0	1	1	2	1	2	0	0	0	0	1	0	0	0	0	0	1	1	1	1	1	3	1	0	1	0	0	0	0
zOTU_3659	0	0	1	0	0	0	0	1	0	0	0	0	2	0	1	1	0	0	2	0	0	1	6	2	3	0	2	0	0	0	0	0	1	0	0	1	0	0	0	0	1	0	0	0	0	0	6	0
zOTU_366	47	24	11	21	94	18	8	14	51	11	12	5	13	44	56	11	21	59	35	3	8	48	28	22	3	16	51	31	10	8	0	8	26	8	23	36	35	3	22	52	47	7	10	6	22	22	7	19
zOTU_3660	0	0	0	0	0	3	1	0	0	0	0	0	0	0	0	2	0	0	0	0	0	0	0	3	2	0	0	0	0	0	0	0	0	1	0	0	2	2	0	0	3	1	0	0	0	2	0	0
zOTU_3661	1	0	0	0	0	1	0	0	1	0	0	0	0	1	0	5	0	0	0	0	0	2	1	0	0	0	0	0	0	0	0	0	1	1	0	0	0	2	0	0	1	3	1	0	0	0	2	0
zOTU_3662	0	0	0	0	0	0	2	0	0	0	1	0	0	0	0	1	0	1	0	0	1	0	0	1	0	1	1	1	0	0	0	0	0	0	3	0	3	0	1	0	0	0	0	0	1	1	0	0
zOTU_3663	2	0	0	0	0	0	0	0	0	0	0	1	0	0	2	0	0	0	0	0	0	1	3	1	1	0	2	1	0	0	0	0	0	0	1	1	1	0	0	2	2	0	0	0	2	2	0	0
zOTU_3664	0	0	0	0	0	4	3	0	0	0	0	0	0	0	1	1	0	0	0	1	0	0	0	0	0	0	0	0	0	0	0	0	1	1	2	0	0	1	1	0	0	0	0	0	0	2	3	0
zOTU_3665	0	0	0	0	0	1	1	0	0	1	0	0	1	0	0	3	0	0	1	3	0	0	0	1	0	0	0	0	2	0	0	0	0	1	1	0	0	3	0	0	2	0	1	0	0	0	3	0
zOTU_3666	0	0	0	0	0	1	1	0	0	3	0	0	0	0	2	0	1	0	1	0	1	0	0	2	0	0	1	0	0	0	0	0	0	1	0	0	1	0	0	0	0	0	0	1	0	0	0	0
zOTU_3667	0	1	0	0	0	0	0	0	0	0	0	0	0	1	0	1	0	0	0	1	2	0	0	0	0	0	0	2	0	0	0	0	0	0	0	0	0	2	0	0	0	0	0	1	1	0	3	0
zOTU_3668	0	1	2	1	0	0	1	0	0	1	1	0	0	0	1	0	0	1	0	0	1	0	0	2	0	1	0	1	0	0	0	0	0	1	0	0	2	0	0	0	1	0	0	0	0	1	1	0
zOTU_3669	1	0	1	3	0	0	3	0	0	0	0	1	0	0	0	0	0	0	0	0	1	0	5	0	3	0	0	0	0	1	0	0	0	2	1	0	0	0	0	0	0	1	0	4	0	0	10	0
zOTU_367	4	13	16	55	11	29	12	16	11	26	27	19	22	10	53	19	4	3	31	40	1	12	4	27	25	4	3	39	14	2	0	1	12	36	25	5	19	27	28	9	14	33	19	28	5	22	9	24
zOTU_3670	0	1	1	0	0	0	0	0	0	1	0	0	0	0	0	3	0	0	0	0	1	0	0	0	0	0	0	0	0	2	0	0	0	0	4	0	1	2	2	0	0	1	0	0	0	0	0	0
zOTU_3671	0	1	0	0	0	0	1	0	0	1	0	1	0	0	1	0	0	0	2	1	0	0	0	1	1	0	0	0	1	0	0	0	1	4	0	0	1	0	0	0	2	2	0	0	0	1	1	0
zOTU_3672	0	0	0	0	1	1	3	1	0	0	2	0	0	1	2	2	0	0	0	3	0	3	0	0	0	1	4	0	1	0	0	0	0	1	2	1	1	5	1	1	2	2	0	0	2	0	0	1
zOTU_3673	0	0	0	0	0	0	0	0	0	0	0	0	0	0	0	0	0	0	0	0	0	0	2	1	1	0	1	1	0	0	0	0	0	4	0	0	1	1	1	0	0	0	0	0	0	0	2	0
zOTU_3674	0	3	0	0	0	0	0	0	0	0	0	0	0	0	2	0	1	0	0	1	0	0	0	0	2	0	0	1	0	0	0	0	1	0	0	0	1	1	0	0	1	0	1	0	0	2	0	0
zOTU_3675	0	0	0	0	0	1	1	1	1	0	0	0	0	1	0	1	0	1	0	0	0	0	0	0	0	0	0	0	1	0	0	0	1	0	1	0	1	0	2	0	0	3	0	0	0	1	0	2
zOTU_3676	0	0	2	0	0	0	0	0	0	3	0	0	0	0	0	1	0	0	0	0	4	0	0	2	0	0	0	2	1	0	0	0	1	0	0	0	1	1	0	0	1	0	0	1	0	0	0	0
zOTU_3677	0	0	0	0	0	0	0	0	0	0	0	0	0	1	1	0	2	2	2	0	0	0	0	0	0	0	2	0	1	0	0	0	0	0	0	0	2	1	1	1	0	1	0	1	0	1	1	2
zOTU_3678	1	0	0	0	0	1	0	0	0	0	1	0	0	0	2	1	1	1	1	0	2	1	0	0	0	2	0	1	0	1	0	0	0	0	0	0	0	0	1	0	1	0	0	0	1	0	0	0
zOTU_3679	0	0	0	0	0	0	2	0	0	0	0	0	0	1	2	0	1	0	0	1	0	1	1	1	0	0	0	0	0	0	0	0	0	0	0	0	0	0	0	1	1	2	0	0	3	0	1	1
zOTU_368	24	15	10	36	43	26	21	20	16	16	14	0	15	20	17	4	44	23	15	12	30	27	41	63	15	24	27	35	5	24	0	2	17	23	34	15	29	12	17	16	27	13	7	20	30	31	24	26
zOTU_3680	1	0	0	0	0	1	0	0	0	1	0	0	0	2	0	0	0	0	0	0	0	0	1	1	0	0	2	0	0	0	0	0	0	0	0	3	0	1	0	1	0	0	0	0	1	2	0	0
zOTU_3681	0	1	0	4	0	3	0	0	0	0	0	0	1	0	0	1	0	0	2	0	1	0	0	1	0	0	0	0	0	3	0	0	0	0	0	0	0	2	3	0	0	0	0	0	0	1	0	2
zOTU_3682	0	1	0	0	1	1	0	0	0	0	0	0	0	0	0	0	0	0	0	0	0	2	1	1	0	0	0	1	0	1	0	0	0	0	0	1	3	0	0	0	2	0	0	1	1	0	0	0
zOTU_3683	0	0	0	0	0	0	0	0	0	0	0	0	0	0	0	3	0	0	0	0	0	0	0	0	5	0	0	1	0	0	0	0	0	0	0	0	0	2	0	0	0	0	2	0	0	0	8	0
zOTU_3684	0	0	0	0	0	0	0	0	0	0	0	0	1	0	0	1	0	0	0	2	0	0	0	0	4	0	0	0	0	0	0	0	0	1	0	0	0	0	0	0	0	0	1	0	0	0	9	0
zOTU_3685	0	0	0	0	0	0	0	0	0	0	0	0	0	0	0	0	0	0	0	6	0	0	0	4	3	0	0	0	0	0	0	0	0	0	0	0	0	3	0	0	0	2	0	0	0	0	0	0
zOTU_3686	0	2	0	0	0	0	2	0	0	0	0	0	0	0	2	0	0	0	1	1	0	0	0	0	1	0	0	0	0	0	0	0	0	4	0	0	1	3	0	0	0	2	0	0	0	0	4	0
zOTU_3687	0	0	0	0	0	2	1	0	1	0	0	0	0	0	0	2	1	0	0	2	1	0	0	0	3	0	0	0	1	0	0	0	0	2	2	0	1	0	1	0	0	3	0	0	0	0	0	0
zOTU_3688	0	1	0	0	0	0	0	0	0	0	0	1	2	0	0	0	0	0	0	0	0	0	2	0	0	0	2	1	0	0	0	0	1	1	0	0	1	0	1	0	3	1	1	1	1	0	1	1
zOTU_3689	0	0	0	0	2	0	0	0	0	0	0	0	0	0	0	0	0	0	2	1	1	1	2	0	0	0	0	1	0	1	0	0	0	0	1	0	0	0	0	1	0	1	0	0	0	1	0	0
zOTU_369	16	9	17	12	42	15	4	8	35	12	10	10	19	33	48	71	23	39	40	44	0	19	19	21	13	17	37	18	22	6	1	0	50	34	19	16	55	64	12	27	36	65	26	4	6	12	10	16
zOTU_3690	0	0	0	0	0	0	1	0	0	0	0	2	0	0	0	0	0	0	0	3	0	0	0	1	0	0	0	0	0	0	0	0	1	2	0	0	0	4	0	0	0	1	1	0	0	0	2	0
zOTU_3691	0	0	0	0	0	0	0	0	0	0	0	0	0	2	0	0	0	1	0	1	2	1	0	1	2	0	1	0	1	0	0	0	0	0	0	1	1	0	0	0	1	0	0	1	0	0	0	0
zOTU_3692	0	0	0	1	0	0	0	0	0	0	0	0	1	0	0	0	1	0	0	0	0	0	0	0	0	1	0	0	1	0	0	0	0	0	4	0	1	0	0	0	0	0	1	2	0	0	1	0
zOTU_3693	0	0	0	0	0	1	2	0	0	0	0	0	2	0	2	1	0	0	1	1	0	0	0	3	2	0	0	1	0	0	0	0	1	0	0	0	0	0	0	0	0	0	0	0	0	1	0	0
zOTU_3694	0	0	0	1	1	0	1	1	1	1	0	1	0	0	0	0	1	0	0	0	0	0	1	1	0	1	3	1	0	0	0	0	1	1	2	1	0	0	0	0	0	1	1	2	1	0	1	0
zOTU_3695	0	1	0	1	0	0	0	0	3	1	0	0	1	0	2	1	3	0	1	0	0	0	1	3	0	1	1	3	0	3	0	0	1	0	1	0	5	0	1	0	2	0	1	0	0	1	0	0
zOTU_3696	0	0	0	0	0	1	0	0	0	0	0	0	0	0	0	1	0	0	0	0	0	0	4	1	0	0	0	1	0	0	0	0	1	1	0	0	0	1	0	2	0	0	0	0	0	1	2	0
zOTU_3697	0	1	1	0	0	1	1	0	0	1	0	0	0	0	5	0	0	0	0	0	0	0	0	0	1	0	0	0	0	0	0	0	2	1	0	0	0	0	0	0	1	0	2	1	0	0	1	0
zOTU_3698	0	0	0	0	0	0	0	0	0	0	1	0	0	0	1	3	0	0	1	1	0	0	0	1	0	0	0	1	0	0	0	0	2	0	2	0	2	2	2	0	0	0	1	0	0	1	0	0
zOTU_3699	1	0	2	1	0	1	0	0	0	0	0	2	0	1	0	0	1	0	0	0	1	0	0	0	0	0	0	0	0	1	0	0	0	0	1	0	0	0	0	1	0	0	0	0	0	0	1	0
zOTU_37	11	155	152	374	18	281	225	214	9	69	518	120	372	12	332	592	503	78	372	572	236	8	81	272	321	369	49	362	398	136	0	41	271	592	307	23	409	498	109	19	375	382	238	416	3	167	141	575
zOTU_370	10	15	14	56	68	23	9	20	30	3	15	8	18	118	21	19	17	31	20	23	6	22	19	45	10	24	45	16	15	17	0	0	24	6	51	46	61	18	29	18	50	12	8	9	9	27	7	20
zOTU_3700	0	0	0	2	1	1	0	0	0	0	0	0	1	0	1	0	1	0	0	0	0	0	0	0	1	0	0	0	0	0	0	0	1	0	1	0	1	0	2	1	1	0	0	3	1	0	0	0
zOTU_3701	1	1	0	0	0	1	0	0	0	1	0	1	0	0	6	0	1	4	1	0	0	1	0	2	0	1	1	0	0	1	0	0	1	2	0	0	1	1	1	2	2	0	1	0	0	1	0	0
zOTU_3702	0	0	1	0	0	0	0	0	0	0	0	0	0	0	2	0	0	0	0	1	0	0	0	0	0	0	0	0	0	0	0	0	0	2	1	0	0	3	4	0	1	0	1	0	0	0	2	0
zOTU_3703	1	0	0	0	0	1	0	0	0	1	0	2	0	0	1	1	1	0	1	1	0	0	0	0	1	1	1	2	1	0	0	0	0	3	0	0	0	2	0	0	1	0	0	0	0	1	0	0
zOTU_3704	0	3	1	3	1	0	1	1	1	0	0	1	1	1	3	1	1	2	2	0	1	0	0	5	2	0	0	1	0	0	0	0	1	1	1	0	3	1	1	1	4	0	0	0	2	1	3	1
zOTU_3705	0	0	0	0	0	1	1	0	0	0	0	0	0	0	0	1	0	1	0	0	2	0	0	1	0	0	0	1	0	1	0	0	0	1	0	0	0	0	0	0	1	1	0	2	0	0	1	1
zOTU_3706	0	0	0	0	4	0	0	0	1	0	0	0	0	6	1	0	1	0	1	0	0	0	0	0	0	0	0	0	0	0	0	0	0	0	0	0	0	0	0	0	0	0	0	0	1	0	1	0
zOTU_3707	1	0	0	0	5	0	0	0	5	0	0	0	0	1	0	0	0	0	0	0	0	2	0	0	0	0	0	0	0	0	0	0	0	0	0	0	0	0	0	1	0	0	0	0	4	0	0	0
zOTU_3708	0	1	0	0	0	1	0	0	1	1	0	0	0	0	0	0	0	0	0	0	0	0	0	2	0	0	0	1	0	0	0	0	4	0	0	0	1	0	0	1	1	0	0	0	0	2	0	0
zOTU_3709	0	0	0	0	2	0	0	0	0	0	0	0	0	0	0	1	0	0	0	0	0	0	1	1	1	0	0	0	0	0	0	9	0	1	0	0	1	0	0	0	0	0	0	0	0	0	1	0
zOTU_371	12	3	8	45	83	21	7	13	50	5	22	4	20	65	34	12	24	51	38	17	18	19	15	29	7	31	36	19	12	16	1	2	29	11	47	55	67	31	42	38	60	12	4	10	10	6	6	14
zOTU_3710	0	0	0	0	2	0	0	0	0	0	0	0	0	0	0	1	0	2	0	0	0	1	0	0	0	0	1	1	0	0	0	0	2	0	0	0	2	0	0	0	2	0	0	0	1	1	0	0
zOTU_3711	0	0	1	0	0	0	0	1	0	0	0	0	0	2	0	0	1	0	0	0	0	0	1	1	1	0	0	0	0	0	0	0	0	1	1	2	0	0	1	0	0	0	0	0	2	0	0	0
zOTU_3712	1	0	0	0	5	0	0	0	0	1	0	0	0	0	0	0	0	0	0	0	0	0	0	0	0	0	1	0	0	0	0	0	0	0	0	0	1	0	0	0	0	0	0	0	0	1	0	0
zOTU_3713	0	0	0	0	0	0	0	0	0	0	0	1	0	0	1	0	0	0	1	0	0	0	2	1	1	0	1	1	0	0	0	0	0	1	0	0	0	0	0	0	0	1	0	0	0	1	1	0
zOTU_3714	0	1	0	0	0	0	0	0	0	1	1	0	5	0	0	2	0	1	1	2	0	1	0	0	0	1	1	3	0	1	0	0	0	0	1	1	2	0	0	0	4	0	0	2	1	3	0	0
zOTU_3715	0	0	0	0	2	1	0	0	3	0	0	0	1	0	2	0	0	0	1	1	0	1	3	2	0	0	0	0	0	0	0	0	2	0	0	2	1	0	1	0	2	0	0	0	0	1	0	0
zOTU_3716	0	0	0	1	2	0	0	0	0	0	1	1	1	3	0	0	0	0	0	2	3	2	1	2	1	0	0	0	0	0	0	0	0	0	0	0	0	0	0	0	2	1	0	0	1	0	1	0
zOTU_3717	0	1	2	1	0	0	0	0	1	1	0	1	0	0	0	0	1	0	1	0	0	0	2	2	2	1	2	0	1	0	0	0	0	2	1	2	1	0	0	0	2	0	0	0	2	2	0	0
zOTU_3718	0	0	0	0	0	0	0	0	0	0	0	0	0	0	1	0	0	0	0	0	0	0	0	0	0	0	1	0	0	0	0	0	0	0	0	0	4	0	0	1	0	0	0	0	0	0	0	0
zOTU_3719	0	0	0	0	0	0	0	0	0	0	1	2	1	0	1	0	4	0	0	2	0	0	0	2	0	4	0	0	1	1	0	0	0	1	2	0	1	1	2	0	0	0	0	0	0	1	0	0
zOTU_372	7	22	7	6	19	15	27	12	29	18	6	56	11	33	24	36	20	9	16	16	22	23	16	16	30	20	7	21	10	26	0	0	24	48	47	8	31	50	23	11	25	38	16	17	38	32	45	9
zOTU_3720	1	1	1	0	1	0	1	0	0	0	0	0	1	0	0	1	0	0	0	4	0	0	0	0	0	2	0	1	1	0	0	0	0	0	0	1	0	5	1	0	0	0	0	0	0	0	1	0
zOTU_3721	0	0	2	0	0	0	1	0	0	0	0	1	0	0	0	1	0	0	0	2	0	0	0	0	1	0	0	0	2	0	0	0	0	1	0	0	0	4	0	0	0	2	10	0	0	0	0	0
zOTU_3722	0	0	0	0	1	0	0	1	1	0	0	0	0	0	0	0	0	0	0	0	0	0	0	1	0	1	2	1	0	1	0	0	2	0	2	0	2	0	1	1	0	0	0	0	0	0	0	0
zOTU_3723	0	0	0	0	0	0	0	0	0	1	0	0	0	0	0	2	1	0	0	1	0	0	0	0	0	1	0	1	0	0	0	0	0	1	2	0	2	0	0	0	1	0	3	0	0	0	0	0
zOTU_3724	0	0	3	0	0	0	0	0	0	0	0	1	0	0	0	1	0	0	0	1	0	0	0	0	4	0	0	0	0	0	0	0	0	5	0	0	0	1	0	0	0	1	1	0	0	0	4	0
zOTU_3725	0	0	0	1	0	0	0	1	0	0	0	0	3	0	0	0	0	0	1	0	0	0	0	0	0	0	0	0	0	0	0	0	0	0	9	1	0	0	1	0	0	0	0	0	0	0	0	2
zOTU_3726	0	0	0	1	0	1	0	0	0	0	0	1	0	0	0	1	0	0	0	0	0	0	0	3	1	0	0	2	0	0	0	0	0	0	0	0	0	1	0	0	0	1	0	0	0	0	2	0
zOTU_3727	0	1	0	0	0	0	0	0	0	0	0	1	0	3	1	1	0	0	0	0	2	2	1	1	0	0	0	0	0	0	0	0	1	1	2	0	2	2	0	0	0	2	2	0	3	0	1	0
zOTU_3728	0	0	1	0	0	0	0	0	0	0	0	0	0	0	0	0	0	0	0	7	0	0	0	0	1	0	0	0	3	0	0	0	0	1	0	0	0	4	0	0	0	0	3	0	0	0	0	0
zOTU_3729	0	0	0	0	0	0	1	0	0	0	0	0	0	0	1	2	0	0	2	1	0	0	0	0	0	0	0	0	0	0	0	0	0	1	3	0	0	0	0	0	0	1	2	0	0	1	0	0
zOTU_373	16	9	8	22	63	13	2	11	40	14	17	7	32	13	28	13	20	69	36	14	24	29	22	27	3	20	32	21	6	18	1	10	10	10	47	53	22	18	40	28	34	15	9	10	13	14	7	12
zOTU_3730	0	0	0	0	0	2	0	0	0	1	0	0	1	2	2	2	0	0	2	0	0	0	0	4	0	1	0	0	1	0	0	0	1	3	0	0	1	1	0	0	0	1	0	0	0	0	1	0
zOTU_3731	1	1	2	2	7	4	0	0	0	0	4	1	2	9	5	9	6	3	9	6	0	2	1	1	6	3	3	0	2	1	0	0	4	3	5	1	5	7	0	1	2	7	5	1	1	0	2	4
zOTU_3732	0	0	0	0	0	0	0	0	0	0	0	0	0	0	0	0	0	0	0	8	0	0	0	0	1	0	0	0	1	0	0	0	0	2	0	0	0	6	0	0	0	3	0	0	0	0	0	0
zOTU_3733	1	0	0	1	0	1	0	0	0	0	0	0	1	0	0	0	2	0	2	1	3	0	1	2	1	1	1	0	0	0	0	0	0	0	1	0	0	0	1	0	0	0	0	1	1	2	1	0
zOTU_3734	0	1	0	0	2	0	0	0	0	0	0	0	0	3	0	1	0	0	0	0	0	1	1	0	1	0	0	1	0	1	0	0	0	0	0	1	1	0	0	0	0	0	0	1	0	1	0	0
zOTU_3735	0	1	0	0	0	0	2	0	0	0	0	0	0	0	0	1	1	0	0	2	1	0	0	0	2	0	0	0	4	0	0	0	0	2	1	0	0	1	0	0	2	2	0	0	0	1	3	0
zOTU_3736	0	0	2	0	0	0	3	0	0	0	0	1	0	0	1	5	2	0	0	0	0	0	1	2	2	0	0	1	0	0	0	0	1	2	0	0	0	4	0	0	0	2	2	0	0	0	1	0
zOTU_3737	0	0	0	0	0	0	0	0	0	0	0	0	0	0	0	3	0	0	1	0	0	0	0	0	0	1	0	0	0	0	0	0	0	0	2	0	1	2	0	0	0	2	2	0	1	0	0	0
zOTU_3738	0	0	1	0	0	0	0	0	0	1	0	0	0	0	2	0	0	1	1	0	0	0	1	0	0	0	0	0	0	0	0	0	0	1	0	0	4	0	0	1	2	0	0	0	0	0	0	0
zOTU_3739	2	2	0	2	0	2	1	1	0	0	1	0	0	0	0	1	0	2	0	0	1	0	0	3	0	1	0	0	1	0	0	0	0	0	2	2	1	1	0	0	0	0	1	0	1	0	0	0
zOTU_374	19	14	7	30	31	12	4	20	28	15	19	11	22	20	35	4	13	26	23	8	13	12	60	28	13	23	29	42	5	7	0	0	17	4	32	34	29	10	24	38	42	10	4	29	23	19	3	7
zOTU_3740	0	1	0	1	0	1	0	0	0	0	0	0	1	1	0	0	0	0	0	0	2	2	0	0	0	1	0	0	0	2	0	0	2	0	0	0	0	0	0	0	0	0	0	3	0	0	0	0
zOTU_3741	0	0	1	0	0	0	0	0	0	0	0	0	0	0	0	1	1	0	0	1	0	0	0	1	0	1	0	0	0	0	0	0	0	3	0	0	0	0	0	0	2	0	1	0	0	1	0	0
zOTU_3742	0	2	0	0	0	0	0	0	0	0	0	0	0	0	1	0	0	0	2	0	0	0	0	0	0	0	0	2	0	0	0	0	0	0	0	0	2	2	0	0	1	0	0	0	0	5	0	0
zOTU_3743	0	0	1	0	0	0	2	0	0	0	0	0	0	0	0	0	0	0	0	0	3	0	1	0	1	0	0	0	0	0	0	0	0	0	0	0	2	0	0	0	0	0	1	0	2	0	1	1
zOTU_3744	0	0	0	0	0	0	0	0	0	0	0	0	0	0	1	1	0	0	0	0	1	1	0	0	0	0	0	0	1	0	0	0	0	1	1	1	0	0	1	1	0	0	0	0	0	0	1	0
zOTU_3745	1	1	0	0	1	1	2	0	0	1	0	0	0	1	0	0	0	0	0	2	0	0	1	1	1	0	0	1	0	0	0	0	0	0	0	0	0	0	0	0	0	0	0	1	5	0	2	0
zOTU_3746	0	1	0	0	0	0	0	0	0	0	0	3	0	2	0	1	1	1	1	3	0	1	0	0	3	0	0	0	1	0	0	0	0	2	3	0	0	2	0	1	2	2	2	0	1	0	3	0
zOTU_3747	0	2	0	0	0	0	2	0	0	0	0	6	0	0	1	2	0	0	1	0	0	0	0	2	0	0	0	3	0	0	0	0	0	3	0	0	0	2	0	0	0	0	0	0	0	0	0	0
zOTU_3748	0	0	0	0	0	0	1	0	0	0	0	1	1	0	0	0	0	0	0	0	0	0	0	0	2	0	0	0	1	0	0	0	0	2	0	0	0	0	0	0	0	2	1	0	4	0	2	0
zOTU_3749	0	0	0	1	1	0	0	0	0	0	0	0	1	0	1	0	0	0	0	0	0	0	2	0	0	0	1	1	0	0	0	0	0	1	0	1	0	0	1	0	3	0	0	1	0	0	0	0
zOTU_375	17	18	18	34	30	10	26	27	23	23	11	22	16	10	27	22	23	28	26	30	5	28	37	21	16	21	16	29	11	13	0	2	23	24	38	27	34	22	22	15	31	20	13	18	22	24	21	4
zOTU_3750	0	0	0	0	0	1	0	0	0	0	0	1	1	0	1	0	0	0	1	0	3	0	0	1	1	0	0	1	0	0	0	0	2	1	0	0	0	0	0	0	0	0	0	0	0	0	1	1
zOTU_3751	0	0	2	0	0	0	4	0	0	1	0	2	0	0	0	6	1	1	4	2	0	0	0	2	1	0	0	4	2	1	0	0	0	1	1	0	1	3	0	0	1	2	2	0	0	0	0	0
zOTU_3752	0	0	0	0	0	1	0	1	0	0	1	0	0	0	0	0	0	0	1	0	0	0	0	0	0	0	0	0	0	1	0	0	1	0	1	0	0	0	2	0	1	0	0	2	0	1	0	1
zOTU_3753	0	2	1	0	0	3	1	0	0	1	1	1	3	0	4	3	1	0	1	0	1	0	0	1	0	0	0	1	0	0	0	0	1	0	0	0	2	2	0	0	0	0	0	2	0	1	1	0
zOTU_3754	2	1	0	0	0	0	0	0	0	0	0	0	0	0	0	0	0	0	0	0	0	1	2	0	1	0	3	0	0	0	0	0	1	0	0	1	0	0	1	1	1	0	0	0	2	0	0	0
zOTU_3755	0	0	0	1	0	0	1	0	0	0	0	0	0	0	0	1	1	0	0	0	0	0	0	0	3	0	0	1	0	0	0	0	2	0	1	0	0	0	0	0	0	1	2	0	0	0	0	0
zOTU_3756	2	0	0	0	1	0	0	0	0	1	0	1	0	0	0	3	1	0	0	0	0	2	2	0	0	0	0	0	0	0	0	0	0	0	1	2	0	0	0	0	3	1	0	0	0	1	0	0
zOTU_3757	0	0	1	1	0	1	0	0	0	0	0	0	0	0	1	0	0	0	0	0	0	0	0	0	0	0	0	1	0	0	0	0	1	0	0	0	0	1	0	0	1	2	1	0	0	2	0	0
zOTU_3758	0	1	0	0	0	0	0	0	0	1	0	0	0	0	0	1	0	1	0	2	0	0	0	1	0	2	0	1	0	1	0	0	0	0	1	0	2	0	3	0	0	0	0	0	0	0	0	0
zOTU_3759	0	0	0	2	0	0	0	0	0	0	0	0	0	0	3	0	0	0	1	0	0	0	0	1	0	0	0	2	0	1	0	0	1	0	0	0	3	0	0	0	1	0	0	0	0	0	0	0
zOTU_376	24	18	3	26	49	33	6	16	45	12	10	5	29	47	40	17	25	37	21	18	4	24	23	25	4	26	34	31	17	8	0	0	26	25	41	19	31	28	17	41	38	30	5	2	13	13	4	20
zOTU_3760	0	0	0	0	0	0	2	0	0	0	0	1	0	0	0	1	0	0	0	0	0	0	0	0	0	0	0	0	0	0	0	0	0	0	0	0	0	0	0	0	0	3	2	0	0	0	9	0
zOTU_3761	0	0	1	0	1	0	0	1	0	0	1	0	0	0	0	0	0	0	0	0	0	0	0	0	0	0	0	0	2	0	0	0	0	2	2	0	0	0	3	0	1	1	0	0	1	0	0	0
zOTU_3762	0	0	1	2	0	0	0	0	0	0	1	0	0	0	0	1	0	0	0	2	0	0	0	2	1	0	0	0	0	0	0	0	0	1	0	0	0	0	0	0	0	0	1	2	0	0	3	2
zOTU_3763	0	0	0	0	0	0	0	0	0	1	0	0	0	0	0	2	1	0	0	1	0	0	0	0	3	0	2	1	1	0	0	0	0	2	0	0	1	3	1	0	0	3	0	0	0	1	0	0
zOTU_3764	0	1	0	0	0	1	0	0	0	0	0	0	0	0	0	0	0	0	0	1	0	0	0	1	1	0	0	0	1	0	0	0	0	0	0	0	0	1	0	0	2	0	0	2	0	1	2	0
zOTU_3765	0	1	0	1	0	0	0	0	0	0	0	0	1	0	0	3	1	0	0	0	0	0	0	0	0	0	0	1	1	0	0	0	0	2	0	0	0	1	0	0	0	3	0	0	0	0	0	0
zOTU_3766	2	0	2	0	0	0	1	0	1	0	0	0	0	1	1	2	0	1	0	1	0	0	2	0	3	0	0	0	0	0	0	0	0	0	0	0	0	3	0	1	0	0	0	0	1	1	3	0
zOTU_3767	1	0	0	2	0	1	0	1	0	1	0	1	0	0	0	0	0	2	0	1	1	0	1	0	0	1	0	0	0	0	0	0	0	0	0	2	0	2	0	0	1	0	0	0	0	0	1	1
zOTU_3768	0	1	0	1	2	0	0	1	1	2	0	0	1	0	0	0	0	0	2	0	0	3	1	0	0	0	0	0	0	1	0	0	0	0	1	0	0	0	0	1	0	0	0	0	0	0	0	0
zOTU_3769	0	0	1	1	0	0	0	0	0	0	0	0	0	0	1	0	0	0	1	0	0	0	0	0	0	0	0	1	0	0	0	0	0	0	0	0	2	0	0	0	1	0	0	0	0	2	0	0
zOTU_377	11	20	20	21	35	21	11	20	21	9	7	11	43	27	45	45	15	26	31	34	6	34	37	34	24	15	18	31	25	5	0	0	28	33	21	4	44	27	19	14	66	20	27	13	19	11	21	8
zOTU_3770	1	0	0	1	1	2	1	0	1	0	0	0	1	1	0	0	0	0	0	0	0	2	0	1	0	0	0	0	0	0	0	0	0	1	0	0	0	1	0	0	0	0	0	0	2	0	0	0
zOTU_3771	0	0	0	0	0	0	0	0	0	0	0	1	0	0	2	0	0	0	0	0	0	1	0	0	0	1	0	2	0	0	0	0	1	0	0	1	0	0	0	0	2	1	0	1	0	0	2	0
zOTU_3772	0	1	0	0	0	0	0	0	0	0	0	1	0	0	2	0	0	0	4	1	0	0	0	3	2	0	0	6	0	0	0	0	0	1	0	0	2	0	0	0	1	0	0	0	0	4	1	0
zOTU_3773	0	0	0	0	0	0	1	1	0	0	1	3	0	0	0	0	0	0	0	1	1	0	0	0	1	0	0	0	0	1	0	0	0	1	2	2	0	2	0	0	0	1	0	2	2	0	1	1
zOTU_3774	0	1	0	0	0	0	0	0	0	1	0	0	0	0	1	0	0	0	3	0	0	0	0	0	0	1	0	0	0	1	0	0	0	0	1	0	4	0	0	0	4	0	0	0	0	0	0	0
zOTU_3775	0	0	0	0	0	0	1	0	0	0	0	2	0	0	0	2	0	0	0	0	0	0	0	0	3	0	0	0	0	0	0	0	0	3	0	0	0	2	0	0	0	1	0	0	0	0	5	0
zOTU_3776	1	0	0	0	1	0	0	0	1	1	0	0	0	0	0	0	2	1	0	0	3	0	0	1	0	1	0	0	1	0	0	0	0	1	0	0	0	0	0	0	1	0	0	0	0	1	0	0
zOTU_3777	1	0	0	1	1	0	0	1	1	0	0	0	0	1	0	0	2	0	0	0	0	0	1	0	0	0	0	0	0	1	0	0	0	0	0	4	0	0	1	0	0	0	0	0	0	0	0	0
zOTU_3778	0	0	0	2	1	0	0	0	0	0	0	0	0	0	2	1	0	1	1	0	0	1	0	0	0	0	0	0	0	0	0	0	2	0	0	0	0	1	0	0	1	0	0	0	0	0	0	0
zOTU_3779	0	0	0	0	0	1	0	2	0	0	0	0	3	0	1	2	0	0	0	0	0	0	0	1	0	0	0	3	0	0	0	0	0	0	0	0	0	0	0	0	0	0	1	0	0	0	2	0
zOTU_378	15	12	21	14	35	29	16	11	16	5	11	10	22	34	27	72	26	24	30	53	5	28	14	22	16	30	23	21	26	11	0	0	27	47	32	12	27	56	9	9	22	52	38	4	13	10	19	14
zOTU_3780	0	0	0	0	0	1	0	0	0	1	0	0	0	0	2	0	4	0	1	0	0	1	0	0	2	1	0	1	0	0	0	0	0	1	0	0	3	2	0	0	1	1	0	0	0	1	1	0
zOTU_3781	0	0	0	0	0	0	2	0	0	0	0	0	0	0	1	0	0	1	1	3	0	0	2	0	0	0	0	0	1	0	0	0	0	0	1	0	0	0	1	0	0	0	0	0	0	1	0	0
zOTU_3782	2	2	0	0	1	0	1	0	0	1	0	0	0	0	1	1	0	0	1	0	0	1	1	2	0	0	0	2	0	0	0	0	1	0	0	1	0	0	0	1	0	0	0	0	1	0	0	0
zOTU_3783	0	0	0	0	3	0	0	0	0	0	0	0	2	2	1	0	3	0	2	0	0	0	0	0	0	0	2	0	0	0	0	0	0	0	1	0	0	0	0	0	0	0	1	0	3	0	0	0
zOTU_3784	1	0	0	0	0	0	0	0	1	0	0	0	0	0	0	0	0	2	1	0	0	1	1	0	0	0	1	4	0	0	0	0	0	0	0	2	0	0	0	0	1	0	0	0	2	1	0	0
zOTU_3785	0	0	1	0	0	0	1	0	0	1	0	2	0	0	0	2	0	0	0	4	0	0	0	1	1	0	0	2	0	0	0	0	0	0	0	0	0	1	0	0	0	0	0	0	0	0	1	0
zOTU_3786	0	0	0	0	2	1	0	0	0	0	0	0	0	0	0	1	0	0	0	0	0	2	0	0	0	0	0	0	0	0	0	0	3	0	0	0	0	2	0	0	1	1	0	0	1	0	0	0
zOTU_3787	0	1	0	0	0	0	0	0	0	0	0	0	0	0	2	0	0	0	1	0	0	0	0	1	0	0	0	1	0	2	0	0	1	0	0	0	2	0	0	0	2	0	0	0	0	2	0	0
zOTU_3788	1	0	0	0	1	0	0	0	1	0	0	0	0	0	0	0	1	1	2	0	0	1	2	0	0	0	0	0	0	0	0	0	0	0	0	0	0	2	0	2	0	0	0	0	0	1	1	0
zOTU_3789	0	0	0	0	1	0	0	0	0	0	0	1	0	0	0	0	1	2	0	2	0	0	3	0	0	0	0	0	1	0	0	0	0	1	0	0	0	0	0	0	0	0	1	0	1	0	0	0
zOTU_379	10	12	3	29	74	10	10	8	25	6	11	3	6	58	12	14	26	54	24	23	23	17	30	18	18	19	21	13	6	16	0	0	12	3	119	17	40	35	28	22	19	27	9	6	14	19	14	20
zOTU_3790	0	0	0	0	0	1	3	0	0	0	0	0	0	0	0	2	0	0	0	0	1	0	0	0	2	0	0	0	1	0	0	0	0	5	1	0	0	5	0	0	0	0	0	1	0	0	1	0
zOTU_3791	0	0	0	0	0	0	0	0	0	0	0	0	0	0	0	0	0	0	0	0	0	0	0	0	0	0	0	0	0	0	0	0	0	0	0	0	0	0	0	0	0	0	0	0	0	0	1	0
zOTU_3792	0	1	1	0	0	0	0	0	0	1	0	1	0	1	1	0	0	0	0	0	0	0	1	2	0	0	0	0	0	0	0	0	0	0	0	1	1	0	0	0	0	0	0	0	1	0	0	0
zOTU_3793	0	0	1	2	0	0	0	0	0	0	1	0	2	0	0	2	0	0	1	0	0	0	0	2	1	1	0	0	0	0	0	0	0	4	0	0	0	1	1	1	0	1	0	0	0	0	1	0
zOTU_3794	1	0	0	1	0	1	2	0	0	0	0	0	0	2	2	0	1	0	1	0	0	0	0	0	0	1	1	0	0	1	0	0	0	0	0	0	0	1	0	0	1	0	0	1	1	0	1	1
zOTU_3795	0	0	0	0	0	0	1	0	0	1	0	1	0	0	0	2	0	0	0	0	0	0	0	0	3	0	0	0	0	0	0	0	1	0	0	0	0	1	0	0	1	0	1	0	0	0	2	0
zOTU_3796	0	1	0	1	0	4	0	0	0	0	0	0	0	0	1	0	0	0	1	0	0	0	0	3	0	0	0	2	0	0	0	0	0	0	1	0	1	0	0	0	2	1	0	0	0	2	0	1
zOTU_3797	0	0	0	0	0	0	0	0	0	0	0	0	0	0	1	0	0	3	1	0	0	0	0	0	0	0	0	0	0	0	0	0	0	1	3	1	2	0	0	0	0	0	0	0	0	0	0	0
zOTU_3798	0	1	0	0	0	0	0	0	1	0	0	0	1	1	1	1	0	0	2	0	0	0	1	0	0	0	0	1	1	0	0	0	0	0	4	0	1	2	1	0	0	0	0	0	0	0	0	0
zOTU_3799	0	0	1	0	0	0	1	0	0	0	0	5	0	0	0	0	0	0	0	0	0	0	0	0	0	0	0	0	1	0	0	0	0	1	0	0	0	1	0	0	0	3	1	0	0	0	1	0
zOTU_38	79	185	325	53	78	290	595	35	108	157	88	247	140	132	178	237	197	37	172	281	78	183	66	647	367	154	37	456	225	127	1	2	268	805	104	31	235	426	76	44	244	221	397	46	104	274	211	65
zOTU_380	20	8	10	35	40	8	10	26	37	31	17	27	33	19	19	9	17	36	28	9	15	17	46	28	11	21	18	45	3	21	0	0	12	17	33	23	15	11	24	30	26	8	8	32	25	7	10	10
zOTU_3800	0	0	0	0	0	2	0	0	0	0	0	1	0	0	0	5	0	0	1	0	0	0	0	1	0	0	1	0	0	0	0	0	0	1	0	0	0	1	0	0	0	2	0	0	0	0	0	0
zOTU_3801	1	0	0	3	1	0	0	0	1	0	0	1	2	0	0	0	0	0	0	0	0	0	0	0	0	1	2	2	0	0	0	0	0	0	0	1	0	0	0	0	0	1	1	0	0	1	0	0
zOTU_3802	1	0	1	2	0	1	0	0	0	0	0	1	0	0	2	0	1	0	1	0	0	0	0	0	1	0	0	0	0	0	0	1	2	0	0	1	2	0	0	0	0	0	0	0	0	1	0	0
zOTU_3803	0	1	0	0	0	0	0	0	0	0	0	0	0	0	2	0	0	0	5	1	0	0	0	3	0	0	0	0	0	0	0	0	2	0	0	0	3	0	0	0	3	0	0	0	0	0	0	0
zOTU_3804	0	0	0	0	0	0	0	0	0	0	0	0	0	0	0	0	0	1	0	0	1	0	0	0	0	0	0	0	0	0	0	0	1	0	0	1	0	1	0	0	3	0	1	0	1	0	2	0
zOTU_3805	0	0	0	0	0	0	0	0	0	0	0	0	0	0	0	0	0	0	0	0	0	0	0	0	0	0	0	0	0	0	0	0	0	0	0	0	0	0	0	0	0	0	0	0	0	0	0	0
zOTU_3806	0	1	0	0	0	0	0	0	0	0	0	0	0	0	3	0	0	0	0	1	0	0	0	2	0	0	0	3	0	0	0	0	0	0	0	0	1	1	0	0	2	1	2	0	0	1	2	0
zOTU_3807	0	0	0	1	0	0	0	1	0	0	0	0	0	0	0	1	1	0	0	0	1	1	2	0	1	0	1	0	1	0	0	0	0	1	0	1	1	0	0	2	0	1	0	0	1	0	1	0
zOTU_3808	2	2	2	0	0	0	1	0	1	2	0	0	1	0	2	5	0	1	4	3	0	1	0	2	0	1	0	1	4	1	0	0	2	0	2	0	3	2	0	0	1	3	1	0	0	1	0	1
zOTU_3809	0	0	0	0	0	0	0	0	0	0	0	0	0	0	0	0	1	0	0	2	0	0	0	0	1	0	0	0	0	0	0	0	1	1	1	0	0	2	0	1	2	2	3	0	0	0	2	2
zOTU_381	3	15	8	20	27	14	11	11	21	4	25	5	32	52	30	40	16	45	43	71	1	8	4	17	6	19	31	11	25	21	0	1	45	12	102	7	34	99	45	4	35	89	25	5	3	11	11	20
zOTU_3810	0	0	0	0	0	0	0	0	0	0	0	0	0	0	0	0	0	0	0	0	0	0	0	0	0	0	0	0	0	0	0	15	0	0	0	0	0	0	0	0	0	0	0	0	0	0	0	0
zOTU_3811	0	0	0	2	1	1	0	1	0	0	0	0	2	0	0	0	0	0	0	0	0	0	1	0	1	0	0	0	0	1	0	0	1	0	2	0	0	0	1	0	0	0	0	0	0	0	0	0
zOTU_3812	1	0	1	0	1	2	1	0	0	0	1	0	0	1	0	0	1	0	0	0	0	0	2	0	2	0	0	2	0	0	0	0	0	0	1	0	0	0	0	0	0	1	0	1	0	0	4	0
zOTU_3813	1	0	0	1	2	0	1	0	0	0	1	0	1	1	0	0	1	3	0	6	3	1	0	0	2	1	0	1	1	0	0	0	1	1	0	0	2	1	0	0	1	1	0	1	1	1	0	0
zOTU_3814	0	0	1	0	0	0	1	0	0	0	0	1	0	0	0	0	1	0	0	0	0	0	0	0	1	0	0	0	0	0	0	0	0	0	1	0	0	1	1	0	0	2	1	0	0	0	3	0
zOTU_3815	0	0	0	0	0	0	0	0	1	0	0	1	0	0	1	0	0	1	0	0	0	1	0	0	1	0	0	1	0	0	2	0	0	0	1	0	2	0	1	0	0	0	0	1	0	0	0	0
zOTU_3816	0	0	0	0	0	0	0	0	0	1	0	0	0	1	1	0	0	0	1	0	0	0	0	0	2	1	0	0	1	0	0	0	0	1	0	1	2	0	0	0	1	0	0	0	0	2	0	0
zOTU_3817	0	0	0	0	0	1	1	0	0	0	0	0	0	1	1	0	0	0	0	0	1	1	0	0	0	0	2	0	0	0	0	0	1	0	1	1	0	1	0	1	1	0	0	0	1	0	0	0
zOTU_3818	0	0	2	0	0	0	0	0	0	0	0	0	0	0	0	0	0	0	0	2	0	0	0	0	1	0	0	0	0	0	0	0	0	3	0	0	0	0	0	0	0	1	8	0	0	0	2	0
zOTU_3819	0	1	0	0	0	0	0	0	0	0	0	0	0	0	1	0	3	0	1	0	1	0	0	0	0	1	1	0	0	0	0	0	1	0	2	1	0	0	0	0	0	0	0	0	1	0	0	0
zOTU_382	10	19	12	10	22	13	19	10	26	15	10	21	15	14	31	20	25	20	26	24	30	8	33	24	23	19	19	33	8	18	0	1	12	36	22	24	17	30	31	28	30	20	11	13	20	15	19	5
zOTU_3820	0	1	0	0	0	4	2	0	0	0	1	1	0	0	2	1	0	0	2	0	0	0	0	2	4	0	0	2	0	0	0	0	2	3	0	0	1	0	1	0	0	0	1	1	0	3	0	0
zOTU_3821	0	1	0	0	0	0	0	0	0	0	0	0	0	0	0	0	0	1	0	0	1	0	4	0	0	0	1	0	0	0	0	0	0	0	0	1	1	0	0	0	0	0	0	0	2	0	2	0
zOTU_3822	0	2	0	0	0	0	0	0	1	0	0	0	0	0	1	0	0	1	2	0	0	0	0	0	0	2	2	0	0	0	0	0	1	1	2	0	0	1	0	0	0	0	0	0	1	1	0	1
zOTU_3823	0	0	0	0	0	0	0	0	1	2	0	0	0	0	0	0	0	0	1	0	0	2	0	1	0	0	0	1	0	0	0	0	1	0	0	1	0	0	0	1	1	0	0	0	1	0	0	0
zOTU_3824	0	0	0	0	0	0	1	1	0	0	0	0	0	1	0	0	1	0	0	0	0	0	0	0	2	0	0	0	0	0	0	0	1	1	0	0	1	0	0	0	2	0	0	1	0	0	4	0
zOTU_3825	0	1	2	1	2	1	3	1	0	0	0	3	0	2	1	1	1	0	2	0	0	0	3	0	7	0	0	0	3	0	0	0	1	2	0	0	2	6	1	0	1	2	1	0	1	1	2	0
zOTU_3826	0	0	0	0	0	0	0	0	0	0	0	0	0	0	0	0	7	0	0	1	2	0	0	0	0	1	0	0	0	1	0	0	0	0	0	0	1	0	0	1	0	1	1	0	1	0	0	1
zOTU_3827	0	0	2	0	0	0	2	0	0	1	0	6	0	0	2	0	0	0	1	1	0	0	0	1	0	0	0	2	0	0	0	0	0	1	1	0	1	5	0	0	0	0	1	1	0	0	2	0
zOTU_3828	0	1	0	1	0	0	0	0	0	1	0	1	0	0	0	1	0	0	1	0	0	0	0	0	0	0	0	0	3	2	0	0	0	0	2	0	3	0	1	0	1	0	0	0	0	0	0	0
zOTU_3829	0	0	0	0	0	0	0	0	0	1	0	0	0	0	1	0	0	0	4	0	0	0	0	4	0	0	0	3	0	0	0	0	4	0	0	0	2	0	0	0	1	0	0	0	0	8	0	0
zOTU_383	16	12	10	39	35	17	13	26	31	19	8	23	26	13	20	10	26	35	17	5	15	15	66	20	24	23	16	20	2	13	0	0	9	10	46	29	7	12	23	22	14	8	9	22	30	17	9	5
zOTU_3830	0	0	0	0	2	0	0	0	0	0	0	0	1	0	0	1	2	0	1	2	0	2	0	0	0	0	0	0	0	0	0	0	1	0	0	0	0	0	2	0	0	0	0	0	0	0	0	0
zOTU_3831	0	0	1	0	0	0	1	0	0	0	0	2	0	0	1	0	0	0	1	2	0	1	2	1	3	0	0	0	0	1	0	0	0	3	0	0	2	0	0	0	0	0	0	1	0	1	1	0
zOTU_3832	0	0	1	0	1	0	0	0	0	0	0	0	0	0	0	1	0	1	0	0	0	2	0	0	0	0	0	0	0	0	0	0	2	0	2	0	0	0	1	0	1	1	0	0	0	1	0	0
zOTU_3833	0	0	0	1	0	0	1	0	0	0	2	1	0	0	0	2	0	0	1	0	1	0	2	3	0	0	1	0	0	0	0	0	0	2	0	2	0	0	0	0	0	0	0	2	1	0	1	0
zOTU_3834	0	1	1	1	0	2	1	0	0	1	0	1	0	0	0	1	0	0	1	1	0	0	0	0	1	0	0	2	0	0	0	0	0	2	0	0	1	0	0	0	4	1	0	0	0	1	0	0
zOTU_3835	0	0	0	0	1	2	0	0	0	1	0	0	0	1	0	0	0	1	1	0	0	0	0	3	0	0	0	0	0	0	0	0	0	0	0	0	0	0	0	0	0	0	0	0	1	0	2	0
zOTU_3836	1	0	0	0	2	0	0	0	4	0	0	0	0	2	0	0	0	1	0	0	0	2	0	0	0	0	0	0	0	0	0	0	0	0	0	0	0	0	0	1	0	0	0	0	1	0	0	0
zOTU_3837	0	0	1	0	0	0	0	0	0	1	0	0	0	0	0	1	0	0	0	2	0	0	0	1	2	0	0	1	0	0	0	0	1	0	0	0	0	0	0	0	1	0	0	0	0	0	2	0
zOTU_3838	0	2	8	1	1	1	6	0	0	0	2	5	1	0	5	17	7	0	4	5	2	0	0	2	3	1	0	5	7	1	0	0	1	14	6	1	4	10	3	1	2	14	7	0	0	1	2	1
zOTU_3839	0	0	0	0	1	0	0	0	0	1	0	1	0	0	0	0	0	1	0	0	0	0	2	0	0	1	1	1	0	0	0	0	1	0	1	1	1	0	1	0	0	0	0	0	0	0	0	0
zOTU_384	4	13	14	9	1	15	15	0	1	17	4	23	6	1	29	34	4	2	73	27	1	3	1	76	8	2	1	96	14	3	0	0	19	47	3	0	28	83	5	0	25	169	6	0	1	29	4	4
zOTU_3840	0	0	0	0	0	0	0	0	0	0	0	0	0	0	0	0	0	0	2	0	0	0	0	1	0	1	0	5	0	1	0	0	0	0	1	0	1	0	1	0	3	0	0	0	0	1	0	0
zOTU_3841	0	1	0	0	0	0	0	0	0	0	0	0	0	0	1	0	0	2	2	0	0	0	0	2	0	0	0	1	0	0	0	0	1	0	0	0	2	0	0	0	2	0	0	0	0	0	0	0
zOTU_3842	0	0	2	1	2	2	1	0	1	2	0	1	2	1	2	0	0	2	0	0	0	1	0	0	1	1	1	1	0	1	0	0	0	0	0	1	1	1	0	0	2	2	0	0	2	1	2	1
zOTU_3843	0	0	2	0	2	0	0	0	0	0	0	1	0	0	1	1	1	0	0	2	0	1	0	1	0	0	0	2	2	1	0	0	1	1	0	0	1	1	1	0	2	3	0	1	2	0	0	0
zOTU_3844	0	0	1	0	0	0	1	0	0	0	1	0	0	0	0	0	0	0	1	1	0	0	0	1	0	0	0	3	0	0	0	0	1	3	0	0	1	2	0	0	0	1	0	0	0	0	1	0
zOTU_3845	0	0	0	0	0	0	1	0	0	1	0	0	0	0	2	0	0	1	0	0	0	0	0	0	0	0	0	1	0	0	0	0	3	0	0	0	2	0	0	0	3	0	1	0	0	0	0	0
zOTU_3846	0	3	1	0	0	2	0	0	0	0	0	1	0	0	0	1	0	0	3	1	0	0	0	0	0	0	0	0	0	0	0	0	0	0	3	0	0	2	0	0	0	0	0	0	0	2	0	0
zOTU_3847	0	0	0	0	1	0	1	0	0	0	0	0	0	0	0	0	0	0	0	0	0	0	1	0	2	0	0	0	0	0	0	3	0	0	1	1	0	0	0	0	0	0	0	1	1	0	2	0
zOTU_3848	0	0	0	0	2	0	0	0	0	0	0	0	0	0	0	0	0	1	0	0	0	1	0	2	0	0	0	0	0	0	0	0	0	0	0	2	1	1	0	0	1	0	0	2	0	0	0	0
zOTU_3849	0	0	0	2	0	0	2	0	0	1	0	1	1	0	1	0	0	0	2	0	0	0	0	0	0	3	0	4	1	0	0	0	0	3	0	0	0	0	0	0	1	2	1	0	0	0	0	0
zOTU_385	24	34	8	27	62	33	23	31	42	35	18	20	20	40	44	17	10	39	40	29	26	28	37	43	24	23	36	42	11	22	1	0	24	29	49	31	59	32	20	24	34	20	16	23	20	37	19	22
zOTU_3850	0	0	0	0	0	1	0	0	0	0	0	1	0	0	0	2	0	0	1	3	0	0	0	0	2	0	0	2	0	0	0	0	0	6	0	0	0	0	0	0	0	3	1	0	0	0	0	0
zOTU_3851	0	0	0	0	0	0	0	0	0	0	0	0	0	0	0	0	0	2	0	1	0	1	0	0	0	0	3	0	0	0	0	0	0	0	0	2	0	4	0	4	0	0	0	0	0	0	0	0
zOTU_3852	0	0	0	0	2	0	0	0	1	3	0	0	0	0	0	0	0	0	0	0	0	0	1	1	0	0	0	1	0	0	0	0	0	0	1	2	1	0	1	0	1	1	0	0	0	0	0	0
zOTU_3853	0	0	0	0	0	0	0	0	0	0	0	1	0	0	0	0	1	2	0	1	0	0	0	0	0	1	0	1	3	0	0	0	0	0	0	1	0	1	1	1	4	0	1	0	0	0	1	0
zOTU_3854	0	0	0	1	0	0	0	0	0	1	0	0	0	0	1	0	0	0	0	0	1	0	2	0	0	0	0	0	0	0	0	0	1	1	0	2	0	1	0	0	0	0	0	0	2	0	1	0
zOTU_3855	0	2	0	0	0	0	0	0	0	0	0	0	0	0	0	0	1	0	0	0	0	0	0	0	2	0	1	2	0	1	0	0	0	0	0	0	0	0	0	0	0	2	0	0	0	1	1	0
zOTU_3856	0	0	2	0	0	0	1	0	0	0	0	1	0	0	0	2	0	0	0	2	0	0	0	0	0	0	0	0	0	0	0	0	0	0	0	0	0	0	0	0	0	0	8	0	0	0	0	0
zOTU_3857	0	0	1	0	1	2	0	0	0	0	0	0	0	0	0	0	0	1	0	0	1	1	0	0	3	0	1	0	0	0	0	0	0	0	1	0	0	0	0	0	0	0	1	0	0	0	0	0
zOTU_3858	0	0	0	0	0	0	3	0	2	1	0	0	0	1	0	1	0	1	0	0	0	2	1	0	1	0	0	0	1	0	0	0	0	1	0	0	0	1	0	0	0	1	1	0	3	1	1	0
zOTU_3859	0	0	2	0	0	0	3	0	0	0	0	1	0	0	0	0	0	0	0	0	0	0	0	0	1	0	0	0	1	0	0	0	0	1	0	0	0	0	0	0	0	0	2	0	0	0	0	0
zOTU_386	10	14	15	24	25	22	28	8	19	20	10	23	8	13	20	13	16	23	19	19	22	7	22	30	25	19	7	54	15	4	0	0	13	35	21	13	36	39	15	19	38	27	5	28	15	18	25	13
zOTU_3860	0	1	0	0	0	0	0	0	0	0	0	0	0	1	0	0	0	0	0	0	0	0	0	0	0	0	0	2	0	0	0	0	0	0	0	1	0	0	0	0	1	0	2	0	2	1	1	0
zOTU_3861	0	0	0	0	0	0	0	0	0	2	0	0	0	0	1	0	0	0	5	0	0	0	0	0	0	0	0	2	0	0	0	0	0	0	0	0	3	0	0	0	2	0	0	0	0	0	0	0
zOTU_3862	2	0	0	1	1	0	0	1	2	0	2	2	0	1	1	2	3	1	1	1	1	0	0	2	2	2	0	1	2	3	0	0	0	1	2	3	0	0	1	0	1	3	0	0	0	2	0	1
zOTU_3863	0	0	1	1	0	0	0	0	0	1	0	2	1	0	2	0	1	0	3	0	1	0	0	1	0	2	0	1	0	0	0	0	0	3	0	0	0	4	0	0	0	0	0	0	0	1	0	0
zOTU_3864	1	0	0	0	1	0	0	1	0	0	0	0	0	0	0	0	0	1	2	0	0	0	1	2	0	1	0	0	0	1	0	0	0	0	1	0	0	0	0	0	0	0	0	0	0	0	0	0
zOTU_3865	0	0	0	0	0	0	0	0	0	0	0	0	0	0	0	0	0	0	0	0	0	0	0	0	0	0	0	1	0	0	0	0	2	2	0	0	0	2	0	0	0	1	1	0	0	0	4	0
zOTU_3866	1	2	0	0	1	2	0	1	0	0	0	0	0	1	3	0	2	0	3	0	2	0	1	0	0	1	1	0	2	2	0	0	0	1	2	0	1	0	3	1	0	0	0	0	0	0	1	0
zOTU_3867	0	1	0	0	0	3	0	0	1	3	0	0	0	1	0	0	0	0	1	1	0	0	0	3	1	0	0	0	1	0	0	0	3	0	0	0	1	2	0	0	2	0	1	0	0	2	0	0
zOTU_3868	0	1	0	0	0	0	0	0	0	0	0	0	0	0	2	0	0	0	0	0	0	0	0	0	0	0	1	1	0	0	0	0	3	0	0	0	2	1	0	0	0	0	0	0	0	1	0	0
zOTU_3869	0	2	0	1	2	1	1	2	2	0	0	2	0	1	1	0	0	0	2	2	1	0	2	1	0	0	1	2	0	0	0	0	1	2	3	1	0	1	1	0	5	3	0	0	0	0	3	0
zOTU_387	10	6	3	20	62	15	8	9	23	4	11	6	20	40	22	37	16	57	41	40	3	45	21	18	9	15	35	23	21	16	0	0	26	12	32	9	30	37	20	19	20	28	19	7	22	15	6	15
zOTU_3870	0	1	0	0	0	0	0	0	0	0	0	0	0	1	0	1	0	2	1	0	0	0	0	0	0	0	0	0	0	1	0	0	0	0	1	0	1	0	0	3	0	0	0	0	1	0	0	0
zOTU_3871	1	0	0	0	1	0	2	2	0	0	0	0	0	1	0	0	0	2	0	0	0	0	1	0	1	2	1	0	0	0	0	0	1	0	0	2	0	0	0	4	1	0	0	2	2	0	0	2
zOTU_3872	0	1	0	0	0	0	0	0	0	0	1	0	0	0	2	1	1	0	0	0	0	0	1	0	0	0	0	0	0	0	0	0	1	0	0	0	0	1	0	0	3	1	0	0	1	1	0	0
zOTU_3873	0	0	0	0	0	0	0	0	0	1	0	2	0	0	0	2	0	0	0	2	0	0	0	1	1	0	0	0	0	0	0	0	0	2	0	0	0	2	0	0	0	0	0	0	0	0	0	0
zOTU_3874	0	0	0	0	0	0	0	0	0	1	0	0	0	0	0	3	1	0	0	0	2	0	0	0	1	0	0	0	0	0	0	0	1	0	1	0	0	2	1	0	1	0	0	0	0	1	1	0
zOTU_3875	0	0	1	0	0	0	0	0	0	0	0	1	0	0	0	0	0	0	0	3	0	0	0	0	1	0	0	0	2	0	0	0	0	1	0	0	0	3	0	0	0	0	2	0	0	0	0	0
zOTU_3876	0	0	0	0	0	0	0	0	0	0	0	0	0	1	1	0	0	0	1	0	0	0	1	0	0	0	1	0	1	0	0	0	1	0	1	0	1	2	0	0	0	2	0	0	0	0	0	0
zOTU_3877	1	0	0	0	0	0	0	0	0	2	1	0	0	0	2	0	1	0	0	0	1	0	1	1	0	1	1	0	0	0	0	0	0	0	1	0	0	0	0	1	0	0	0	0	0	1	0	0
zOTU_3878	0	0	0	0	0	0	2	0	0	0	0	2	0	0	0	1	0	0	0	1	0	0	0	0	0	0	0	0	1	0	0	0	0	0	0	1	0	3	0	0	0	1	1	0	2	0	0	0
zOTU_3879	0	0	0	1	0	0	0	0	1	0	0	0	0	0	0	0	0	0	0	0	0	1	1	1	1	0	0	0	0	1	0	0	1	0	1	0	1	0	0	0	1	0	1	2	0	3	3	0
zOTU_388	2	55	4	1	0	42	4	1	0	42	0	1	1	0	96	4	0	0	95	3	1	1	0	168	8	0	0	123	0	0	0	16	49	8	1	0	104	4	0	0	41	2	4	0	1	48	9	0
zOTU_3880	0	2	0	0	3	0	1	0	0	2	1	0	0	0	1	0	2	0	0	0	0	0	0	0	1	0	1	0	0	1	0	0	0	1	0	1	1	0	0	0	0	2	2	4	0	0	2	1
zOTU_3881	0	0	1	1	0	0	0	0	0	0	0	0	0	0	3	2	1	0	0	2	0	0	0	2	1	0	0	0	1	0	0	0	0	1	0	0	0	1	1	0	0	0	1	0	0	0	0	1
zOTU_3882	0	0	0	0	0	0	3	0	0	2	0	2	0	0	0	0	0	0	0	0	0	1	0	0	2	0	0	0	0	0	0	0	0	3	0	0	0	1	0	0	0	1	0	0	0	0	3	0
zOTU_3883	0	1	0	0	0	0	0	0	0	0	0	0	0	0	0	0	0	0	0	0	0	0	3	1	0	0	0	1	0	0	0	0	0	0	0	0	0	0	0	0	2	0	0	1	5	5	5	0
zOTU_3884	0	0	0	0	0	1	0	0	0	0	0	0	0	0	2	1	0	0	1	0	0	0	0	1	1	0	0	0	0	0	0	0	2	2	0	0	0	3	0	0	1	1	0	0	0	0	0	0
zOTU_3885	1	0	0	0	0	0	0	0	1	0	0	0	0	0	1	0	0	1	0	2	0	2	1	1	1	1	1	0	0	0	0	0	1	1	2	0	0	0	0	1	0	0	0	0	1	0	0	0
zOTU_3886	0	0	3	0	0	0	0	1	0	1	0	1	0	0	0	2	0	0	0	0	0	0	0	0	3	0	0	0	1	0	0	0	0	0	0	0	0	0	0	0	1	2	2	0	0	0	0	0
zOTU_3887	2	0	1	2	1	0	1	2	3	0	1	0	1	2	1	0	1	3	1	0	0	1	4	0	1	1	5	2	2	2	0	0	0	0	1	1	0	1	0	4	3	0	1	0	1	0	0	0
zOTU_3888	0	0	0	0	0	0	2	0	0	0	0	0	0	0	0	0	0	0	1	2	0	0	0	0	2	0	0	0	0	0	0	0	0	0	0	0	0	3	0	0	0	4	0	0	0	2	0	0
zOTU_3889	0	0	0	0	0	0	0	0	1	0	0	0	0	0	0	0	0	0	1	1	0	0	0	3	1	0	0	2	1	0	0	0	0	3	0	0	0	1	0	0	3	0	0	0	0	2	2	0
zOTU_389	18	1	4	33	111	11	1	15	43	4	6	1	12	142	3	5	6	78	12	20	4	3	25	14	5	7	72	8	0	7	1	1	8	3	21	66	40	7	7	20	19	8	1	3	10	5	9	25
zOTU_3890	0	0	1	0	0	0	1	0	0	1	0	0	0	0	0	0	1	0	1	1	1	0	0	0	0	4	0	0	3	0	0	0	0	1	0	0	0	0	0	0	0	1	0	0	0	0	0	0
zOTU_3891	1	0	2	0	3	0	0	0	0	0	0	0	0	3	0	0	0	1	0	0	0	0	0	1	0	1	0	1	0	0	0	0	2	1	2	0	0	0	1	0	0	0	0	0	0	3	0	0
zOTU_3892	0	0	3	1	0	1	4	1	1	0	1	2	0	2	1	3	2	1	0	0	4	0	0	1	2	2	0	0	0	3	0	0	1	3	4	0	0	0	1	0	0	0	0	2	0	0	1	1
zOTU_3893	0	0	0	0	0	0	0	0	0	0	0	1	1	0	0	0	1	0	0	2	0	0	0	0	4	0	0	0	0	0	0	0	0	2	1	0	0	2	0	0	0	2	2	0	0	0	0	0
zOTU_3894	2	0	0	0	0	1	0	0	0	0	0	0	0	1	0	0	0	0	0	1	2	0	0	0	0	0	1	0	0	0	0	0	0	3	0	0	0	2	0	0	1	1	1	0	0	0	2	0
zOTU_3895	1	0	0	1	0	0	0	1	0	0	0	1	0	0	2	0	0	0	0	0	0	0	0	0	1	0	0	0	0	1	0	0	0	2	0	1	0	0	0	0	1	1	0	0	1	0	0	0
zOTU_3896	0	0	0	0	1	0	0	0	1	1	0	0	0	2	0	0	0	0	0	0	1	0	1	0	1	0	0	0	0	0	0	0	0	0	0	5	0	0	0	0	0	0	0	0	6	0	0	1
zOTU_3897	0	0	0	0	0	0	0	0	1	1	0	1	0	0	0	0	1	0	1	1	0	0	0	0	1	0	0	1	1	0	0	0	0	0	1	0	0	0	0	0	0	1	0	0	0	0	1	0
zOTU_3898	0	1	1	0	0	0	1	0	0	0	0	0	0	1	1	0	0	2	0	0	0	1	4	0	0	0	0	2	0	1	0	0	0	1	0	0	0	1	1	0	1	1	0	1	0	0	0	0
zOTU_3899	0	2	0	2	0	0	0	2	0	0	1	0	0	0	1	0	0	0	2	0	0	0	0	1	0	2	0	1	0	1	0	0	0	0	2	0	2	0	2	0	0	0	1	0	0	0	0	0
zOTU_39	146	181	144	186	428	313	289	166	208	100	116	99	190	244	314	162	286	292	225	139	46	269	269	229	77	290	237	289	111	107	1	22	173	194	218	131	391	108	123	181	323	74	98	57	113	151	60	180
zOTU_390	26	21	15	28	34	18	32	16	33	23	7	23	18	7	27	8	18	22	28	19	24	13	24	15	30	23	20	37	10	9	0	0	16	27	30	23	27	23	20	17	43	17	8	16	23	21	20	11
zOTU_3900	0	0	0	0	0	0	0	0	0	0	0	1	0	0	2	0	0	0	0	0	0	0	0	0	0	0	0	0	0	0	0	5	0	0	0	0	1	0	0	0	1	0	0	0	0	0	1	0
zOTU_3901	0	0	0	0	0	0	1	0	0	0	0	0	0	0	1	0	1	0	0	3	0	0	0	1	0	0	0	3	1	0	0	0	0	3	1	0	0	0	1	0	0	1	2	1	0	0	3	0
zOTU_3902	0	0	0	0	3	1	0	0	0	0	0	0	0	1	1	0	0	0	1	1	0	0	0	1	0	0	3	1	0	0	0	0	0	0	0	0	1	0	0	0	0	0	0	0	0	1	0	0
zOTU_3903	0	0	0	2	2	0	0	0	0	0	0	1	1	2	0	0	0	0	2	0	0	0	0	0	0	0	1	0	0	0	0	0	0	0	1	0	0	0	0	0	1	1	1	0	0	0	0	0
zOTU_3904	1	0	0	0	0	0	0	1	1	0	0	0	0	0	0	0	0	0	0	0	2	0	0	1	0	0	0	1	1	0	0	0	0	1	0	0	1	1	0	0	2	0	0	0	0	0	0	0
zOTU_3905	0	0	0	0	2	0	0	0	1	0	2	0	0	1	0	0	0	3	0	0	0	2	0	0	0	0	0	0	0	0	0	0	0	0	1	0	0	0	0	1	0	0	0	0	0	0	0	0
zOTU_3906	0	0	0	0	0	2	0	0	0	0	0	0	0	0	0	1	0	0	0	1	1	0	0	0	0	1	0	0	0	1	0	0	1	1	1	0	1	0	0	0	1	0	0	0	0	0	1	0
zOTU_3907	0	0	0	0	0	0	3	0	0	0	0	2	0	0	0	0	0	0	0	3	0	0	0	0	0	0	0	0	0	0	0	0	0	1	0	0	0	2	0	0	0	1	1	0	0	0	3	0
zOTU_3908	2	3	1	2	4	2	1	1	1	0	0	1	1	5	9	3	0	0	3	3	1	1	1	3	2	3	2	2	2	1	0	0	2	2	1	2	3	4	3	2	1	1	0	1	2	1	2	0
zOTU_3909	0	0	1	0	0	1	0	0	0	0	0	0	0	0	1	1	1	2	0	0	0	1	0	0	1	0	1	0	1	0	0	0	0	1	0	0	0	0	1	0	0	0	0	1	0	0	0	0
zOTU_391	7	17	13	17	24	23	32	16	20	12	16	37	19	30	41	31	23	18	43	39	10	18	18	34	20	15	16	30	11	10	0	2	20	39	22	17	16	24	10	15	30	22	10	11	9	35	17	8
zOTU_3910	2	0	0	0	2	0	0	0	1	0	0	0	0	0	0	0	1	0	0	0	2	0	0	0	0	0	0	0	0	1	0	0	0	0	0	2	0	0	1	0	0	0	0	1	2	0	0	0
zOTU_3911	0	0	0	0	0	0	0	0	0	0	0	1	0	0	0	0	0	0	0	2	0	0	0	0	0	0	0	0	0	0	0	0	0	1	0	0	0	3	0	0	0	1	1	0	0	0	2	0
zOTU_3912	0	0	1	0	1	0	1	0	0	0	0	0	1	0	2	0	0	0	0	1	0	0	0	0	1	0	0	2	0	3	0	0	0	1	0	0	0	1	1	0	0	0	0	1	0	1	1	0
zOTU_3913	0	0	0	0	0	0	0	0	0	1	0	0	0	0	0	1	1	0	0	1	1	1	0	0	1	0	0	0	0	0	0	0	0	2	1	0	0	0	0	0	0	0	0	0	2	0	2	0
zOTU_3914	0	0	0	2	0	0	0	1	0	0	0	0	0	0	0	0	1	0	0	0	1	0	0	0	0	2	0	0	0	0	0	0	0	0	1	0	0	0	1	0	0	0	0	2	0	1	0	0
zOTU_3915	0	2	1	0	0	1	0	1	0	1	0	1	0	0	0	1	0	0	0	0	1	0	0	1	0	0	0	1	1	0	0	0	0	0	0	0	0	0	0	0	1	0	0	2	0	0	0	0
zOTU_3916	0	1	0	0	1	0	1	0	1	0	0	0	0	0	1	0	1	0	0	0	0	2	0	0	1	0	0	0	0	0	0	0	1	1	0	0	0	0	0	1	0	1	0	0	0	1	0	0
zOTU_3917	0	0	0	5	2	1	2	0	0	1	0	0	1	0	1	0	0	0	0	0	0	2	0	0	1	0	0	0	0	0	0	0	0	0	0	0	0	0	0	0	0	0	0	0	0	2	3	0
zOTU_3918	0	0	0	0	0	0	2	0	0	0	0	1	0	0	0	2	1	0	0	0	0	0	0	0	0	0	0	0	1	0	0	0	1	2	1	0	0	0	0	0	0	1	0	0	1	0	0	0
zOTU_3919	0	0	0	0	3	0	0	0	1	0	1	0	0	0	0	1	0	1	0	0	2	0	1	2	0	0	1	2	0	0	0	0	0	3	0	1	1	1	2	1	1	0	1	0	0	0	1	0
zOTU_392	12	28	9	56	53	56	28	20	45	36	20	19	20	56	43	25	3	48	35	31	14	20	47	42	21	12	26	58	14	10	0	0	21	20	54	40	76	30	35	30	51	23	11	41	23	50	22	25
zOTU_3920	0	0	0	0	0	0	1	0	0	0	0	0	0	0	0	1	0	2	1	0	0	1	2	0	1	2	0	1	0	1	0	0	0	1	1	0	0	1	1	1	0	0	0	0	1	0	0	0
zOTU_3921	0	1	0	0	1	1	1	0	1	0	0	0	0	0	1	0	1	1	0	0	1	1	0	0	0	0	0	0	0	0	0	0	0	1	0	1	0	2	0	0	0	0	0	0	0	0	2	0
zOTU_3922	0	1	0	1	0	1	1	0	0	0	0	0	0	0	0	0	0	0	0	0	1	0	0	0	0	0	0	0	0	0	0	0	1	1	2	0	0	0	0	2	0	0	0	0	2	1	1	0
zOTU_3923	0	0	0	0	0	1	0	0	0	0	0	0	2	0	1	0	1	1	0	1	0	0	0	0	2	0	0	1	0	0	0	0	0	1	2	0	0	0	0	0	0	1	0	0	1	1	0	0
zOTU_3924	0	0	0	0	0	0	1	0	0	0	0	0	0	0	0	0	0	0	1	0	0	0	11	0	1	0	2	0	0	0	0	0	1	0	0	0	0	0	0	0	0	0	0	0	1	0	0	0
zOTU_3925	0	0	0	0	0	0	0	0	0	0	0	0	0	1	0	0	0	1	0	0	0	1	2	0	1	0	0	1	0	0	0	0	0	0	2	4	0	2	0	1	0	0	0	1	0	0	1	1
zOTU_3926	0	0	1	0	0	0	0	0	0	0	0	0	0	0	0	1	0	0	3	0	0	0	0	0	0	0	0	0	0	0	0	0	0	0	0	0	0	5	0	0	0	4	0	0	0	1	0	0
zOTU_3927	1	2	1	0	7	2	0	0	1	1	0	0	3	5	1	0	0	5	2	0	0	1	8	0	0	2	2	1	0	2	0	0	0	0	2	3	0	1	1	2	3	0	0	1	1	0	0	1
zOTU_3928	1	0	1	0	0	4	0	0	0	0	0	0	1	2	0	0	0	1	2	0	1	0	3	1	0	0	2	0	0	0	0	0	1	0	3	1	0	0	1	2	0	1	0	0	1	4	1	0
zOTU_3929	0	0	0	0	0	1	1	0	0	0	0	0	1	2	0	0	0	0	1	0	0	0	0	0	0	0	0	1	0	0	0	0	1	0	1	0	1	1	1	0	0	0	0	0	2	0	0	0
zOTU_393	10	11	10	16	13	31	28	14	15	17	7	25	26	26	18	24	33	8	13	21	28	10	25	26	22	5	7	17	5	10	0	0	13	35	14	9	16	19	18	30	23	23	7	20	24	16	38	4
zOTU_3930	0	0	0	0	0	0	0	0	0	0	0	0	1	2	0	0	2	0	0	3	0	0	0	0	1	0	0	1	0	0	0	0	0	0	2	0	0	2	0	1	4	0	0	0	0	1	0	0
zOTU_3931	0	0	0	0	0	0	1	0	0	0	0	0	0	0	0	0	0	0	0	2	0	0	0	0	1	0	0	0	3	0	0	0	0	4	0	0	0	0	0	0	0	1	0	0	0	0	2	0
zOTU_3932	0	0	0	1	0	0	0	0	0	0	1	0	1	0	0	0	0	0	0	0	0	0	0	2	1	0	0	0	0	0	0	0	0	0	0	0	0	2	0	0	0	3	0	0	0	0	1	0
zOTU_3933	0	0	0	1	1	0	0	0	1	0	0	1	0	0	0	1	0	1	1	1	0	0	0	0	0	0	0	0	0	2	0	0	0	1	3	0	0	1	0	0	0	0	0	0	0	0	0	0
zOTU_3934	0	0	0	0	0	0	0	1	0	0	0	2	0	0	0	0	0	2	0	0	1	1	1	0	1	0	0	0	2	0	0	0	0	1	0	0	0	3	0	0	0	0	0	0	1	0	2	1
zOTU_3935	0	0	1	0	0	0	0	0	0	0	0	0	0	0	1	4	0	0	1	2	0	0	0	0	0	0	0	0	0	0	0	0	0	0	0	0	0	5	0	0	0	3	0	0	0	0	0	0
zOTU_3936	0	0	0	0	0	0	0	0	0	0	0	1	1	0	1	0	1	0	0	0	0	3	0	0	0	2	0	0	0	0	0	0	2	0	0	2	0	0	0	0	1	0	2	1	0	2	0	0
zOTU_3937	0	0	0	0	1	0	0	0	0	0	0	0	0	2	1	0	0	0	2	0	0	1	1	0	0	0	2	0	0	0	0	0	1	0	0	1	0	0	0	0	1	0	0	0	0	0	0	0
zOTU_3938	0	4	0	2	0	3	0	0	0	0	0	0	0	1	3	0	0	0	2	0	0	0	1	1	1	0	0	1	1	0	0	0	0	1	0	0	0	0	0	0	3	1	0	0	0	0	1	0
zOTU_3939	0	1	0	0	0	1	0	0	0	0	0	0	0	0	0	2	0	0	1	0	0	0	0	1	2	0	0	3	0	0	0	0	0	0	0	0	0	0	0	0	1	2	0	0	0	0	2	0
zOTU_394	6	19	9	13	13	28	28	12	19	13	7	25	19	14	16	28	17	25	16	20	35	9	38	24	53	10	14	42	12	9	0	0	17	29	30	11	13	36	13	24	29	19	15	17	19	20	55	2
zOTU_3940	0	1	0	0	0	1	0	0	0	0	0	0	0	0	4	0	0	0	0	0	0	0	0	4	0	0	0	4	0	0	0	0	0	0	0	0	0	0	0	0	4	0	0	0	0	0	0	0
zOTU_3941	0	1	0	0	1	2	0	1	0	0	1	0	1	0	0	0	0	0	0	0	0	1	0	0	0	0	0	2	0	0	0	0	0	0	1	0	0	0	0	0	1	0	0	1	0	0	0	0
zOTU_3942	0	0	0	0	0	0	1	0	0	0	0	1	0	0	0	1	0	0	0	3	0	0	0	0	4	0	0	0	0	0	0	0	0	0	0	0	0	4	0	0	0	3	0	0	0	0	0	0
zOTU_3943	0	0	0	0	0	0	2	0	0	0	0	0	0	0	1	1	0	1	0	0	0	0	0	1	1	0	0	0	1	0	0	0	0	1	3	0	2	1	1	0	0	0	0	1	0	0	1	0
zOTU_3944	1	1	0	3	1	1	0	1	0	0	1	1	3	2	5	4	1	1	2	2	1	4	0	1	3	1	1	1	3	0	0	0	2	2	3	2	1	2	1	0	1	6	0	1	2	0	0	0
zOTU_3945	0	0	0	0	1	1	0	0	0	0	0	0	1	0	0	0	0	1	0	0	0	0	1	1	0	0	1	0	0	0	0	0	0	1	1	0	0	0	1	0	0	0	0	1	2	0	0	0
zOTU_3946	2	1	0	1	2	0	1	1	1	2	0	1	0	2	0	2	1	5	3	2	1	1	1	0	0	0	0	3	0	1	0	0	0	1	2	0	0	2	1	0	2	0	1	1	2	1	2	1
zOTU_3947	0	1	1	0	0	0	0	0	0	1	0	0	0	0	2	1	0	0	1	1	0	0	0	1	0	0	0	3	0	0	0	0	0	0	0	0	2	0	0	0	0	2	0	0	0	0	0	0
zOTU_3948	0	0	1	0	0	2	0	0	0	0	0	0	0	0	0	0	0	0	0	0	0	0	0	1	0	0	0	2	0	0	0	0	2	0	0	0	0	0	0	0	3	0	1	0	0	2	0	0
zOTU_3949	0	0	1	0	0	0	0	0	0	0	0	1	1	0	0	1	6	0	0	1	0	0	0	0	0	9	0	0	0	6	0	0	0	1	21	0	0	0	6	0	0	0	0	0	0	0	0	0
zOTU_395	12	7	9	22	44	5	4	20	21	12	15	5	25	43	20	26	14	38	28	17	6	38	40	16	22	3	27	15	5	4	0	0	11	12	5	14	38	21	2	24	28	23	19	11	22	11	9	17
zOTU_3950	0	0	0	0	1	0	0	0	0	0	0	0	0	0	2	0	1	0	0	0	0	0	2	0	0	0	2	0	0	0	0	0	0	0	0	0	0	0	1	0	3	0	0	0	0	0	0	0
zOTU_3951	0	0	0	1	0	1	4	0	0	1	1	1	0	0	0	2	0	1	1	1	0	0	1	0	1	0	0	0	0	0	0	0	0	0	0	0	0	2	0	0	0	0	1	0	0	0	2	0
zOTU_3952	1	2	1	1	2	1	0	1	0	1	0	0	0	0	1	1	2	0	1	1	0	0	1	0	2	1	0	1	0	0	0	0	0	0	0	2	2	2	0	0	1	0	1	0	0	0	2	1
zOTU_3953	0	2	0	0	0	0	1	2	0	0	0	0	0	0	2	0	1	0	0	0	0	0	0	0	0	1	0	0	0	0	0	0	0	1	0	0	1	2	1	0	0	0	0	1	0	0	0	0
zOTU_3954	0	0	1	0	0	0	0	0	0	0	0	1	0	0	0	0	0	0	2	1	0	0	0	0	0	0	0	0	0	0	0	0	0	0	0	0	0	3	0	0	0	0	0	0	1	1	3	0
zOTU_3955	0	0	0	0	0	0	5	0	0	1	0	2	0	0	0	3	0	0	1	1	0	0	0	0	1	0	0	0	0	0	0	0	0	0	0	0	0	2	0	0	0	0	0	0	0	1	4	0
zOTU_3956	0	0	0	3	0	1	1	4	0	2	2	2	1	0	1	1	3	0	0	0	0	0	0	0	0	3	0	1	0	1	0	0	2	2	3	1	0	1	1	0	1	5	0	2	1	1	1	0
zOTU_3957	0	0	0	0	0	0	0	0	0	0	0	0	0	0	0	0	0	0	0	0	0	0	0	0	0	0	0	0	0	0	0	0	0	1	0	0	0	0	0	0	0	0	0	0	0	0	0	0
zOTU_3958	0	0	0	0	0	0	1	0	1	0	0	0	0	0	0	1	0	1	0	1	0	1	1	0	0	0	0	0	0	0	0	0	0	2	0	0	0	2	0	1	0	2	0	0	4	0	1	0
zOTU_3959	1	1	2	0	1	0	0	0	0	1	0	0	0	0	0	1	0	0	1	0	1	0	0	0	0	0	0	1	0	0	0	0	0	0	3	0	0	0	2	1	0	0	0	0	0	0	0	0
zOTU_396	1	14	15	1	9	55	13	0	10	21	0	18	0	5	27	38	0	8	52	9	0	3	8	42	8	0	16	64	14	0	0	2	28	12	0	4	57	12	0	5	54	19	20	0	0	9	17	0
zOTU_3960	0	0	1	0	1	0	0	0	0	0	0	0	0	0	1	0	1	0	1	0	0	1	2	0	0	0	0	1	0	0	0	0	0	1	1	0	0	0	1	0	1	0	0	0	0	1	0	0
zOTU_3961	0	0	0	0	0	0	1	1	1	0	0	1	0	1	0	0	0	0	0	1	0	1	0	0	3	0	0	0	0	0	0	0	0	0	1	0	0	6	1	0	0	3	0	0	0	0	0	0
zOTU_3962	1	0	0	0	2	0	0	0	0	0	0	0	0	0	1	0	0	0	0	0	0	0	0	1	1	0	0	1	0	0	0	0	0	0	0	0	2	0	0	0	0	0	0	0	0	0	2	3
zOTU_3963	1	0	0	0	2	0	0	0	0	0	0	0	0	0	0	0	0	0	0	0	0	0	0	0	2	0	0	0	0	0	0	0	0	0	1	1	0	0	0	0	0	0	0	0	2	0	1	0
zOTU_3964	0	0	1	0	0	0	0	0	0	0	0	0	0	0	0	0	1	0	1	1	1	0	0	0	0	0	0	0	1	0	0	0	0	1	2	0	1	1	1	0	0	2	1	0	0	1	0	0
zOTU_3965	0	0	1	0	0	1	1	0	1	0	0	0	0	0	0	0	0	0	0	0	1	0	1	0	2	0	0	0	0	0	0	0	0	0	0	0	0	0	0	0	1	0	0	0	2	1	1	0
zOTU_3966	0	1	1	0	1	0	1	0	0	0	0	0	0	0	2	1	0	0	1	0	1	0	0	0	0	0	0	0	0	0	0	0	0	0	0	0	0	1	0	0	0	0	0	0	0	0	4	0
zOTU_3967	0	0	1	0	0	0	0	0	0	0	0	1	0	0	0	1	0	0	0	0	0	3	0	0	1	0	0	0	1	0	0	0	0	3	0	1	0	3	0	1	0	2	2	0	0	0	1	0
zOTU_3968	0	1	0	0	0	0	0	0	0	0	0	0	0	0	1	2	0	0	0	2	0	0	0	0	2	0	0	0	1	0	0	0	1	0	0	0	0	3	0	0	0	0	1	0	0	0	2	0
zOTU_3969	1	0	0	0	0	0	1	0	0	0	0	0	1	0	0	1	0	0	0	0	0	0	0	0	1	0	0	0	0	0	0	0	1	0	0	0	0	1	0	0	0	0	1	0	1	0	0	0
zOTU_397	3	8	10	25	25	25	23	19	19	10	6	14	25	11	20	23	41	21	16	25	36	18	21	24	41	56	15	44	15	32	0	1	8	17	79	14	10	21	56	11	17	16	0	28	53	12	20	9
zOTU_3970	0	0	0	0	0	2	0	0	0	0	0	2	2	0	1	1	0	0	0	0	0	0	0	1	0	0	0	1	0	0	0	0	1	0	0	0	0	0	0	0	2	0	2	0	0	1	0	0
zOTU_3971	0	0	0	0	0	0	0	0	1	0	1	0	1	2	0	1	0	0	0	0	0	0	0	2	0	0	0	0	0	0	0	0	0	0	0	0	1	0	0	0	0	0	1	0	1	0	6	0
zOTU_3972	2	0	0	0	0	3	1	0	0	0	0	0	0	0	0	0	0	0	0	1	0	0	0	1	0	0	1	0	0	0	0	0	0	0	1	0	0	4	0	0	0	0	0	0	0	0	0	0
zOTU_3973	0	0	0	0	3	0	0	0	0	1	0	1	0	0	0	0	1	0	0	0	0	0	1	0	1	0	0	1	0	1	0	0	0	0	0	0	0	1	1	0	2	0	1	0	0	0	0	0
zOTU_3974	0	0	0	0	0	0	2	0	0	1	0	0	0	0	1	0	0	0	0	1	1	0	1	0	1	0	1	0	0	0	0	0	0	0	0	0	0	0	0	0	0	0	0	1	0	0	2	0
zOTU_3975	0	0	0	0	0	0	0	0	0	0	0	0	0	0	0	0	0	1	1	0	0	1	0	0	0	0	3	0	0	0	0	0	0	0	0	1	0	0	0	1	0	0	0	0	0	0	0	0
zOTU_3976	0	0	0	0	0	0	0	0	0	0	0	0	0	0	1	0	0	0	1	0	0	0	0	0	0	0	0	1	0	0	0	0	0	0	0	0	0	0	0	0	1	0	0	0	0	1	0	0
zOTU_3977	0	0	0	0	1	0	0	1	2	0	0	1	0	0	2	0	0	0	0	0	0	1	1	1	0	1	0	0	0	0	0	0	0	1	0	0	0	0	1	0	0	0	0	0	0	2	0	0
zOTU_3978	0	0	0	0	0	1	1	0	0	0	0	1	0	0	0	0	0	0	1	3	0	0	0	0	0	0	0	1	2	0	0	0	0	1	0	0	0	1	0	0	0	1	0	0	0	0	1	0
zOTU_3979	0	0	1	0	2	2	1	0	0	0	0	0	0	0	1	0	0	3	0	0	0	0	0	0	0	0	0	0	0	1	0	0	1	0	0	1	2	1	0	1	0	0	1	0	0	1	1	0
zOTU_398	2	2	6	16	48	6	6	5	25	13	6	14	9	30	14	15	28	18	20	17	29	9	41	28	30	17	15	28	3	15	0	0	21	16	32	13	32	39	17	18	13	16	5	16	22	28	27	16
zOTU_3980	2	0	0	2	0	2	0	0	0	0	0	0	0	0	2	0	0	0	0	0	0	0	0	0	0	0	0	0	0	0	0	0	0	0	0	0	0	0	0	0	0	0	0	5	2	0	3	0
zOTU_3981	0	1	1	0	0	0	0	0	0	0	0	0	0	0	0	0	0	0	1	1	0	0	0	0	1	0	0	0	0	0	0	0	0	0	1	0	1	0	0	0	2	0	0	0	2	0	0	0
zOTU_3982	1	0	1	0	0	0	0	0	1	0	0	0	0	0	0	0	0	1	1	0	0	1	0	1	0	0	0	1	0	0	0	0	1	1	0	0	2	0	0	0	0	0	0	0	1	0	0	0
zOTU_3983	0	0	0	0	0	0	0	0	0	0	0	2	0	0	0	2	0	0	0	2	0	0	0	0	1	0	0	0	1	0	0	0	0	2	0	0	0	4	0	0	0	3	1	0	0	0	0	0
zOTU_3984	0	0	0	0	0	0	0	0	0	0	0	0	0	0	1	0	0	0	1	1	0	0	0	0	0	0	0	4	0	0	0	0	2	0	0	0	0	0	0	0	4	0	0	0	0	0	2	0
zOTU_3985	0	0	0	0	0	0	0	0	0	0	0	0	0	0	0	1	0	0	1	4	0	0	0	0	2	0	0	0	0	0	0	0	0	1	0	0	0	3	0	0	0	1	0	0	0	0	0	0
zOTU_3986	3	0	1	1	3	3	4	1	8	3	1	5	3	10	7	7	4	8	2	1	1	0	5	2	2	1	5	6	2	0	0	0	3	3	5	4	3	6	0	6	10	4	1	2	5	4	1	0
zOTU_3987	0	0	0	0	0	0	0	0	0	0	0	0	0	0	0	2	0	0	0	0	0	0	0	0	0	4	0	0	0	2	0	0	1	0	17	0	0	1	1	0	0	0	0	0	0	0	0	0
zOTU_3988	0	0	1	0	0	0	0	0	0	0	0	0	0	0	1	0	0	1	1	2	0	0	0	2	1	2	0	0	1	1	0	0	3	0	0	0	0	0	3	0	0	0	1	0	0	0	0	0
zOTU_3989	0	0	0	0	3	2	0	0	1	0	0	0	0	0	0	0	0	0	1	0	0	0	0	0	1	0	0	2	0	0	0	0	1	1	0	0	0	0	0	0	0	0	1	0	1	2	0	0
zOTU_399	14	9	13	27	47	20	15	15	47	17	9	14	30	57	28	19	19	26	21	11	10	25	29	23	12	21	36	15	7	27	1	13	19	7	43	37	32	22	24	23	27	15	13	21	14	22	16	15
zOTU_3990	0	0	2	1	0	0	0	0	0	0	0	0	0	0	0	0	0	0	3	1	0	0	0	0	0	0	1	0	0	0	0	0	2	3	3	0	0	2	0	0	0	0	0	0	0	0	0	0
zOTU_3991	0	0	0	0	0	0	0	2	1	1	0	0	0	0	0	0	2	0	0	0	1	0	1	0	0	0	0	0	0	3	0	0	0	0	1	0	1	1	1	0	0	0	0	1	1	1	0	0
zOTU_3992	1	1	0	2	3	3	0	0	0	1	0	0	0	3	3	1	0	1	3	0	0	1	0	0	0	0	0	0	0	0	0	0	1	0	3	0	1	0	0	1	1	0	0	0	0	0	0	0
zOTU_3993	0	1	0	0	0	2	1	0	0	0	0	0	0	0	1	0	0	0	1	0	0	1	0	1	0	1	0	0	3	1	0	0	0	1	1	0	0	1	0	0	2	0	0	0	0	0	0	0
zOTU_3994	1	0	1	0	2	0	0	0	1	0	0	1	0	0	1	1	0	1	0	0	0	0	1	0	1	0	0	0	0	0	0	0	1	0	0	0	0	0	0	1	0	0	0	0	2	0	0	0
zOTU_3995	0	0	1	0	0	0	0	0	0	0	1	1	0	0	0	0	1	0	0	0	0	1	0	1	0	0	0	0	1	1	0	0	0	1	0	0	0	0	0	0	0	1	0	0	0	0	1	0
zOTU_3996	0	1	0	0	0	0	0	0	0	0	0	0	0	0	0	0	0	0	0	0	0	0	0	0	0	0	0	2	0	0	0	0	1	0	0	0	1	1	0	0	0	0	0	0	0	4	0	0
zOTU_3997	0	1	0	0	0	1	0	0	0	0	0	0	0	0	0	0	1	1	1	1	0	0	0	0	4	1	0	0	0	2	0	0	1	1	1	0	0	0	1	0	4	0	1	0	0	1	0	0
zOTU_3998	0	0	0	1	0	1	1	0	0	0	0	1	0	0	0	1	0	0	0	0	1	0	0	0	0	0	0	0	0	0	0	0	1	0	1	0	3	1	1	0	1	0	0	0	0	1	1	1
zOTU_3999	0	1	0	0	0	0	0	0	0	0	0	0	0	0	1	0	0	0	0	1	0	0	0	0	0	0	0	0	0	0	0	0	2	1	0	0	0	0	0	0	0	0	0	0	0	0	6	0
zOTU_4	1393	1073	822	1474	2720	2230	1517	944	2246	1140	932	1484	1601	2772	1839	1901	1320	1796	1604	1054	708	1614	1949	2176	1176	1566	1834	2493	856	898	13	261	1556	2137	1839	1217	2238	1772	1248	1495	2169	1263	768	935	1407	1598	878	916
zOTU_40	200	227	65	300	637	391	36	96	192	55	56	15	119	389	398	97	73	410	393	130	12	207	113	286	16	80	425	174	128	30	20	58	285	33	202	222	481	140	69	117	276	81	37	22	34	120	5	476
zOTU_400	5	7	30	8	8	10	37	3	5	16	2	41	7	0	24	48	9	5	21	42	14	7	3	40	55	5	5	27	23	5	1	0	12	76	16	6	13	95	12	2	24	68	26	7	5	18	33	3
zOTU_4000	0	0	0	0	3	0	0	0	0	0	0	0	0	2	0	0	0	0	1	0	0	0	4	0	0	0	0	0	0	0	0	0	0	0	0	0	0	0	0	0	0	0	0	0	0	0	2	0
zOTU_4001	0	0	0	0	1	1	0	0	0	0	0	0	0	0	3	3	0	0	1	0	0	0	0	0	1	0	0	1	0	0	0	0	0	3	0	0	0	2	0	0	0	0	0	0	0	0	0	0
zOTU_4002	0	0	0	0	1	0	0	0	1	1	0	0	0	1	0	0	0	2	0	0	0	2	1	2	0	0	0	4	0	0	0	0	1	0	0	0	1	2	0	0	1	2	0	0	0	0	0	0
zOTU_4003	0	0	0	0	0	0	1	0	0	1	0	0	0	2	0	0	3	0	0	1	2	0	1	2	0	0	0	0	0	0	0	0	0	0	1	0	0	1	0	0	0	3	0	1	0	0	0	0
zOTU_4004	0	0	0	0	0	0	0	0	0	0	0	0	0	0	0	0	0	0	0	0	0	0	0	0	0	0	0	0	0	0	0	0	0	0	0	0	0	0	0	0	0	0	0	0	0	0	0	0
zOTU_4005	0	2	0	0	0	1	1	0	0	1	0	1	0	0	0	2	0	0	1	1	2	1	1	1	4	0	0	0	1	0	0	0	0	4	1	0	0	1	0	0	0	5	0	0	0	0	8	0
zOTU_4006	2	0	0	0	1	0	0	0	2	0	0	1	0	1	0	0	0	0	0	0	0	0	0	0	1	0	0	0	0	0	0	0	0	1	0	0	0	0	0	0	0	0	0	0	1	0	4	0
zOTU_4007	0	0	0	0	0	0	0	0	0	0	0	0	0	0	1	0	0	0	2	0	0	0	0	0	0	0	0	2	0	0	0	0	0	4	2	0	0	0	0	0	0	0	0	0	0	2	0	0
zOTU_4008	1	2	0	1	1	0	0	0	2	0	1	0	2	1	0	0	0	2	1	2	0	0	1	0	0	2	4	0	0	0	0	0	1	0	1	1	1	1	3	0	0	1	0	0	0	0	0	0
zOTU_4009	0	0	0	0	0	0	0	0	0	0	0	0	0	0	0	0	0	0	0	0	3	1	0	0	1	0	0	0	1	0	0	0	0	0	0	0	0	0	0	0	0	0	0	0	4	0	3	0
zOTU_401	8	18	6	27	46	13	6	19	32	10	8	5	17	42	20	21	6	27	9	8	19	14	21	23	19	19	18	15	6	15	0	1	8	14	33	18	31	14	10	18	35	27	10	11	13	19	16	14
zOTU_4010	0	0	0	0	0	0	0	1	0	0	1	0	0	0	0	0	0	0	0	0	2	0	0	1	0	1	0	1	0	0	0	0	0	0	2	0	0	0	1	0	1	0	0	1	0	1	0	1
zOTU_4011	1	0	0	0	0	0	1	0	1	0	0	0	0	1	0	0	0	2	1	0	0	1	1	1	0	1	0	0	0	0	0	0	0	0	0	2	1	0	0	0	0	0	0	0	2	0	0	1
zOTU_4012	0	0	1	0	1	0	0	0	0	0	1	0	1	1	1	0	1	2	0	1	0	1	0	0	0	0	0	0	0	0	0	0	0	0	6	0	0	0	1	0	0	0	2	0	0	1	0	0
zOTU_4013	1	0	0	0	0	0	1	0	0	1	0	0	2	0	0	0	3	0	3	0	1	0	1	0	0	0	0	2	0	1	0	0	0	1	3	0	1	0	3	0	1	0	1	2	0	2	0	0
zOTU_4014	0	1	1	0	0	0	3	0	0	0	0	0	0	0	1	3	0	0	1	4	2	0	0	1	3	0	0	1	7	1	0	0	2	1	1	0	2	6	1	1	0	5	0	1	0	0	1	2
zOTU_4015	1	0	0	0	0	0	1	0	0	0	0	1	1	0	0	0	2	0	0	0	0	1	0	0	0	0	2	2	0	1	0	0	1	0	1	1	0	0	0	0	0	0	0	0	0	0	0	0
zOTU_4016	0	1	1	0	0	0	0	0	0	0	0	0	0	0	1	1	0	1	1	0	0	0	0	1	0	0	0	0	2	0	0	0	0	0	0	0	1	0	0	0	0	2	2	0	0	1	2	0
zOTU_4017	0	2	1	2	0	0	2	1	1	0	1	0	2	5	1	3	0	4	1	4	0	2	0	0	0	1	0	0	0	2	0	0	1	2	4	0	3	3	3	1	2	2	3	1	0	1	0	1
zOTU_4018	0	0	0	0	0	0	0	0	0	0	1	3	0	1	0	1	0	0	0	1	1	0	0	0	1	0	0	1	0	0	0	0	0	2	0	0	0	4	1	0	1	3	0	0	0	0	1	0
zOTU_4019	0	0	0	0	0	1	0	0	0	0	0	0	0	0	4	0	0	0	5	0	0	0	0	1	0	0	0	0	0	0	0	0	1	0	0	0	4	0	0	0	0	0	0	0	0	2	0	0
zOTU_402	6	7	15	4	16	17	20	5	9	17	3	8	16	5	23	17	26	13	25	14	16	29	37	37	16	10	7	54	6	8	1	1	20	26	19	11	24	20	9	16	18	9	16	26	53	73	55	8
zOTU_4020	0	0	0	1	0	0	1	2	0	0	1	0	1	0	0	0	1	0	0	0	2	0	0	2	0	0	1	0	0	1	0	0	0	1	2	0	0	0	0	0	2	0	0	1	0	1	0	0
zOTU_4021	0	0	0	0	0	1	0	0	0	0	1	0	1	1	0	0	1	3	0	0	0	0	0	2	0	0	0	0	0	0	0	0	0	0	0	0	0	0	0	0	0	0	0	1	0	0	0	0
zOTU_4022	1	0	0	1	4	0	0	0	2	1	0	0	0	2	1	0	0	0	0	0	0	1	0	2	0	0	1	0	0	0	0	0	0	0	0	1	0	0	0	0	1	0	0	0	0	0	0	0
zOTU_4023	0	2	0	0	0	0	0	0	0	0	0	1	0	0	0	0	0	0	0	0	2	1	0	0	1	1	0	1	0	0	0	0	0	0	2	0	0	0	0	0	1	0	0	2	0	0	0	0
zOTU_4024	0	0	0	0	0	0	0	0	0	0	0	0	0	0	3	1	0	1	0	0	0	0	0	0	0	0	0	3	0	0	0	0	0	0	0	1	0	0	0	0	1	1	0	0	1	0	0	0
zOTU_4025	0	1	0	0	0	0	0	0	1	1	0	0	0	0	0	0	0	0	0	0	0	0	1	5	1	0	0	1	0	0	0	0	0	0	0	0	0	0	0	0	0	1	0	0	2	0	0	0
zOTU_4026	0	1	0	1	0	0	0	0	0	0	0	0	0	0	0	0	0	0	1	1	0	0	0	0	1	0	0	0	0	1	0	0	0	0	1	0	3	0	0	0	0	0	0	1	0	0	0	0
zOTU_4027	0	0	0	0	0	1	1	0	0	0	0	1	0	0	0	2	0	0	0	2	1	0	0	0	1	0	0	2	1	0	0	0	1	2	0	0	2	1	0	0	1	0	0	0	0	1	1	0
zOTU_4028	1	1	0	0	2	0	0	1	0	0	0	0	0	0	0	0	0	0	0	0	0	1	0	0	0	0	0	0	0	0	0	0	0	0	0	0	0	0	0	0	0	0	0	0	3	0	1	0
zOTU_4029	0	0	0	0	0	0	0	0	0	0	1	1	0	0	1	0	0	0	0	1	0	0	0	0	2	0	0	0	0	0	0	0	0	1	1	0	0	0	0	0	3	0	0	1	0	0	0	0
zOTU_403	7	18	15	13	24	15	15	12	9	3	8	10	23	13	41	17	36	14	40	32	18	15	4	15	12	30	20	30	19	19	0	0	10	29	28	20	34	20	11	16	38	9	12	0	1	9	12	15
zOTU_4030	0	0	0	0	0	0	2	0	0	0	0	1	0	0	0	1	0	0	2	0	0	0	0	0	1	0	0	0	0	1	0	0	0	0	0	0	1	1	1	0	0	0	1	0	0	0	2	0
zOTU_4031	0	1	0	1	1	0	0	1	0	0	0	1	0	0	0	0	0	0	1	0	0	1	2	0	0	1	2	0	0	1	0	0	0	0	2	0	0	1	0	0	0	2	0	0	0	0	0	0
zOTU_4032	0	0	1	0	0	0	0	0	0	0	0	1	0	0	0	0	0	0	0	0	1	0	0	0	0	0	0	0	0	0	0	0	0	1	1	0	1	3	0	0	0	1	1	1	0	0	2	0
zOTU_4033	0	1	0	0	1	1	0	0	0	0	0	0	1	0	1	0	0	0	1	0	0	0	1	1	2	0	0	1	1	0	0	0	0	1	0	1	0	0	0	0	0	0	0	1	0	1	0	0
zOTU_4034	0	0	3	0	0	0	0	0	0	0	0	1	0	0	0	1	0	0	0	11	0	0	0	0	0	0	0	0	6	0	0	0	0	2	0	0	0	7	0	0	0	8	1	0	0	0	0	0
zOTU_4035	0	0	2	0	0	0	0	0	0	0	0	1	0	0	1	2	0	0	0	4	0	0	0	0	1	0	0	0	1	0	0	0	1	1	0	0	0	3	0	0	1	3	1	0	0	1	1	0
zOTU_4036	1	3	3	1	3	2	2	1	4	0	0	0	0	4	2	0	3	3	2	0	0	1	4	1	2	3	3	3	1	1	0	0	3	2	4	5	4	2	0	2	1	0	1	1	0	0	0	1
zOTU_4037	1	0	2	2	4	2	0	1	2	0	0	0	3	0	3	1	3	3	2	1	0	1	1	0	0	3	1	1	0	2	0	0	1	0	16	2	3	3	13	1	1	5	2	0	3	1	0	1
zOTU_4038	1	0	0	1	1	1	0	0	0	1	0	0	0	0	0	0	0	0	0	0	0	0	0	0	1	0	0	0	0	0	0	0	0	0	0	0	0	0	0	0	0	0	0	2	1	0	3	0
zOTU_4039	0	0	0	0	0	0	1	0	0	0	0	0	0	0	0	1	0	0	0	3	0	0	0	0	2	0	0	0	1	0	0	0	0	2	0	0	0	2	0	0	0	2	0	0	0	0	1	0
zOTU_404	16	10	11	29	30	22	20	23	32	15	19	29	11	20	34	24	13	24	35	28	23	10	26	35	15	15	19	55	14	22	0	0	25	18	47	24	35	21	25	23	34	13	8	20	20	25	24	23
zOTU_4040	1	1	0	0	0	1	0	0	0	0	0	1	1	1	0	2	2	0	0	1	0	0	0	0	0	0	0	0	0	0	0	0	1	1	0	3	1	1	1	1	0	1	0	0	1	1	0	0
zOTU_4041	0	0	0	0	0	1	0	0	2	1	0	0	0	0	1	0	1	0	2	1	0	1	0	0	0	0	0	1	0	0	0	0	0	1	0	0	1	1	0	1	0	1	1	0	0	0	0	0
zOTU_4042	0	0	0	0	0	2	0	0	0	0	0	0	0	1	0	0	0	0	0	2	0	0	0	0	0	0	0	0	0	0	0	0	0	1	0	0	3	2	0	0	0	1	0	0	0	0	3	0
zOTU_4043	1	0	0	0	3	0	0	0	1	0	0	0	0	0	0	0	0	1	0	0	0	0	1	0	0	0	2	0	0	0	0	0	0	0	0	3	0	0	0	3	0	0	0	0	0	0	0	0
zOTU_4044	2	0	0	0	0	0	0	1	1	0	0	0	0	0	0	0	0	0	2	0	0	0	0	0	0	0	0	1	0	0	0	0	0	0	0	0	0	0	0	1	0	0	0	1	0	0	0	0
zOTU_4045	0	0	0	0	1	0	0	0	0	0	0	0	0	0	1	0	0	1	0	0	0	0	0	0	0	0	1	1	0	0	0	0	0	0	0	0	1	2	0	1	2	0	0	0	0	0	1	0
zOTU_4046	0	1	0	0	0	0	0	0	0	0	0	0	0	0	0	0	0	0	0	2	0	0	0	0	0	0	0	1	0	0	0	0	1	0	0	0	1	1	0	0	0	2	2	0	0	0	1	0
zOTU_4047	0	0	0	0	1	0	0	0	1	0	0	0	0	3	0	0	0	0	0	0	0	0	0	0	0	0	1	0	0	1	0	0	0	0	0	0	0	0	0	2	0	1	0	0	0	0	0	1
zOTU_4048	0	0	0	0	1	0	0	0	2	0	0	0	0	2	0	0	0	2	0	1	1	1	2	0	0	0	3	0	0	0	0	0	0	0	3	0	0	1	0	0	0	0	0	0	0	0	0	0
zOTU_4049	0	0	1	1	0	0	0	0	0	0	0	1	3	0	0	2	1	0	0	0	1	0	0	0	0	0	0	0	1	0	0	0	1	3	1	0	0	0	0	0	0	0	1	0	0	1	1	1
zOTU_405	29	6	8	32	35	14	13	12	24	14	8	10	18	11	12	14	21	17	18	11	15	26	36	21	26	20	15	14	3	14	0	1	11	28	19	13	6	20	9	15	11	14	6	15	79	10	33	9
zOTU_4050	0	0	0	0	0	0	0	0	0	2	0	1	0	0	0	1	0	0	0	0	0	2	0	0	1	0	0	1	0	0	0	0	1	0	0	0	0	0	0	0	0	0	0	0	1	0	0	0
zOTU_4051	0	0	0	1	0	0	0	0	0	0	0	0	0	0	1	1	0	0	2	0	0	0	0	0	0	0	0	0	0	1	0	0	0	0	0	0	2	0	1	0	2	0	0	0	0	0	2	0
zOTU_4052	0	1	1	0	0	0	0	0	0	0	0	0	0	0	0	0	0	1	0	0	0	0	2	0	2	0	1	1	0	0	0	0	0	0	0	1	0	1	0	0	1	2	0	0	0	0	0	0
zOTU_4053	1	2	0	0	0	1	0	0	0	0	0	1	0	0	1	0	0	0	1	2	0	0	0	4	1	0	0	2	1	0	0	0	0	3	0	0	1	0	0	0	4	1	3	0	1	0	0	0
zOTU_4054	0	0	0	0	1	0	0	0	1	0	0	0	0	1	1	4	0	0	0	0	1	0	0	0	1	0	0	1	0	0	0	0	0	0	0	0	1	0	0	0	0	0	0	0	2	0	0	0
zOTU_4055	0	0	0	1	0	1	0	0	0	0	0	0	0	1	0	0	1	0	0	0	0	0	0	0	0	1	0	1	0	1	0	0	0	0	0	1	0	0	0	1	0	0	0	0	0	0	0	0
zOTU_4056	0	0	0	0	0	0	0	0	0	0	0	0	1	0	0	0	0	0	1	4	0	0	0	0	2	0	0	0	0	0	0	0	0	0	0	0	0	1	0	0	0	0	0	1	0	0	1	0
zOTU_4057	0	1	0	1	0	1	5	0	1	0	0	2	1	0	2	2	0	0	1	0	0	0	0	4	0	0	1	0	1	1	0	0	3	1	0	0	1	0	0	0	2	0	1	0	0	1	2	0
zOTU_4058	1	0	0	0	0	1	0	0	0	0	0	0	0	0	0	0	1	0	1	0	0	0	1	0	0	1	0	0	2	0	0	0	0	0	0	0	1	0	1	0	1	0	0	0	0	0	1	0
zOTU_4059	0	0	0	0	1	1	1	2	1	0	0	0	2	5	0	2	2	2	3	2	0	1	1	1	0	1	5	0	0	0	0	0	1	0	7	0	4	2	0	0	2	4	0	0	0	0	0	1
zOTU_406	12	5	6	11	37	13	9	8	12	1	5	4	11	60	22	27	8	54	24	31	4	34	19	20	12	12	22	16	9	6	0	3	22	13	32	8	49	92	15	7	23	104	16	3	31	6	10	10
zOTU_4060	4	0	1	0	2	1	1	1	1	0	0	1	0	1	0	0	0	1	1	0	3	2	2	2	0	1	1	1	0	0	0	0	0	1	0	3	3	1	1	2	0	2	0	2	5	0	0	0
zOTU_4061	0	0	0	0	0	0	2	0	0	0	0	0	0	0	0	1	0	0	0	0	0	0	0	0	1	0	0	0	0	0	0	0	0	6	0	0	0	0	0	0	0	0	1	0	0	0	1	0
zOTU_4062	0	0	0	0	0	0	0	0	0	0	0	1	0	2	2	0	0	1	0	0	1	0	0	0	0	0	0	0	0	0	0	0	2	0	0	0	0	0	0	0	1	2	0	0	0	1	0	0
zOTU_4063	0	0	2	0	0	0	1	0	0	2	0	0	2	0	1	2	4	0	4	1	0	0	0	0	0	1	0	1	2	0	0	0	0	1	4	0	0	9	2	0	3	10	1	0	0	1	0	0
zOTU_4064	1	0	0	0	0	0	0	0	0	0	1	0	0	0	1	0	0	0	1	0	0	0	0	0	0	0	0	0	0	0	0	0	0	0	0	0	1	0	1	0	0	0	0	0	0	0	4	1
zOTU_4065	0	0	0	0	0	0	0	0	1	2	0	0	0	0	0	0	1	0	1	1	0	0	0	1	1	0	0	1	0	0	0	0	0	0	0	1	0	0	0	0	0	0	0	2	0	0	1	0
zOTU_4066	0	1	0	0	0	0	0	0	1	0	3	0	3	1	1	0	0	2	1	0	3	1	2	0	0	0	2	0	0	0	0	0	0	1	3	1	3	3	0	1	3	0	0	0	0	0	0	1
zOTU_4067	1	1	0	1	0	0	0	0	0	0	0	0	0	2	1	0	0	5	0	0	0	3	0	0	0	0	3	0	1	0	0	0	0	0	0	1	1	0	0	1	0	0	0	0	0	0	1	0
zOTU_4068	2	0	0	1	1	0	0	0	0	0	0	0	0	0	0	0	0	0	0	0	0	0	0	2	0	0	0	0	0	0	0	0	0	2	1	0	0	0	0	0	2	0	0	0	0	0	0	0
zOTU_4069	0	1	0	0	1	0	0	0	0	0	0	0	0	0	0	0	0	0	0	0	2	0	0	2	0	0	0	1	0	0	0	0	1	0	1	0	0	1	1	0	0	1	0	2	0	0	1	1
zOTU_407	9	5	3	26	18	11	9	10	26	19	11	11	7	15	17	18	12	19	22	7	13	15	32	31	8	9	24	36	9	6	0	13	14	19	10	18	12	12	22	30	18	16	6	19	10	11	8	21
zOTU_4070	0	0	0	0	0	0	2	0	0	0	0	0	0	0	0	0	0	0	0	1	0	0	0	0	3	0	0	0	0	0	0	0	0	0	0	0	0	1	0	0	0	3	0	0	0	0	3	0
zOTU_4071	2	0	0	0	0	1	0	0	0	0	0	0	0	0	0	0	0	2	0	0	0	0	0	1	0	0	1	1	0	0	0	0	1	0	0	0	0	0	0	1	0	0	0	0	0	2	0	0
zOTU_4072	1	0	2	1	1	1	0	0	0	0	0	0	0	2	0	0	1	0	0	0	1	0	3	1	0	1	0	0	0	0	0	0	0	0	0	0	0	0	0	0	0	0	1	0	4	0	1	0
zOTU_4073	0	0	0	0	1	0	0	0	0	0	0	0	0	1	0	0	0	4	0	0	4	0	1	0	2	1	2	0	0	0	0	0	0	0	0	1	0	0	0	0	0	0	0	0	0	0	0	1
zOTU_4074	0	0	1	0	0	0	0	0	0	0	0	0	0	0	0	0	0	0	0	1	0	0	0	0	3	0	0	0	1	0	0	0	0	4	0	0	0	2	0	0	0	2	0	0	0	0	0	0
zOTU_4075	1	0	0	0	5	0	0	0	0	0	0	0	0	0	0	0	0	1	4	1	0	0	0	0	0	0	4	0	0	0	0	0	2	0	1	0	0	1	0	2	1	0	0	0	0	0	0	0
zOTU_4076	0	0	0	0	1	0	0	0	1	0	0	0	0	0	0	0	0	0	0	0	0	0	2	2	0	0	0	0	0	0	0	0	0	1	0	1	0	0	0	0	0	0	0	0	2	2	2	0
zOTU_4077	0	0	0	0	0	0	0	0	0	0	0	1	1	0	0	0	1	0	1	2	0	2	0	1	0	0	0	0	0	0	0	0	1	0	1	0	0	0	0	0	0	2	0	0	0	0	0	0
zOTU_4078	0	0	0	0	0	0	1	2	0	0	1	2	1	0	0	0	0	0	1	3	1	0	0	0	0	0	0	1	2	1	0	0	1	0	0	0	2	0	1	0	1	1	0	0	0	1	2	0
zOTU_4079	0	0	0	0	0	0	0	0	0	0	0	0	0	0	0	1	4	0	1	2	0	0	0	1	0	0	0	0	0	0	0	0	0	0	1	0	0	0	1	0	0	1	0	0	0	0	0	0
zOTU_408	11	13	13	17	35	27	20	16	19	10	13	24	24	8	33	12	32	9	19	26	11	14	14	37	21	26	19	30	8	11	0	0	14	28	22	8	13	19	17	19	17	18	4	17	17	15	17	12
zOTU_4080	0	0	0	0	0	0	0	0	0	0	0	0	0	0	0	1	0	0	0	0	1	0	0	0	0	1	0	2	0	0	0	0	0	0	1	0	0	0	1	0	3	0	0	4	0	1	0	2
zOTU_4081	0	1	0	0	1	0	0	0	2	0	0	0	0	1	0	0	0	0	1	0	0	0	3	0	0	0	1	0	0	0	0	0	0	0	0	0	0	0	0	0	1	0	0	0	2	0	0	0
zOTU_4082	0	0	0	0	1	0	0	0	0	0	0	0	1	1	0	0	1	0	1	0	0	0	0	0	0	1	0	1	0	0	0	0	0	0	0	1	0	0	0	0	0	1	1	0	0	1	0	1
zOTU_4083	2	2	0	0	1	0	0	1	0	1	0	0	0	0	0	1	0	0	0	0	0	0	3	1	0	0	0	1	0	0	0	0	2	0	0	0	2	1	0	0	3	0	0	0	1	1	0	1
zOTU_4084	0	0	0	0	2	0	2	1	0	0	2	1	0	0	0	1	2	0	0	1	1	0	2	0	0	0	0	0	0	0	0	0	0	0	0	0	0	0	2	0	0	1	0	0	0	1	3	1
zOTU_4085	0	0	0	0	0	0	0	0	0	0	0	0	0	1	2	1	0	0	0	1	2	0	0	0	0	0	0	2	0	0	0	0	0	1	1	1	0	0	0	1	0	0	0	0	0	0	1	0
zOTU_4086	0	0	1	0	0	0	0	0	2	0	0	0	0	0	1	0	0	1	0	0	0	1	0	1	0	0	0	0	0	0	0	0	0	0	1	0	0	0	1	0	1	0	0	0	2	0	0	1
zOTU_4087	2	0	0	0	1	0	0	0	3	0	0	0	0	0	0	0	0	0	0	0	0	3	0	0	0	0	0	0	0	0	0	0	0	0	0	0	0	0	0	0	0	0	0	0	2	0	0	0
zOTU_4088	0	0	0	1	0	0	0	0	1	0	0	0	0	2	0	0	0	0	0	0	3	0	0	0	0	0	2	0	0	0	0	0	0	0	0	0	0	0	0	1	0	0	0	0	1	0	0	0
zOTU_4089	0	0	0	0	0	0	0	0	1	0	0	0	0	2	0	0	0	0	0	1	2	0	1	0	1	1	1	1	0	0	0	0	0	0	1	1	0	0	0	0	0	0	0	1	1	0	1	0
zOTU_409	4	7	11	10	14	31	25	15	18	16	10	25	24	5	22	27	26	2	21	16	11	9	15	17	22	20	10	47	7	12	0	0	15	29	34	10	15	26	14	9	26	11	5	14	12	12	16	6
zOTU_4090	0	1	0	0	0	0	0	0	0	1	0	0	0	0	1	0	0	0	1	0	0	0	0	1	0	0	0	0	0	0	0	0	0	0	0	0	0	0	0	0	0	0	0	0	0	1	0	0
zOTU_4091	0	0	0	0	0	0	0	0	0	0	0	1	0	0	0	0	0	0	0	2	0	0	0	0	2	0	0	0	0	0	0	0	0	7	0	0	0	0	0	0	0	0	0	0	0	0	0	0
zOTU_4092	0	0	1	0	0	0	0	0	0	0	1	0	0	0	0	1	1	0	0	0	0	0	0	0	1	0	0	0	0	0	0	0	1	0	2	0	0	1	0	0	1	1	0	0	0	0	0	0
zOTU_4093	0	0	0	0	0	0	1	0	0	0	0	0	0	0	1	2	0	0	1	2	0	0	0	0	0	1	0	0	0	1	0	0	1	0	3	0	0	4	2	0	1	3	1	0	0	0	0	0
zOTU_4094	0	0	0	0	0	0	0	0	0	0	0	0	0	0	1	4	0	0	1	0	0	0	0	0	0	0	0	1	0	0	0	0	2	0	2	0	1	1	1	0	0	0	1	0	0	0	0	0
zOTU_4095	0	3	2	6	1	3	5	3	2	4	0	4	0	1	8	5	3	1	10	2	3	0	5	3	3	2	0	13	0	3	0	0	4	1	3	1	3	2	0	2	8	8	2	2	1	2	1	0
zOTU_4096	0	1	0	1	3	0	1	1	0	0	0	0	0	0	1	0	0	0	0	0	1	1	3	2	1	1	1	0	0	2	0	0	0	0	2	1	1	0	9	0	4	0	0	1	0	1	0	0
zOTU_4097	0	0	0	1	5	0	0	0	1	0	0	0	0	1	0	1	0	0	1	0	2	1	0	0	0	0	0	0	1	0	0	0	0	0	3	0	1	1	0	0	1	1	0	0	0	0	0	0
zOTU_4098	0	0	0	1	0	0	0	0	0	0	1	0	0	0	0	0	0	1	0	0	1	2	1	1	0	0	2	0	0	0	0	0	1	0	1	1	1	0	1	0	0	0	0	1	1	2	0	0
zOTU_4099	0	0	0	0	0	0	0	0	0	0	0	0	0	0	1	2	0	0	0	0	0	0	0	0	0	0	0	0	0	1	0	0	0	4	1	0	2	2	0	0	0	3	0	0	0	0	0	0
zOTU_41	162	147	145	134	234	312	278	132	160	83	98	239	238	245	304	361	310	203	248	292	58	188	110	318	114	212	126	336	137	96	0	36	241	370	294	138	229	326	153	212	301	321	114	54	103	174	102	118
zOTU_410	20	1	0	0	187	4	0	0	62	0	0	0	0	404	2	0	0	9	4	0	0	3	0	0	0	0	34	1	0	0	0	0	1	0	1	16	11	0	0	23	8	0	0	0	2	0	0	4
zOTU_4100	0	0	0	0	2	0	0	0	1	2	0	0	0	0	0	0	0	0	0	0	0	0	5	1	0	0	0	0	0	0	0	0	0	0	0	0	1	0	0	0	0	0	0	0	0	0	0	0
zOTU_4101	0	0	0	0	0	0	0	0	0	0	0	0	0	0	0	1	0	0	0	0	0	0	0	0	1	0	0	0	1	0	0	0	0	4	0	0	0	3	0	0	0	1	0	0	0	0	3	0
zOTU_4102	0	0	1	1	0	0	0	1	0	1	0	0	0	0	0	0	3	0	0	0	0	0	1	0	0	1	1	0	0	0	0	0	0	0	0	0	0	0	2	0	0	1	0	0	0	0	0	0
zOTU_4103	0	0	0	0	0	0	0	0	1	0	1	0	0	0	1	0	0	0	1	0	1	0	0	1	0	0	0	0	0	1	0	0	0	0	0	1	2	1	0	0	1	0	0	0	2	1	0	0
zOTU_4104	0	2	0	0	0	0	0	0	0	1	0	0	0	0	2	1	0	0	2	1	0	0	0	0	0	0	0	2	0	0	0	0	0	0	0	0	0	0	0	0	1	0	0	0	0	1	0	0
zOTU_4105	0	0	1	0	0	0	1	0	0	0	0	0	0	0	0	0	0	0	0	3	0	0	0	0	1	0	0	0	2	0	0	0	0	0	0	0	0	3	0	0	0	2	1	0	0	0	2	0
zOTU_4106	0	1	0	2	0	0	0	0	0	0	1	0	0	0	2	0	1	0	0	1	2	0	0	0	0	0	1	0	0	0	0	0	2	0	1	0	0	0	1	0	0	0	1	1	0	0	0	1
zOTU_4107	0	0	0	0	0	0	1	0	0	0	0	1	0	1	0	0	0	0	1	0	0	0	3	0	0	0	2	0	1	0	0	0	1	0	0	0	0	1	0	1	0	0	0	0	1	0	1	0
zOTU_4108	0	1	0	0	0	0	0	1	0	0	0	1	0	0	0	0	1	0	0	0	0	0	0	1	0	0	0	0	0	0	0	0	0	0	0	1	1	0	0	0	2	0	1	0	0	0	2	1
zOTU_4109	4	0	4	3	2	0	5	2	1	6	3	3	3	3	5	1	2	5	6	4	10	6	1	4	1	6	1	12	1	1	0	0	4	7	6	1	5	8	6	8	3	3	7	3	4	3	7	1
zOTU_411	15	26	17	14	34	28	32	7	19	23	5	37	13	12	34	32	54	4	12	21	24	12	4	18	24	22	5	30	24	7	0	6	13	20	40	15	13	36	26	9	12	25	11	4	8	26	17	4
zOTU_4110	1	1	0	1	0	0	2	1	0	1	0	0	0	0	0	1	1	1	2	0	0	0	0	0	0	2	1	2	3	1	0	0	0	0	0	0	0	2	0	0	1	1	0	0	0	0	0	0
zOTU_4111	0	0	2	0	0	1	2	0	0	0	0	0	0	0	1	3	0	0	0	0	0	0	0	0	2	0	0	0	3	0	0	0	0	2	0	0	2	3	0	0	0	1	0	0	0	1	0	0
zOTU_4112	0	0	0	0	0	2	0	0	0	0	0	0	0	0	0	0	0	0	0	0	0	0	1	0	1	0	0	1	1	0	0	0	0	6	0	0	0	0	0	0	0	0	1	0	0	0	2	0
zOTU_4113	0	0	0	0	0	0	0	0	0	0	0	0	0	0	0	1	6	0	2	0	0	0	0	0	0	1	0	0	0	0	0	0	0	0	1	0	0	0	0	0	0	0	0	0	0	0	0	2
zOTU_4114	0	1	0	0	2	0	0	0	0	0	0	0	0	0	1	1	0	2	0	0	0	0	1	0	0	0	1	0	0	0	0	1	0	0	0	1	0	0	0	1	0	1	0	0	0	0	0	0
zOTU_4115	0	0	0	0	0	0	0	0	0	2	0	0	0	0	1	0	0	0	0	0	0	0	0	1	0	0	0	0	0	1	0	0	0	0	1	2	0	0	0	3	0	0	0	0	0	0	1	0
zOTU_4116	1	0	0	0	0	0	1	2	0	0	0	1	0	0	0	0	0	0	0	1	0	0	1	0	0	0	0	0	0	0	0	0	3	1	1	0	1	0	1	0	0	0	1	1	2	0	2	0
zOTU_4117	0	0	0	0	0	0	0	0	0	1	0	0	0	0	0	0	1	0	0	0	0	2	0	1	4	0	1	2	0	0	0	0	0	0	6	0	0	1	1	0	0	0	0	2	3	2	1	0
zOTU_4118	0	0	0	0	0	0	1	0	0	0	0	0	0	0	0	1	0	0	0	1	0	0	0	0	0	0	0	0	0	0	0	0	0	0	0	0	0	6	0	0	0	3	0	0	0	0	0	0
zOTU_4119	0	0	0	0	0	0	0	0	0	0	0	0	0	0	0	0	0	0	0	0	0	1	0	0	1	0	0	0	0	0	0	0	0	4	0	0	3	0	0	0	0	0	1	0	0	1	0	0
zOTU_412	5	7	6	28	85	9	10	13	36	1	13	4	30	43	26	17	5	68	29	15	10	18	4	6	5	12	97	11	9	15	1	0	23	4	62	15	39	36	34	8	31	28	11	1	8	6	2	14
zOTU_4120	0	0	5	0	0	0	1	0	0	0	0	2	0	0	0	2	0	0	1	0	0	0	0	1	1	0	0	0	0	1	0	0	0	3	0	0	1	3	0	0	3	1	1	1	0	0	0	0
zOTU_4121	0	0	0	0	0	0	0	0	0	0	0	0	0	0	1	2	0	0	2	0	1	0	0	3	2	0	0	0	1	0	0	0	0	1	1	0	0	0	1	0	2	1	0	0	0	0	0	0
zOTU_4122	0	0	1	0	1	0	2	1	0	2	0	1	0	0	0	0	0	0	0	0	1	0	0	0	0	0	0	0	1	0	0	0	0	0	1	0	0	2	0	0	1	0	1	0	1	2	0	0
zOTU_4123	0	0	0	0	0	0	2	0	0	0	0	1	0	0	0	2	0	0	0	0	0	0	0	1	0	0	0	0	1	1	0	0	0	0	0	0	0	1	0	0	1	0	0	0	0	0	0	0
zOTU_4124	0	0	1	4	0	1	0	1	0	0	0	0	0	0	0	0	0	0	1	0	0	0	0	0	0	0	0	0	0	1	0	0	0	1	0	0	1	0	0	0	1	0	1	0	0	1	0	2
zOTU_4125	0	0	0	0	0	1	1	0	0	2	0	1	0	0	1	3	0	0	2	0	1	0	3	1	0	0	1	2	1	0	0	0	0	2	0	1	1	3	0	0	1	3	1	0	0	0	0	0
zOTU_4126	0	0	0	0	1	1	0	0	0	0	0	0	0	0	0	0	1	0	1	1	2	0	2	0	0	0	0	0	0	1	0	0	1	0	1	0	0	0	0	1	1	0	0	1	0	1	5	0
zOTU_4127	0	0	0	0	0	0	0	0	0	0	0	0	0	0	0	0	0	0	0	2	0	0	0	0	0	0	0	1	0	0	0	0	0	1	0	0	0	6	0	0	0	3	0	0	0	0	1	0
zOTU_4128	0	0	0	0	0	0	0	0	0	0	0	0	0	0	0	0	0	3	1	0	0	0	0	0	0	2	0	0	0	0	0	0	0	0	3	0	0	1	0	0	1	0	0	0	1	0	0	0
zOTU_4129	0	0	0	1	0	0	1	2	0	0	1	0	0	0	0	0	0	0	0	4	1	0	0	0	2	0	0	0	0	2	0	0	0	0	2	0	0	0	0	0	0	0	0	0	0	0	3	1
zOTU_413	67	3	0	0	97	2	0	0	102	5	0	0	0	21	14	0	0	44	7	0	0	33	49	16	0	0	27	14	0	0	0	0	5	0	0	54	4	0	0	73	18	0	0	0	30	5	0	0
zOTU_4130	0	0	0	0	0	0	0	0	0	0	0	1	0	0	0	1	0	0	1	0	0	0	0	1	0	0	0	0	0	0	0	0	0	2	0	0	0	2	0	0	2	0	0	0	0	0	3	0
zOTU_4131	0	0	0	0	0	1	0	0	0	0	1	0	0	0	0	0	0	1	0	1	0	0	0	0	0	0	0	1	0	0	0	0	0	0	0	0	0	1	0	0	2	0	0	0	0	0	0	0
zOTU_4132	0	0	1	0	0	0	0	0	0	0	0	0	0	1	0	2	1	0	0	0	0	1	1	0	0	0	0	0	1	0	0	0	0	0	3	0	2	0	0	0	0	0	0	0	0	0	0	1
zOTU_4133	0	0	0	1	0	0	0	3	0	0	1	1	0	0	0	0	0	0	1	1	0	0	2	0	0	0	0	3	0	0	0	0	0	0	0	0	0	0	2	0	0	0	0	0	0	0	0	0
zOTU_4134	0	0	1	0	4	2	0	0	2	0	0	0	0	1	2	1	0	0	0	1	0	0	2	0	0	0	1	2	0	0	0	0	0	0	0	0	0	0	0	2	0	0	0	0	1	0	0	0
zOTU_4135	0	0	0	0	0	0	0	0	0	0	1	0	2	0	0	1	0	0	1	1	1	0	0	0	0	0	0	0	0	0	0	0	0	2	1	0	0	0	2	0	0	0	0	0	0	0	0	0
zOTU_4136	0	0	1	0	0	0	0	0	0	0	0	0	0	0	0	1	0	0	0	3	0	0	0	0	3	1	0	0	0	0	0	0	0	1	0	0	0	3	1	0	0	1	0	0	0	0	2	0
zOTU_4137	1	1	1	0	5	2	1	2	1	1	2	1	5	3	1	3	0	1	6	6	0	0	1	2	0	0	1	0	1	1	0	1	1	2	6	0	6	4	1	1	1	10	2	0	0	1	3	1
zOTU_4138	0	0	0	0	0	0	1	0	0	0	0	0	0	0	0	1	0	0	0	5	0	0	0	0	0	0	0	0	0	0	0	0	0	2	1	0	0	1	0	0	0	0	0	0	1	0	0	0
zOTU_4139	0	0	0	0	0	0	1	0	0	0	0	0	0	0	0	0	0	0	3	2	0	0	0	1	4	0	0	0	0	0	0	0	0	1	0	0	2	0	0	0	4	0	3	0	1	0	0	0
zOTU_414	10	15	8	17	39	27	12	17	45	16	10	12	15	15	20	16	13	21	26	17	19	13	20	34	17	12	45	27	7	24	0	2	18	11	47	22	26	27	22	25	35	13	12	9	18	19	19	14
zOTU_4140	0	0	0	1	1	0	0	1	0	0	0	2	0	0	0	0	0	0	1	0	1	0	0	0	0	1	1	2	0	0	0	0	0	0	2	0	0	0	0	0	0	0	0	0	0	0	0	0
zOTU_4141	0	1	1	0	0	3	1	0	0	0	0	0	0	0	1	0	0	0	1	1	0	0	0	2	1	0	0	1	1	0	0	0	2	1	0	0	5	3	0	0	2	0	0	0	0	1	0	0
zOTU_4142	0	0	0	1	1	0	1	0	2	0	0	1	0	5	0	2	1	0	0	0	0	1	2	0	0	0	1	0	0	0	0	0	0	0	0	1	0	1	0	0	1	1	0	0	0	0	0	0
zOTU_4143	0	0	1	0	0	0	0	0	0	0	0	0	0	0	2	0	0	0	1	0	0	0	1	0	2	0	2	1	1	0	0	0	0	1	0	0	0	3	0	3	1	0	1	0	2	0	0	0
zOTU_4144	0	0	1	0	0	0	0	0	0	0	0	1	0	0	0	1	0	0	0	1	0	0	0	0	2	0	0	0	1	0	0	0	0	0	0	0	0	1	0	0	0	2	0	0	0	0	3	0
zOTU_4145	0	0	1	0	0	0	1	0	0	0	0	0	0	0	1	0	0	0	2	1	0	0	0	0	1	0	0	0	0	0	0	0	0	0	1	0	1	0	2	0	1	0	0	0	0	0	0	1
zOTU_4146	0	0	0	0	0	0	1	0	0	1	0	1	0	0	0	3	0	0	0	1	0	0	0	0	2	0	0	0	0	0	0	0	0	1	0	0	3	2	0	0	1	1	0	0	0	0	0	0
zOTU_4147	0	0	0	0	0	0	1	0	0	0	0	1	0	0	0	1	0	1	0	1	0	0	1	1	3	0	0	2	0	0	0	0	0	0	0	0	0	0	0	0	0	1	0	0	2	0	0	0
zOTU_4148	0	0	0	0	0	0	0	0	0	0	0	0	0	0	0	0	0	0	0	0	1	0	0	0	0	0	0	0	0	0	0	0	0	0	0	0	1	0	1	0	1	2	0	0	0	1	2	0
zOTU_4149	0	0	2	0	0	0	2	0	0	2	0	0	1	0	0	2	0	0	0	0	0	0	0	0	0	0	0	0	0	0	0	0	0	0	0	0	0	1	0	0	0	0	0	0	0	0	3	0
zOTU_415	39	19	17	41	30	36	19	10	11	5	9	5	9	30	26	10	27	12	13	28	18	14	35	43	22	24	21	15	10	15	0	0	16	15	17	17	21	6	13	15	31	6	7	15	14	25	22	34
zOTU_4150	0	0	0	0	0	0	0	0	0	0	0	0	0	0	0	0	0	0	0	0	2	0	2	0	1	0	1	0	0	0	0	0	0	0	0	0	0	0	0	0	0	0	0	0	2	0	1	0
zOTU_4151	0	0	0	0	0	0	0	0	0	0	0	0	0	0	0	0	0	0	0	2	0	0	0	0	3	0	0	0	0	0	0	0	0	0	0	0	0	1	0	0	0	1	0	0	0	0	0	0
zOTU_4152	0	1	0	0	1	1	2	0	1	0	0	0	0	0	0	0	0	0	0	0	0	0	0	0	0	0	2	0	0	0	0	0	0	1	1	1	0	0	1	0	1	1	1	0	1	0	0	0
zOTU_4153	0	0	0	0	0	0	0	0	1	0	0	0	0	0	0	0	0	0	0	0	0	1	2	1	0	0	0	0	0	0	0	0	2	0	0	2	0	0	0	0	0	0	0	0	0	0	0	2
zOTU_4154	0	0	2	1	0	0	3	0	0	0	0	5	0	0	0	0	0	0	0	2	0	0	0	0	0	0	0	0	0	0	0	0	0	3	0	1	1	3	0	0	0	2	1	0	0	0	0	0
zOTU_4155	1	0	0	1	1	0	0	0	1	0	0	0	0	5	0	0	1	1	0	0	0	0	0	2	0	0	0	0	0	0	0	0	0	0	0	1	0	0	0	1	0	0	0	0	2	0	1	0
zOTU_4156	0	0	0	0	0	0	1	1	0	0	0	0	0	0	1	0	0	0	0	0	0	1	0	1	0	1	0	0	0	0	0	0	0	0	1	0	0	0	0	0	1	1	0	1	2	0	0	0
zOTU_4157	0	0	0	0	2	0	0	0	0	0	0	0	0	0	0	0	0	0	0	0	0	3	0	0	0	2	1	0	0	0	0	0	0	0	0	0	0	0	0	0	0	0	0	0	1	0	0	0
zOTU_4158	0	1	0	0	0	0	0	0	0	0	0	0	0	0	0	0	0	0	0	1	0	0	0	2	1	0	0	0	1	0	0	0	1	0	0	0	2	6	0	0	2	0	0	0	0	0	2	0
zOTU_4159	5	0	1	1	8	3	2	3	4	0	2	1	0	5	2	1	1	0	0	2	0	1	0	0	2	1	1	1	0	1	0	0	1	1	0	5	3	0	0	10	2	0	0	7	6	2	0	1
zOTU_416	6	11	22	9	5	13	52	9	12	9	6	39	9	7	13	41	10	4	16	37	19	3	17	24	53	15	5	20	28	10	0	0	8	85	29	3	12	42	13	9	10	41	18	8	4	12	36	3
zOTU_4160	0	0	0	0	1	0	0	0	0	0	0	0	0	1	1	1	1	1	0	1	0	1	0	0	0	0	0	0	0	0	0	0	0	1	0	0	0	0	0	1	0	2	0	0	2	0	1	0
zOTU_4161	0	0	0	0	0	1	0	0	0	0	0	0	0	0	1	3	0	1	1	0	0	0	1	0	0	0	0	0	0	0	0	0	0	0	1	0	0	1	0	0	0	1	0	0	0	0	0	0
zOTU_4162	0	0	0	0	0	1	0	0	2	0	0	0	0	1	1	2	0	0	0	1	1	0	1	1	0	0	1	0	0	0	0	0	4	0	2	0	1	1	1	0	0	1	0	0	0	1	1	0
zOTU_4163	1	0	0	0	0	0	0	1	2	0	0	1	1	0	0	0	1	0	0	1	0	0	2	0	1	1	0	0	0	0	0	0	0	1	0	0	0	0	0	0	1	0	0	0	0	0	1	0
zOTU_4164	1	0	1	1	0	1	0	0	0	0	0	2	0	1	0	1	0	0	0	0	0	0	0	0	0	0	0	0	0	0	0	0	0	0	1	0	1	0	0	0	0	0	0	0	0	1	0	0
zOTU_4165	1	0	0	0	1	0	0	0	0	0	0	0	0	0	1	0	0	0	0	0	1	0	2	0	0	0	0	1	0	0	0	0	0	0	0	2	0	0	1	0	0	0	0	0	4	1	2	0
zOTU_4166	0	0	0	0	0	0	0	0	0	0	0	0	0	0	0	0	1	0	0	2	0	0	0	0	1	0	0	0	2	0	0	0	0	1	1	0	0	0	2	0	0	1	2	0	0	0	0	0
zOTU_4167	0	0	1	0	0	0	0	0	0	0	0	0	0	0	0	0	1	0	0	0	0	0	3	0	0	0	0	1	0	0	0	0	0	0	0	0	0	0	0	0	1	0	0	1	0	1	0	0
zOTU_4168	0	1	0	0	0	0	0	0	0	0	0	0	0	0	0	0	0	1	0	0	0	1	0	1	0	0	0	1	0	0	0	0	1	0	2	0	0	0	1	0	1	0	0	0	1	1	0	0
zOTU_4169	0	0	1	0	0	0	0	0	0	0	0	0	0	0	0	3	0	0	7	1	0	0	0	2	0	0	1	0	1	0	0	0	1	0	0	0	0	0	0	0	0	1	0	0	0	0	0	0
zOTU_417	0	16	7	2	2	58	27	4	1	11	6	18	12	0	40	49	2	4	43	47	5	0	2	36	69	4	2	48	23	5	0	1	34	26	17	0	26	40	25	1	39	17	12	2	1	21	23	3
zOTU_4170	0	0	0	0	0	0	1	0	0	0	0	0	0	0	1	0	0	0	0	1	1	0	0	1	1	0	0	0	0	2	0	0	0	0	2	0	0	0	0	0	0	0	0	1	0	0	0	0
zOTU_4171	0	0	0	0	0	0	0	0	0	2	0	0	0	0	0	1	0	0	2	1	0	0	0	1	1	1	0	0	0	0	0	0	2	0	2	0	2	3	0	0	1	4	1	0	0	2	1	0
zOTU_4172	0	0	0	0	0	0	0	0	0	1	0	0	0	1	0	0	0	0	0	0	0	0	0	0	0	0	0	0	0	0	0	0	1	0	0	0	2	0	0	1	0	0	0	0	0	2	0	0
zOTU_4173	0	0	0	0	5	0	0	0	1	0	0	0	0	1	0	0	0	0	0	1	1	0	0	0	0	0	0	0	0	1	0	0	0	0	2	0	0	1	0	0	0	1	0	0	0	0	0	0
zOTU_4174	0	0	0	0	0	0	1	0	1	0	0	0	2	0	0	0	1	1	0	1	0	1	0	0	0	1	0	0	0	0	0	0	0	0	0	0	0	1	0	0	0	0	0	0	0	0	0	0
zOTU_4175	0	0	0	0	0	0	0	0	0	0	0	1	0	2	0	2	0	0	0	0	0	1	0	0	0	0	3	0	0	0	0	0	0	0	0	0	0	0	0	0	0	1	0	0	0	0	1	0
zOTU_4176	0	0	0	1	1	0	0	2	0	0	0	0	0	0	1	0	0	0	0	0	0	2	1	0	0	0	0	0	0	0	0	0	0	0	0	0	0	0	0	1	0	0	0	1	3	0	0	0
zOTU_4177	0	0	0	0	0	0	0	0	0	0	0	0	0	0	0	0	0	0	0	0	2	0	1	0	1	0	0	0	0	0	0	0	0	0	3	0	0	0	0	0	0	0	0	0	2	0	4	0
zOTU_4178	0	0	0	0	0	0	0	0	0	1	0	0	0	0	0	1	1	0	0	0	0	0	0	0	0	0	0	0	0	0	0	0	0	0	1	0	0	0	0	0	1	0	1	1	0	2	2	0
zOTU_4179	0	0	1	1	0	0	0	0	0	0	0	2	0	1	0	1	0	0	0	1	0	0	2	1	1	1	0	0	0	0	0	0	4	2	0	0	0	0	1	0	1	0	0	0	0	0	0	0
zOTU_418	27	13	13	9	46	14	2	10	21	5	11	6	13	25	30	18	18	24	45	14	1	31	10	20	10	12	19	16	8	12	1	0	32	12	28	3	38	25	19	27	23	21	13	3	9	12	3	16
zOTU_4180	0	0	1	0	0	0	1	0	0	0	1	2	0	0	0	0	0	1	0	0	0	0	0	0	1	0	0	1	0	0	0	0	0	0	0	1	0	0	0	0	0	0	0	1	0	0	0	0
zOTU_4181	2	0	1	0	0	1	0	0	0	1	0	0	0	0	1	0	0	1	0	1	0	0	0	0	0	0	0	0	0	0	0	0	0	0	0	0	0	1	0	0	0	1	1	0	1	0	0	0
zOTU_4182	0	0	0	0	0	0	2	1	0	0	0	1	1	0	0	0	2	0	1	0	1	0	0	0	2	0	0	1	0	0	0	0	0	0	4	0	2	1	3	0	1	0	0	0	0	2	1	0
zOTU_4183	0	0	0	0	0	1	1	0	0	0	1	1	0	0	0	0	0	1	0	1	0	1	0	1	1	0	0	0	0	0	0	0	1	0	0	0	0	1	0	0	0	1	0	0	0	0	0	0
zOTU_4184	0	0	2	4	1	0	1	0	0	0	1	1	3	0	5	0	0	1	1	2	2	0	0	0	2	1	1	4	1	0	0	0	1	1	1	0	1	2	2	1	2	2	2	1	1	1	0	1
zOTU_4185	0	0	1	0	0	0	0	0	0	0	0	0	0	0	0	0	0	0	0	1	0	0	0	0	0	0	0	0	0	0	0	0	0	0	0	0	0	3	0	0	0	0	1	0	0	0	4	0
zOTU_4186	0	0	0	0	0	2	0	1	0	0	0	0	0	0	0	0	0	0	0	1	0	0	0	0	0	0	0	0	0	0	0	0	2	0	1	0	0	2	1	0	0	0	0	0	0	0	0	1
zOTU_4187	0	0	0	0	0	0	0	0	0	0	0	0	0	0	0	0	0	0	1	0	3	0	0	0	0	1	0	1	1	1	0	0	0	1	0	0	0	0	0	0	0	0	1	1	0	0	0	0
zOTU_4188	0	0	0	0	0	0	0	0	0	0	0	0	0	0	0	4	0	0	1	3	0	0	0	1	0	0	0	0	1	0	0	0	3	0	0	0	0	4	0	0	0	1	1	0	0	0	0	0
zOTU_4189	0	1	0	0	0	0	0	0	0	0	0	0	0	0	1	1	0	0	0	2	0	0	0	0	1	0	0	0	1	0	0	0	0	0	0	0	1	0	0	0	0	2	0	0	0	0	0	0
zOTU_419	12	16	8	40	33	26	10	12	35	14	13	7	28	18	23	15	4	28	21	17	12	14	3	21	5	21	35	10	12	29	0	1	21	1	43	29	28	21	18	26	23	26	10	3	4	19	10	14
zOTU_4190	0	0	0	0	0	0	0	0	0	0	0	1	0	0	0	0	1	0	0	6	0	0	0	0	1	0	0	0	2	0	0	0	0	5	0	0	0	5	0	0	0	1	0	0	0	0	0	0
zOTU_4191	0	1	0	0	0	0	0	0	0	0	0	1	1	0	1	0	0	0	0	0	0	0	0	0	0	0	0	0	2	0	0	0	0	1	0	0	1	1	0	0	0	1	1	0	0	0	0	2
zOTU_4192	0	1	0	1	1	0	0	0	1	0	0	0	1	1	0	1	0	0	3	0	1	0	0	0	0	0	0	0	0	0	0	0	1	0	0	0	0	1	0	0	0	0	0	0	1	0	0	0
zOTU_4193	0	0	0	0	0	1	0	0	0	1	0	0	0	0	1	1	0	0	2	0	0	0	0	0	1	0	0	0	0	0	0	0	2	0	0	0	0	0	0	0	0	1	0	0	0	0	0	0
zOTU_4194	0	0	0	0	0	1	1	0	0	1	0	0	0	0	0	0	0	0	1	1	1	0	0	0	1	1	0	1	0	0	0	0	0	0	1	0	0	2	0	0	2	1	2	0	0	0	0	0
zOTU_4195	0	0	1	0	1	0	0	0	0	0	0	0	0	1	0	0	0	3	0	1	0	0	0	0	0	0	0	0	0	0	0	0	0	0	0	0	2	0	1	0	0	0	0	0	0	0	0	0
zOTU_4196	0	1	1	2	1	1	0	1	0	2	0	0	1	2	1	1	1	0	0	0	0	0	0	0	2	1	0	0	0	1	0	0	0	0	1	0	0	0	0	0	1	1	0	0	0	1	0	0
zOTU_4197	0	0	0	0	0	0	0	0	1	0	0	0	0	0	0	0	0	0	0	0	0	1	3	0	0	1	0	0	0	0	0	0	0	0	0	0	0	0	0	2	0	0	0	0	2	0	0	0
zOTU_4198	0	0	1	0	0	0	0	0	0	0	0	0	2	0	0	1	0	0	0	2	0	0	0	3	0	0	0	0	0	0	0	0	1	1	1	0	0	1	1	1	0	1	0	1	0	0	0	0
zOTU_4199	0	0	0	0	0	1	0	0	1	0	0	0	0	0	0	0	0	0	0	1	0	0	1	0	0	0	0	0	0	0	0	0	0	1	0	1	1	0	0	0	0	0	0	0	0	1	2	2
zOTU_42	237	123	101	127	288	182	166	65	354	84	63	52	158	366	213	123	135	183	185	85	55	182	304	220	137	163	272	242	102	85	0	9	180	170	174	262	222	144	105	340	282	104	92	77	182	177	110	107
zOTU_420	2	14	26	25	2	15	35	12	6	18	16	43	19	6	28	26	27	7	20	36	37	4	20	28	43	27	6	29	14	15	0	0	13	25	27	8	21	26	28	8	32	27	13	30	9	37	55	7
zOTU_4200	0	0	0	0	0	0	2	0	1	1	0	0	0	0	0	2	0	2	0	2	0	1	1	1	1	0	1	0	1	0	0	0	0	1	0	0	0	5	0	0	2	2	0	0	0	0	1	0
zOTU_4201	0	0	0	0	0	0	0	0	0	0	0	1	0	0	0	0	0	0	0	1	1	0	0	0	2	0	0	0	1	0	0	0	0	0	1	0	0	0	0	0	0	2	0	0	0	1	2	0
zOTU_4202	0	1	0	0	0	0	0	0	0	0	0	1	1	0	0	0	0	0	2	0	0	0	0	0	4	0	0	0	1	0	0	0	0	1	0	0	0	1	0	0	0	2	1	0	0	0	1	0
zOTU_4203	0	0	1	0	0	0	0	0	0	1	1	0	0	0	0	1	0	1	0	1	0	1	1	2	2	1	0	0	0	0	0	0	0	1	0	0	0	0	0	0	0	0	0	0	0	0	0	0
zOTU_4204	1	0	0	0	0	0	0	0	1	1	0	0	0	0	0	0	0	0	0	0	0	0	2	0	0	0	1	3	0	0	0	0	0	1	0	0	0	0	0	0	0	0	0	1	0	0	1	1
zOTU_4205	0	0	0	0	0	0	0	0	0	0	0	3	0	0	0	1	0	0	0	1	0	0	0	2	0	0	0	3	0	0	0	0	1	0	0	0	1	0	0	0	0	1	1	0	0	0	0	0
zOTU_4206	0	3	0	0	0	1	0	0	1	0	3	0	2	1	4	2	5	4	3	0	0	2	3	2	0	2	2	0	2	2	0	0	1	0	0	1	2	2	1	0	5	6	0	2	0	2	1	1
zOTU_4207	0	0	0	0	0	0	0	0	0	1	0	0	0	0	3	0	0	1	0	0	1	0	0	0	0	0	0	0	0	0	0	0	0	0	0	0	1	0	0	0	1	0	0	0	0	0	0	0
zOTU_4208	0	0	0	0	0	0	0	0	0	0	0	0	0	0	0	0	0	1	0	0	0	0	0	1	0	0	0	1	0	0	0	0	0	1	0	1	0	1	0	0	1	0	1	0	0	0	0	0
zOTU_4209	0	0	0	0	0	0	0	0	1	0	0	1	0	0	0	0	0	0	0	1	1	0	0	2	0	0	0	0	0	2	0	0	1	1	0	0	0	0	2	0	1	0	0	0	0	0	1	0
zOTU_421	13	10	1	7	39	25	8	3	37	13	2	9	7	23	16	7	6	20	13	7	16	18	52	10	14	10	36	21	5	8	0	1	3	22	8	32	12	11	7	30	24	9	6	11	40	18	9	2
zOTU_4210	0	0	0	0	0	1	0	1	0	0	1	0	0	0	0	4	0	0	0	1	0	0	0	0	1	0	0	0	0	0	0	0	0	0	0	0	0	0	0	0	0	0	0	0	0	1	1	1
zOTU_4211	0	0	0	0	0	0	0	0	0	0	0	0	0	0	0	0	1	0	0	0	0	0	1	1	2	0	0	0	0	0	0	0	0	1	0	0	0	0	0	0	0	0	0	1	1	0	4	0
zOTU_4212	0	0	0	0	0	0	0	0	0	2	0	1	0	0	0	0	0	1	0	0	0	1	1	4	0	0	0	0	0	0	0	0	0	0	0	0	0	1	1	0	0	0	0	0	2	0	3	0
zOTU_4213	0	0	0	0	2	0	0	0	1	0	0	0	1	0	0	0	0	3	2	0	0	1	0	0	1	0	2	0	1	0	0	0	0	0	3	0	1	1	0	0	3	0	0	0	0	0	0	0
zOTU_4214	0	0	0	0	1	0	2	0	1	0	0	1	0	1	1	1	1	2	2	1	0	0	1	2	0	1	2	2	1	1	0	0	0	0	2	4	0	0	0	3	3	0	0	0	0	0	0	0
zOTU_4215	2	0	0	0	2	0	1	0	1	0	0	1	2	1	1	0	0	0	0	0	0	0	0	2	0	0	2	0	0	0	0	0	2	1	0	2	3	0	0	0	1	1	0	0	0	0	0	0
zOTU_4216	0	0	1	0	0	0	0	0	0	0	0	0	0	0	0	3	0	0	1	2	0	0	0	0	0	0	0	0	3	0	0	0	0	0	0	0	2	1	0	0	1	0	0	0	0	1	0	0
zOTU_4217	0	1	0	0	1	0	0	0	0	0	0	0	0	0	1	0	1	1	1	0	0	0	0	0	0	0	0	1	0	0	0	0	0	1	1	0	0	0	1	0	0	4	0	0	0	1	0	0
zOTU_4218	0	0	0	0	0	0	1	0	0	0	0	0	0	0	0	1	0	0	0	2	0	0	2	0	0	0	0	0	1	0	0	0	0	3	0	0	0	0	0	0	0	0	0	0	0	0	1	0
zOTU_4219	0	0	0	0	0	0	0	0	0	0	0	0	0	0	0	1	0	0	0	1	0	0	0	0	3	0	0	0	0	0	0	0	0	1	0	0	0	1	0	0	0	2	0	0	0	0	1	0
zOTU_422	5	14	4	23	21	18	13	42	23	9	12	9	35	28	15	12	18	17	20	9	21	14	12	13	6	16	14	9	6	9	1	0	8	13	25	21	29	15	8	17	33	7	6	19	15	5	12	16
zOTU_4220	0	0	0	0	0	0	0	0	0	0	0	0	0	0	0	1	0	0	1	0	0	0	0	1	0	0	0	6	0	0	0	0	0	0	0	0	1	0	0	0	2	0	0	0	0	0	0	0
zOTU_4221	0	0	0	0	1	0	0	0	0	0	0	0	0	1	0	0	0	0	1	0	0	0	0	0	0	0	0	0	0	0	0	0	1	0	0	1	1	0	0	2	1	0	0	0	1	0	0	0
zOTU_4222	0	0	0	1	1	0	0	0	0	0	0	1	0	0	0	1	0	0	0	1	0	0	0	1	0	0	0	0	0	0	0	0	1	0	0	0	1	1	0	0	2	0	0	0	0	1	0	0
zOTU_4223	0	0	0	0	0	0	0	0	0	0	0	0	0	0	0	1	0	0	0	5	0	0	0	0	0	0	0	1	0	0	0	0	0	0	0	0	0	2	1	0	0	1	2	0	0	0	1	0
zOTU_4224	0	0	0	1	0	0	0	0	0	0	1	1	0	0	0	0	0	0	0	0	0	0	0	0	1	0	1	0	0	1	0	0	0	1	0	0	0	1	0	0	0	0	0	0	1	1	0	0
zOTU_4225	0	1	6	1	4	1	3	0	1	0	0	1	2	2	5	1	3	1	2	0	0	1	2	4	0	2	0	5	1	0	0	0	1	8	1	1	2	1	3	0	2	2	3	0	1	0	0	0
zOTU_4226	0	0	1	0	0	0	0	0	0	0	0	0	0	0	0	1	1	0	0	1	1	0	0	1	0	1	0	1	0	0	0	0	0	1	2	0	0	1	0	0	0	0	0	1	1	0	1	0
zOTU_4227	0	1	1	1	5	1	0	2	0	0	3	1	2	3	2	1	2	0	3	3	3	1	1	2	2	1	2	1	0	0	0	0	0	3	3	2	0	1	4	1	0	1	1	2	2	0	1	0
zOTU_4228	0	0	2	0	0	1	2	0	0	2	0	1	0	0	1	0	0	0	0	2	0	0	0	0	0	0	0	0	0	0	0	0	0	0	0	0	0	2	2	0	1	0	2	0	0	0	1	0
zOTU_4229	2	0	1	0	0	1	0	0	0	0	0	0	0	1	1	0	0	0	0	0	1	0	0	0	0	0	0	0	0	0	0	0	0	1	0	0	0	0	1	0	2	0	1	0	0	0	0	0
zOTU_423	14	23	12	0	19	24	25	0	19	36	0	28	0	16	47	11	0	12	39	16	0	23	17	45	14	0	8	61	4	0	0	0	8	25	0	17	53	25	0	13	38	13	6	1	14	26	16	0
zOTU_4230	0	0	0	0	0	0	0	0	0	0	0	0	0	0	1	1	0	0	0	1	0	0	0	0	2	0	0	1	0	0	0	0	0	1	0	0	0	0	0	0	3	0	0	0	0	0	0	0
zOTU_4231	0	0	0	1	1	0	0	1	0	0	2	0	0	0	0	0	0	0	1	1	1	0	0	0	0	0	0	0	2	0	0	0	1	1	0	1	1	1	0	0	2	0	0	0	0	0	0	0
zOTU_4232	0	1	1	2	0	0	3	1	3	0	0	0	0	1	0	0	5	2	7	2	7	10	4	7	2	0	2	3	0	2	0	0	0	4	2	1	1	2	2	1	0	2	0	6	18	11	8	0
zOTU_4233	1	0	0	0	3	0	1	0	0	0	1	0	0	0	1	0	0	1	0	1	0	0	1	0	0	0	0	0	0	0	0	0	0	0	0	0	0	1	0	0	1	0	0	0	1	0	0	0
zOTU_4234	0	0	0	0	1	0	0	0	0	0	0	0	1	1	0	0	0	3	0	0	0	2	0	0	0	0	1	0	0	0	0	0	0	0	0	0	1	0	0	0	0	0	0	0	0	0	0	0
zOTU_4235	0	0	0	0	0	0	0	0	0	0	1	1	1	0	1	2	0	0	1	0	0	0	0	0	0	0	0	1	0	0	0	0	0	0	0	0	0	1	0	0	0	3	0	0	0	0	0	0
zOTU_4236	0	0	0	0	0	0	0	0	0	0	0	0	0	0	0	1	0	0	0	1	0	0	0	0	0	0	0	0	0	0	0	0	0	1	0	0	0	7	0	0	0	1	0	0	0	1	1	0
zOTU_4237	0	0	1	0	0	0	1	0	0	0	0	3	0	0	0	1	0	0	0	0	0	0	0	0	0	0	0	0	0	0	0	0	0	2	0	0	0	0	0	0	0	2	1	0	1	0	0	0
zOTU_4238	0	1	0	0	0	0	0	0	0	1	0	0	0	0	0	0	0	0	0	0	0	0	0	1	0	0	0	1	0	0	0	0	0	0	0	0	0	0	0	0	1	0	0	0	0	0	0	0
zOTU_4239	0	1	1	0	0	0	0	0	1	0	0	0	0	0	0	0	0	0	3	0	0	0	0	0	0	0	0	1	0	0	0	0	0	2	0	1	1	0	0	0	2	0	1	0	1	1	1	0
zOTU_424	9	23	17	20	23	15	31	11	26	21	21	49	21	10	15	32	17	21	22	19	12	10	27	29	25	21	10	38	17	15	0	0	14	46	47	13	23	38	33	16	25	31	18	17	18	32	32	3
zOTU_4240	0	1	0	0	0	0	0	0	0	0	0	0	0	0	0	0	0	1	1	1	0	0	0	0	1	0	0	0	0	0	0	0	0	0	1	0	1	2	3	0	0	4	0	0	0	0	0	0
zOTU_4241	0	0	0	1	1	1	0	1	0	0	1	0	0	0	0	0	0	2	0	0	0	0	0	0	0	0	0	1	0	0	0	0	1	0	0	0	0	0	0	0	0	0	0	1	0	0	0	0
zOTU_4242	0	0	0	0	0	0	0	0	0	0	1	0	0	0	1	0	0	0	0	0	0	0	0	0	1	0	0	2	1	0	0	0	0	1	0	0	0	1	0	0	0	0	0	2	0	1	0	1
zOTU_4243	0	0	0	0	1	0	0	0	0	0	0	0	0	0	0	0	0	2	1	1	0	0	0	0	0	0	0	0	0	1	0	0	0	0	0	0	1	1	0	0	0	1	0	0	0	0	0	0
zOTU_4244	0	0	0	0	1	0	0	0	0	0	0	0	0	0	0	0	0	1	2	0	0	0	0	1	0	0	0	2	0	0	0	0	0	0	0	1	0	0	0	0	2	0	0	1	1	0	0	1
zOTU_4245	1	0	0	0	0	0	0	0	0	0	0	0	0	0	0	0	0	3	0	0	0	0	1	1	0	0	1	0	2	0	0	0	1	0	1	0	1	0	0	0	0	0	0	0	1	0	0	0
zOTU_4246	0	0	0	1	1	0	0	0	1	0	0	0	0	0	1	0	1	0	1	0	0	0	0	2	0	0	0	0	0	0	0	0	0	0	0	1	0	0	0	0	0	0	0	0	2	0	5	1
zOTU_4247	0	1	0	1	0	0	0	0	0	0	0	0	0	0	2	0	1	1	0	0	1	0	0	0	0	0	0	0	0	0	0	0	0	0	0	0	4	1	0	0	1	0	0	0	1	1	0	0
zOTU_4248	0	0	0	0	1	1	0	0	1	1	1	0	0	2	1	0	0	0	0	0	0	0	1	0	0	0	0	1	1	0	0	0	0	0	1	2	0	1	3	1	2	0	0	0	1	0	0	0
zOTU_4249	1	1	1	0	0	0	1	0	0	0	0	0	0	0	0	0	2	0	0	0	0	0	1	0	1	0	0	0	1	0	0	0	0	0	2	0	0	0	1	0	0	0	0	0	0	1	1	0
zOTU_425	29	18	1	36	68	8	2	6	35	7	3	1	3	15	15	0	4	17	24	3	11	4	11	21	1	12	41	15	6	15	0	0	8	4	16	54	54	0	10	21	53	2	3	2	13	5	2	20
zOTU_4250	0	1	0	0	0	0	0	1	0	1	0	0	0	0	1	0	1	0	0	0	0	0	0	1	1	0	0	1	0	0	0	0	0	0	1	0	0	0	0	0	0	0	0	0	0	1	2	0
zOTU_4251	0	0	0	0	0	0	0	0	0	0	0	1	0	0	0	0	0	0	0	1	0	0	0	0	3	0	0	0	0	0	0	0	0	1	0	0	0	1	0	0	0	1	1	0	0	0	3	0
zOTU_4252	0	1	0	0	1	2	0	0	0	0	0	1	0	0	0	0	0	0	2	0	0	0	1	0	1	0	0	0	0	0	0	0	0	1	0	0	0	1	0	0	2	0	1	0	0	0	2	0
zOTU_4253	0	0	1	0	0	0	1	0	0	0	0	1	0	0	1	0	0	0	0	0	0	0	0	0	0	0	0	0	0	0	0	0	0	2	0	0	1	4	0	0	0	2	0	0	0	0	1	0
zOTU_4254	0	1	0	0	0	0	0	0	0	0	0	0	0	0	0	0	1	0	1	0	2	0	1	0	0	0	0	0	0	0	0	0	1	0	0	0	0	0	2	0	0	0	0	0	1	1	8	0
zOTU_4255	0	0	0	0	0	0	0	0	0	0	0	0	0	0	0	0	0	1	0	0	0	0	7	0	0	0	0	0	0	0	0	0	0	0	0	0	0	0	0	0	0	0	1	0	0	1	4	0
zOTU_4256	0	0	0	0	0	1	0	0	0	0	0	0	1	0	1	0	0	0	4	3	0	0	0	0	0	0	0	0	1	0	0	0	0	0	0	0	1	8	0	0	0	4	2	0	0	1	1	0
zOTU_4257	0	0	0	0	0	0	0	0	0	0	0	0	0	0	0	0	2	0	0	0	1	0	0	0	0	0	0	0	0	1	0	0	2	1	0	0	2	0	0	1	0	0	0	0	0	0	1	0
zOTU_4258	0	2	1	0	0	0	0	0	0	0	0	0	0	0	2	1	0	0	1	0	0	0	0	0	4	0	0	1	1	0	0	0	1	2	0	0	1	0	0	1	0	2	0	0	0	0	1	0
zOTU_4259	0	0	0	0	0	1	0	1	0	0	0	1	1	0	0	0	1	0	2	1	0	0	0	0	0	2	0	0	0	0	0	0	0	0	0	0	0	1	2	0	0	0	0	0	0	0	0	0
zOTU_426	2	3	8	18	17	17	29	11	17	13	13	16	20	4	19	18	32	7	17	17	41	6	17	27	29	19	4	43	10	12	0	1	12	20	27	6	18	17	30	5	35	21	4	20	20	23	38	8
zOTU_4260	1	0	0	0	1	0	0	0	0	0	0	0	0	2	0	0	0	3	0	0	0	3	1	0	0	0	0	1	0	0	0	0	1	0	1	2	0	0	0	2	0	0	0	2	1	0	0	0
zOTU_4261	0	0	0	0	0	2	0	0	0	0	0	0	0	0	0	0	0	1	0	0	0	1	0	0	0	0	0	0	0	0	0	0	0	0	2	0	0	1	1	0	0	0	1	0	0	0	0	0
zOTU_4262	0	0	0	0	0	0	1	0	0	0	0	0	0	0	0	0	0	0	0	0	0	0	0	0	0	0	0	1	0	0	0	0	0	0	1	1	1	1	0	2	0	0	0	0	0	1	0	0
zOTU_4263	1	0	0	0	0	0	0	0	1	0	0	0	0	2	1	0	0	1	1	0	0	0	0	0	0	0	1	1	0	0	0	0	0	0	0	0	0	0	0	0	0	0	0	0	0	2	0	0
zOTU_4264	0	0	0	0	0	1	1	0	0	0	0	0	0	0	0	0	0	0	0	0	0	0	0	2	0	0	0	2	0	0	0	0	0	0	0	0	0	1	0	0	2	0	0	2	0	0	0	0
zOTU_4265	1	0	0	0	0	0	0	0	1	0	0	0	0	0	2	0	0	0	0	0	0	1	1	1	1	0	1	1	0	0	0	0	0	1	0	0	0	0	0	0	1	0	1	0	1	1	0	0
zOTU_4266	1	2	0	1	0	0	0	1	0	0	0	1	0	1	0	0	0	1	0	2	0	0	1	0	1	0	0	0	0	0	0	0	1	4	1	0	2	3	0	0	1	3	0	1	1	0	2	0
zOTU_4267	0	1	0	0	0	0	1	0	0	0	0	0	0	0	0	0	1	0	0	1	0	0	0	0	0	2	0	0	0	0	0	0	0	0	0	0	0	0	0	0	0	2	0	0	0	0	2	0
zOTU_4268	0	1	0	1	1	0	0	0	0	0	0	0	0	0	0	0	0	0	0	1	0	0	0	0	0	0	0	0	0	0	0	0	0	0	1	1	0	0	0	0	0	0	0	0	0	1	2	0
zOTU_4269	0	0	0	0	1	0	0	0	1	0	0	0	0	1	0	0	0	2	0	0	0	0	0	0	0	0	1	0	0	0	0	0	0	0	0	1	0	0	0	3	0	0	0	0	0	0	0	1
zOTU_427	5	13	25	7	8	33	57	11	4	16	8	30	10	7	31	34	24	10	31	45	6	2	9	30	71	24	6	30	17	10	0	20	22	81	26	2	42	55	15	4	37	45	23	6	4	28	42	5
zOTU_4270	0	0	1	1	0	1	2	1	0	0	0	0	0	0	0	0	0	0	0	0	1	0	0	0	0	1	0	0	0	0	0	0	1	0	0	0	0	0	0	0	0	0	1	0	0	0	2	0
zOTU_4271	0	0	0	0	3	1	0	1	2	0	0	0	0	1	1	0	0	1	0	0	0	0	0	0	0	0	0	0	0	0	0	0	0	0	0	0	0	0	0	0	0	0	0	0	3	1	0	0
zOTU_4272	0	0	1	0	0	0	0	0	0	0	0	0	0	0	1	2	0	1	0	1	1	0	0	0	2	0	0	0	0	0	0	0	2	1	0	0	0	0	0	0	0	0	0	0	0	4	3	0
zOTU_4273	0	0	0	0	0	0	2	0	0	1	0	1	0	0	1	1	0	0	0	2	0	0	0	0	0	0	0	1	0	0	0	0	0	2	0	0	2	2	0	0	0	1	0	0	0	0	1	0
zOTU_4274	0	0	0	0	0	0	0	0	0	0	0	1	1	0	0	3	0	0	0	0	0	0	0	0	0	2	0	0	0	1	0	0	0	0	1	0	0	0	0	0	0	1	0	0	0	0	0	0
zOTU_4275	0	0	0	0	0	1	0	0	0	0	0	0	0	0	0	0	2	0	1	3	0	1	0	0	0	1	0	1	0	0	0	0	0	1	0	0	0	1	0	0	0	0	0	0	0	1	2	0
zOTU_4276	0	0	0	0	0	1	0	0	0	0	0	0	0	0	0	2	0	0	0	0	1	0	0	0	0	0	0	0	0	0	0	0	0	0	0	0	0	0	0	0	2	2	1	0	0	1	0	0
zOTU_4277	1	0	0	0	0	0	0	0	0	0	0	0	0	1	0	0	0	0	0	1	0	0	1	1	0	0	0	0	0	0	0	0	0	0	0	1	0	1	0	1	0	0	1	0	0	0	0	0
zOTU_4278	0	0	0	0	1	1	0	0	0	0	0	0	0	2	2	0	0	0	0	0	0	0	0	0	0	0	0	0	0	0	0	0	1	0	0	0	0	0	0	1	0	1	0	2	0	0	0	0
zOTU_4279	0	1	0	0	0	0	2	0	0	0	0	0	1	0	0	0	0	0	1	0	2	0	0	0	0	0	0	0	0	0	0	0	1	1	0	0	0	0	0	0	0	0	0	0	0	3	1	0
zOTU_428	13	10	16	18	20	19	26	6	27	15	7	33	19	31	19	29	41	20	14	23	29	19	33	33	31	20	9	34	16	16	0	0	17	32	22	16	15	35	19	9	27	42	16	9	26	22	10	6
zOTU_4280	0	0	0	0	1	0	0	0	0	0	0	0	0	0	0	0	0	2	0	0	0	0	0	2	0	0	0	0	0	0	0	0	0	0	1	1	1	0	0	0	0	0	0	0	0	0	0	1
zOTU_4281	0	0	0	0	0	0	1	0	0	0	0	0	0	0	0	0	0	0	0	1	0	0	0	3	0	0	0	0	1	0	0	0	0	2	0	0	2	1	0	0	2	0	0	0	0	0	0	0
zOTU_4282	0	0	0	0	2	0	1	0	0	0	0	4	0	0	0	1	0	1	0	1	1	0	1	0	1	0	0	0	2	0	0	0	0	0	0	0	0	2	1	0	0	2	1	0	2	0	3	0
zOTU_4283	0	0	0	0	0	0	1	0	0	0	0	0	1	2	0	0	0	0	0	0	2	0	2	0	1	0	0	1	0	0	0	0	0	0	0	0	1	3	0	0	0	1	0	0	0	0	3	1
zOTU_4284	0	1	1	0	2	1	0	0	1	1	0	1	2	1	0	0	0	2	2	0	0	1	4	0	0	0	0	0	0	0	0	0	0	0	3	1	1	2	1	1	0	0	1	0	1	0	0	0
zOTU_4285	0	0	1	0	1	0	0	0	0	0	0	0	0	1	1	1	0	0	0	1	0	0	0	0	0	0	0	0	0	0	0	0	0	1	0	0	0	1	0	0	0	0	1	0	0	0	0	0
zOTU_4286	0	0	0	0	4	0	0	0	1	0	0	0	0	0	0	0	0	0	0	0	0	0	0	0	0	0	0	0	0	0	0	0	0	0	0	0	0	0	0	0	1	0	0	0	0	0	0	0
zOTU_4287	1	0	0	0	1	0	0	0	0	0	0	0	0	0	0	0	0	0	0	0	0	1	0	1	0	0	1	0	0	0	0	0	0	0	2	0	0	0	1	0	0	1	0	0	1	0	0	0
zOTU_4288	0	0	0	0	0	0	0	0	0	0	0	0	0	0	0	0	0	0	0	2	0	0	0	0	0	0	0	0	0	0	0	0	1	2	0	0	0	1	0	0	0	0	0	0	1	2	0	0
zOTU_4289	0	0	0	0	0	0	1	0	0	0	0	0	0	0	0	0	0	1	0	0	4	0	0	0	0	0	0	0	0	0	0	0	0	0	1	0	1	1	0	0	0	0	0	0	0	0	0	0
zOTU_429	21	13	3	98	36	23	6	32	31	10	40	0	23	26	20	6	24	42	15	1	14	39	36	37	3	13	23	28	2	14	0	0	18	4	26	32	15	7	26	43	26	2	0	26	22	22	1	39
zOTU_4290	0	1	0	2	1	4	0	2	1	1	0	0	1	0	2	0	1	3	2	1	4	0	1	2	1	1	0	3	0	1	0	0	0	2	1	0	2	0	1	1	0	2	0	0	2	4	1	1
zOTU_4291	0	0	0	0	0	0	0	0	0	0	0	0	0	0	1	0	0	0	0	0	0	0	0	0	0	0	0	2	0	0	0	0	1	0	0	0	1	0	0	0	2	0	1	0	0	2	0	0
zOTU_4292	0	0	0	0	0	0	0	0	0	0	0	0	0	0	0	1	0	0	0	0	0	0	0	1	2	0	0	0	0	0	0	0	0	0	0	0	0	1	0	0	0	0	0	0	0	0	4	0
zOTU_4293	0	0	0	0	0	0	0	1	0	0	0	0	0	0	1	0	0	0	0	0	2	0	2	1	0	0	0	0	1	0	0	0	0	0	0	0	0	1	0	0	0	0	0	0	1	1	3	0
zOTU_4294	0	0	0	0	0	0	0	1	0	0	0	0	0	1	0	0	1	1	0	0	0	0	0	1	0	0	0	0	0	0	0	0	0	3	0	0	0	1	0	0	0	0	0	0	0	0	1	0
zOTU_4295	1	0	0	1	2	2	0	0	2	0	2	1	2	1	1	0	0	3	2	0	1	0	3	0	1	0	0	2	1	0	0	0	0	0	0	3	0	0	2	1	3	0	0	1	2	4	1	0
zOTU_4296	1	0	1	1	1	1	0	0	3	0	0	0	2	0	0	0	0	0	0	0	0	0	0	0	1	1	0	0	0	0	0	0	0	0	0	1	0	0	0	0	0	0	0	0	0	0	0	0
zOTU_4297	0	0	0	0	0	0	0	0	0	0	0	0	0	0	0	1	0	0	0	0	0	0	0	0	0	0	0	0	0	1	0	0	0	0	3	0	0	1	3	0	0	0	0	0	0	0	0	1
zOTU_4298	0	1	2	1	0	1	1	0	1	2	1	3	0	1	1	2	1	0	1	2	3	1	1	2	5	0	0	3	2	1	0	0	0	4	2	1	2	1	1	2	1	3	0	6	3	1	4	0
zOTU_4299	0	0	0	1	0	1	0	1	0	0	0	0	0	2	1	0	0	0	1	0	1	0	4	1	0	0	1	1	0	0	0	0	0	0	0	1	0	2	0	1	0	0	0	0	1	0	0	0
zOTU_43	66	90	166	127	200	111	277	81	216	140	71	344	115	156	210	330	95	246	209	227	99	160	298	235	262	99	199	258	153	63	1	7	123	404	206	160	166	421	131	224	231	325	151	119	191	169	302	33
zOTU_430	2	11	33	23	1	8	43	7	2	5	4	44	5	4	5	52	3	1	27	67	0	2	1	14	46	0	0	27	39	0	0	0	14	73	1	1	9	90	1	0	10	46	18	2	0	16	16	1
zOTU_4300	0	0	0	0	0	1	0	0	0	0	0	0	0	0	3	1	0	0	0	3	0	0	0	0	2	0	0	0	0	0	0	0	0	0	0	0	0	0	0	0	0	0	1	0	0	0	2	0
zOTU_4301	0	0	0	0	1	1	0	0	0	0	0	0	0	1	0	0	0	0	3	0	0	2	0	0	0	0	0	2	0	0	0	0	0	0	0	0	1	0	0	0	0	0	0	0	0	0	0	0
zOTU_4302	0	0	0	0	0	0	1	0	0	0	0	1	0	0	0	0	0	0	0	0	0	0	0	1	0	0	0	0	0	0	0	0	0	1	0	2	0	0	0	1	0	0	0	0	2	1	0	0
zOTU_4303	0	0	0	1	0	0	0	0	0	0	0	0	0	0	0	0	0	0	2	0	0	0	0	0	0	0	0	0	0	0	0	0	0	0	0	0	0	1	1	0	0	1	1	0	0	1	0	0
zOTU_4304	0	0	0	0	0	0	0	0	0	0	0	1	0	0	0	0	0	0	2	0	0	1	1	0	1	0	0	0	0	1	0	0	0	0	0	0	0	0	0	0	0	0	0	0	1	1	0	0
zOTU_4305	0	0	0	0	1	0	0	0	1	0	0	0	0	1	0	0	0	0	0	0	0	3	0	0	0	0	0	0	0	0	0	0	0	0	0	0	0	0	0	0	0	0	0	0	4	0	0	0
zOTU_4306	0	0	0	0	0	0	0	0	0	0	0	0	0	2	0	0	0	0	2	0	0	2	0	0	0	0	0	0	0	0	0	0	0	0	1	0	0	0	0	0	2	3	0	0	0	0	0	0
zOTU_4307	0	0	0	0	1	0	0	0	0	0	0	0	0	1	0	0	0	0	0	0	0	1	1	0	0	0	1	1	0	0	0	0	0	0	0	0	2	0	0	0	3	0	0	0	0	0	0	0
zOTU_4308	1	0	0	0	0	0	0	0	0	0	0	0	0	0	0	0	2	1	1	0	0	0	0	0	0	0	0	0	0	0	0	0	1	3	0	0	0	0	0	0	0	0	0	0	3	0	2	0
zOTU_4309	3	4	2	11	10	9	4	5	10	2	6	2	4	12	14	4	7	7	9	3	9	6	5	8	3	5	6	6	2	1	0	0	5	6	16	2	10	10	5	6	14	11	4	3	4	5	5	1
zOTU_431	17	7	10	33	58	7	19	14	20	4	15	8	6	57	10	14	21	45	23	24	10	20	18	30	13	32	40	12	11	17	0	0	24	9	45	34	32	41	18	27	20	34	6	12	15	26	19	17
zOTU_4310	1	0	0	0	0	0	0	0	0	2	0	0	1	0	1	0	0	0	0	0	0	0	0	0	0	0	0	0	0	0	0	0	0	0	0	0	0	0	0	0	0	0	0	1	0	0	0	0
zOTU_4311	0	0	0	0	0	0	0	0	0	0	0	0	0	0	0	0	0	0	0	1	0	0	0	4	1	0	0	0	1	0	0	0	1	0	0	0	0	0	2	0	0	1	0	0	0	0	1	0
zOTU_4312	0	0	0	0	2	2	0	0	0	0	0	0	0	1	1	0	1	0	2	1	0	0	0	2	0	1	1	3	0	0	0	0	3	0	0	0	1	2	1	0	0	2	0	0	0	1	0	0
zOTU_4313	0	0	1	0	0	0	0	0	0	0	0	2	0	0	0	0	0	0	0	0	0	0	0	0	1	0	0	0	1	0	0	0	0	1	0	0	0	1	0	0	0	1	2	0	0	0	4	0
zOTU_4314	0	0	0	0	0	2	0	0	0	1	0	0	0	0	1	0	0	0	0	0	0	0	0	1	0	0	0	0	0	0	0	0	1	0	0	0	1	0	1	0	1	0	0	0	0	2	0	0
zOTU_4315	0	0	0	0	0	0	0	0	0	0	0	0	0	0	1	0	0	0	2	0	0	0	0	1	1	0	0	0	0	0	0	0	0	0	1	0	0	0	1	0	1	0	0	0	0	1	1	0
zOTU_4316	0	0	0	2	0	0	0	1	0	0	0	0	0	0	1	2	0	0	0	0	0	0	0	0	0	0	0	0	0	0	0	0	1	0	0	0	3	0	0	0	0	0	0	0	0	0	0	0
zOTU_4317	0	1	0	2	3	0	0	0	0	0	1	1	2	3	3	0	0	1	1	1	2	0	1	2	2	0	1	2	2	1	0	0	0	0	4	0	0	2	2	2	3	0	0	4	0	2	0	1
zOTU_4318	0	0	0	0	0	0	0	0	0	0	0	0	0	0	0	0	0	0	0	0	0	0	0	1	0	0	0	2	0	0	0	0	0	0	0	0	1	0	0	0	2	0	0	0	0	3	0	0
zOTU_4319	0	0	0	0	0	0	0	0	0	0	0	0	0	1	0	0	0	0	0	0	1	0	2	0	0	0	0	0	0	0	0	0	0	0	0	0	1	0	0	1	2	0	0	0	0	1	0	0
zOTU_432	18	16	8	27	35	11	19	17	34	24	10	25	15	21	23	18	15	23	15	23	22	26	42	28	32	10	30	20	24	11	0	0	25	48	41	15	26	49	20	13	38	24	11	11	22	23	24	12
zOTU_4320	0	0	0	0	0	0	0	0	0	0	0	0	0	0	0	1	0	0	0	1	0	0	1	0	0	0	0	0	0	0	0	0	0	0	2	0	1	0	1	1	0	0	0	0	1	1	0	0
zOTU_4321	0	0	1	0	0	0	1	0	0	0	0	1	0	0	1	3	0	0	0	0	0	0	0	0	0	0	0	0	0	0	0	0	0	2	0	0	0	1	0	0	0	2	0	0	0	0	2	0
zOTU_4322	0	0	0	1	0	0	0	1	0	1	0	0	1	0	0	2	0	0	0	0	1	0	0	0	1	0	0	0	1	0	0	0	0	0	0	0	0	1	1	0	0	1	0	0	0	0	0	0
zOTU_4323	0	0	0	0	2	0	0	0	0	0	0	0	0	0	1	0	0	1	0	0	0	0	1	0	0	0	0	0	0	0	0	0	0	0	0	1	0	0	0	3	0	0	0	0	0	0	0	0
zOTU_4324	0	1	1	0	0	0	0	0	0	1	1	0	0	0	0	0	2	0	0	0	0	0	0	0	0	0	0	0	0	0	0	0	0	0	1	0	0	0	3	0	0	1	0	0	1	0	0	0
zOTU_4325	0	1	0	0	0	0	0	0	0	0	0	0	0	0	0	3	1	0	1	2	0	0	0	0	0	0	0	0	1	1	0	0	2	1	0	0	0	0	0	0	2	1	0	0	0	0	0	1
zOTU_4326	0	0	1	1	0	1	0	0	0	0	0	0	0	0	0	0	0	0	1	0	0	0	0	0	1	0	0	2	0	0	0	0	0	1	0	0	0	1	0	0	0	1	1	1	1	0	2	1
zOTU_4327	1	0	0	0	1	0	0	0	1	1	0	0	0	0	1	0	0	0	0	0	0	0	2	0	0	0	0	0	0	0	0	0	0	0	1	0	0	0	0	0	0	0	0	0	0	0	0	0
zOTU_4328	1	0	0	1	0	0	0	0	0	0	0	0	0	1	1	0	1	0	1	0	4	0	2	2	4	0	0	0	0	0	0	0	1	0	2	0	0	0	0	1	0	1	1	1	1	0	0	0
zOTU_4329	0	0	0	0	0	0	1	0	0	0	0	1	0	0	0	0	0	0	0	0	0	0	0	0	1	0	0	1	0	0	0	0	0	3	0	0	0	0	0	0	0	0	0	0	0	0	2	0
zOTU_433	11	7	8	37	13	13	9	28	19	10	18	4	20	14	25	6	16	19	17	6	5	11	19	33	2	12	22	37	5	12	1	0	17	9	20	18	17	8	19	20	35	4	4	18	9	20	5	20
zOTU_4330	0	0	0	0	0	0	0	0	0	0	0	0	0	1	0	0	0	0	0	2	0	0	2	0	0	1	0	0	0	0	0	0	0	0	0	0	0	1	0	0	0	0	0	2	1	0	1	0
zOTU_4331	0	0	0	1	2	0	0	0	1	0	0	0	0	0	0	0	0	0	0	0	0	1	0	0	0	0	0	0	0	1	0	0	0	1	0	0	0	0	0	0	0	0	0	0	0	1	1	0
zOTU_4332	11	20	24	33	29	25	41	11	18	17	21	29	41	21	53	27	37	34	48	30	18	23	28	45	45	31	22	52	21	30	1	1	20	43	89	21	77	49	70	21	47	39	22	25	15	53	38	13
zOTU_4333	0	0	0	0	0	1	0	0	0	0	0	0	0	0	0	0	0	0	1	0	0	0	0	0	0	0	0	2	0	0	0	0	0	0	0	0	0	0	0	0	2	0	0	0	0	0	0	0
zOTU_4334	1	0	0	0	0	0	0	0	0	0	0	0	0	0	0	0	0	0	0	0	0	0	0	0	0	0	0	0	0	0	0	0	0	0	0	0	0	0	0	0	0	0	0	0	0	0	0	0
zOTU_4335	0	0	0	0	0	1	2	0	0	0	0	1	0	0	0	1	0	0	0	0	0	0	0	0	0	0	0	0	1	0	0	0	0	0	0	0	1	0	0	0	0	0	0	0	0	0	0	0
zOTU_4336	0	0	0	0	0	1	1	0	0	0	0	0	0	0	0	0	0	0	0	1	0	0	0	2	1	0	0	0	0	0	0	0	0	0	0	0	0	1	0	0	0	1	0	0	0	0	1	0
zOTU_4337	0	0	0	0	0	0	2	0	0	0	0	2	0	0	1	2	0	0	0	0	0	0	0	0	3	0	0	0	0	0	0	0	0	0	1	0	0	0	0	0	1	0	0	0	1	2	5	0
zOTU_4338	0	0	0	0	0	0	0	0	0	1	0	0	0	0	0	0	2	1	0	0	1	0	1	0	0	0	0	1	0	0	0	0	1	0	0	0	0	0	0	2	0	0	0	0	0	0	0	0
zOTU_4339	0	0	0	0	0	0	0	0	0	0	0	0	0	0	5	0	0	0	1	1	0	0	0	0	0	1	0	3	0	0	0	0	1	1	0	0	3	0	0	0	0	0	0	0	0	0	1	0
zOTU_434	7	19	13	20	29	12	16	18	19	12	5	18	26	25	22	32	49	15	18	28	22	15	22	20	25	34	6	24	15	13	1	3	29	17	22	10	22	26	12	22	37	19	16	8	17	24	16	8
zOTU_4340	0	0	1	0	0	0	0	0	0	0	0	0	0	0	1	1	1	1	0	0	0	0	0	0	0	0	0	0	0	0	0	0	0	0	0	0	0	0	0	0	0	2	2	0	0	0	0	0
zOTU_4341	0	0	0	0	0	0	0	0	0	0	0	1	0	0	0	1	0	0	0	1	0	0	1	0	0	0	0	0	0	0	0	0	0	0	0	0	2	0	1	1	0	0	0	1	1	0	0	0
zOTU_4342	0	0	0	0	0	0	2	0	0	0	0	1	0	0	0	1	0	0	1	0	0	0	0	0	0	0	0	1	0	0	0	0	0	0	0	0	1	1	0	0	0	1	0	0	0	0	0	0
zOTU_4343	0	1	0	0	0	1	0	0	0	0	0	0	0	0	0	0	0	0	0	0	0	0	0	0	1	0	0	2	0	0	0	0	1	1	0	0	0	2	0	0	0	0	0	0	0	0	1	0
zOTU_4344	0	0	0	1	0	0	0	0	0	0	0	0	1	0	0	0	0	0	0	0	0	0	0	0	0	1	0	0	0	0	0	0	0	0	0	0	0	0	3	0	0	0	0	4	0	0	0	0
zOTU_4345	2	2	0	0	0	1	0	1	0	0	0	1	0	0	1	0	1	0	0	1	1	1	0	0	0	0	0	0	0	0	0	0	0	0	1	0	0	0	0	1	2	0	0	0	1	1	1	0
zOTU_4346	0	0	0	0	0	0	0	0	0	0	0	0	0	0	0	0	1	1	0	0	1	1	2	0	0	0	0	0	0	0	0	0	0	0	2	0	0	0	0	2	0	0	0	0	0	0	4	0
zOTU_4347	0	1	0	0	2	0	0	0	0	0	0	0	0	0	1	0	1	1	0	0	0	1	0	0	0	0	0	0	0	0	0	0	1	0	0	0	0	1	1	0	0	0	0	0	0	0	0	0
zOTU_4348	0	0	0	0	0	0	0	0	0	1	1	0	0	0	0	0	0	0	1	0	0	2	0	0	0	0	0	1	0	1	0	0	0	0	0	0	0	0	0	0	0	0	0	0	0	3	0	0
zOTU_4349	0	1	0	0	1	0	0	0	1	0	0	0	0	0	0	0	0	0	0	0	0	1	0	0	0	0	0	0	0	0	0	0	0	0	1	0	2	0	0	0	0	0	0	0	1	0	0	0
zOTU_435	9	22	10	10	11	21	24	10	4	13	9	15	22	2	19	9	42	8	11	20	22	8	33	41	45	33	12	29	18	19	0	0	16	24	22	14	22	15	17	11	23	16	16	27	30	26	48	18
zOTU_4350	0	2	0	1	0	0	0	0	3	1	0	0	0	0	1	0	0	0	0	0	1	0	1	0	0	0	0	0	0	0	0	0	0	0	1	0	0	0	1	1	0	0	0	0	0	1	1	0
zOTU_4351	0	1	0	0	0	2	0	0	0	0	0	1	1	0	0	0	0	0	0	0	0	0	1	2	1	0	0	1	1	0	0	0	0	1	2	0	0	2	0	0	1	0	0	0	0	0	0	0
zOTU_4352	0	0	0	0	0	0	1	0	1	0	1	0	0	0	0	0	0	0	0	3	0	0	0	1	0	0	0	2	1	0	0	0	0	0	0	0	0	4	0	0	0	3	1	0	0	0	1	0
zOTU_4353	1	0	0	0	1	0	0	0	4	0	0	0	0	1	0	0	0	0	0	0	0	2	0	0	0	0	0	0	0	0	0	0	0	0	0	0	0	0	0	1	0	0	0	0	2	0	0	0
zOTU_4354	0	1	1	0	0	0	0	0	0	0	0	0	0	0	0	1	0	0	0	1	0	0	0	0	0	0	0	1	0	0	0	0	0	0	0	0	2	0	0	0	3	3	0	0	0	0	2	1
zOTU_4355	0	0	0	0	0	0	1	0	0	0	0	1	0	0	0	1	0	0	0	0	0	0	0	0	1	0	0	0	2	0	0	0	0	2	0	0	0	1	0	0	0	1	1	0	0	0	0	0
zOTU_4356	2	0	0	0	0	0	0	0	1	0	0	0	0	0	0	0	0	2	1	0	0	1	0	0	0	0	1	0	0	0	0	0	1	0	0	1	0	0	0	0	0	0	0	0	0	0	0	0
zOTU_4357	0	0	0	1	0	0	0	0	0	0	0	0	0	0	0	1	1	0	0	2	0	0	0	0	1	1	0	0	0	1	0	0	0	0	0	0	0	0	1	0	0	0	0	0	0	0	4	0
zOTU_4358	3	0	0	0	3	0	0	0	2	0	0	0	0	0	0	0	0	0	0	0	0	3	0	0	0	0	0	0	0	0	0	0	0	0	0	0	0	0	0	0	0	0	0	0	0	0	0	0
zOTU_4359	0	0	0	0	0	0	0	1	0	0	0	0	1	0	0	0	3	0	0	0	0	0	1	0	0	0	0	0	0	0	0	0	1	0	0	0	0	0	0	0	0	0	0	2	0	1	0	1
zOTU_436	11	23	4	31	21	50	18	6	13	10	10	3	11	23	36	8	17	5	12	19	20	9	20	27	14	20	17	22	6	12	0	0	15	11	17	26	29	15	14	7	26	6	6	16	14	19	20	34
zOTU_4360	4	9	19	20	17	39	26	9	9	20	12	40	14	3	14	28	31	10	25	6	19	6	21	21	42	29	4	36	20	12	0	0	17	31	58	12	13	20	40	14	33	30	20	11	20	18	31	11
zOTU_4361	0	0	0	0	0	0	0	0	0	0	0	0	0	0	0	0	1	1	0	1	0	0	0	0	0	0	0	0	0	1	0	0	0	1	2	1	0	1	1	0	0	0	1	0	0	1	0	0
zOTU_4362	0	3	0	0	0	0	1	0	0	0	1	0	0	0	0	0	0	0	0	0	0	0	0	0	0	0	1	0	0	0	0	0	1	0	0	0	0	0	0	0	1	0	0	1	0	0	0	0
zOTU_4363	0	0	0	0	1	0	1	0	0	0	0	0	0	1	1	0	0	0	0	0	0	0	0	0	1	0	0	0	0	0	0	0	0	2	0	0	0	0	0	0	0	0	1	0	1	0	0	0
zOTU_4364	0	0	0	0	0	0	2	0	0	0	0	0	0	0	1	1	0	0	0	0	0	0	0	0	2	0	0	0	1	0	0	0	0	0	0	0	0	1	0	0	1	0	0	0	0	1	2	0
zOTU_4365	0	0	0	0	0	1	0	0	0	0	0	0	0	0	1	0	2	0	0	0	1	0	0	0	0	0	0	0	0	0	0	0	1	0	1	0	2	0	0	0	0	0	0	1	0	0	0	0
zOTU_4366	0	0	0	0	0	4	0	0	0	0	0	0	1	0	0	1	0	1	1	0	0	0	0	0	0	0	0	0	0	1	0	0	1	0	0	0	1	2	0	0	0	0	0	0	0	1	0	0
zOTU_4367	0	0	1	0	0	0	2	0	0	0	0	3	0	0	0	1	0	0	0	0	0	0	0	0	1	0	0	0	1	0	0	0	0	1	0	0	0	1	0	0	0	0	1	0	0	0	5	0
zOTU_4368	0	0	0	0	0	0	0	0	0	0	0	0	0	0	0	1	0	1	2	0	0	0	0	0	0	0	0	3	0	0	0	0	0	0	0	0	0	0	0	0	0	0	0	0	2	0	0	0
zOTU_4369	0	0	2	0	0	0	0	0	0	0	0	1	0	0	0	1	0	0	0	2	0	0	0	0	0	0	0	0	0	0	0	0	0	1	1	0	0	2	0	0	0	1	0	0	0	0	1	0
zOTU_437	10	8	4	10	20	25	5	10	11	11	7	8	11	11	22	8	17	12	16	7	16	15	57	12	16	6	4	27	5	6	0	0	18	10	35	17	26	13	18	15	20	9	4	23	36	29	26	12
zOTU_4370	0	0	1	0	0	0	0	0	1	0	0	1	0	0	0	0	0	0	1	0	0	0	0	1	1	0	0	0	0	0	0	0	1	0	0	1	0	0	0	0	0	0	0	0	1	2	0	0
zOTU_4371	0	0	1	0	0	0	0	0	0	0	0	0	0	0	0	0	0	1	0	1	0	0	0	0	2	0	0	0	0	0	0	0	0	1	1	0	0	0	1	0	0	0	0	0	1	0	0	0
zOTU_4372	0	0	1	0	1	0	0	0	1	0	0	0	0	3	0	0	0	0	0	1	0	1	0	0	0	0	0	0	0	0	0	0	0	0	0	0	0	0	0	0	0	0	0	0	0	0	2	0
zOTU_4373	17	7	6	39	36	15	8	19	33	14	18	7	19	42	22	11	9	17	18	8	21	17	46	22	13	20	16	19	6	15	0	0	14	9	26	17	29	23	22	23	29	15	8	18	33	15	17	17
zOTU_4374	0	0	0	1	0	0	0	0	0	0	0	0	0	2	0	0	0	0	1	2	0	1	0	0	0	0	0	0	0	0	0	0	1	0	1	0	0	1	0	1	0	0	0	0	0	0	0	1
zOTU_4375	0	0	0	0	3	0	0	0	1	0	0	0	0	0	0	0	0	0	0	1	0	0	0	0	0	0	1	0	0	0	0	0	2	0	0	1	0	0	0	0	2	0	0	0	2	0	0	0
zOTU_4376	0	0	0	0	2	0	0	0	0	1	0	1	2	0	0	0	0	0	0	0	0	0	0	1	1	1	0	0	1	0	0	0	0	1	0	0	0	0	0	0	0	1	0	0	0	0	0	0
zOTU_4377	0	1	0	0	0	0	1	0	0	0	0	0	0	0	0	1	0	0	1	0	0	0	0	0	1	0	0	0	0	0	0	0	0	0	0	0	0	0	0	0	0	1	0	0	0	1	1	0
zOTU_4378	0	0	0	0	0	0	0	0	0	0	0	1	0	1	0	0	1	0	0	0	1	0	1	0	0	0	0	0	0	0	0	0	0	0	1	0	0	0	0	0	0	1	0	0	0	1	0	0
zOTU_4379	0	0	0	0	0	0	0	0	0	0	0	0	0	0	0	0	0	0	1	1	1	0	0	1	0	0	0	0	1	0	0	0	0	0	0	0	0	1	0	0	2	0	1	0	0	1	0	0
zOTU_438	29	10	7	4	40	13	3	0	20	4	0	6	1	18	24	4	5	16	6	8	5	29	33	12	19	24	23	19	3	13	1	0	9	7	13	28	49	11	4	17	28	6	4	2	41	8	8	2
zOTU_4380	0	0	0	0	0	0	0	0	0	0	0	0	0	0	2	0	0	0	0	0	0	1	0	0	2	0	0	0	0	0	0	0	0	0	0	0	0	0	0	0	1	0	0	0	0	1	1	0
zOTU_4381	0	1	1	0	0	0	0	0	0	0	0	0	0	0	0	0	0	0	1	1	0	0	0	0	2	0	0	1	0	0	0	0	0	1	0	0	0	0	0	0	0	0	0	0	0	3	0	0
zOTU_4382	1	0	0	0	0	0	0	0	1	0	0	0	0	1	0	0	0	1	0	0	0	0	2	0	0	0	0	0	0	0	0	0	0	0	0	1	0	0	0	1	0	0	0	0	1	0	0	0
zOTU_4383	0	0	0	0	0	0	0	0	0	0	0	0	0	0	0	0	0	0	0	1	1	0	3	0	1	0	1	0	0	0	0	0	1	0	1	0	0	0	0	0	0	0	0	1	0	0	0	0
zOTU_4384	0	0	0	0	0	0	0	0	1	0	0	0	0	0	0	0	0	0	2	0	0	0	0	2	0	0	0	1	0	0	0	0	1	0	0	0	1	0	0	0	4	0	0	0	0	0	0	0
zOTU_4385	0	0	1	0	0	0	0	0	0	0	0	1	0	0	0	3	0	0	0	0	0	0	0	0	0	0	0	0	1	0	0	0	0	1	0	0	0	0	0	0	0	4	1	0	0	0	6	0
zOTU_4386	0	0	0	0	0	0	0	0	1	0	0	0	0	1	0	0	0	2	0	0	0	2	0	0	0	0	1	0	0	0	0	0	0	0	0	0	0	0	0	2	0	1	0	0	0	0	0	0
zOTU_4387	0	0	0	2	0	0	0	0	0	0	2	0	3	0	1	0	9	1	3	1	2	0	0	0	0	10	1	0	0	4	0	0	0	1	29	0	0	3	10	0	0	2	0	0	0	0	0	6
zOTU_4388	2	3	4	13	9	11	11	5	12	8	4	8	15	3	15	8	11	10	5	10	7	9	10	8	10	7	1	12	4	4	0	0	9	18	17	7	12	22	11	8	16	15	3	5	8	15	9	3
zOTU_4389	0	0	0	0	0	1	0	0	0	2	0	0	0	0	1	0	0	0	0	0	0	1	1	4	0	0	0	2	0	0	0	0	1	0	0	0	1	1	0	0	5	0	0	1	0	0	0	0
zOTU_439	14	5	5	28	15	19	1	8	8	2	3	7	12	19	10	14	13	14	33	36	39	10	9	17	29	15	8	4	9	7	0	0	17	15	30	6	24	28	12	3	14	22	8	31	60	25	52	13
zOTU_4390	0	0	0	0	0	0	0	0	0	0	0	0	1	0	1	1	1	0	0	2	0	0	0	0	1	2	2	0	0	1	0	0	1	0	0	0	0	0	4	0	0	0	1	1	0	0	0	0
zOTU_4391	0	0	0	0	0	0	1	0	0	0	0	0	0	0	0	0	0	0	0	0	0	0	1	4	1	2	0	1	0	0	0	0	0	0	0	0	0	0	1	0	0	0	0	0	0	0	0	0
zOTU_4392	0	0	0	0	0	0	0	0	0	0	0	2	0	0	0	1	0	0	0	0	0	0	0	0	0	0	0	0	1	0	0	0	0	0	0	0	0	2	0	0	0	1	0	0	0	0	2	0
zOTU_4393	0	0	0	0	0	0	0	0	0	0	0	1	0	0	0	0	0	0	0	1	1	0	0	0	0	1	0	0	1	0	0	0	0	0	0	1	1	0	0	0	0	0	0	0	0	2	2	1
zOTU_4394	0	0	0	1	1	1	0	3	0	0	0	0	0	0	0	0	0	0	0	0	0	0	1	0	0	1	0	1	0	0	0	0	0	0	0	0	0	0	0	0	0	0	0	1	0	0	0	0
zOTU_4395	1	0	1	1	0	1	1	0	0	0	0	1	2	1	0	3	0	0	0	0	1	0	1	2	0	1	0	3	1	0	0	0	0	3	2	0	0	0	3	0	1	0	0	1	2	0	1	1
zOTU_4396	0	1	0	0	0	0	1	0	0	0	0	0	0	0	1	0	1	0	0	1	2	0	0	0	0	0	0	1	1	1	0	0	0	2	0	0	1	0	0	0	0	0	0	0	0	0	0	0
zOTU_4397	0	1	0	1	1	1	0	0	0	0	0	0	0	0	0	0	1	0	0	0	0	0	1	0	0	0	1	0	0	0	0	0	0	0	0	2	0	0	0	0	2	0	0	0	0	0	0	0
zOTU_4398	0	0	0	0	1	0	0	0	0	1	1	0	0	0	0	0	0	0	1	0	0	0	0	0	0	0	0	0	1	0	0	0	0	1	0	1	0	0	0	0	0	0	1	0	1	0	1	1
zOTU_4399	0	1	0	0	2	0	0	0	1	0	1	0	1	0	1	0	0	0	1	0	1	0	0	0	0	0	0	0	0	0	0	0	2	0	1	0	1	1	0	0	1	1	0	0	0	0	0	2
zOTU_44	1086	22	12	224	1120	46	18	148	589	25	22	28	371	231	37	17	166	1123	35	20	92	481	906	46	25	207	712	59	6	97	12	0	30	21	146	536	32	17	110	434	49	11	4	30	236	41	15	58
zOTU_440	1	7	13	20	12	5	53	12	5	9	20	49	9	13	14	43	22	10	6	36	7	8	10	15	20	14	1	18	12	4	0	0	12	40	19	5	15	37	10	6	4	31	21	10	9	28	23	7
zOTU_4400	0	0	0	0	0	0	0	0	0	2	0	0	0	0	1	0	0	0	1	0	0	0	1	0	0	1	0	0	0	1	0	0	0	0	0	0	1	0	0	1	0	0	0	0	0	0	0	0
zOTU_4401	0	0	1	0	0	0	0	0	0	0	0	0	0	0	0	0	0	0	0	0	0	0	0	0	1	0	0	0	1	0	0	0	0	0	0	0	0	3	0	0	0	1	0	0	0	0	3	0
zOTU_4402	0	0	1	0	0	0	1	0	0	0	0	1	0	0	1	0	0	0	0	0	0	0	0	0	0	0	0	0	0	0	0	0	0	0	0	0	0	0	0	0	0	0	0	0	0	0	5	0
zOTU_4403	0	0	0	0	0	0	0	0	0	0	0	0	0	0	0	0	1	0	0	0	0	0	0	0	0	1	0	0	0	0	0	0	0	0	3	0	0	0	2	0	0	1	0	0	0	0	0	0
zOTU_4404	0	0	1	0	0	0	2	0	0	0	0	2	0	0	1	0	0	0	0	2	0	0	0	0	1	0	0	0	0	0	0	0	0	2	0	0	0	2	0	0	0	0	0	0	0	0	1	0
zOTU_4405	0	0	0	0	0	0	0	0	0	0	0	0	0	0	0	0	2	0	0	0	0	0	0	1	0	0	0	1	0	0	0	0	0	0	0	0	0	1	0	0	0	0	0	0	0	0	3	0
zOTU_4406	0	0	1	0	0	0	0	0	0	0	0	1	1	0	1	0	1	0	0	0	1	0	0	0	0	1	0	0	1	0	0	0	0	0	0	0	0	1	0	0	0	0	0	0	0	0	0	0
zOTU_4407	3	2	13	1	3	4	8	1	3	3	1	5	2	8	4	5	1	2	7	10	1	3	2	12	9	6	0	5	10	0	0	0	4	8	2	2	5	9	2	5	4	7	5	0	0	2	6	3
zOTU_4408	0	0	0	0	0	0	0	0	0	0	0	0	0	0	0	0	0	0	0	3	0	0	0	0	1	0	0	0	0	0	0	0	0	2	0	0	0	1	0	0	0	0	0	0	0	0	2	0
zOTU_4409	0	0	1	0	0	0	0	0	0	0	0	0	0	0	0	1	0	0	0	0	0	0	0	0	0	0	0	1	2	0	0	0	0	0	0	0	0	2	0	0	2	2	0	0	0	0	0	0
zOTU_441	33	6	3	0	73	2	0	0	56	4	0	0	0	96	10	1	0	31	5	0	0	27	11	0	0	0	30	3	0	0	0	0	7	0	1	31	5	0	0	36	5	0	0	0	11	6	0	0
zOTU_4410	0	0	1	0	0	0	0	0	0	0	0	0	1	0	0	0	0	0	0	0	0	0	0	0	0	0	0	0	0	0	0	0	0	0	0	0	0	0	0	0	0	0	0	0	2	2	2	0
zOTU_4411	0	0	0	0	0	0	0	0	1	0	0	0	0	0	0	0	0	0	0	0	1	0	0	0	0	0	1	0	0	0	0	0	0	1	0	0	0	1	1	0	0	1	0	0	1	0	0	0
zOTU_4412	1	0	0	0	0	0	0	0	0	0	0	1	0	0	0	1	2	0	0	0	0	0	1	0	1	0	0	0	0	0	0	0	1	0	0	0	1	0	0	0	0	0	1	0	3	1	0	0
zOTU_4413	0	0	0	0	0	0	0	0	0	3	0	0	0	0	0	0	0	0	0	0	0	0	0	1	0	0	0	2	0	0	0	0	0	0	0	0	0	0	0	0	1	0	0	0	0	0	0	0
zOTU_4414	0	2	0	2	0	0	0	0	0	0	1	0	0	0	1	0	0	0	0	2	0	0	1	1	0	0	0	3	0	0	0	0	2	1	2	0	0	2	0	2	0	0	0	1	0	1	1	0
zOTU_4415	0	1	0	0	0	0	0	0	0	0	0	0	0	0	1	0	0	0	0	0	0	0	1	1	0	0	0	0	0	0	0	0	1	0	0	0	3	0	0	1	1	0	0	0	0	0	0	0
zOTU_4416	0	0	0	0	0	0	0	0	0	0	0	0	0	0	0	0	3	0	0	0	2	0	0	0	0	1	0	0	0	0	0	0	0	0	0	0	0	0	2	0	0	0	0	0	0	0	0	0
zOTU_4417	1	0	0	0	0	1	0	0	0	0	0	0	0	0	0	0	0	0	0	0	0	0	0	1	0	0	0	0	0	0	0	0	0	0	0	0	0	0	0	0	1	0	0	0	3	0	0	0
zOTU_4418	0	0	0	0	0	0	0	0	0	0	1	0	5	0	0	0	0	0	3	0	0	0	0	3	0	0	0	1	1	0	0	0	0	0	1	0	0	7	1	0	0	2	1	0	0	0	0	0
zOTU_4419	0	0	0	0	0	0	1	0	0	0	0	1	0	0	0	0	0	0	0	0	0	0	0	0	1	0	0	0	0	0	0	0	0	2	0	0	0	1	0	0	0	0	0	0	0	0	3	0
zOTU_442	2	16	28	15	13	31	43	10	2	3	13	30	22	9	30	55	28	10	21	39	2	8	1	35	18	27	7	29	24	15	0	0	19	36	32	8	23	43	13	4	24	61	31	2	0	13	10	23
zOTU_4420	0	0	0	0	0	0	0	0	0	0	0	0	0	0	2	0	0	1	0	0	0	0	1	0	0	0	0	0	0	0	0	0	0	0	0	0	0	0	0	0	2	1	0	0	1	0	0	0
zOTU_4421	0	0	0	0	0	1	0	0	0	1	0	0	0	0	0	0	0	0	0	0	0	0	0	0	1	0	0	0	0	0	0	0	0	0	0	0	3	1	0	0	1	0	0	0	0	0	1	0
zOTU_4422	0	0	0	0	0	0	0	0	0	0	0	2	0	0	0	0	0	0	1	0	2	0	0	0	1	0	0	0	0	0	0	0	0	0	0	0	1	0	0	0	1	0	0	0	0	0	0	0
zOTU_4423	0	0	0	0	0	0	0	0	0	0	0	2	0	0	0	3	0	0	0	0	0	0	0	0	2	0	0	0	2	0	0	0	0	0	0	0	0	1	0	0	0	0	0	0	0	0	0	0
zOTU_4424	0	0	0	0	2	1	0	0	0	0	0	0	0	0	0	0	0	0	0	0	0	0	2	2	0	0	1	1	0	0	0	0	1	0	0	1	1	0	0	0	0	0	0	0	0	0	0	0
zOTU_4425	0	0	0	0	0	0	0	0	0	0	0	0	0	0	0	1	0	0	0	0	0	0	0	0	0	0	0	0	0	0	0	0	0	0	0	0	0	0	0	0	0	0	0	1	1	1	3	0
zOTU_4426	0	0	1	1	2	0	0	1	0	0	2	1	1	0	2	0	0	0	3	0	0	0	1	1	0	3	0	2	1	1	0	0	1	1	2	2	3	1	1	0	1	2	2	1	1	1	2	0
zOTU_4427	0	0	0	0	0	0	0	0	0	0	0	3	0	0	0	2	0	0	1	0	0	0	0	0	0	0	0	0	1	0	0	0	0	0	0	0	1	2	0	0	0	1	1	0	0	0	0	0
zOTU_4428	0	0	0	0	0	1	0	0	0	0	0	0	0	0	0	0	0	0	0	0	0	0	1	1	0	0	2	1	0	0	0	0	0	0	0	0	1	0	0	0	0	0	0	0	0	1	0	1
zOTU_4429	0	0	0	0	0	0	0	0	0	0	0	0	0	0	0	0	0	0	1	4	0	0	0	0	1	0	0	0	2	0	0	0	0	0	0	0	0	4	0	0	0	1	0	0	0	0	0	0
zOTU_443	8	8	10	27	29	24	18	14	23	20	13	17	20	13	29	19	8	14	24	10	9	16	26	26	13	11	27	39	11	6	0	0	15	13	24	16	28	18	17	10	27	10	5	17	17	22	14	8
zOTU_4430	1	1	0	1	6	3	0	1	0	2	1	0	1	3	0	0	1	1	3	2	0	0	0	1	0	1	6	3	2	0	0	0	2	0	1	1	6	0	0	2	5	0	0	0	0	0	0	4
zOTU_4431	0	0	0	0	1	1	0	0	1	0	1	0	0	1	1	2	0	0	0	2	0	0	0	0	0	0	0	0	0	1	0	0	1	0	0	0	0	1	0	0	0	0	0	0	0	0	0	0
zOTU_4432	0	0	0	0	0	0	0	0	0	0	0	0	0	0	0	0	0	1	1	0	1	1	2	1	0	0	1	1	0	0	0	0	0	0	1	0	0	0	0	0	0	0	0	0	2	1	0	0
zOTU_4433	0	0	0	0	0	0	0	0	0	0	0	0	1	0	0	3	0	0	0	0	0	0	0	0	0	1	0	1	0	0	0	0	1	0	0	0	1	3	0	0	0	2	0	0	0	0	2	0
zOTU_4434	0	0	0	0	0	0	2	0	0	0	0	0	0	0	0	0	0	0	0	0	0	0	0	1	1	0	0	0	0	0	0	0	0	0	1	0	0	0	0	0	1	3	0	0	0	0	0	0
zOTU_4435	0	0	0	0	7	0	0	0	0	0	0	0	1	0	0	0	0	1	0	0	1	0	0	0	0	0	1	0	0	0	0	0	0	0	7	0	0	0	0	0	0	0	1	0	0	0	0	1
zOTU_4436	0	0	0	0	0	0	0	0	0	0	0	0	0	0	1	0	0	0	0	0	0	0	0	1	0	0	0	0	0	0	0	0	0	0	0	0	1	1	0	0	1	0	0	0	0	0	0	0
zOTU_4437	0	0	0	0	0	0	0	0	0	0	0	0	0	0	0	0	0	2	2	0	2	1	0	0	0	0	0	1	0	0	0	0	0	0	0	0	0	0	0	0	0	0	0	0	0	0	0	0
zOTU_4438	0	0	0	0	2	0	0	0	1	0	0	0	0	0	1	0	0	0	0	0	0	1	1	0	0	0	0	0	0	0	0	0	0	0	0	1	0	0	0	0	0	0	0	0	3	0	0	0
zOTU_4439	0	0	0	0	0	0	0	0	0	0	0	0	0	0	0	0	0	0	0	1	0	0	0	0	6	0	0	0	0	0	0	0	0	3	0	0	0	1	0	0	0	3	1	1	0	0	0	0
zOTU_444	10	6	7	38	28	8	1	14	24	9	11	6	29	12	15	8	18	37	28	6	18	12	19	30	6	23	21	29	4	17	0	0	13	8	40	23	16	13	30	10	29	5	4	8	7	12	7	4
zOTU_4440	0	0	0	0	0	2	0	0	0	1	0	0	0	1	0	0	0	1	2	0	0	0	2	0	0	0	0	0	0	0	0	0	0	0	0	0	0	0	0	1	0	0	0	0	1	1	0	0
zOTU_4441	0	0	0	0	2	0	0	0	1	0	0	0	0	0	0	0	2	0	1	0	0	0	1	1	0	0	0	1	0	0	0	0	1	0	0	0	0	0	0	1	0	0	1	0	0	1	0	0
zOTU_4442	0	1	0	1	0	1	1	1	0	0	1	0	3	0	2	5	3	1	5	8	0	5	0	2	1	0	1	0	2	1	0	0	3	2	14	1	3	2	2	1	4	4	3	0	0	0	1	0
zOTU_4443	0	0	0	0	0	0	2	0	0	2	0	1	0	0	0	1	0	0	0	0	0	0	0	0	0	0	0	3	0	0	0	0	0	1	0	0	0	0	0	0	0	0	0	0	0	0	1	0
zOTU_4444	1	0	0	0	0	0	0	1	0	1	0	1	0	1	0	0	0	1	1	0	0	0	0	0	0	0	0	0	0	0	0	0	0	0	0	0	0	0	0	0	0	0	1	0	1	0	0	0
zOTU_4445	0	0	0	0	0	0	1	0	0	2	0	0	0	0	1	0	0	0	1	0	0	0	0	0	0	0	0	0	0	0	0	0	0	1	1	0	0	0	1	1	0	0	0	0	0	0	1	0
zOTU_4446	1	0	0	0	2	1	1	0	3	0	0	0	0	1	1	0	0	4	0	0	0	1	0	0	0	0	1	0	0	0	0	0	1	1	0	1	0	1	3	0	0	0	0	0	3	0	0	0
zOTU_4447	0	0	0	0	0	0	1	0	1	0	1	0	0	0	0	2	0	0	0	2	0	0	0	2	1	0	0	1	0	0	0	1	0	1	0	0	0	0	0	0	0	1	0	0	0	1	3	0
zOTU_4448	0	0	0	0	0	0	3	0	0	0	0	1	0	0	0	0	0	0	0	0	0	0	0	1	1	0	0	0	0	0	0	0	0	0	0	0	0	0	0	0	1	1	0	0	0	0	0	0
zOTU_4449	0	0	0	0	0	0	0	0	0	0	0	0	0	0	1	0	0	0	2	2	0	0	0	0	0	1	0	2	0	0	0	0	0	0	1	0	1	0	1	0	0	0	0	0	0	0	0	0
zOTU_445	15	11	13	16	20	13	34	9	17	15	6	30	16	11	30	22	36	28	16	17	12	8	42	28	29	17	16	19	13	6	1	16	14	32	27	11	23	21	25	21	21	25	16	16	29	21	34	12
zOTU_4450	0	0	0	0	0	0	0	0	0	0	0	0	0	0	2	0	0	0	0	0	1	0	1	0	1	0	0	1	0	0	0	0	0	0	0	1	0	0	0	0	0	0	2	1	0	1	0	0
zOTU_4451	0	0	1	0	0	0	0	0	0	0	0	0	1	0	0	0	0	1	1	0	0	1	0	1	0	0	1	0	0	0	0	0	0	0	1	0	0	3	1	0	1	2	1	0	0	0	0	0
zOTU_4452	0	0	0	0	0	0	0	0	0	0	0	0	0	0	1	0	0	0	0	1	1	0	4	0	0	0	2	1	0	0	0	0	0	0	0	0	1	0	0	0	0	0	0	0	0	0	0	0
zOTU_4453	0	1	0	0	0	0	0	0	0	0	0	0	0	0	0	0	0	0	0	0	0	1	1	0	0	0	1	0	0	0	0	0	1	0	0	0	0	0	0	0	0	0	0	0	2	0	0	0
zOTU_4454	0	0	0	3	0	0	0	0	0	0	0	0	0	0	0	2	2	1	0	1	1	0	0	2	2	0	0	0	0	0	0	0	0	1	0	1	0	0	1	0	0	1	1	0	0	0	0	0
zOTU_4455	0	2	0	0	1	1	0	0	0	0	0	0	0	1	0	0	1	0	0	1	0	0	0	2	0	0	0	0	1	0	0	0	1	0	3	0	0	2	0	0	2	1	0	0	0	0	0	0
zOTU_4456	0	0	0	1	0	0	0	0	0	0	0	0	0	0	0	0	0	0	0	0	0	0	0	0	0	1	0	0	0	0	0	0	0	0	0	0	0	0	0	0	0	0	0	0	2	1	2	0
zOTU_4457	0	0	0	0	0	0	0	0	1	0	0	0	0	0	0	0	0	0	0	0	0	0	0	0	0	0	0	0	0	0	0	0	1	0	0	1	2	0	0	0	1	0	0	0	0	1	0	0
zOTU_4458	0	1	1	0	0	0	1	0	0	0	0	0	0	1	0	0	0	0	0	1	0	0	0	1	1	0	0	0	0	0	0	0	0	0	0	0	0	0	0	1	0	0	0	0	5	0	5	0
zOTU_4459	0	0	0	0	1	0	0	0	0	0	0	0	1	0	0	0	0	0	0	0	0	1	0	0	0	0	0	0	0	0	0	0	0	0	0	1	0	0	0	2	0	0	0	0	0	0	0	1
zOTU_446	8	8	5	5	52	10	2	8	21	6	7	3	11	63	12	16	9	44	24	25	0	26	11	17	5	10	26	18	7	2	0	0	13	2	23	18	26	23	11	11	25	18	7	0	6	6	7	14
zOTU_4460	0	1	1	0	0	0	3	0	0	0	0	0	0	0	0	1	0	0	0	0	0	0	0	0	0	0	0	0	0	0	0	0	0	0	0	0	0	0	0	0	1	2	0	0	0	1	0	0
zOTU_4461	0	0	0	0	0	0	0	0	0	1	0	1	0	0	0	0	0	0	1	0	0	0	1	0	0	0	0	3	1	0	0	0	0	0	2	0	1	1	1	0	0	0	0	0	0	1	1	0
zOTU_4462	0	0	0	0	1	3	0	0	0	0	0	0	0	0	0	0	0	0	0	0	0	0	0	0	0	0	0	0	0	0	0	0	0	0	0	0	0	0	0	0	0	0	0	0	0	1	3	0
zOTU_4463	0	0	1	0	0	0	1	0	0	0	0	0	1	0	0	0	0	0	0	2	0	0	0	1	1	0	1	0	0	0	0	0	0	0	0	0	1	0	0	0	0	0	0	0	0	0	0	0
zOTU_4464	0	0	0	0	0	0	1	0	0	0	0	0	0	0	0	1	0	0	0	2	0	0	0	0	2	0	0	0	0	0	0	0	0	2	0	0	0	1	0	0	0	0	0	0	0	0	0	0
zOTU_4465	0	0	0	0	0	0	1	0	0	0	0	0	0	0	0	0	0	0	0	0	0	0	0	0	0	0	0	0	0	0	0	0	0	0	0	0	0	1	0	0	0	4	1	0	0	0	3	0
zOTU_4466	0	0	0	0	0	0	0	0	0	0	0	0	1	0	0	1	0	0	2	0	1	0	0	0	0	0	0	0	0	0	0	0	0	0	1	0	0	0	0	0	0	0	1	0	0	2	0	0
zOTU_4467	0	0	0	0	0	1	1	0	0	0	0	0	0	0	2	0	0	0	0	1	0	0	0	1	0	0	0	0	0	0	0	0	0	0	0	0	0	0	0	0	3	0	0	0	0	0	0	0
zOTU_4468	0	0	0	0	1	0	1	0	0	0	0	0	0	0	0	0	2	1	0	0	0	0	0	0	0	3	0	0	0	0	0	0	0	0	0	1	0	0	1	0	0	0	0	0	0	0	0	0
zOTU_4469	0	1	0	0	0	0	0	0	0	0	1	0	0	0	0	0	1	1	0	0	0	0	0	0	0	0	0	0	0	0	0	0	0	0	1	1	0	1	0	1	0	0	0	0	0	0	0	0
zOTU_447	9	22	29	25	26	34	51	16	20	15	6	37	28	31	44	59	36	21	32	38	18	10	44	44	30	21	13	54	24	17	0	10	27	42	29	11	32	47	20	26	33	49	16	16	17	36	27	10
zOTU_4470	0	0	0	0	0	0	1	0	0	0	0	0	0	0	0	0	0	0	0	3	0	0	0	0	2	0	1	0	0	0	0	0	0	0	0	0	0	0	0	0	0	1	0	0	0	0	2	0
zOTU_4471	0	0	0	0	0	1	0	0	0	0	1	0	0	0	0	0	0	0	0	0	0	0	0	0	0	0	0	0	0	0	0	0	0	0	0	0	0	0	0	1	0	0	0	0	0	0	0	0
zOTU_4472	0	1	0	3	3	1	0	2	5	1	2	0	0	4	2	1	1	2	3	1	0	1	0	4	1	1	0	4	0	0	0	0	1	2	2	0	3	0	0	1	4	0	0	1	2	1	0	1
zOTU_4473	1	0	0	0	0	0	0	0	0	0	0	0	0	0	0	0	1	0	0	0	1	2	0	0	0	0	0	0	0	0	0	0	0	0	1	0	0	1	0	1	0	0	0	1	1	0	0	0
zOTU_4474	0	1	0	0	0	0	0	0	0	0	0	0	0	0	1	0	3	0	0	0	0	0	0	0	1	1	0	0	0	0	0	0	1	0	0	0	0	0	1	0	0	0	0	0	0	0	0	0
zOTU_4475	3	2	1	2	5	4	2	3	2	2	2	1	0	6	4	0	2	1	5	1	0	0	2	3	0	1	3	4	3	0	0	0	6	2	2	1	4	3	3	3	7	0	2	1	1	0	1	3
zOTU_4476	0	1	0	0	0	0	2	0	0	0	0	1	0	0	0	0	0	0	1	1	0	0	0	1	6	0	0	0	0	0	0	0	0	0	0	0	0	0	0	0	1	1	0	0	0	0	1	0
zOTU_4477	0	1	0	0	0	0	1	0	0	0	0	0	0	0	0	0	0	1	0	2	0	0	0	2	0	0	1	2	2	0	0	0	0	2	0	0	0	1	0	0	0	0	0	0	0	0	0	0
zOTU_4478	0	1	0	0	0	0	0	0	0	0	0	1	0	0	0	0	0	0	0	0	0	0	0	0	1	0	0	0	1	0	0	0	1	3	0	0	0	1	0	0	0	0	0	0	0	0	0	0
zOTU_4479	0	0	0	0	0	1	1	0	0	0	0	0	0	0	0	0	0	0	0	0	0	0	0	0	0	0	0	0	0	0	0	0	1	0	0	0	3	0	0	0	0	0	0	0	0	1	0	0
zOTU_448	3	4	34	7	3	8	64	6	6	17	4	65	7	1	15	27	3	4	16	31	5	1	6	19	45	4	4	25	28	5	0	7	6	58	14	1	17	54	9	3	27	51	24	12	4	21	44	4
zOTU_4480	1	0	0	1	1	1	0	0	1	2	0	0	2	0	2	1	1	0	0	0	1	0	6	2	5	0	2	1	1	0	0	0	1	0	6	0	1	2	0	0	2	3	2	1	3	4	3	0
zOTU_4481	1	0	0	0	0	0	0	0	0	0	0	0	0	0	0	1	0	0	0	0	0	0	1	0	0	0	0	0	0	0	0	0	0	0	0	2	0	0	0	1	0	0	0	0	6	0	0	0
zOTU_4482	0	0	0	0	0	2	0	0	0	0	0	0	0	0	0	0	0	0	0	1	0	0	0	0	1	0	0	0	0	0	0	0	1	0	0	0	0	0	0	0	0	0	1	0	0	0	2	0
zOTU_4483	0	0	0	0	0	0	3	0	0	1	0	0	0	0	1	0	0	0	2	0	0	0	0	0	0	0	0	1	0	0	0	0	0	0	0	0	0	1	0	0	3	2	0	0	0	1	2	0
zOTU_4484	0	0	0	0	0	0	0	0	2	0	0	0	0	1	0	0	0	0	0	0	0	1	1	0	0	0	0	0	0	0	0	0	0	0	0	0	0	0	0	0	0	0	0	0	0	0	0	0
zOTU_4485	0	0	0	0	0	0	0	0	0	0	0	0	0	0	0	0	0	0	0	0	1	0	0	0	3	0	0	0	0	1	0	0	0	0	0	0	0	0	0	0	0	0	0	1	0	0	2	0
zOTU_4486	0	0	0	0	0	0	0	0	0	0	0	1	0	0	0	0	0	0	0	1	0	0	0	0	0	0	0	0	0	0	0	0	0	1	0	1	0	2	0	0	0	1	0	0	0	0	0	0
zOTU_4487	1	0	0	1	0	0	0	0	2	0	0	0	0	0	0	0	0	1	0	0	1	0	0	0	0	0	0	0	1	0	0	0	0	0	0	1	0	0	0	0	0	3	0	0	0	0	0	0
zOTU_4488	0	0	0	0	0	0	0	0	0	0	0	0	0	0	0	0	0	0	0	0	0	0	0	0	0	0	0	0	0	0	0	0	0	0	0	0	2	0	0	0	1	0	0	0	0	0	0	0
zOTU_4489	0	0	0	1	0	0	1	0	0	0	0	0	3	0	0	0	0	0	0	0	0	0	0	0	1	1	0	0	0	1	0	0	0	0	0	0	0	2	1	0	0	0	0	0	0	0	0	0
zOTU_449	4	7	4	6	46	12	2	0	10	5	8	1	1	14	30	15	33	10	44	51	11	4	2	29	10	18	10	11	14	9	0	1	39	1	19	28	117	50	6	2	29	28	2	3	2	41	5	6
zOTU_4490	0	1	0	1	1	0	1	1	2	0	0	0	0	0	0	0	0	2	1	0	0	0	2	1	0	0	1	2	0	0	0	0	0	0	0	0	1	0	0	0	0	0	0	1	0	0	0	0
zOTU_4491	0	0	0	0	0	0	0	0	1	0	0	0	1	1	0	0	0	0	1	0	0	0	0	0	0	1	1	0	0	1	0	0	0	0	0	0	0	0	0	2	0	0	0	0	0	0	0	0
zOTU_4492	0	0	0	0	0	0	1	0	0	0	0	1	0	0	1	0	0	0	0	0	0	0	0	0	2	0	0	0	1	0	0	0	0	2	0	0	1	0	0	0	0	0	1	0	0	0	2	0
zOTU_4493	0	0	0	0	0	0	0	0	0	0	0	1	0	0	0	1	0	0	0	1	0	0	0	0	0	0	0	0	0	0	0	0	0	1	0	0	0	3	0	0	0	1	0	0	0	0	0	0
zOTU_4494	1	0	0	0	0	2	0	0	1	0	0	0	0	1	1	0	0	0	0	0	0	0	0	1	0	0	0	0	0	0	0	0	0	0	0	0	0	0	0	0	0	0	0	0	1	0	0	0
zOTU_4495	0	0	0	0	0	0	0	0	0	1	0	0	0	0	0	1	0	0	0	0	0	0	0	0	0	0	0	1	0	0	0	0	1	0	0	0	1	0	0	0	0	0	0	0	0	1	0	0
zOTU_4496	0	0	0	0	0	1	0	0	0	0	0	0	0	0	2	0	0	0	0	0	0	0	0	0	0	0	0	0	0	0	0	0	2	0	0	0	0	0	0	0	0	0	0	0	0	5	0	0
zOTU_4497	1	0	0	0	0	0	0	0	0	0	0	0	0	0	0	0	0	1	3	0	0	0	0	0	1	0	0	0	0	0	0	0	0	0	0	0	1	0	0	3	0	0	1	0	0	0	0	0
zOTU_4498	0	0	0	0	0	0	0	0	0	1	0	0	0	0	2	0	0	0	2	2	0	0	0	0	2	0	0	0	0	0	0	0	1	0	2	1	1	0	0	0	1	0	1	1	0	0	0	0
zOTU_4499	0	0	0	0	0	0	0	0	0	0	0	0	0	0	0	0	0	0	0	0	1	0	0	0	0	0	0	0	0	0	0	0	0	1	0	0	0	0	0	0	0	0	0	0	0	0	0	0
zOTU_45	72	187	156	141	61	505	467	120	56	135	67	322	96	45	387	458	134	63	330	283	36	41	55	471	144	113	52	510	169	81	0	17	270	467	142	36	288	327	88	46	312	302	137	36	23	274	97	100
zOTU_450	11	12	20	27	30	16	19	11	23	17	11	7	36	13	31	20	8	24	29	22	17	21	17	24	26	22	20	27	9	16	0	0	19	6	51	19	30	32	31	23	33	22	13	5	11	18	25	10
zOTU_4500	0	1	0	0	2	0	0	1	0	0	0	0	1	1	2	0	1	1	0	0	0	1	1	1	0	0	0	0	0	0	0	0	0	0	0	0	0	1	0	1	1	0	2	0	1	0	1	1
zOTU_4501	0	0	0	0	0	0	0	0	0	0	0	0	0	0	0	0	0	1	0	0	0	0	1	0	0	0	0	0	0	0	0	0	0	0	0	1	1	0	0	3	0	0	0	0	2	0	0	0
zOTU_4502	0	0	0	0	0	0	0	0	0	0	0	0	0	0	0	4	0	1	0	0	0	0	0	0	1	0	0	0	0	0	0	0	0	0	0	0	0	1	0	0	0	0	0	0	0	0	0	0
zOTU_4503	0	1	0	0	0	1	0	0	0	0	0	0	1	0	0	1	0	0	0	0	0	0	0	1	0	1	0	1	1	0	0	0	2	0	0	0	1	4	0	0	2	1	0	0	0	1	0	0
zOTU_4504	0	1	1	0	0	1	0	1	2	0	0	0	0	0	0	0	0	0	1	0	0	0	0	1	1	0	0	0	0	0	0	0	2	0	0	0	0	0	0	0	0	0	0	0	1	0	0	0
zOTU_4505	0	0	0	0	0	1	0	0	0	0	0	0	1	0	0	0	0	0	0	0	0	0	0	0	1	0	0	0	0	0	0	0	0	0	0	0	0	0	0	0	0	0	0	1	2	0	0	0
zOTU_4506	0	1	0	0	1	0	0	0	0	0	1	0	0	1	0	0	0	0	0	0	0	0	0	2	0	0	0	0	0	0	0	0	0	0	1	0	1	0	1	0	0	0	0	0	0	0	0	0
zOTU_4507	0	4	1	5	0	1	0	1	0	0	0	0	1	1	1	1	0	0	1	0	0	0	0	0	0	2	0	1	0	0	0	0	2	0	2	0	1	0	1	0	2	1	0	0	0	2	0	1
zOTU_4508	0	0	1	2	0	0	0	0	0	0	0	0	0	0	0	0	1	0	1	5	0	0	0	0	3	0	0	0	0	0	0	0	0	0	0	0	0	0	0	0	0	0	0	0	0	0	1	2
zOTU_4509	0	0	2	0	0	0	0	0	0	2	0	0	0	0	1	0	0	0	2	2	0	0	0	0	0	0	0	0	1	0	0	0	0	0	0	0	5	0	0	0	0	0	1	0	0	0	0	0
zOTU_451	18	41	16	79	78	75	27	29	45	32	20	14	33	64	64	28	13	27	68	22	13	26	38	74	30	10	25	77	12	16	0	0	50	34	47	23	106	32	23	28	69	15	11	25	36	62	48	23
zOTU_4510	0	0	0	0	0	0	0	0	0	0	0	0	0	0	0	1	0	0	0	2	0	0	0	0	0	0	0	0	0	0	0	0	0	0	0	0	0	4	0	0	0	1	0	0	0	1	0	0
zOTU_4511	0	1	1	0	2	0	0	0	0	0	0	0	0	0	1	0	0	1	0	0	1	0	0	1	0	0	0	1	0	0	0	0	2	0	0	0	0	0	0	0	0	0	0	1	0	0	0	0
zOTU_4512	0	0	0	1	0	0	0	0	0	0	0	0	0	0	0	1	0	0	0	0	0	0	0	1	1	0	0	0	1	0	0	0	1	2	0	0	1	0	0	0	0	0	0	0	0	1	1	0
zOTU_4513	0	0	0	0	0	0	0	0	0	0	0	0	0	0	0	0	0	0	0	0	0	0	0	0	0	0	0	0	0	0	0	0	0	0	0	0	0	0	0	0	0	0	0	0	0	0	0	0
zOTU_4514	0	0	0	0	0	0	0	0	0	0	0	1	0	0	0	0	0	0	0	0	1	0	0	2	1	0	0	2	0	0	0	0	0	0	0	0	0	0	0	0	0	0	0	0	0	0	1	0
zOTU_4515	0	0	0	0	3	0	0	0	0	0	0	1	0	0	0	1	0	0	0	0	0	0	0	0	0	0	0	0	0	0	0	0	0	0	1	0	0	0	0	1	0	0	1	0	1	0	1	0
zOTU_4516	0	0	3	1	0	0	0	0	2	0	0	0	0	0	0	0	0	0	0	0	1	0	0	0	0	0	0	0	0	0	0	0	0	0	0	0	1	0	0	0	0	0	0	1	0	0	0	0
zOTU_4517	0	0	1	0	1	0	1	0	0	0	0	0	0	0	0	0	0	0	0	3	0	0	0	0	1	0	0	0	0	0	0	0	0	6	0	0	0	0	0	0	0	0	0	0	0	0	2	0
zOTU_4518	0	0	0	0	1	0	0	0	0	0	0	0	0	0	0	0	0	0	0	0	0	0	0	1	0	0	0	0	0	0	0	0	0	0	1	0	2	0	0	0	0	0	0	0	0	0	0	0
zOTU_4519	0	1	0	0	0	0	0	0	0	0	0	0	0	0	2	0	0	0	0	0	0	0	0	2	0	0	0	2	0	0	0	0	2	0	0	0	0	0	0	0	1	0	0	0	0	1	0	0
zOTU_452	9	6	10	10	17	12	15	3	14	6	7	4	17	13	18	15	14	17	22	14	6	8	18	29	18	11	14	29	10	4	0	0	22	22	23	15	16	20	9	17	14	16	20	3	17	18	20	2
zOTU_4520	0	0	0	0	0	0	0	0	0	0	0	1	1	2	0	0	0	0	0	0	0	0	0	0	0	0	0	1	0	0	0	0	2	0	0	1	0	0	0	1	0	0	0	0	0	0	1	0
zOTU_4521	0	0	0	0	0	0	1	0	0	0	0	1	0	0	0	0	0	0	0	1	0	0	0	0	0	0	0	0	0	0	0	0	0	1	0	0	0	2	0	0	0	0	0	0	0	1	1	0
zOTU_4522	0	0	0	0	2	1	0	0	0	0	0	0	0	0	0	0	0	1	0	1	0	0	0	1	1	0	0	0	0	1	0	0	0	0	1	0	1	0	0	0	0	0	0	0	0	0	0	2
zOTU_4523	0	0	1	0	0	0	0	0	0	0	0	1	0	2	0	0	0	0	0	0	0	0	0	0	0	0	0	0	0	0	0	0	1	0	1	0	0	1	0	0	0	2	0	0	3	1	1	0
zOTU_4524	0	0	0	0	0	0	0	0	0	0	0	0	0	0	0	0	0	0	0	3	0	0	0	0	2	0	0	0	0	0	0	0	0	1	0	0	0	2	0	0	0	1	1	0	0	0	0	0
zOTU_4525	0	0	0	0	0	0	0	0	0	0	0	0	0	0	0	0	0	0	0	0	0	0	0	0	0	0	0	0	0	1	0	0	0	0	7	0	0	0	2	0	0	0	0	0	0	0	0	0
zOTU_4526	0	0	0	0	0	0	0	0	0	0	0	0	1	1	0	0	0	1	1	0	0	2	1	0	0	0	1	0	0	0	0	0	0	0	0	1	0	0	0	0	0	0	0	0	1	0	0	0
zOTU_4527	0	0	0	0	0	0	0	0	0	0	0	0	0	0	0	0	0	0	0	1	0	0	0	0	0	0	0	0	2	0	0	0	0	3	0	0	0	0	0	0	0	2	1	0	0	0	0	0
zOTU_4528	0	0	0	0	1	0	0	0	0	0	0	0	0	0	1	1	0	1	0	0	0	1	1	1	0	0	0	0	0	0	0	0	0	0	0	0	0	0	0	0	0	0	1	0	0	0	0	0
zOTU_4529	1	0	0	2	0	0	0	0	0	0	2	0	1	0	0	0	0	2	0	0	0	0	0	1	0	1	0	0	0	0	0	0	0	0	1	0	0	0	0	1	0	0	0	0	0	0	0	0
zOTU_453	13	8	14	32	30	29	17	12	21	9	16	22	31	24	19	7	14	13	17	12	11	13	24	20	17	12	34	26	13	25	0	1	14	11	24	20	29	15	20	15	23	11	12	15	7	19	14	19
zOTU_4530	0	1	0	0	0	0	1	0	2	0	0	0	0	1	0	0	1	0	0	0	0	0	0	2	0	0	0	0	0	0	0	0	0	0	1	0	0	0	0	0	0	0	0	1	0	1	0	0
zOTU_454	14	8	5	25	20	20	6	18	22	12	12	21	15	27	20	12	4	13	18	16	6	21	20	9	8	21	19	29	11	13	0	5	18	14	22	19	31	20	27	15	22	11	3	14	12	28	7	12
zOTU_455	1	54	17	3	3	39	22	0	1	20	0	18	2	2	16	9	31	7	24	13	32	1	12	34	19	24	6	33	4	10	0	0	46	14	38	9	26	16	22	9	13	10	43	4	0	141	123	2
zOTU_456	18	9	9	20	30	13	15	10	41	5	6	13	16	46	14	10	13	31	15	14	7	19	24	21	5	17	22	25	3	9	0	7	12	18	33	27	14	10	18	21	21	6	4	21	12	15	3	10
zOTU_457	12	20	8	6	34	35	18	7	16	4	8	20	10	23	27	32	36	10	26	19	11	9	10	28	7	35	11	31	9	20	0	0	20	30	54	17	28	28	45	16	31	14	12	2	20	10	7	7
zOTU_458	9	16	8	11	45	11	11	5	21	6	7	12	14	14	21	13	5	13	26	10	14	26	18	28	21	9	29	22	10	8	0	1	8	20	35	20	33	26	16	20	48	13	9	1	33	20	26	5
zOTU_459	0	8	14	0	2	19	34	1	1	14	3	31	1	0	26	34	7	2	28	26	2	0	0	31	41	5	1	47	20	2	0	0	18	59	21	1	18	61	7	2	36	35	12	1	1	28	22	0
zOTU_46	120	129	72	282	241	153	128	171	232	184	122	133	174	122	224	111	114	246	167	52	162	112	369	184	74	164	150	284	38	77	1	20	159	88	253	224	256	97	193	192	324	55	43	236	222	280	98	86
zOTU_460	3	12	12	28	14	20	19	16	16	10	12	18	21	8	13	20	14	11	19	16	10	3	14	28	17	14	9	27	15	8	0	0	4	35	30	9	14	22	11	19	43	17	7	29	8	12	19	16
zOTU_461	4	18	29	67	3	13	24	27	2	3	24	24	57	2	26	33	16	16	15	42	6	1	6	15	15	14	8	13	22	11	0	0	23	43	51	3	31	38	42	1	25	27	19	11	5	25	6	11
zOTU_462	21	16	4	13	36	9	13	5	33	14	5	7	17	3	24	4	6	12	16	3	14	17	45	27	12	2	8	24	4	10	0	0	13	9	17	13	14	14	13	24	34	11	4	28	42	32	26	7
zOTU_463	19	16	10	7	33	14	7	3	20	7	9	7	9	19	22	12	12	30	17	8	6	18	17	23	10	5	12	22	5	6	0	0	16	22	11	22	20	20	11	20	30	9	12	10	19	24	17	3
zOTU_464	22	15	24	36	21	17	17	19	23	7	12	6	20	42	21	8	23	24	13	14	11	12	34	19	13	17	24	19	8	4	0	0	27	21	34	28	49	13	11	15	23	20	13	10	23	16	16	24
zOTU_465	7	6	12	22	14	15	7	6	12	18	10	15	4	19	17	14	10	9	16	9	13	9	22	8	21	23	18	21	5	10	0	0	10	26	24	9	24	19	16	16	10	21	10	21	7	15	16	9
zOTU_466	16	10	21	30	37	16	10	15	18	5	25	8	36	46	26	58	22	38	33	60	1	24	13	21	28	16	24	27	23	9	0	0	24	40	52	14	33	59	17	17	32	55	18	5	9	16	17	24
zOTU_467	7	17	6	30	26	16	11	32	14	9	5	7	19	10	14	20	20	17	12	19	19	19	31	27	10	19	18	13	6	11	0	0	20	23	18	7	16	14	16	20	21	15	12	20	19	11	22	10
zOTU_468	21	11	10	4	32	31	24	3	21	5	4	11	7	23	22	29	11	23	22	33	4	18	14	41	22	3	6	33	16	1	0	0	27	27	6	12	15	26	5	20	36	10	13	5	9	16	15	6
zOTU_469	16	25	14	9	40	14	16	12	22	19	12	17	24	36	24	18	14	27	14	16	12	29	32	21	13	9	18	26	5	8	0	0	9	13	26	24	42	21	16	22	41	12	5	14	22	29	27	8
zOTU_47	149	121	72	158	180	164	184	103	227	82	94	53	200	227	165	181	200	154	202	118	77	148	227	182	136	205	193	237	154	130	1	13	179	218	235	178	215	175	120	247	224	117	82	109	120	133	134	128
zOTU_470	15	13	4	11	20	18	21	6	12	10	4	35	6	15	16	8	19	10	13	11	42	7	32	35	33	12	7	29	2	14	0	0	10	22	17	7	11	20	8	16	14	4	3	27	44	29	60	3
zOTU_471	10	15	24	12	4	17	48	11	3	17	9	31	16	1	14	24	24	8	12	14	11	3	20	40	38	11	17	35	22	6	0	0	17	50	15	20	9	31	8	11	17	15	25	15	3	25	20	14
zOTU_472	5	10	5	16	17	17	11	4	8	3	4	18	7	7	23	15	21	7	10	19	14	3	15	20	33	11	5	18	6	8	0	0	11	16	21	6	20	23	17	3	15	30	8	17	9	24	27	12
zOTU_473	2	1	1	11	24	27	17	15	8	4	11	8	22	41	17	29	20	16	14	20	27	22	29	16	21	8	14	11	4	1	0	4	21	8	14	10	15	29	8	12	10	12	13	15	49	19	35	12
zOTU_474	0	19	18	11	0	32	52	7	0	10	7	30	14	0	22	43	9	0	24	28	3	0	2	12	16	11	0	26	25	4	0	3	16	49	36	0	25	40	22	2	23	44	19	1	0	15	19	11
zOTU_475	0	8	16	6	2	19	29	4	3	13	0	32	2	1	18	35	13	18	16	40	12	1	26	16	49	9	11	22	23	5	0	0	17	82	27	4	9	46	13	5	14	29	15	4	2	12	36	1
zOTU_476	3	9	8	7	20	15	10	4	19	16	2	16	6	26	15	13	6	16	26	21	29	4	31	35	36	3	8	28	7	15	0	0	7	24	24	7	35	37	17	10	14	23	7	8	71	18	52	1
zOTU_477	6	10	3	16	4	10	11	6	5	8	7	26	5	1	15	5	7	18	11	6	43	2	105	18	25	11	14	16	7	17	0	0	13	21	24	11	2	14	9	8	19	16	3	40	16	17	30	2
zOTU_478	10	12	4	7	28	8	9	7	18	6	17	2	24	42	22	48	20	42	18	31	3	42	7	13	11	23	53	11	9	7	0	0	25	10	33	8	31	55	20	13	11	37	28	4	14	5	5	8
zOTU_479	4	18	8	20	23	7	18	8	13	18	5	17	13	11	23	18	13	11	30	19	13	8	15	46	24	6	5	39	5	9	0	0	16	18	20	8	32	14	15	11	22	13	4	17	6	26	20	8
zOTU_48	144	96	118	357	214	301	244	193	115	94	149	148	220	142	225	229	306	166	222	138	48	144	159	304	65	317	174	397	107	174	2	10	150	239	431	87	202	138	261	120	249	131	93	64	48	137	44	220
zOTU_480	1	11	10	24	6	17	18	18	4	13	16	30	29	0	22	19	15	5	23	18	20	5	3	18	26	10	7	31	11	12	0	0	18	34	29	3	12	19	27	6	20	23	11	28	6	21	28	10
zOTU_481	3	14	8	9	19	14	29	7	8	11	6	23	13	2	17	20	20	10	16	17	12	10	36	36	28	11	3	31	9	6	0	0	9	22	13	12	8	21	7	7	30	17	7	6	33	13	27	3
zOTU_482	26	10	2	6	36	19	9	8	32	5	3	4	11	51	21	8	12	16	21	6	9	22	24	19	10	5	15	33	5	0	2	1	14	14	11	28	21	11	13	24	36	6	2	3	17	31	3	4
zOTU_483	27	8	10	9	31	10	11	7	26	4	7	2	20	35	11	6	29	22	8	7	4	39	19	17	2	12	13	17	5	2	0	0	17	10	18	19	26	18	7	26	9	16	8	0	16	12	6	13
zOTU_484	5	8	12	16	25	7	1	9	21	1	15	4	13	53	18	11	14	49	23	39	3	15	2	9	1	13	30	5	4	11	0	7	19	5	68	4	25	40	21	8	19	39	12	2	8	4	7	16
zOTU_485	1	8	26	11	1	11	33	9	2	11	3	41	13	0	8	46	12	1	26	32	15	2	2	17	36	12	0	23	5	18	0	0	10	56	40	2	10	67	25	3	11	38	14	11	0	9	23	2
zOTU_486	8	9	14	14	12	8	22	13	14	14	13	22	16	4	22	25	11	12	24	22	7	6	13	25	21	5	17	24	8	6	0	27	11	24	22	14	16	18	18	7	25	21	9	7	11	25	14	6
zOTU_487	13	13	5	25	34	22	26	20	30	17	15	15	16	60	16	16	21	28	13	20	37	18	37	25	30	21	31	27	9	31	0	1	11	26	36	19	25	18	15	20	24	20	10	25	24	17	23	13
zOTU_488	5	21	13	35	82	24	3	19	41	13	18	1	36	99	30	38	18	112	42	80	8	22	8	11	8	37	54	15	28	14	1	13	26	7	97	16	50	90	36	3	30	70	19	9	8	7	5	20
zOTU_489	3	7	15	20	11	14	19	18	6	5	9	13	29	9	13	32	37	21	20	22	7	11	11	13	10	30	13	25	8	25	0	0	16	26	33	4	14	25	12	9	18	15	11	5	6	4	12	15
zOTU_49	3	122	208	76	6	149	345	70	7	327	37	483	71	5	483	336	684	114	106	202	359	7	96	133	184	253	38	168	132	234	1	5	106	261	474	10	98	370	144	10	158	305	166	40	10	142	144	19
zOTU_490	0	18	21	12	1	21	27	6	1	21	6	25	6	1	27	24	17	15	27	14	3	0	7	31	12	5	1	29	5	4	0	0	25	26	26	4	6	29	25	2	9	33	10	7	3	43	10	2
zOTU_491	3	16	18	11	0	14	28	4	0	5	8	11	11	1	32	42	28	0	21	46	4	0	1	25	7	14	1	14	16	13	1	0	15	64	30	0	24	86	25	0	25	52	27	2	0	17	7	6
zOTU_492	0	17	21	0	0	26	55	3	2	16	0	39	1	3	35	53	3	3	30	33	1	2	2	50	37	2	1	20	16	1	0	0	22	43	5	1	27	39	6	2	31	38	17	0	4	32	45	0
zOTU_493	9	15	2	5	32	26	4	11	22	7	10	2	6	28	18	3	11	31	28	8	22	15	54	26	9	13	28	14	9	14	0	0	43	7	31	13	53	16	13	8	31	13	4	7	12	27	9	11
zOTU_494	6	11	6	12	8	23	7	7	30	11	8	14	8	28	16	12	29	11	16	4	13	15	23	14	6	19	23	25	2	17	0	3	13	23	16	19	17	12	13	20	9	8	3	3	6	10	14	10
zOTU_495	8	3	5	19	58	13	9	3	33	11	6	8	11	38	22	15	7	32	13	6	0	15	21	17	5	13	14	21	9	8	0	0	11	12	20	30	43	15	18	16	33	3	3	4	6	13	13	4
zOTU_496	10	10	16	18	66	15	4	10	21	1	7	1	5	58	5	17	8	11	9	20	2	19	11	25	2	5	8	5	4	7	0	1	14	3	25	32	37	7	19	18	22	17	6	0	15	19	11	10
zOTU_497	0	4	4	14	20	22	11	7	15	14	4	4	6	17	11	10	15	12	19	12	40	6	28	34	34	15	7	11	2	20	0	1	15	10	20	17	13	22	13	12	13	10	1	24	28	26	34	4
zOTU_498	15	8	10	19	18	6	10	8	28	4	16	9	14	14	28	14	13	35	9	22	4	21	4	7	4	18	25	12	5	10	0	0	13	11	35	18	13	28	25	15	31	9	9	5	1	9	1	8
zOTU_499	16	11	10	9	41	7	3	7	30	1	12	2	18	22	28	34	15	30	38	9	4	32	8	16	2	25	14	17	9	6	0	1	22	11	26	6	15	20	13	10	14	21	17	4	20	5	4	20
zOTU_5	726	835	726	1616	1946	1050	1514	805	1301	1129	792	1368	1440	728	1475	1053	708	1266	738	1010	703	807	1316	1138	1014	954	1129	1392	742	893	7	138	795	1803	2349	1140	1509	2109	1397	1147	1976	1736	488	850	588	1126	1069	586
zOTU_50	97	87	106	154	212	244	365	120	130	123	65	203	159	190	218	255	220	157	191	246	87	106	338	225	244	173	180	268	162	101	0	35	120	375	248	124	160	251	140	137	186	202	128	91	161	166	267	83
zOTU_500	8	4	10	27	20	8	15	10	8	14	12	21	20	9	12	16	14	11	10	9	8	10	19	16	5	14	5	19	9	12	0	0	8	14	29	11	9	13	14	5	12	14	10	49	9	27	18	15
zOTU_501	5	7	9	8	21	11	27	7	7	16	1	18	8	7	13	6	2	10	14	6	18	11	20	26	34	3	5	18	12	9	0	5	22	29	8	7	17	10	5	9	26	12	7	15	28	8	37	3
zOTU_502	4	11	26	5	18	12	10	8	13	3	10	7	8	7	24	27	28	10	52	59	1	20	3	31	8	13	7	17	16	14	0	0	34	15	43	10	30	71	30	9	25	56	23	6	3	17	10	4
zOTU_503	0	14	6	0	0	14	34	1	0	18	1	46	0	0	19	15	3	1	13	11	13	0	0	28	70	0	0	22	4	1	0	0	6	43	6	0	8	21	3	0	14	17	10	4	1	23	144	0
zOTU_504	8	9	2	19	54	7	1	20	23	3	6	3	30	39	18	27	9	24	25	18	2	35	5	6	8	17	10	13	6	18	1	0	26	12	26	5	38	23	16	8	30	22	4	2	4	3	3	15
zOTU_505	1	5	13	6	3	11	32	4	3	9	1	32	6	5	13	36	18	4	6	19	47	1	4	17	67	15	3	10	11	13	0	0	8	41	18	5	5	19	13	3	7	26	14	14	6	9	55	0
zOTU_506	17	7	8	16	17	8	15	6	14	11	8	20	13	7	30	9	12	24	17	7	11	17	13	20	13	10	11	25	4	6	0	1	11	19	27	23	22	12	24	20	21	8	3	15	18	26	7	4
zOTU_507	2	5	13	2	8	6	19	0	14	5	7	20	5	25	15	25	49	10	13	18	66	16	14	19	20	20	6	12	11	9	0	0	21	26	21	2	26	39	19	8	14	18	18	14	20	25	21	1
zOTU_508	2	9	2	40	21	25	20	12	11	11	5	18	29	3	20	5	29	21	15	5	27	10	44	26	26	17	26	32	7	7	0	0	17	11	6	16	7	4	3	9	23	9	3	11	12	8	22	7
zOTU_509	0	26	13	0	0	17	36	1	0	33	0	29	0	0	40	21	2	0	24	31	2	0	3	50	45	1	2	29	20	1	0	1	14	50	1	0	7	51	1	0	20	44	13	0	1	33	16	0
zOTU_51	32	79	87	89	154	217	205	78	106	128	47	165	138	23	171	162	184	91	126	149	204	95	219	209	343	136	67	282	109	126	1	0	94	247	285	101	92	157	235	93	190	126	60	127	155	140	291	48
zOTU_510	15	13	15	28	16	16	22	13	6	4	19	6	23	6	16	8	10	16	22	25	10	11	36	52	14	21	22	19	10	21	2	0	18	8	16	15	21	17	7	16	15	7	12	11	12	14	50	24
zOTU_511	13	11	5	13	30	5	15	9	30	9	4	10	21	61	15	4	10	19	9	3	26	23	47	12	16	5	18	10	4	14	0	0	9	13	16	25	13	10	11	38	20	2	2	16	80	20	46	3
zOTU_512	0	5	21	10	6	31	49	4	3	19	9	33	16	11	26	43	47	4	42	16	15	9	8	44	19	32	0	49	16	15	0	0	23	25	36	3	23	29	21	4	33	21	14	10	3	28	28	4
zOTU_513	6	5	5	9	32	17	12	2	16	7	5	17	8	13	35	11	9	8	33	19	3	12	6	25	13	3	13	45	12	13	0	0	11	12	27	13	24	15	17	5	44	18	12	3	5	16	6	4
zOTU_514	2	3	4	9	27	7	6	4	21	5	4	2	6	42	13	15	13	7	28	12	8	8	3	14	11	1	2	9	3	6	0	0	21	10	33	14	44	25	21	14	17	11	4	5	16	22	36	6
zOTU_515	8	9	2	21	33	8	4	3	46	6	14	5	3	66	15	8	1	35	11	4	1	27	36	16	3	1	31	7	1	0	0	0	11	3	3	30	24	5	1	31	17	7	7	12	15	7	2	9
zOTU_516	12	8	6	37	38	8	2	5	19	3	3	0	6	48	8	12	6	35	31	33	9	8	8	11	8	10	28	7	14	9	0	0	17	0	46	26	51	20	7	7	16	14	3	0	2	6	5	8
zOTU_517	1	9	4	17	9	17	15	17	3	8	8	14	18	16	15	20	29	3	17	14	9	8	10	14	7	17	5	22	7	24	0	0	14	19	20	3	30	30	14	5	28	17	14	13	4	9	10	6
zOTU_518	14	5	7	21	36	4	7	16	20	1	9	5	11	41	2	7	10	22	15	13	9	6	13	10	13	16	32	4	11	14	0	1	4	7	37	26	18	8	19	20	16	12	0	3	10	7	7	17
zOTU_519	18	8	7	4	25	6	6	2	19	12	5	11	7	14	22	13	24	13	22	7	19	23	16	27	9	20	5	30	3	13	0	0	13	19	32	7	10	17	10	12	13	8	5	10	18	37	14	2
zOTU_52	108	123	143	157	175	169	212	96	171	162	103	207	168	242	217	168	156	143	232	128	152	107	165	284	192	161	115	343	90	98	0	3	145	240	213	117	300	225	156	142	245	145	97	126	131	239	207	56
zOTU_520	3	11	8	19	7	31	16	9	3	16	12	24	9	10	22	23	37	6	15	13	9	11	6	28	9	21	7	26	9	10	0	0	17	26	10	6	10	14	6	22	24	9	11	10	9	20	17	6
zOTU_521	9	7	5	15	18	14	11	9	17	14	7	7	11	28	21	24	16	13	19	13	12	9	10	15	17	7	9	18	8	23	0	0	14	20	30	10	20	33	13	7	16	31	7	5	7	5	19	8
zOTU_522	4	12	20	17	19	21	32	5	19	18	7	18	14	14	33	29	36	30	23	25	7	8	35	37	20	30	19	28	17	12	0	0	22	39	37	31	16	46	30	29	27	31	18	8	7	27	13	9
zOTU_523	14	17	9	7	15	27	26	3	14	17	6	19	2	18	26	29	18	30	26	22	16	11	30	27	13	9	15	44	9	7	0	0	11	27	22	18	17	10	12	15	31	13	14	2	12	27	15	6
zOTU_524	4	8	6	17	14	13	11	15	6	7	6	13	11	15	6	7	19	14	9	11	19	15	24	12	19	18	11	16	4	4	1	0	9	20	13	6	14	19	8	9	12	15	8	6	12	8	14	3
zOTU_525	0	14	13	0	0	19	30	2	0	8	0	28	1	0	27	43	6	1	21	10	16	1	4	17	25	3	2	29	4	4	0	0	12	6	14	1	9	10	10	1	23	14	27	1	1	24	100	1
zOTU_526	9	9	14	15	22	16	12	9	19	11	5	26	13	21	21	12	16	23	14	14	7	11	29	17	19	9	11	25	7	5	0	0	12	26	19	24	18	25	5	22	33	18	5	16	15	12	21	6
zOTU_527	24	7	8	38	20	15	13	21	22	11	6	20	39	30	19	17	7	20	18	9	4	8	34	22	9	3	20	24	3	4	0	1	17	11	8	23	19	7	3	19	24	6	3	27	14	14	11	2
zOTU_528	10	8	7	8	16	6	25	6	10	12	6	19	7	9	22	16	22	11	18	14	23	10	12	25	35	12	9	23	6	15	0	8	9	19	22	2	16	23	19	6	15	11	13	12	31	27	34	2
zOTU_529	28	27	13	49	53	21	31	28	33	28	16	26	41	19	45	22	38	36	53	26	28	34	36	47	24	46	35	65	26	26	0	0	31	65	68	34	58	38	60	34	49	23	10	28	45	49	26	15
zOTU_53	100	142	105	165	298	243	244	122	158	84	85	109	138	189	220	141	235	191	198	116	35	197	225	194	68	205	182	225	75	79	2	14	162	171	184	105	291	75	99	131	234	57	77	36	84	145	45	150
zOTU_530	16	5	3	22	8	25	12	14	12	10	2	6	4	7	15	16	3	8	8	3	16	3	26	9	33	8	12	16	9	8	0	0	8	11	25	4	8	7	14	9	14	8	5	13	40	21	63	5
zOTU_531	10	15	13	14	26	23	29	24	15	8	6	19	22	25	15	28	23	23	21	18	11	14	16	15	24	33	18	26	17	8	0	0	8	17	24	12	22	15	9	10	21	18	9	8	10	10	29	12
zOTU_532	0	12	6	2	0	30	31	0	0	27	2	17	0	1	25	34	4	1	14	4	14	0	1	16	38	3	0	22	6	3	0	1	17	25	5	0	15	30	1	0	17	20	11	2	3	36	90	0
zOTU_533	45	5	2	11	66	3	3	1	59	3	2	8	4	29	7	5	3	65	10	4	1	39	48	8	6	6	27	13	2	2	0	0	6	7	7	43	2	5	7	44	9	1	3	6	27	8	2	2
zOTU_534	14	8	8	13	25	10	9	10	20	17	6	6	20	11	19	12	16	18	21	8	14	24	28	22	10	8	16	19	3	10	0	0	12	12	34	17	11	14	16	11	16	6	9	14	17	25	6	2
zOTU_535	1	16	10	1	4	34	23	2	2	17	2	14	4	1	28	35	56	2	15	9	64	1	0	29	21	27	0	26	3	1	0	0	17	11	7	1	11	10	4	2	19	7	10	2	0	48	22	1
zOTU_536	3	13	8	10	9	19	17	12	9	12	5	11	19	1	11	18	25	10	11	6	27	9	38	11	15	25	8	23	4	9	0	13	7	27	39	18	5	7	19	11	12	9	5	26	10	17	16	11
zOTU_537	0	9	21	6	1	28	9	8	2	2	13	8	20	0	28	52	18	2	23	26	1	1	0	11	11	27	4	10	12	13	0	0	28	19	30	1	27	29	16	2	29	26	23	4	0	12	8	14
zOTU_538	18	15	4	9	23	9	9	9	22	19	6	14	10	11	20	6	5	11	13	3	3	17	22	17	10	8	9	19	0	11	0	0	16	14	28	19	15	4	15	30	21	5	2	5	25	23	9	5
zOTU_539	1	1	13	6	15	3	5	2	14	0	8	6	4	20	4	24	20	21	19	38	9	16	7	2	14	17	21	5	17	11	0	0	5	20	55	8	11	51	16	7	3	27	8	5	3	2	10	6
zOTU_54	75	128	112	213	104	105	237	121	135	152	106	210	169	124	179	149	116	159	129	118	157	66	213	187	151	116	71	221	52	95	0	1	116	170	241	107	218	163	167	124	245	139	76	133	111	211	176	70
zOTU_540	5	5	6	12	20	12	8	4	12	7	5	21	3	14	13	13	0	15	15	8	2	11	35	9	33	0	19	10	8	2	0	1	7	23	2	21	8	20	6	11	11	18	3	15	21	15	43	1
zOTU_541	23	7	8	8	26	11	10	5	44	9	7	14	11	30	12	6	10	16	24	4	7	12	11	19	8	13	9	22	5	15	0	0	17	13	21	4	24	16	7	9	16	9	3	7	16	10	4	4
zOTU_542	12	16	24	9	20	34	37	10	10	17	8	28	14	25	39	24	21	15	32	20	2	16	47	28	35	18	15	23	20	8	0	1	22	36	15	18	29	33	11	17	31	24	13	5	17	20	25	9
zOTU_543	9	5	2	8	18	7	10	5	17	6	2	15	7	13	13	8	4	17	11	8	13	13	37	23	15	6	7	13	3	9	0	0	7	20	15	18	4	24	9	18	21	12	8	11	39	18	27	0
zOTU_544	3	10	16	9	16	12	27	11	24	12	3	42	13	3	17	16	14	11	26	16	12	10	10	18	21	7	10	23	8	6	0	0	8	23	17	9	4	34	9	11	18	19	15	9	10	7	18	2
zOTU_545	0	6	17	1	0	3	17	0	1	13	0	14	0	1	13	11	0	1	75	11	0	1	0	76	23	0	0	103	7	0	0	0	15	15	0	0	47	19	0	0	31	8	9	0	6	9	34	0
zOTU_546	4	5	10	5	14	11	21	3	12	8	2	25	7	8	18	15	4	16	11	10	4	10	18	9	20	10	13	21	10	3	0	0	4	24	14	10	14	33	6	10	11	19	11	4	17	12	7	1
zOTU_547	9	9	11	7	24	7	24	5	7	8	6	9	10	5	9	3	18	9	6	16	16	13	21	22	31	16	6	19	15	17	0	0	12	25	19	4	7	10	13	6	6	3	10	21	16	18	39	11
zOTU_548	15	7	7	11	15	6	21	7	17	11	4	23	12	2	16	8	4	19	12	11	6	15	17	30	19	8	6	23	7	5	0	0	9	30	17	12	9	13	4	10	24	14	8	18	11	15	19	2
zOTU_549	0	8	9	8	3	7	35	6	2	9	1	45	8	0	5	18	15	1	9	19	27	1	7	14	54	9	1	12	9	9	0	0	9	67	12	2	6	54	6	0	11	31	17	12	4	15	105	0
zOTU_55	146	110	30	181	293	57	22	59	272	37	49	15	114	292	210	20	114	257	230	30	36	144	220	208	20	192	201	218	22	90	1	10	110	22	309	305	258	40	216	266	320	17	25	78	97	118	16	64
zOTU_550	23	7	6	17	48	6	2	2	39	10	6	6	14	33	12	3	13	46	12	2	2	18	50	7	6	13	22	19	2	4	0	0	11	8	13	37	15	3	14	46	10	4	0	6	21	10	1	2
zOTU_551	14	20	3	17	36	24	4	7	33	3	2	1	22	24	20	2	8	22	22	7	0	17	20	9	0	9	14	18	2	15	0	0	27	8	22	20	21	8	16	18	37	3	2	2	4	11	0	14
zOTU_552	5	6	9	16	28	7	10	10	14	6	13	2	22	8	16	9	18	18	10	12	20	12	10	25	9	25	15	19	7	34	0	0	8	20	44	12	16	18	21	19	27	9	2	12	14	10	22	7
zOTU_553	8	6	7	1	26	18	8	0	20	27	0	6	4	7	31	4	4	20	22	6	6	12	18	16	14	6	20	40	2	1	0	0	16	14	7	20	21	13	2	23	27	9	4	2	11	20	5	1
zOTU_554	6	9	5	15	21	17	16	13	20	11	5	2	13	14	12	5	7	15	14	12	9	9	23	11	12	11	10	30	7	6	0	0	9	5	19	14	14	10	19	27	19	7	2	6	21	16	10	4
zOTU_555	8	18	7	6	29	8	3	8	16	1	3	2	7	53	18	9	13	25	12	16	6	25	4	6	3	8	25	6	6	7	0	0	22	13	24	6	21	17	11	11	17	9	6	0	1	2	6	1
zOTU_556	4	9	9	6	15	15	14	4	14	7	10	19	15	9	19	19	12	8	17	12	15	10	6	17	15	9	10	13	12	12	1	0	16	26	28	7	19	20	8	10	21	23	13	2	5	5	24	7
zOTU_557	6	9	8	17	7	8	9	10	5	7	3	21	11	10	31	4	10	9	16	9	15	2	7	22	8	7	4	18	9	11	1	3	15	15	22	4	27	23	6	3	30	11	3	30	8	41	14	9
zOTU_558	2	6	10	5	7	4	7	5	1	3	1	2	5	7	14	25	9	16	17	49	4	2	3	6	11	7	9	5	14	6	0	26	11	18	22	1	24	107	9	0	16	141	9	3	8	6	8	5
zOTU_559	5	9	3	10	22	18	11	8	9	11	8	6	5	10	17	15	7	6	11	4	18	7	29	19	7	9	8	19	3	9	0	3	20	7	17	5	16	7	17	7	14	4	2	16	24	19	18	5
zOTU_56	55	132	65	96	145	106	195	91	113	115	57	226	142	61	196	149	93	97	215	139	90	94	96	207	165	117	78	276	120	108	2	29	132	300	269	82	199	291	173	97	224	208	102	66	77	159	203	28
zOTU_560	16	8	4	5	19	9	8	4	25	13	6	3	7	24	15	2	6	26	17	1	4	16	59	22	3	8	17	24	2	4	0	0	4	4	13	23	13	3	8	26	22	4	2	4	48	15	4	2
zOTU_561	1	8	5	25	5	11	18	18	3	9	5	7	17	5	18	11	44	7	8	16	15	0	5	12	7	34	3	22	11	16	1	0	12	20	55	6	7	10	52	4	11	24	3	7	6	8	15	4
zOTU_562	13	10	5	12	11	13	14	8	10	12	8	16	27	19	17	21	19	12	7	21	7	10	24	11	23	15	13	14	13	2	0	11	11	16	17	9	16	30	15	16	25	16	6	3	12	12	5	10
zOTU_563	0	0	5	0	0	0	6	1	0	2	0	5	3	2	1	36	13	11	0	115	14	0	3	0	23	3	2	0	11	9	0	1	4	11	19	1	1	189	5	2	0	48	16	4	0	5	79	4
zOTU_564	11	6	12	17	19	7	18	10	21	13	5	13	14	2	6	18	11	10	11	7	7	17	17	13	12	7	12	17	13	7	0	0	6	19	16	17	11	14	12	15	30	15	8	6	8	8	8	4
zOTU_565	13	19	0	1	76	46	0	0	14	4	0	0	2	32	63	0	0	2	26	0	0	9	0	18	0	0	3	22	0	0	0	1	10	0	4	8	103	0	0	6	82	0	0	0	1	7	0	0
zOTU_566	9	10	7	3	15	13	23	2	8	13	3	15	6	1	6	4	18	8	10	8	14	10	25	22	36	26	4	22	7	6	1	0	8	18	8	4	5	11	7	8	12	10	17	9	16	17	34	1
zOTU_567	13	7	7	16	32	10	4	7	13	8	5	10	12	9	10	5	10	16	12	5	10	27	43	25	5	8	9	16	0	5	0	0	5	14	6	5	7	11	13	16	12	9	3	33	40	14	9	7
zOTU_568	0	7	6	6	12	21	8	10	12	0	6	4	26	35	12	29	13	36	18	38	5	4	3	8	3	16	16	9	12	7	0	1	19	15	48	3	20	65	9	1	17	48	24	6	0	5	3	15
zOTU_569	9	12	22	2	6	29	23	3	1	11	2	20	1	0	15	31	14	20	15	44	6	22	14	28	49	6	1	23	25	2	0	0	22	31	2	1	6	50	0	2	11	20	23	2	20	16	33	1
zOTU_57	48	91	89	148	207	171	93	94	103	60	119	81	205	199	229	278	198	243	185	211	35	106	104	115	69	168	125	160	93	68	1	63	198	206	315	53	199	270	182	96	178	253	106	61	41	105	63	162
zOTU_570	8	11	14	29	17	13	20	27	14	9	10	12	18	25	24	17	10	21	12	9	10	7	23	22	4	8	11	26	8	8	0	0	17	11	23	15	21	13	17	15	22	13	2	24	18	21	7	7
zOTU_571	10	10	12	1	22	30	11	0	19	4	1	16	2	18	31	19	19	30	18	18	3	24	3	15	5	19	11	28	7	4	0	0	28	17	6	8	22	19	7	15	27	11	12	0	6	11	10	0
zOTU_572	9	4	2	17	16	11	3	6	25	12	8	13	10	14	16	4	11	18	11	5	12	13	15	22	8	7	9	30	5	3	0	0	10	15	18	15	16	13	12	14	15	5	2	17	8	13	12	0
zOTU_573	19	15	20	15	25	23	35	9	14	21	8	21	13	39	29	23	18	31	26	23	19	17	16	30	24	18	22	34	25	12	0	0	21	36	30	20	16	50	30	27	34	26	11	14	15	15	16	9
zOTU_574	24	3	1	9	57	16	1	13	15	0	14	0	50	25	9	0	25	35	7	1	12	29	28	5	0	19	19	3	2	7	0	0	0	1	4	11	12	0	9	15	11	3	0	13	20	3	0	19
zOTU_575	40	6	5	7	74	6	7	6	55	2	9	11	6	24	5	16	9	57	12	5	2	46	45	13	13	4	21	19	1	3	0	0	8	12	9	38	11	4	9	39	10	5	6	9	23	3	7	2
zOTU_576	11	13	8	31	14	6	11	11	15	17	10	10	17	6	22	6	13	11	16	4	8	14	19	19	10	14	6	27	0	2	0	0	13	12	22	3	18	5	15	9	28	12	3	37	11	26	12	5
zOTU_577	4	4	5	13	22	23	13	11	11	9	3	11	15	5	10	11	12	23	14	3	14	10	47	11	9	11	19	21	7	3	0	0	8	7	4	11	9	3	6	12	16	6	0	8	26	6	9	4
zOTU_578	52	0	0	0	76	0	0	0	60	0	0	0	1	40	1	0	0	5	0	0	0	8	2	0	0	0	17	0	0	0	0	0	0	0	0	16	0	0	0	15	0	0	0	0	11	0	0	0
zOTU_579	0	2	4	0	0	1	31	0	0	0	0	5	0	0	2	24	0	0	5	178	0	0	1	3	57	0	0	1	60	0	0	0	1	121	2	1	0	72	0	0	0	2	8	0	0	2	7	1
zOTU_58	115	137	103	185	168	315	309	123	87	68	78	193	131	96	230	256	123	134	232	191	24	115	87	274	70	130	87	351	102	78	0	36	152	280	189	45	219	211	117	76	245	172	100	27	18	161	44	163
zOTU_580	22	30	26	17	24	38	33	17	21	14	20	29	35	35	35	58	42	22	36	36	8	21	16	44	13	47	16	56	23	10	0	1	27	46	49	23	24	58	36	26	34	58	20	6	17	24	7	14
zOTU_581	7	10	6	15	15	16	12	7	11	6	2	12	9	22	26	14	12	22	14	13	10	15	25	12	11	12	9	24	8	6	0	0	12	13	12	17	25	11	17	11	17	6	3	11	31	10	9	2
zOTU_582	7	7	7	16	40	10	4	9	26	7	11	1	11	87	22	13	18	43	19	20	1	23	15	13	1	9	44	21	10	1	1	1	7	14	20	18	14	15	13	24	14	16	9	2	8	8	4	12
zOTU_583	14	4	6	9	43	13	7	2	35	1	5	8	11	27	19	11	21	33	11	7	12	17	25	13	2	26	28	10	5	13	0	0	11	11	24	23	11	16	8	25	19	8	3	10	25	9	3	14
zOTU_584	8	6	9	15	18	18	18	6	17	6	9	19	12	5	18	9	10	8	12	7	8	9	19	12	16	14	6	25	5	10	0	0	5	18	22	21	4	18	5	20	22	11	4	20	14	11	10	5
zOTU_585	3	5	11	11	11	14	25	12	8	4	18	18	17	5	10	30	22	9	19	28	1	11	6	17	11	21	14	21	14	13	0	16	10	33	26	6	15	34	12	6	18	24	11	0	1	8	6	8
zOTU_586	12	8	10	12	24	29	18	8	21	8	3	19	15	17	16	20	2	20	20	26	11	7	21	21	31	12	17	26	15	5	0	0	9	16	5	12	7	18	4	14	8	15	7	9	8	8	16	5
zOTU_587	6	5	3	6	13	17	14	3	4	9	1	6	5	7	12	11	16	8	19	11	21	11	14	10	27	6	1	33	7	2	0	0	12	22	26	5	16	14	11	3	19	16	6	12	20	25	50	6
zOTU_588	3	11	12	44	3	16	13	23	4	18	21	18	35	3	12	11	25	2	23	6	29	3	6	16	15	30	2	18	4	18	0	4	6	9	53	3	25	16	39	2	36	8	5	27	1	20	6	5
zOTU_589	5	8	8	12	9	16	20	8	4	15	4	25	14	6	20	20	20	5	13	20	10	1	2	18	13	2	7	24	8	6	0	1	8	20	14	3	10	19	7	7	8	26	14	9	2	11	8	9
zOTU_59	82	67	82	165	161	80	148	106	162	136	89	180	150	162	156	112	160	195	154	89	123	106	227	166	107	103	83	195	61	79	0	11	88	145	187	134	201	166	122	163	181	91	58	145	125	166	87	41
zOTU_590	8	12	3	9	33	8	4	7	21	6	43	3	26	75	13	39	7	101	36	19	6	28	7	8	2	12	42	18	8	9	0	0	31	12	57	13	43	59	60	12	21	38	34	1	2	8	2	10
zOTU_591	23	18	11	34	36	32	11	24	46	16	14	14	21	76	33	14	10	33	33	13	15	23	33	30	10	22	41	20	11	10	0	0	25	13	31	30	41	25	18	25	24	24	7	23	22	18	7	22
zOTU_592	7	7	4	7	26	12	4	4	13	9	14	7	9	31	8	11	7	33	10	14	20	14	21	19	11	7	19	11	7	17	0	30	10	9	26	17	11	20	12	5	18	13	12	10	14	10	10	6
zOTU_593	5	8	9	6	4	1	23	5	4	7	2	34	5	5	9	22	9	7	16	18	5	5	10	23	17	9	2	25	10	4	0	0	4	42	12	8	4	57	12	5	11	21	9	3	4	14	13	2
zOTU_594	22	2	0	0	52	9	0	0	20	2	0	0	0	32	9	1	0	13	3	0	0	15	3	2	0	0	23	5	0	0	1	4	8	0	2	10	30	0	0	14	14	0	0	0	1	5	0	0
zOTU_595	4	2	4	9	13	11	20	7	5	6	10	12	22	6	5	7	17	4	2	12	23	7	40	4	27	17	8	21	7	8	0	0	6	31	14	12	6	18	12	8	8	15	3	2	1	4	15	8
zOTU_596	2	8	11	24	18	10	20	8	15	14	11	12	8	2	10	7	5	14	9	7	12	8	21	30	13	6	9	22	9	4	0	0	5	22	11	13	7	15	13	14	11	13	4	11	10	9	8	5
zOTU_597	3	5	8	5	8	9	30	6	4	11	2	17	5	2	14	13	19	4	6	11	3	11	28	18	42	10	7	18	8	6	0	0	5	19	15	9	6	24	7	6	18	14	7	9	19	5	15	2
zOTU_598	12	6	6	8	36	3	3	7	21	6	5	4	3	62	8	3	3	34	9	11	2	43	7	11	14	5	21	4	9	4	0	0	4	10	22	20	14	17	3	25	14	8	5	11	14	5	10	3
zOTU_599	24	10	5	14	45	5	4	2	31	7	4	6	8	26	19	9	12	22	10	5	11	13	36	13	4	8	9	17	3	7	0	0	8	7	20	23	12	5	21	20	16	4	4	11	16	24	6	2
zOTU_6	981	596	412	874	1166	761	719	548	1465	326	455	240	1079	1156	903	662	901	870	858	420	398	818	1142	884	511	1090	1265	970	548	680	4	26	774	942	1203	977	834	655	609	1401	1088	484	348	486	731	709	569	765
zOTU_60	12	66	92	91	24	174	217	78	19	119	90	328	160	18	147	297	220	40	127	173	214	17	59	136	293	181	38	190	71	103	1	24	101	317	268	20	98	302	165	42	135	207	117	114	22	122	141	42
zOTU_600	13	3	4	1	12	2	16	0	18	12	4	19	7	5	13	29	18	17	16	18	16	5	32	11	26	10	5	16	13	4	0	0	5	41	9	10	4	26	8	12	6	32	3	8	25	13	17	1
zOTU_601	4	3	4	16	28	4	5	16	20	2	7	0	18	18	13	10	51	36	18	14	5	12	4	13	1	56	14	10	6	16	0	16	14	4	66	4	26	19	15	2	19	18	5	0	5	4	2	12
zOTU_602	2	11	11	21	9	18	12	9	8	15	8	9	5	13	7	12	11	6	21	4	12	9	6	18	13	4	6	22	11	10	0	12	5	10	21	2	22	13	9	3	15	11	9	13	11	22	20	4
zOTU_603	7	7	2	14	35	10	5	6	19	10	5	4	5	32	9	6	12	21	7	6	26	7	50	14	11	8	20	12	0	14	0	1	15	7	21	24	17	12	11	11	9	5	3	15	7	11	14	9
zOTU_604	6	11	7	9	21	9	13	4	16	16	2	6	6	16	13	7	5	13	9	6	8	9	17	16	15	4	5	16	1	5	0	1	4	12	25	11	14	19	12	11	12	7	2	13	26	21	22	6
zOTU_605	1	11	25	2	4	1	33	6	1	5	5	38	5	3	12	44	2	8	9	20	12	3	6	12	33	9	2	7	26	5	0	1	10	69	14	1	6	75	14	1	13	45	21	5	1	13	32	2
zOTU_606	0	12	23	15	2	8	12	19	1	10	4	13	32	0	11	21	7	7	18	25	2	1	1	13	5	6	3	26	21	7	0	0	20	21	37	1	26	36	29	3	15	13	17	4	0	12	11	10
zOTU_607	8	7	5	10	22	9	4	11	17	12	8	15	15	12	23	8	9	13	24	7	11	12	25	22	13	14	3	23	0	5	0	0	4	6	27	17	15	2	13	12	26	3	5	14	11	13	8	5
zOTU_608	5	8	2	12	15	16	17	4	21	15	11	12	14	11	9	11	8	8	7	6	7	9	9	18	15	12	8	30	8	8	0	0	7	14	17	11	23	16	14	8	17	16	3	9	10	12	9	5
zOTU_609	1	11	11	19	24	7	4	11	17	1	17	2	23	27	15	15	11	22	33	33	0	6	4	14	5	11	14	6	15	8	1	0	19	4	47	5	30	56	14	1	20	31	8	4	1	6	2	12
zOTU_61	49	100	147	64	127	162	142	40	61	23	65	101	94	108	237	317	182	113	189	228	20	80	37	121	71	121	56	179	139	44	1	1	174	277	149	55	210	291	94	84	201	289	160	29	29	93	50	80
zOTU_610	5	17	13	5	16	19	40	8	14	7	6	24	18	8	27	23	32	16	14	16	10	9	12	26	16	13	11	33	15	12	0	1	18	26	19	16	25	21	12	18	28	20	8	5	4	15	11	7
zOTU_611	0	5	0	21	1	4	0	16	0	2	11	0	17	0	9	0	86	0	4	4	54	0	0	14	0	45	0	9	0	31	0	0	14	1	153	1	6	2	32	0	10	0	0	10	0	7	0	17
zOTU_612	0	18	6	0	0	20	12	0	0	9	0	17	0	0	22	68	1	0	67	47	0	0	0	61	5	0	1	52	16	0	0	0	30	51	0	0	18	41	1	0	29	43	6	0	0	7	6	0
zOTU_613	1	7	3	21	40	4	10	6	13	5	8	9	4	24	8	5	4	6	15	12	3	8	9	16	8	10	15	24	5	11	0	0	22	13	23	11	52	9	10	4	32	10	9	2	3	15	8	2
zOTU_614	12	9	7	7	27	7	7	4	18	1	9	8	21	33	8	12	7	40	32	14	2	4	7	19	0	2	46	11	8	7	0	0	13	14	22	15	38	32	21	8	17	32	3	2	10	7	3	6
zOTU_615	0	15	0	7	2	37	13	7	2	19	7	8	10	0	48	14	4	15	18	2	0	0	9	35	3	3	3	35	0	3	0	0	17	9	15	14	18	5	1	13	29	6	3	4	2	18	2	1
zOTU_616	5	15	2	10	19	12	9	8	24	14	4	9	9	31	13	6	12	10	16	1	9	8	17	16	4	3	1	22	0	6	0	0	10	7	12	12	27	6	15	11	36	4	2	10	20	16	7	4
zOTU_617	5	8	8	5	35	21	11	2	14	7	5	1	4	35	18	10	7	26	27	20	2	8	23	17	18	7	13	7	8	0	0	0	19	11	11	12	38	23	9	13	26	18	8	7	2	22	16	3
zOTU_618	8	3	11	3	16	5	5	1	5	2	0	6	6	12	12	17	0	0	20	49	0	26	1	26	16	0	1	26	20	3	0	0	11	25	3	1	26	57	0	0	17	46	15	0	24	14	14	1
zOTU_619	2	17	5	6	3	5	30	3	1	4	2	7	4	1	12	15	9	4	7	22	16	7	8	13	43	0	3	15	13	5	0	2	5	21	14	3	8	35	5	12	16	20	21	5	10	18	49	0
zOTU_62	47	50	47	102	120	103	115	68	176	85	58	151	103	141	126	197	113	150	106	92	107	107	229	93	129	106	125	146	52	97	0	1	64	169	205	145	82	168	162	192	126	127	63	85	184	77	102	29
zOTU_620	6	14	4	7	30	5	2	6	29	1	17	8	7	19	16	10	0	46	14	14	2	7	6	18	3	5	38	16	5	9	0	0	5	10	35	16	20	26	27	12	24	20	1	4	2	8	5	8
zOTU_621	1	8	12	16	6	9	22	5	12	10	3	18	6	3	11	17	11	10	20	9	7	5	15	23	19	8	3	40	8	5	0	0	9	24	11	4	12	22	6	8	7	18	8	11	6	15	24	2
zOTU_622	0	5	37	1	0	5	24	1	0	1	6	21	4	0	5	37	27	0	18	64	0	0	0	23	10	13	0	21	28	2	0	0	18	92	7	0	7	91	3	0	4	39	64	0	0	4	18	0
zOTU_623	1	4	16	1	1	2	7	0	1	6	2	1	0	2	18	5	10	19	4	76	5	5	45	3	96	3	5	2	10	3	0	0	4	7	63	17	1	8	3	1	2	10	1	11	9	14	13	1
zOTU_624	7	6	7	4	18	13	8	4	14	11	1	7	15	11	10	8	8	24	11	3	3	4	21	22	11	6	12	19	6	1	0	0	11	12	21	8	14	15	8	10	11	15	3	5	13	9	8	2
zOTU_625	0	11	8	38	0	6	15	26	2	2	17	17	33	0	10	10	4	9	9	33	2	0	2	14	8	8	9	15	19	12	0	16	9	20	44	2	16	18	31	0	10	13	21	8	0	9	11	15
zOTU_626	9	13	7	22	16	21	15	3	2	4	4	2	9	9	18	5	16	6	7	15	8	9	14	21	21	26	13	12	10	6	0	0	13	6	10	11	14	11	2	7	15	5	3	10	7	15	30	10
zOTU_627	10	11	6	16	25	11	9	7	39	10	8	14	15	15	14	9	5	17	13	2	11	20	24	14	5	16	10	12	2	11	0	0	14	4	30	13	21	4	18	11	11	0	3	13	18	18	5	7
zOTU_628	3	15	5	11	9	17	5	7	12	23	2	15	9	3	37	5	4	10	21	8	7	9	8	30	15	4	5	29	4	4	0	2	17	7	11	5	14	13	9	8	24	5	8	8	11	28	10	1
zOTU_629	5	5	3	18	15	10	10	4	24	7	11	1	9	27	14	10	11	14	16	9	28	12	24	12	15	10	12	4	4	33	0	0	5	3	43	10	18	7	11	8	9	10	4	9	24	4	18	7
zOTU_63	86	98	81	159	162	215	165	111	86	57	73	98	133	89	160	139	212	102	168	92	37	83	71	192	46	218	99	261	66	149	1	3	127	135	250	59	165	109	155	72	163	85	77	50	29	105	38	123
zOTU_630	15	5	3	1	26	14	7	1	21	12	2	6	3	32	9	8	5	26	9	3	1	14	28	8	3	4	34	21	5	2	0	0	9	5	7	26	9	1	5	11	14	5	3	1	32	9	2	1
zOTU_631	4	7	21	12	7	7	15	2	4	2	4	22	6	0	7	32	0	5	13	34	0	4	6	12	29	3	6	15	15	0	0	0	7	30	0	1	10	80	2	4	17	47	12	1	2	8	20	2
zOTU_632	16	10	4	27	18	3	8	16	32	6	14	8	13	13	24	3	5	27	18	6	4	18	21	17	3	11	15	13	3	5	0	0	10	6	23	22	23	7	14	25	31	5	5	7	8	9	3	10
zOTU_633	2	1	2	11	7	10	5	13	1	6	7	10	20	0	11	12	43	4	9	5	31	7	15	6	13	44	0	16	1	29	0	0	2	7	76	7	5	6	46	1	14	4	0	16	13	7	9	8
zOTU_634	2	4	3	6	9	15	12	5	11	6	10	9	16	13	13	10	21	2	10	5	21	2	7	10	16	10	1	16	3	5	0	0	16	14	15	5	10	13	7	10	12	9	3	15	14	27	27	2
zOTU_635	0	5	0	16	17	31	6	19	5	7	4	6	7	2	11	2	2	31	7	12	26	4	10	9	20	6	35	7	2	5	0	0	8	4	16	14	7	25	12	9	8	9	4	5	3	6	26	23
zOTU_636	14	21	5	0	21	16	9	0	13	6	0	7	2	8	22	16	35	22	12	12	2	19	5	8	2	33	16	16	5	7	1	1	16	8	9	11	10	14	4	16	15	7	20	0	3	8	4	0
zOTU_637	8	11	6	25	20	14	3	4	16	14	3	2	4	27	15	18	16	23	15	16	14	14	27	30	15	11	16	16	5	5	0	40	12	10	15	13	25	12	12	15	14	12	2	1	13	11	17	19
zOTU_638	1	10	2	19	7	11	9	5	6	14	6	2	9	10	25	4	10	5	24	1	10	7	9	31	6	9	1	26	5	14	1	1	10	4	14	6	24	5	15	11	18	4	2	19	13	18	0	5
zOTU_639	6	7	13	16	27	20	10	17	12	7	9	9	15	8	27	34	15	14	24	14	7	20	6	13	14	16	16	19	16	1	0	0	14	20	15	5	20	23	7	10	14	26	17	13	27	17	37	13
zOTU_64	107	97	71	146	190	107	149	103	170	144	73	156	115	90	169	93	85	158	137	74	102	145	278	163	123	78	83	208	54	58	6	3	76	123	143	138	129	116	128	137	210	78	34	149	227	217	126	53
zOTU_640	15	9	7	10	30	6	7	8	21	6	3	7	8	27	11	6	2	34	7	1	5	12	18	15	5	4	20	19	2	2	2	0	12	7	8	15	14	5	5	16	11	8	5	7	14	11	4	4
zOTU_641	0	1	7	5	0	3	14	4	0	6	5	16	9	7	6	20	13	5	9	14	8	7	15	12	14	8	3	13	7	10	0	0	7	41	25	8	12	18	11	13	14	12	5	17	14	17	13	0
zOTU_642	2	5	13	19	7	17	19	10	5	5	13	15	23	15	20	24	11	11	17	18	5	5	5	22	13	19	12	23	16	5	0	0	5	39	15	8	25	13	12	5	14	18	13	10	0	8	4	11
zOTU_643	6	7	3	8	22	6	3	5	17	0	1	0	4	45	13	15	8	32	13	23	1	19	9	5	2	2	16	13	2	4	0	25	11	4	19	13	14	9	10	7	8	6	4	1	9	3	1	4
zOTU_644	18	9	9	9	24	14	9	6	19	12	7	25	8	25	11	14	4	10	14	7	6	9	14	9	10	3	29	9	9	10	0	0	10	11	15	25	14	18	11	12	10	14	8	9	8	15	11	11
zOTU_645	0	7	6	11	10	8	15	6	5	2	2	8	20	5	9	21	19	5	17	13	8	1	1	13	16	16	2	13	5	11	0	0	6	14	21	6	25	21	12	4	16	11	8	3	6	9	13	3
zOTU_646	4	12	4	8	22	9	11	2	5	11	2	7	2	7	15	7	0	9	10	7	7	11	31	21	23	1	6	17	7	4	0	0	10	10	7	5	17	5	3	10	18	1	3	5	24	12	13	5
zOTU_647	11	5	9	5	13	8	18	5	0	1	4	11	3	6	14	8	14	18	10	19	14	11	31	10	14	6	4	15	4	2	0	0	5	21	17	17	9	3	8	11	6	5	9	5	16	12	18	10
zOTU_648	4	5	5	6	6	11	21	3	11	13	3	16	4	2	12	24	15	1	8	12	8	5	14	10	19	5	4	22	14	2	0	0	14	18	8	7	7	19	3	6	10	20	13	1	12	15	38	3
zOTU_649	15	3	0	2	29	3	0	3	28	5	2	2	2	26	6	3	0	29	3	3	0	38	30	2	4	0	20	3	0	0	0	0	5	6	0	44	2	8	0	45	3	5	0	2	34	8	1	0
zOTU_65	102	70	76	129	193	114	136	115	158	125	62	151	136	119	198	90	113	172	99	63	180	122	301	143	117	106	82	178	46	53	0	2	73	96	181	116	138	72	163	125	205	66	42	115	248	156	136	32
zOTU_650	2	8	3	14	10	22	11	9	7	10	3	16	15	10	16	12	5	3	19	10	2	11	4	38	14	6	4	35	7	2	0	0	17	15	22	7	6	11	17	2	22	8	5	3	7	11	6	2
zOTU_651	0	6	24	1	2	3	33	1	0	8	6	43	5	0	14	31	2	1	16	25	4	1	1	19	25	1	0	14	16	2	0	0	6	41	2	0	9	44	3	0	15	42	21	10	0	8	24	1
zOTU_652	1	22	2	23	2	22	18	2	3	8	11	6	4	1	17	8	11	2	17	9	3	2	6	34	2	8	9	23	2	3	0	0	18	8	2	0	11	5	6	1	14	6	5	27	1	33	17	7
zOTU_653	0	22	9	49	6	4	14	35	0	4	10	10	40	1	25	16	10	9	8	21	2	1	2	7	5	5	1	11	8	9	0	0	11	9	30	5	15	23	19	1	12	24	10	6	0	13	4	8
zOTU_654	5	4	7	11	10	9	14	14	8	5	6	14	24	2	14	12	14	12	6	11	6	11	12	14	14	14	7	13	6	4	0	0	7	20	28	7	5	19	20	14	5	9	5	34	11	11	15	4
zOTU_655	7	4	5	12	16	8	23	7	13	9	4	25	7	1	21	11	5	4	6	8	15	12	28	21	14	8	15	13	2	10	1	0	4	23	12	17	13	8	3	10	19	9	3	13	9	12	10	2
zOTU_656	1	4	7	16	2	19	18	20	1	7	21	19	22	2	26	26	23	5	11	15	5	0	3	11	13	12	1	18	13	15	0	1	13	31	34	1	17	44	24	2	13	30	8	16	0	12	5	9
zOTU_657	12	8	8	13	17	11	14	8	16	9	4	14	4	6	9	14	2	5	8	10	4	16	12	20	10	5	7	24	6	2	0	0	12	12	14	17	13	6	7	10	24	7	4	12	13	19	8	3
zOTU_658	6	7	5	6	4	10	7	3	2	6	2	7	12	5	24	6	18	14	8	8	12	2	19	19	18	6	8	15	7	2	0	0	8	12	12	3	11	7	3	5	11	10	5	33	24	34	44	4
zOTU_659	1	7	3	9	12	7	7	6	10	7	5	10	8	1	15	3	12	13	16	5	30	6	19	10	28	9	4	7	4	7	0	1	7	13	17	3	9	14	14	3	11	8	4	12	17	14	25	2
zOTU_66	92	62	65	82	128	133	117	46	156	43	39	37	124	165	123	131	114	100	126	62	45	98	133	125	83	121	150	127	75	63	1	0	96	164	155	99	131	97	77	152	166	64	73	65	82	94	88	69
zOTU_660	6	7	8	14	7	19	8	14	15	8	3	10	14	9	16	11	7	6	6	10	16	8	8	12	15	8	4	15	6	5	0	0	6	14	17	5	19	16	9	6	12	14	7	25	6	16	8	12
zOTU_661	16	6	13	21	29	12	8	4	18	11	16	17	14	50	14	19	12	14	21	14	17	7	14	20	17	14	22	19	5	17	0	0	12	22	29	13	33	30	19	26	19	21	7	12	14	5	15	3
zOTU_662	0	9	0	16	0	33	6	8	0	12	2	5	21	0	19	23	0	2	22	14	0	0	4	32	26	0	3	36	6	0	0	0	16	8	5	1	17	17	1	0	24	11	6	7	0	7	9	7
zOTU_663	0	13	19	0	0	5	1	1	0	1	0	4	0	0	23	58	2	0	48	49	0	0	0	14	6	0	0	10	20	2	0	0	20	3	19	0	24	68	7	0	7	59	20	0	0	6	5	1
zOTU_664	10	2	4	13	22	8	5	7	13	3	10	4	8	39	6	9	4	47	14	8	5	9	21	5	9	10	13	8	5	15	0	6	10	14	18	6	17	14	15	11	11	15	4	2	6	4	4	7
zOTU_665	3	7	13	17	6	15	25	10	4	3	8	13	11	8	16	17	35	10	11	10	6	5	20	18	14	19	13	15	6	6	0	13	7	18	26	15	11	11	15	15	16	10	9	8	8	13	20	10
zOTU_666	8	3	1	12	17	11	6	12	22	6	7	13	10	19	12	7	7	17	8	4	9	29	31	9	9	6	8	10	6	7	0	0	5	14	11	11	24	12	11	9	16	6	2	11	20	11	5	4
zOTU_667	0	1	26	4	0	4	29	3	1	3	2	22	3	0	13	53	16	0	17	61	5	0	1	10	20	13	0	12	21	3	1	0	10	61	8	0	11	69	8	0	13	63	19	2	0	8	10	2
zOTU_668	1	4	4	3	6	10	21	7	1	3	1	9	7	10	10	24	10	8	16	9	17	13	11	16	18	6	7	21	1	1	0	0	10	13	15	4	3	31	6	3	1	7	16	14	17	17	125	2
zOTU_669	9	10	7	10	8	6	18	5	9	5	4	14	7	11	9	18	8	8	14	17	5	15	10	7	23	4	6	11	15	1	0	0	4	29	14	12	6	25	15	12	12	11	13	4	14	9	16	0
zOTU_67	31	53	164	31	27	82	379	21	30	66	41	280	43	9	47	143	159	15	34	199	53	24	52	125	495	105	20	144	178	57	1	8	61	589	68	25	46	283	50	27	62	200	153	67	30	89	169	39
zOTU_670	11	6	9	2	41	4	3	5	33	2	7	4	19	17	19	8	12	9	16	18	3	17	2	7	3	14	4	8	9	5	0	0	14	12	17	15	6	18	9	16	18	14	6	2	4	3	4	5
zOTU_671	6	3	2	9	20	7	4	4	11	4	6	2	4	7	11	17	7	14	29	32	21	14	12	13	14	10	4	6	9	4	0	0	13	6	19	1	23	36	9	2	13	28	6	20	36	16	16	2
zOTU_672	3	1	7	15	28	16	8	14	4	1	5	2	13	14	13	2	12	19	10	17	9	8	24	10	10	12	15	9	6	12	0	1	10	0	31	25	11	18	13	17	10	4	4	5	16	9	11	13
zOTU_673	8	9	1	13	19	10	11	10	17	12	2	9	13	15	15	19	3	9	10	7	2	23	9	19	19	6	3	13	7	6	0	0	8	13	19	4	15	18	4	4	10	5	10	15	20	7	13	10
zOTU_674	8	4	12	5	10	11	23	1	20	9	3	20	5	14	18	15	13	27	17	6	7	4	24	19	13	4	10	26	7	3	0	0	4	14	18	17	21	21	3	10	18	16	3	10	16	23	20	3
zOTU_675	3	8	6	5	0	9	20	2	3	10	1	9	5	5	9	11	6	1	7	3	12	1	11	13	31	5	2	11	10	7	1	0	8	21	5	3	11	14	3	1	13	7	6	19	9	14	71	0
zOTU_676	28	4	0	0	41	8	0	0	8	0	0	0	0	18	3	0	1	26	5	0	0	5	3	0	0	0	34	1	0	0	0	0	4	0	0	11	12	0	0	4	2	0	0	0	2	1	0	1
zOTU_677	17	8	0	9	29	8	0	5	14	13	5	0	7	10	17	1	21	25	8	1	8	15	8	12	0	18	14	17	0	12	0	0	13	3	32	20	20	0	21	18	18	2	0	7	11	14	2	6
zOTU_678	2	3	2	30	12	22	7	11	6	8	4	10	16	6	12	6	12	16	15	7	18	9	40	17	13	18	24	25	4	7	0	0	7	7	14	12	14	4	6	16	24	6	1	13	15	8	11	14
zOTU_679	13	9	9	9	17	11	9	5	22	20	6	11	9	17	16	10	8	16	11	11	6	8	24	4	5	15	11	13	4	9	0	0	17	9	13	13	21	7	15	12	20	16	4	12	11	11	8	5
zOTU_68	1	115	116	31	1	187	252	22	2	142	24	154	54	0	79	87	263	2	77	155	113	2	3	310	360	135	2	402	138	109	0	1	157	389	86	4	98	270	41	3	161	74	132	44	0	205	157	39
zOTU_680	10	6	3	5	7	12	17	4	8	16	8	18	7	1	10	17	14	5	10	6	6	13	17	11	18	18	7	24	7	9	0	1	10	23	8	9	10	15	8	16	20	13	2	5	6	2	10	7
zOTU_681	105	0	0	30	51	0	0	34	9	0	6	0	67	3	0	1	2	4	0	0	3	61	3	0	0	8	0	0	0	4	1	0	0	0	7	3	0	0	6	2	0	0	0	6	32	0	0	5
zOTU_682	6	16	13	24	28	12	13	23	26	40	17	28	18	19	45	10	18	22	29	11	21	11	26	23	16	19	12	48	9	6	0	0	18	12	28	17	31	21	19	15	30	10	2	14	19	9	12	9
zOTU_683	7	4	8	16	22	7	0	5	20	9	13	4	8	7	13	3	1	18	14	13	1	1	9	21	6	12	13	17	6	14	1	0	9	2	27	23	15	23	14	5	21	11	4	4	3	2	7	3
zOTU_684	0	7	7	1	10	17	13	3	5	5	1	7	4	3	7	6	11	3	7	10	12	6	18	16	27	5	3	9	7	8	0	0	2	22	30	10	7	17	10	8	18	15	7	7	9	8	25	3
zOTU_685	4	3	5	9	20	4	1	4	18	1	1	4	6	26	21	14	5	25	5	22	2	16	4	11	2	6	17	10	5	1	0	0	23	4	14	10	14	10	6	5	20	10	3	2	3	5	6	1
zOTU_686	59	58	49	110	103	56	38	44	91	50	54	52	52	133	99	55	50	87	56	51	85	40	115	95	56	59	81	92	27	25	1	0	40	44	125	81	106	73	81	82	129	68	24	56	79	53	71	49
zOTU_687	11	13	1	10	19	11	13	13	10	8	1	6	4	7	14	3	2	4	10	3	13	5	22	10	35	2	4	19	8	4	0	0	2	14	3	10	9	12	4	6	12	7	1	19	28	12	32	6
zOTU_688	8	5	9	11	15	7	20	4	6	7	4	14	5	14	16	4	12	7	16	7	9	9	5	14	4	9	5	12	4	5	0	0	4	15	21	4	14	10	8	4	14	10	2	11	11	14	20	2
zOTU_689	8	7	10	5	5	6	22	2	3	10	2	28	6	2	13	9	8	10	18	16	5	4	5	11	21	7	6	17	12	3	1	0	9	31	14	5	8	25	11	6	20	23	11	6	12	15	17	3
zOTU_69	56	36	17	169	457	81	42	29	100	18	43	7	34	370	96	54	91	185	108	159	111	32	74	90	50	65	130	54	34	66	0	5	73	38	381	156	205	114	171	81	105	62	30	44	62	83	110	98
zOTU_690	9	11	10	10	11	16	16	4	9	8	2	5	5	21	13	10	37	18	14	14	11	10	9	15	8	14	8	16	5	15	1	0	7	16	16	13	14	18	5	12	15	19	10	5	7	13	11	3
zOTU_691	8	3	3	13	31	5	12	3	13	9	7	5	0	11	13	1	3	24	7	1	8	9	33	17	7	6	10	11	2	5	0	28	12	3	14	19	11	0	4	9	18	2	1	24	29	17	7	2
zOTU_692	7	5	6	6	11	3	14	5	16	7	5	21	16	10	15	9	10	7	10	9	8	6	17	13	13	5	2	13	3	4	0	3	9	25	13	2	14	25	11	8	17	10	8	5	7	12	17	2
zOTU_693	4	5	4	10	8	5	12	1	6	4	7	11	12	5	14	3	9	12	9	19	0	11	15	6	6	9	7	16	7	10	0	0	13	20	19	9	16	17	17	10	19	10	6	4	6	18	13	1
zOTU_694	0	9	17	10	0	5	12	2	1	6	5	19	4	0	13	21	5	0	6	32	2	0	0	8	14	4	0	8	15	7	0	0	8	37	22	0	13	60	19	0	7	33	21	6	0	9	11	6
zOTU_695	8	4	6	2	24	6	9	1	12	8	4	9	5	5	20	11	6	5	9	16	11	17	8	25	12	3	6	13	5	5	0	0	10	7	11	6	8	18	9	3	21	24	10	2	6	8	9	2
zOTU_696	0	29	11	5	0	15	29	5	0	3	3	31	4	0	12	20	6	0	14	13	3	0	0	8	10	1	0	17	13	6	0	0	28	23	7	0	11	21	5	0	18	14	10	3	0	30	9	2
zOTU_697	26	5	4	13	42	2	3	2	41	2	1	4	8	28	2	4	7	31	6	2	6	11	48	11	6	2	24	12	3	1	0	0	5	1	7	31	3	8	4	34	8	2	1	8	28	5	8	4
zOTU_698	7	0	0	0	15	7	0	0	22	6	0	0	0	18	11	0	1	32	7	0	0	12	33	10	0	1	26	8	0	0	0	0	3	0	1	25	7	1	0	39	9	0	0	0	19	7	0	0
zOTU_699	5	14	2	11	19	13	9	10	8	10	8	13	5	19	19	16	18	13	10	17	28	11	15	11	15	14	16	10	6	16	1	3	6	11	29	7	25	21	11	11	19	19	9	8	16	13	14	5
zOTU_7	766	582	460	687	933	786	705	375	1213	316	382	229	808	1001	894	660	703	652	801	480	313	687	954	888	558	789	1001	1013	527	411	9	113	787	1005	865	738	893	805	465	1009	1074	536	387	353	639	682	598	519
zOTU_70	62	79	91	84	86	59	172	77	83	69	54	222	86	42	117	147	125	84	119	167	122	80	123	140	237	85	57	161	71	86	0	39	96	276	220	58	69	277	135	82	113	209	92	109	124	123	212	24
zOTU_700	0	5	14	0	0	9	36	0	0	9	0	34	1	0	7	24	0	0	10	22	5	0	0	17	39	1	0	11	12	3	0	0	6	41	4	0	6	38	5	0	7	31	14	0	0	11	51	0
zOTU_701	8	6	3	8	10	11	13	3	12	11	3	12	7	8	6	8	9	11	7	9	8	10	11	11	19	14	10	16	5	7	0	0	9	18	5	8	4	10	3	13	9	12	4	5	8	7	6	2
zOTU_702	11	9	4	3	32	18	7	9	25	1	7	2	7	14	14	9	27	26	17	13	1	15	4	5	0	15	21	10	6	7	0	0	10	3	22	10	21	11	7	13	12	8	5	1	4	7	1	18
zOTU_703	13	6	2	4	12	7	4	3	39	6	2	4	10	32	18	7	6	13	5	12	6	22	13	13	12	6	7	9	9	7	0	0	14	17	13	16	10	8	9	17	13	8	6	10	16	14	9	5
zOTU_704	0	0	0	0	0	0	0	0	0	0	0	0	0	0	0	0	0	0	0	0	0	0	0	1	0	0	0	0	0	0	240	67	0	0	0	0	1	0	0	0	1	0	0	0	0	0	0	0
zOTU_705	3	8	8	3	9	23	26	2	9	16	0	14	6	12	18	25	9	10	15	11	3	11	9	26	7	5	5	29	6	3	0	0	12	9	14	3	29	11	4	6	16	3	1	2	3	16	6	1
zOTU_706	8	5	8	6	23	7	10	4	13	8	3	17	7	9	11	11	3	14	13	5	11	14	9	24	6	7	7	19	3	3	0	0	5	10	13	7	11	14	8	5	14	7	12	8	10	11	7	2
zOTU_707	6	11	2	8	13	11	5	14	7	14	4	10	16	1	19	7	11	21	12	7	4	5	17	7	4	13	9	17	4	5	0	0	4	15	15	10	6	12	13	13	9	7	6	12	8	14	10	3
zOTU_708	2	4	4	4	23	4	4	5	18	2	3	1	12	25	11	2	5	32	22	11	7	8	19	10	6	6	10	7	1	2	0	0	6	10	31	10	16	21	36	10	8	12	5	2	12	10	9	1
zOTU_709	12	7	2	7	9	8	13	8	7	6	3	11	9	13	14	19	16	7	5	2	12	14	21	6	10	11	6	6	2	4	0	4	7	9	10	4	9	6	2	3	9	3	3	5	22	3	11	3
zOTU_71	67	91	60	169	102	118	116	75	84	135	79	108	77	48	178	79	99	104	137	79	140	64	164	198	87	123	77	199	44	69	0	10	93	63	228	94	145	88	159	85	198	55	45	90	97	207	81	55
zOTU_710	3	2	2	2	24	0	2	5	7	1	4	2	14	32	5	29	5	37	9	24	2	32	11	1	5	7	26	1	5	1	1	0	12	1	42	4	5	17	8	10	4	11	7	4	3	1	5	3
zOTU_711	11	8	5	16	15	7	3	6	18	9	6	4	11	3	14	2	9	17	21	7	10	13	13	11	10	10	5	16	0	3	0	0	13	9	14	8	14	11	10	7	15	2	4	4	17	10	4	8
zOTU_712	2	0	0	8	16	0	0	7	10	0	5	0	10	30	2	0	8	28	12	0	5	9	3	3	0	32	10	9	0	18	0	0	2	0	85	2	8	4	30	4	2	4	0	1	1	0	0	8
zOTU_713	3	9	3	32	20	7	4	2	8	11	2	5	8	10	10	6	4	11	11	6	13	5	15	15	3	3	13	14	3	10	0	0	10	9	11	10	12	3	8	7	17	5	12	11	14	8	13	7
zOTU_714	1	8	0	7	2	4	2	3	0	3	2	0	1	0	7	6	2	88	16	14	1	0	34	4	9	2	44	5	12	2	0	19	9	4	7	31	20	9	4	27	7	7	5	0	5	3	1	2
zOTU_715	3	7	2	7	9	3	16	10	10	10	2	14	3	5	8	19	21	8	8	9	20	0	11	6	26	6	0	7	5	6	0	0	9	21	13	5	11	9	7	8	9	13	6	12	4	14	23	2
zOTU_716	3	10	12	15	7	13	23	7	2	5	9	14	4	4	8	15	5	11	9	17	6	14	8	13	14	3	4	16	9	7	0	9	15	15	13	6	7	19	5	4	9	11	12	10	12	28	9	9
zOTU_717	44	1	1	7	45	2	1	4	19	3	1	0	0	11	6	0	0	8	1	0	0	8	29	1	0	0	41	5	0	0	0	0	1	0	0	18	9	0	0	10	14	0	0	3	17	2	0	2
zOTU_718	7	2	6	14	22	10	14	7	3	15	7	9	2	31	6	6	9	29	18	7	7	14	15	21	7	1	6	27	1	1	0	0	8	4	16	6	6	15	5	10	12	7	2	8	15	19	17	3
zOTU_719	6	5	8	15	9	14	22	4	3	6	1	10	13	3	9	20	12	9	8	9	4	1	10	8	6	7	6	10	5	4	1	1	10	23	11	8	6	22	4	11	11	19	12	7	2	13	3	6
zOTU_72	50	98	84	111	115	157	144	86	82	57	87	110	126	137	149	177	127	115	140	114	33	87	105	199	64	118	113	215	78	76	1	3	127	177	190	92	206	150	128	104	173	115	84	43	45	104	36	56
zOTU_720	0	7	11	2	2	6	28	2	1	12	1	30	4	1	9	11	11	2	11	1	23	5	15	23	13	6	3	16	5	11	1	7	15	10	22	2	7	7	7	1	10	5	8	11	3	19	27	0
zOTU_721	3	14	1	11	2	9	3	7	8	7	8	2	16	6	11	4	12	5	8	1	11	0	26	8	9	15	5	16	4	12	0	0	8	12	11	20	11	6	13	44	23	1	2	26	3	21	3	2
zOTU_722	6	8	2	15	16	10	11	5	5	5	5	8	6	8	13	13	17	7	11	17	5	3	24	15	11	8	8	17	10	4	0	0	9	21	18	8	7	14	11	18	9	5	7	5	5	9	10	8
zOTU_723	5	10	2	1	5	9	9	5	2	4	5	8	18	5	12	16	7	12	10	17	1	2	4	10	7	4	2	7	5	2	0	1	25	19	8	4	13	38	8	2	13	14	7	4	5	16	19	5
zOTU_724	10	3	5	7	11	4	13	5	19	10	3	11	8	14	10	10	10	9	10	3	10	10	22	14	10	9	5	22	3	6	0	2	10	13	9	8	10	14	11	4	17	4	5	12	24	13	10	4
zOTU_725	4	5	5	2	3	5	15	4	6	3	5	11	11	4	9	4	10	5	7	9	14	8	10	10	20	8	5	17	3	5	0	0	5	22	16	9	12	8	13	14	13	10	9	9	5	14	10	0
zOTU_726	9	2	9	16	31	10	17	3	10	8	8	4	8	4	9	8	21	7	15	9	8	7	9	13	7	27	6	16	4	14	1	0	8	14	57	8	7	8	44	8	10	5	6	1	7	3	3	9
zOTU_727	14	10	10	21	22	14	13	10	14	20	11	15	8	30	26	26	13	33	17	20	11	16	23	18	11	8	10	23	5	7	0	0	16	23	27	19	27	25	17	13	19	27	10	7	10	20	22	7
zOTU_728	4	3	14	11	6	11	15	5	5	4	5	17	4	5	9	18	28	7	5	5	14	6	12	25	10	12	5	24	1	2	0	0	13	15	26	6	12	14	9	7	8	10	12	5	5	6	11	7
zOTU_729	6	5	4	26	9	6	16	9	13	6	3	10	7	3	6	9	8	9	7	9	8	3	19	12	17	10	7	15	2	14	0	0	1	20	13	11	5	10	7	4	5	3	5	14	5	12	5	3
zOTU_73	84	46	24	167	250	56	64	28	149	57	37	53	96	62	74	43	36	150	61	42	168	71	340	58	129	53	161	66	33	72	1	3	46	66	105	126	75	51	72	96	119	37	30	256	260	89	204	43
zOTU_730	12	6	12	6	21	14	18	7	10	2	13	7	22	18	22	24	13	12	17	14	5	12	11	15	10	14	17	16	10	1	2	0	13	26	33	6	23	19	9	14	24	19	11	19	25	12	28	13
zOTU_731	5	7	5	13	17	11	2	6	7	8	7	0	7	10	9	2	17	5	8	1	10	6	15	19	6	9	15	10	4	1	0	0	7	11	6	15	8	3	3	9	7	5	2	6	8	14	18	17
zOTU_732	1	15	7	1	13	23	5	0	17	11	0	8	0	19	19	22	0	8	10	9	0	8	3	19	5	0	2	18	7	0	0	1	20	7	0	7	17	5	0	5	17	15	10	0	4	6	12	0
zOTU_733	0	7	14	5	1	9	14	4	1	7	2	17	5	2	14	15	10	1	13	14	5	1	1	20	20	11	2	19	9	9	0	0	16	38	16	2	10	17	7	1	11	12	20	2	3	20	16	1
zOTU_734	5	3	6	9	6	0	5	9	11	13	8	3	12	1	16	16	7	17	17	11	6	4	11	17	4	17	7	17	6	13	0	0	5	15	34	10	12	31	36	12	21	15	2	4	3	8	4	5
zOTU_735	0	3	4	6	12	7	0	3	3	3	8	0	12	26	14	4	5	29	15	28	2	10	0	5	2	5	12	7	7	2	0	0	10	4	32	0	15	34	13	3	15	13	5	0	2	6	4	12
zOTU_736	12	6	7	6	14	17	14	7	31	4	6	2	8	18	20	10	7	18	15	8	1	16	21	21	3	11	16	29	8	0	0	0	13	14	12	10	25	14	9	20	23	10	10	2	8	7	12	6
zOTU_737	5	15	8	22	20	16	13	14	12	18	3	10	12	6	33	4	9	13	10	14	16	12	32	14	16	16	8	29	6	11	0	0	10	13	18	9	20	6	14	9	22	11	3	15	22	24	23	5
zOTU_738	0	2	11	5	0	5	24	3	0	1	2	28	4	0	11	45	13	1	8	30	2	0	0	10	17	9	0	11	11	7	0	0	10	77	3	0	3	42	4	0	7	51	18	4	0	3	9	2
zOTU_739	4	17	5	5	7	9	11	3	5	15	3	8	1	15	15	13	0	6	22	9	1	3	12	13	7	0	4	24	2	0	0	0	13	4	2	4	37	12	0	8	24	7	3	2	5	11	14	5
zOTU_74	144	58	34	113	259	86	45	102	201	39	84	32	127	233	135	43	65	161	111	54	7	162	61	98	8	76	121	171	25	25	0	7	86	55	92	142	115	37	46	202	75	51	17	36	39	63	12	83
zOTU_740	7	5	6	3	9	4	1	5	10	8	3	5	3	18	6	1	4	21	12	8	5	5	28	13	7	7	6	15	2	2	0	0	8	3	12	11	24	11	9	7	11	9	2	4	18	8	8	3
zOTU_741	4	5	5	15	9	7	17	15	4	3	5	5	18	7	7	7	9	14	10	3	7	6	18	11	12	11	6	21	5	2	0	0	3	11	9	9	10	8	7	7	10	6	8	11	7	15	5	6
zOTU_742	11	13	1	7	11	8	0	7	14	3	8	3	5	14	16	2	8	17	15	2	1	9	6	8	0	7	16	10	7	16	0	0	11	3	29	7	14	6	28	6	25	3	0	2	5	10	0	8
zOTU_743	29	5	0	4	60	3	2	1	34	0	1	0	0	16	14	7	2	23	12	1	0	21	17	11	0	3	29	7	1	1	0	0	8	3	5	21	18	0	0	23	23	1	0	0	6	5	1	3
zOTU_744	8	13	7	8	17	6	5	3	6	6	0	8	7	8	5	7	7	8	4	3	9	4	17	10	6	7	14	6	2	6	0	7	9	8	13	8	9	4	5	5	10	1	6	2	10	12	15	10
zOTU_745	0	7	10	2	0	4	14	2	3	8	6	19	10	3	13	18	7	2	9	12	17	2	6	10	13	5	5	14	5	15	0	3	8	21	11	3	17	27	7	4	23	13	12	5	2	13	16	1
zOTU_746	2	6	9	8	7	9	7	6	4	9	3	8	4	9	12	10	4	7	11	7	8	6	8	4	11	9	8	10	11	2	0	0	11	1	16	11	17	14	9	9	18	14	4	2	8	14	9	3
zOTU_747	2	4	2	8	10	7	8	7	7	11	5	5	13	6	7	4	6	29	7	10	7	6	13	5	8	9	15	6	5	5	0	0	10	5	15	10	6	7	15	14	7	11	0	4	6	7	1	3
zOTU_748	2	4	6	7	4	7	14	6	7	15	3	11	4	15	9	15	21	5	5	15	12	6	11	6	8	2	8	8	4	4	0	0	7	16	9	8	7	10	8	6	6	16	8	13	8	5	24	1
zOTU_749	1	8	15	16	4	8	17	14	3	3	11	6	34	1	12	9	15	30	15	18	6	2	16	14	6	6	9	14	12	8	0	0	17	11	14	7	13	24	7	3	22	12	9	6	1	10	9	9
zOTU_75	120	40	22	52	474	64	20	48	197	13	78	8	123	297	85	54	131	266	94	45	3	266	94	29	7	97	314	48	30	30	0	3	116	32	113	151	136	40	61	179	90	28	30	17	52	30	10	99
zOTU_750	12	4	3	4	31	0	5	2	21	3	3	2	5	27	16	19	6	13	15	10	0	14	5	1	1	6	9	3	3	6	0	0	16	4	23	16	15	6	15	25	12	5	12	1	4	9	4	1
zOTU_751	9	8	1	9	18	3	5	4	10	7	1	5	15	9	5	3	10	10	4	1	8	12	31	9	4	8	14	15	0	2	0	0	3	4	6	11	6	3	7	26	8	4	5	10	20	10	4	1
zOTU_752	7	4	6	2	15	3	20	4	6	11	0	19	6	12	12	20	10	6	4	8	8	4	15	9	11	12	10	13	7	2	0	0	4	18	16	1	6	4	2	6	4	9	8	5	5	6	11	1
zOTU_753	11	18	24	22	26	18	12	22	25	5	19	8	24	51	31	36	23	37	32	22	2	14	4	12	9	14	33	36	16	5	0	0	19	15	20	19	25	33	14	34	26	29	16	1	5	11	7	12
zOTU_754	0	3	12	0	1	7	6	0	0	2	0	7	0	0	11	81	0	0	54	37	0	0	0	19	1	0	0	14	20	0	0	0	9	15	2	0	5	79	1	0	6	41	41	0	0	2	4	0
zOTU_755	5	8	5	13	10	9	12	6	6	4	3	13	4	5	9	4	6	8	10	5	6	4	21	7	8	5	6	7	2	11	0	0	3	15	9	2	12	2	1	6	18	4	1	12	10	10	11	5
zOTU_756	8	0	2	2	29	0	2	0	22	1	3	5	3	12	1	11	4	29	3	10	2	28	4	3	7	2	18	2	6	3	0	0	2	8	6	12	4	21	2	9	4	8	5	0	14	2	6	2
zOTU_757	0	6	6	2	1	7	32	0	0	8	2	26	0	1	3	31	25	3	4	26	25	0	9	7	39	10	2	8	15	8	0	0	6	57	11	2	4	47	8	1	2	34	20	0	3	18	46	1
zOTU_758	7	6	1	11	8	6	5	3	11	9	4	2	10	2	18	10	8	15	12	6	1	8	9	13	2	4	14	8	2	4	0	0	12	5	15	10	16	7	4	8	15	6	3	5	5	8	1	6
zOTU_759	6	6	4	9	11	7	4	4	11	13	4	3	5	6	15	5	7	21	11	5	4	10	26	17	3	10	9	15	4	3	0	0	3	1	10	22	8	10	14	14	17	4	1	5	10	10	8	1
zOTU_76	180	111	26	70	423	104	43	37	194	26	58	15	52	184	179	49	77	222	166	17	8	208	115	109	2	65	237	141	15	35	1	7	138	22	74	158	193	17	53	178	224	14	16	27	103	76	14	75
zOTU_760	0	2	0	26	0	1	0	11	0	0	18	2	23	0	11	0	28	0	14	2	5	1	0	7	0	31	1	5	4	21	0	0	11	0	88	0	2	11	46	0	3	8	0	1	0	1	0	11
zOTU_761	1	2	3	24	27	15	3	3	14	4	2	1	7	18	2	4	11	27	5	11	6	11	14	9	3	17	19	9	8	5	0	0	5	10	14	7	24	11	18	2	8	5	4	0	7	5	10	4
zOTU_762	0	6	4	5	2	3	10	6	4	5	12	12	21	1	5	9	17	4	13	12	11	3	4	15	8	12	4	15	3	8	0	0	2	29	12	5	6	21	7	6	9	7	4	17	0	7	11	4
zOTU_763	1	6	4	7	5	7	5	3	3	5	13	7	5	12	7	14	14	10	23	23	1	7	2	10	1	8	8	8	6	8	0	0	8	8	29	7	11	31	14	7	15	18	8	1	2	7	0	4
zOTU_764	0	10	24	0	0	4	23	0	0	5	2	32	2	0	12	32	1	0	8	18	5	1	0	9	19	2	0	10	11	2	0	0	7	21	4	0	4	31	5	0	13	23	25	1	0	8	23	0
zOTU_765	9	1	5	6	20	2	9	3	4	1	5	3	5	13	8	31	19	14	13	23	2	13	6	3	8	7	8	3	3	6	0	0	5	10	10	2	8	28	7	4	4	29	26	3	4	2	9	4
zOTU_766	14	6	1	2	16	4	0	0	15	3	0	2	0	13	12	0	1	14	12	5	0	6	8	9	3	7	7	10	6	4	0	0	2	2	36	15	3	2	7	17	1	0	0	0	0	2	0	1
zOTU_767	0	5	13	6	0	3	15	5	0	8	5	24	7	1	9	7	6	0	15	21	6	0	0	8	19	4	0	7	7	6	0	1	6	24	17	0	5	16	11	1	8	14	11	3	0	3	20	6
zOTU_768	13	6	7	8	27	9	4	5	26	2	5	8	11	14	10	5	3	19	7	5	7	17	17	11	4	2	19	5	4	5	1	0	5	5	15	20	4	4	7	20	10	3	3	4	13	13	4	5
zOTU_769	2	18	22	3	0	5	26	4	6	11	1	34	1	0	18	26	3	0	7	9	0	6	0	5	9	2	1	18	10	2	1	0	11	21	3	2	8	23	5	4	13	18	13	6	1	15	3	2
zOTU_77	71	44	38	148	250	61	67	61	139	39	61	38	89	174	110	68	86	124	93	58	48	98	108	76	43	116	116	77	44	32	2	11	92	43	121	110	147	138	92	78	167	90	23	49	60	78	63	66
zOTU_770	8	8	4	1	11	2	14	2	8	5	1	6	7	3	7	6	5	17	14	8	6	15	22	22	15	3	3	20	2	2	0	0	12	5	15	18	11	12	11	12	17	6	6	1	12	15	14	2
zOTU_771	0	11	7	0	1	16	17	0	0	6	0	9	0	0	26	40	1	0	20	33	0	0	0	17	6	1	0	13	12	0	0	0	34	24	1	0	20	27	0	0	21	14	16	0	0	8	9	0
zOTU_772	11	10	0	16	15	21	6	8	13	18	2	4	17	7	8	5	9	5	18	9	7	3	3	21	1	12	2	11	4	9	0	0	11	8	15	2	10	3	7	2	10	4	0	7	10	5	2	2
zOTU_773	6	11	9	10	21	14	11	7	11	0	10	12	19	18	18	31	13	15	15	16	6	9	19	13	6	8	7	19	9	1	0	0	10	22	10	6	14	29	7	2	14	26	13	3	2	10	9	4
zOTU_774	0	3	16	15	1	4	16	3	0	2	6	12	14	1	13	27	11	0	12	21	1	0	0	11	22	2	0	12	8	1	0	0	4	45	14	0	3	30	9	0	10	23	8	12	0	5	24	4
zOTU_775	5	2	3	12	20	1	3	3	7	3	2	0	7	7	3	1	4	15	9	2	10	4	37	13	3	2	11	9	0	6	0	0	7	4	11	14	7	1	8	9	10	0	2	21	29	11	18	1
zOTU_776	10	4	1	15	29	16	0	8	23	3	18	1	9	27	7	10	14	21	11	3	2	19	14	5	1	8	23	3	3	1	0	5	6	2	13	8	13	1	8	14	12	2	2	3	4	2	0	8
zOTU_777	39	19	32	19	35	35	38	14	44	26	29	35	16	46	34	15	37	29	23	38	39	25	70	55	57	45	37	42	18	13	0	0	27	49	45	45	42	29	32	36	46	14	17	21	41	31	53	29
zOTU_778	0	0	12	0	0	0	6	0	0	0	0	2	0	0	0	8	0	0	0	101	0	0	0	0	10	0	0	0	26	1	0	0	0	61	0	0	0	82	1	0	0	89	26	0	0	0	2	0
zOTU_779	5	8	2	6	17	12	7	3	8	12	0	13	4	11	20	7	3	3	8	1	16	4	12	14	6	5	5	9	4	6	0	1	4	10	10	13	9	8	5	3	12	3	6	3	11	8	19	5
zOTU_78	172	53	25	92	137	68	112	26	74	42	30	61	59	138	54	36	120	100	52	43	114	71	279	115	109	67	98	72	46	31	0	0	42	84	93	73	36	72	47	89	76	38	16	114	162	70	121	79
zOTU_780	7	1	13	13	11	15	36	9	4	3	4	13	15	18	7	22	11	11	6	16	6	4	10	12	12	4	3	4	17	2	0	0	4	28	13	5	7	22	16	12	9	17	11	4	0	10	11	4
zOTU_781	12	5	6	6	4	3	13	5	4	2	5	10	7	7	5	9	5	13	10	16	6	11	20	12	8	5	6	17	5	4	0	0	8	13	10	7	10	13	7	13	6	5	3	18	22	8	11	1
zOTU_782	13	2	4	3	9	3	0	2	9	1	0	3	4	25	5	1	5	20	8	8	8	28	14	7	4	1	9	1	1	0	0	0	4	1	6	2	14	5	2	10	5	8	2	1	80	10	9	2
zOTU_783	0	5	16	0	0	10	51	1	0	10	1	30	1	0	9	14	2	1	7	16	0	0	1	21	26	3	0	20	11	1	0	0	13	67	1	0	9	29	0	0	1	13	18	2	0	10	30	0
zOTU_784	2	14	9	5	4	16	6	3	7	10	5	8	10	9	26	10	20	12	21	8	9	3	5	20	10	13	4	21	6	4	0	0	16	16	31	6	23	16	15	2	15	18	6	7	2	15	5	4
zOTU_785	4	7	15	13	7	4	4	8	5	16	5	6	12	5	23	11	11	3	8	6	12	7	5	12	3	12	5	12	1	5	0	0	7	3	26	1	11	4	9	3	6	8	4	2	2	16	4	3
zOTU_786	1	3	0	21	31	5	1	7	10	5	11	1	10	19	15	0	7	13	3	4	5	6	11	7	2	7	13	3	1	10	0	0	10	1	29	12	11	6	6	9	8	0	0	5	26	5	2	11
zOTU_787	3	5	6	10	11	16	13	11	6	4	4	10	10	9	15	23	15	11	12	2	13	6	16	11	8	9	5	15	4	7	0	0	8	16	12	8	8	22	11	16	17	15	4	8	9	18	11	1
zOTU_788	0	7	8	1	0	15	8	2	0	5	2	8	1	0	4	10	19	0	9	12	14	0	0	14	10	30	0	16	5	15	0	0	11	13	36	0	3	12	19	0	4	10	13	1	0	1	15	2
zOTU_789	9	2	5	18	15	7	11	6	10	3	5	2	8	23	7	9	15	8	7	11	6	11	14	17	3	14	7	7	3	8	0	1	2	7	18	10	17	6	17	13	20	7	4	9	3	9	4	9
zOTU_79	55	73	63	120	131	91	108	71	113	115	61	109	109	78	146	79	66	107	103	67	101	76	178	139	77	77	52	153	39	42	1	0	74	110	116	132	144	91	90	115	189	77	38	99	121	147	108	45
zOTU_790	10	7	2	17	61	9	2	1	24	1	27	0	15	97	16	18	37	69	24	21	5	23	9	3	1	51	52	8	11	12	1	2	10	2	116	9	18	19	48	11	15	17	8	0	7	5	0	14
zOTU_791	11	4	6	1	9	3	5	0	7	0	6	1	7	6	11	22	21	3	8	13	0	12	3	5	5	18	2	6	4	6	1	0	11	7	9	5	13	18	2	9	6	10	17	0	1	5	5	0
zOTU_792	2	7	2	8	10	13	6	6	6	9	2	6	11	15	14	4	1	9	5	3	5	4	21	14	5	3	7	14	6	3	0	0	12	5	22	14	5	8	3	10	13	1	0	5	6	9	7	1
zOTU_793	1	0	3	2	7	5	10	5	1	5	0	20	4	7	9	13	4	4	12	14	7	9	3	15	10	3	1	20	2	1	0	0	11	21	13	3	15	22	6	4	6	18	7	6	9	16	17	1
zOTU_794	3	5	5	9	15	14	9	7	14	13	3	13	2	2	3	17	12	3	6	12	4	7	9	5	8	6	5	9	6	2	0	0	8	18	9	3	6	13	2	3	6	6	3	1	7	7	2	3
zOTU_795	1	0	1	19	27	1	0	1	9	2	2	1	4	28	3	3	5	21	15	15	0	4	4	4	1	3	8	1	2	1	0	0	9	0	55	10	17	16	12	8	6	9	1	3	2	13	5	9
zOTU_796	2	4	7	6	12	11	3	0	1	6	6	1	4	9	10	5	8	14	11	13	8	6	7	12	4	8	9	16	10	2	0	3	15	10	37	10	12	15	7	2	10	12	0	3	3	6	8	16
zOTU_797	5	11	0	9	12	11	8	7	6	7	2	1	4	2	9	2	17	5	8	2	2	6	14	23	5	10	9	11	2	7	0	6	8	4	30	3	17	5	11	4	17	7	3	4	5	19	10	0
zOTU_798	0	7	10	2	1	7	38	1	0	7	0	13	1	7	9	21	5	3	11	56	0	2	1	12	18	0	0	5	3	1	0	0	9	24	3	3	9	32	1	0	10	26	19	0	1	5	26	1
zOTU_799	2	6	0	8	15	8	4	8	13	6	4	4	5	14	10	7	3	7	8	4	9	6	15	10	15	4	4	8	1	8	0	0	7	10	1	7	6	9	3	6	9	5	5	4	13	3	11	5
zOTU_8	779	680	24	790	1576	702	58	476	1791	1069	270	76	735	766	1433	39	329	1057	1384	42	345	931	1056	1666	35	480	676	1885	21	243	6	54	780	68	958	904	1444	52	633	1041	1608	38	25	379	810	959	41	141
zOTU_80	16	38	23	174	286	74	39	63	136	26	62	5	38	246	58	18	106	111	71	62	42	32	42	74	30	83	143	42	26	73	0	11	68	30	139	127	206	30	37	48	113	11	13	15	36	88	46	77
zOTU_800	1	7	4	3	2	9	14	0	1	12	6	20	5	1	15	4	9	7	12	10	2	3	10	16	11	1	2	26	4	3	0	0	8	28	7	3	11	15	6	8	16	12	1	4	2	14	7	2
zOTU_801	0	2	19	0	0	6	24	0	0	1	1	35	0	0	3	33	3	0	8	20	1	0	0	5	32	0	0	4	15	2	0	0	1	49	1	2	0	44	1	0	8	27	12	1	0	1	17	1
zOTU_802	3	8	3	8	8	15	13	7	14	17	8	17	13	9	8	12	12	9	10	2	23	9	12	13	15	9	8	31	9	8	0	0	14	17	15	6	11	12	6	16	5	15	5	13	10	1	14	2
zOTU_803	0	11	6	1	0	5	11	2	0	5	1	3	1	1	7	5	13	35	15	4	4	0	39	7	11	4	7	6	5	4	0	0	11	6	1	8	7	7	3	12	6	7	6	8	0	34	35	3
zOTU_804	0	9	1	2	16	10	4	0	14	8	1	5	2	2	13	7	1	7	15	5	1	23	36	21	8	0	4	18	4	3	0	0	7	10	5	17	5	16	8	11	8	6	3	3	33	10	8	1
zOTU_805	6	3	9	15	6	6	11	1	5	8	7	9	10	5	15	9	4	6	11	8	5	3	3	16	8	7	2	11	7	5	0	0	4	11	9	3	12	15	5	4	24	12	8	5	4	10	5	4
zOTU_806	5	3	7	6	11	3	8	5	6	9	4	15	5	8	7	11	8	7	12	10	7	8	13	4	13	9	3	11	6	4	0	2	6	10	7	10	14	21	12	7	10	10	5	6	8	8	10	1
zOTU_807	9	7	1	8	12	11	4	1	9	7	5	4	4	23	6	3	6	6	5	2	4	7	9	10	4	9	9	19	3	10	0	0	8	7	15	5	8	5	15	9	11	4	0	5	3	15	2	2
zOTU_808	6	3	1	14	10	1	2	2	8	6	8	3	10	1	4	4	13	17	6	2	7	9	12	3	3	14	10	5	4	6	0	0	3	7	27	15	6	10	19	7	8	6	0	6	6	4	1	8
zOTU_809	4	3	3	14	12	7	14	1	0	3	4	9	0	1	8	4	6	2	11	3	25	8	6	12	11	2	1	14	3	6	0	1	9	4	3	3	13	4	3	2	12	3	0	17	16	12	6	2
zOTU_81	64	65	32	130	247	134	66	22	80	52	22	17	19	109	141	40	33	101	103	51	82	49	132	122	73	38	90	115	30	20	0	35	111	37	106	66	232	44	83	31	119	52	31	63	84	122	103	38
zOTU_810	8	0	0	1	5	0	0	0	3	0	0	0	0	0	0	0	0	39	0	0	1	1	199	0	0	0	55	0	0	0	0	0	0	0	0	23	0	0	0	0	0	0	0	0	1	0	0	0
zOTU_811	7	7	1	2	9	2	1	3	15	3	3	2	10	9	2	2	5	23	10	3	7	4	29	14	2	8	10	13	2	2	0	0	3	1	20	11	4	3	12	13	6	3	0	12	7	10	2	5
zOTU_812	7	15	10	4	17	20	3	6	10	4	8	8	12	18	19	35	24	8	17	21	0	13	1	12	5	19	18	16	10	9	0	0	21	13	22	7	22	23	20	8	13	22	11	4	1	6	3	12
zOTU_813	6	11	2	18	19	8	3	6	9	5	10	1	6	4	12	1	5	10	10	0	3	14	10	11	2	9	5	20	2	4	0	0	9	4	9	7	10	0	13	10	25	1	2	2	5	15	2	7
zOTU_814	14	9	8	6	17	11	8	7	12	1	5	0	3	9	4	3	6	3	0	9	10	9	26	5	3	12	7	1	2	6	0	0	6	0	17	18	7	5	2	13	4	4	3	2	5	11	18	14
zOTU_815	3	4	4	4	3	7	6	3	1	5	2	11	4	0	9	13	6	10	8	5	7	6	11	16	21	3	4	15	8	2	0	0	5	21	6	3	7	11	11	5	7	21	3	8	3	15	21	1
zOTU_816	2	3	1	7	5	11	3	6	11	8	3	8	8	5	11	5	7	13	12	12	11	6	12	17	10	9	7	23	3	4	0	2	6	5	13	3	16	10	3	4	4	10	7	4	5	10	7	6
zOTU_817	2	9	16	1	10	12	12	0	6	1	8	7	8	1	9	36	7	4	10	22	1	4	1	13	6	3	2	5	8	3	0	0	13	20	6	1	10	34	1	4	12	25	8	0	2	0	3	4
zOTU_818	2	7	5	3	25	13	9	2	10	2	9	20	0	17	5	14	3	9	11	12	0	12	5	12	12	5	3	12	6	4	0	0	7	9	10	4	29	5	5	1	9	8	6	6	9	11	16	3
zOTU_819	4	3	4	7	20	0	3	3	12	2	1	0	7	8	12	6	2	15	11	8	2	8	4	8	0	3	6	7	5	4	0	0	12	8	39	6	10	23	24	14	6	13	11	1	4	4	2	0
zOTU_82	20	57	58	68	81	92	110	99	67	51	94	105	123	70	94	129	164	108	113	115	43	67	58	122	68	122	65	130	74	44	0	9	87	177	132	64	77	168	69	104	121	102	55	51	31	85	40	49
zOTU_820	2	3	2	12	19	6	5	4	8	2	1	3	4	3	5	1	1	16	4	2	8	8	25	3	10	2	8	4	2	5	0	0	5	5	5	9	8	1	7	5	12	2	6	14	16	6	18	3
zOTU_821	8	2	0	0	25	1	0	0	11	0	0	0	0	5	4	0	1	0	0	0	0	5	0	2	0	0	1	1	0	1	0	0	0	0	0	1	3	1	0	3	3	0	0	0	1	0	0	0
zOTU_822	6	3	7	17	13	3	5	8	7	9	6	6	19	6	15	8	3	10	11	9	7	4	6	20	5	4	10	9	5	4	0	0	6	12	19	10	4	4	7	11	15	9	4	1	6	7	4	4
zOTU_823	8	1	1	5	11	4	5	6	11	8	5	7	5	2	7	4	4	4	8	9	4	7	10	11	2	5	13	8	3	6	0	22	7	5	15	0	5	1	10	8	5	3	4	6	12	18	6	3
zOTU_824	4	11	6	2	9	5	6	0	4	7	1	8	0	3	8	8	3	6	9	7	7	3	12	15	10	1	3	13	6	2	0	0	6	13	10	2	2	7	3	5	18	13	3	5	8	10	23	3
zOTU_825	0	1	14	3	0	10	21	3	1	7	7	23	2	0	5	29	19	1	6	9	18	0	1	7	18	22	0	3	11	13	0	0	3	32	24	1	6	32	11	0	4	28	7	2	0	6	22	1
zOTU_826	1	1	7	0	2	3	7	0	0	0	0	2	0	1	3	145	0	2	4	8	1	1	1	0	9	0	0	0	8	2	0	0	5	5	3	0	3	23	2	1	1	18	40	0	0	2	78	0
zOTU_827	4	4	2	4	34	3	3	1	20	5	2	0	5	9	7	1	2	41	12	4	1	16	26	3	2	3	30	8	1	4	0	0	6	7	6	30	2	9	3	22	12	4	3	2	4	1	0	0
zOTU_828	4	2	6	5	7	11	11	8	3	5	3	14	6	1	9	11	12	2	7	7	13	7	9	6	9	6	4	15	4	12	0	0	7	17	7	4	4	8	9	7	7	6	6	4	6	3	7	3
zOTU_829	6	5	5	5	19	18	19	3	11	3	4	6	7	29	14	9	17	15	4	4	6	8	24	14	3	12	18	19	5	6	0	0	11	12	15	11	6	11	15	8	15	9	6	6	7	13	4	3
zOTU_83	31	54	43	90	133	70	83	36	118	59	36	45	47	89	120	85	54	87	83	46	96	49	127	87	73	85	80	142	50	47	0	11	93	64	132	44	124	139	78	28	132	101	35	55	67	94	111	28
zOTU_830	0	2	9	6	0	1	5	3	0	1	9	13	2	0	6	9	12	0	15	12	7	0	0	11	13	12	0	10	8	9	0	0	5	18	32	0	6	22	20	0	16	15	7	12	0	9	22	3
zOTU_831	5	3	5	6	9	1	6	1	5	1	1	5	8	6	4	4	9	10	5	5	9	9	6	4	16	5	2	4	1	6	0	0	0	12	19	8	5	11	12	7	9	9	3	11	17	3	13	3
zOTU_832	6	9	3	12	8	7	4	1	6	4	0	5	3	2	16	4	6	17	9	7	3	6	10	4	7	4	10	11	1	3	0	0	13	8	8	1	8	6	1	9	11	3	2	8	12	9	7	2
zOTU_833	9	16	9	11	4	20	24	6	10	9	17	27	20	25	17	35	28	9	23	14	9	5	16	30	13	23	4	24	12	7	0	0	17	25	15	13	18	30	19	7	19	22	6	8	11	17	13	8
zOTU_834	7	5	8	4	7	8	3	5	12	10	4	12	6	10	6	4	8	12	9	5	6	9	15	12	12	2	5	10	1	4	0	0	6	14	15	11	16	15	7	9	13	15	6	6	14	12	11	2
zOTU_835	3	4	5	6	4	6	13	1	1	5	4	7	2	0	7	10	21	3	7	8	12	5	13	15	14	4	0	14	3	4	0	0	3	7	12	4	7	11	12	3	11	7	5	11	14	7	29	2
zOTU_836	2	8	7	9	12	2	2	4	3	5	6	1	10	4	12	1	9	35	21	2	3	4	7	11	1	11	23	9	0	6	0	0	8	2	11	9	14	8	5	2	9	6	1	5	1	5	2	1
zOTU_837	6	4	4	2	7	5	7	3	3	1	6	10	3	5	3	0	8	6	17	2	6	4	19	17	15	8	7	14	4	4	0	1	9	17	7	12	14	7	6	7	12	6	2	21	6	10	11	3
zOTU_838	11	8	3	3	7	12	6	1	11	5	2	4	7	11	10	7	9	12	7	4	4	19	14	8	10	4	6	6	2	2	1	0	6	8	9	7	10	5	3	10	5	4	6	1	8	3	12	6
zOTU_839	4	3	7	6	17	5	8	4	9	2	2	3	5	11	11	6	1	8	20	8	3	7	1	12	1	0	6	10	2	7	0	14	4	2	7	5	18	12	3	1	17	8	1	3	15	4	5	2
zOTU_84	39	88	76	80	39	83	149	54	50	103	57	171	87	31	129	115	113	77	144	105	191	29	136	192	181	117	31	207	60	63	0	2	79	127	149	58	137	138	104	78	199	88	43	105	73	183	154	36
zOTU_840	4	9	4	4	9	17	5	1	5	11	4	12	3	5	7	5	16	4	9	6	12	2	6	8	13	6	1	8	2	4	0	0	5	8	16	3	14	9	6	5	5	2	2	16	6	12	17	10
zOTU_841	10	6	8	7	14	4	12	5	14	9	5	7	3	7	13	3	7	13	13	6	8	5	24	8	10	6	6	10	1	1	0	0	3	12	7	11	6	9	6	10	10	6	6	8	9	5	12	4
zOTU_842	0	3	3	9	6	12	6	9	7	8	2	4	7	3	14	9	16	4	4	4	21	7	16	3	8	9	5	11	4	10	0	0	4	6	20	5	6	10	9	7	6	3	3	23	8	5	12	7
zOTU_843	0	3	9	1	0	10	13	1	1	6	1	19	0	0	9	16	4	0	6	2	17	0	2	6	29	1	0	14	5	4	0	0	2	17	8	0	4	6	1	2	2	7	9	6	0	8	37	1
zOTU_844	5	31	7	0	7	18	3	0	3	16	0	5	0	0	17	7	3	13	21	9	2	20	5	20	6	0	1	45	0	1	0	0	32	7	0	2	14	2	1	2	8	5	3	0	11	47	2	0
zOTU_845	1	8	2	17	0	9	10	13	2	2	15	3	23	0	6	16	15	0	4	16	7	0	1	4	5	26	1	6	12	6	0	0	6	20	19	0	11	16	4	0	12	8	6	13	0	7	4	16
zOTU_846	6	2	3	9	12	8	6	7	13	4	5	2	12	22	9	11	4	7	13	4	5	10	16	12	6	6	18	17	5	0	0	0	6	3	13	11	11	3	9	13	17	4	4	4	5	9	3	6
zOTU_847	6	2	3	3	13	2	6	2	14	3	10	10	6	9	7	7	6	8	10	4	9	6	9	3	6	6	4	15	0	8	0	0	6	7	14	12	3	1	11	12	8	2	3	9	8	7	7	2
zOTU_848	0	9	10	0	0	6	17	0	0	2	0	17	0	2	1	9	1	4	7	6	0	0	8	10	10	0	3	9	4	1	0	0	2	23	2	5	10	17	1	2	5	20	11	1	4	10	59	0
zOTU_849	0	5	9	3	0	5	11	2	0	9	1	17	3	0	10	11	12	0	15	10	5	0	0	33	9	7	0	21	5	8	0	0	6	19	7	0	12	25	1	0	18	14	5	5	0	13	6	2
zOTU_85	77	84	64	87	145	112	54	51	113	31	82	53	112	191	161	202	208	125	117	152	18	81	53	64	25	156	74	110	71	57	0	4	127	117	185	77	134	180	117	120	130	185	80	30	28	63	46	101
zOTU_850	3	5	2	3	7	7	3	4	2	5	4	1	15	5	15	14	15	4	8	8	5	1	3	9	7	6	3	11	3	3	0	0	14	9	19	2	15	9	13	6	13	3	3	1	7	8	6	3
zOTU_851	3	2	0	4	3	2	7	3	4	4	11	6	16	3	2	6	11	4	3	3	8	12	6	3	11	4	1	6	2	5	0	0	4	30	16	5	6	13	4	7	14	10	4	16	17	6	4	1
zOTU_852	3	8	0	5	4	12	17	2	2	8	1	13	3	3	10	13	13	6	14	7	6	5	5	14	7	3	2	19	4	4	0	0	10	11	9	1	11	15	10	2	10	15	8	2	0	25	10	3
zOTU_853	3	7	2	19	15	7	8	7	9	3	4	5	2	6	7	10	2	11	11	0	14	3	7	11	3	10	8	11	2	4	0	0	2	7	14	14	11	7	11	4	15	3	1	9	6	13	7	3
zOTU_854	4	4	1	7	9	3	1	4	5	6	8	5	9	8	11	12	9	10	10	1	4	2	5	6	0	11	6	5	2	16	0	0	6	2	42	6	8	3	32	6	16	1	1	2	1	6	3	5
zOTU_855	2	9	6	2	4	11	12	1	1	5	1	4	0	1	5	8	13	2	10	21	4	2	7	14	11	5	1	8	3	2	0	0	5	22	5	2	5	28	5	6	7	23	5	2	4	14	8	4
zOTU_856	3	6	5	7	5	10	5	1	12	6	1	6	3	12	5	2	3	10	10	2	0	5	13	9	3	2	11	17	3	2	0	0	2	5	4	9	11	5	4	10	14	5	4	1	7	10	2	2
zOTU_857	4	3	3	10	8	4	4	0	5	2	4	1	7	3	10	9	1	2	7	17	1	2	1	8	7	3	7	5	5	4	0	1	11	2	8	5	20	21	9	0	7	15	5	6	4	10	8	4
zOTU_858	3	3	1	19	7	2	2	10	3	2	8	1	12	15	5	6	3	8	5	3	5	14	21	9	6	14	7	3	1	5	0	0	2	1	14	7	8	7	15	4	2	2	4	17	8	5	3	7
zOTU_859	10	3	7	7	22	7	6	4	10	4	5	10	10	18	7	11	9	12	10	8	9	7	9	13	13	11	13	10	1	4	0	0	10	14	19	7	19	12	13	10	14	7	4	9	10	5	6	6
zOTU_86	30	84	72	87	112	136	121	54	103	57	75	86	101	131	118	156	110	141	132	94	20	64	130	142	48	122	123	184	72	44	0	17	88	155	187	88	138	113	114	100	143	95	63	43	45	66	40	51
zOTU_860	9	4	4	13	9	11	4	1	5	5	7	1	9	4	9	5	10	9	5	12	5	7	4	20	7	4	5	10	3	0	0	0	9	4	13	12	13	12	2	4	7	6	6	3	2	6	5	7
zOTU_861	5	4	0	16	4	5	2	10	8	6	8	3	7	12	11	3	5	8	9	0	8	1	14	9	1	6	7	10	3	3	0	0	4	4	16	6	14	4	10	6	14	6	3	1	4	5	3	4
zOTU_862	3	3	1	14	33	6	3	3	13	0	5	2	3	37	4	0	4	11	4	0	5	3	4	6	0	2	17	2	3	1	0	0	6	2	17	20	11	1	5	12	7	0	0	1	1	4	4	12
zOTU_863	0	7	4	1	0	7	2	6	1	1	6	4	15	0	12	29	7	0	15	31	1	0	1	4	7	11	0	5	11	10	0	2	25	28	19	0	11	25	8	0	6	23	3	1	0	9	2	5
zOTU_864	1	12	2	11	9	4	6	5	12	11	4	11	4	3	5	7	4	13	6	9	3	13	19	9	11	8	2	16	1	3	0	0	6	5	15	6	8	6	12	9	18	6	1	9	6	8	11	1
zOTU_865	0	12	10	0	1	17	23	0	0	14	0	16	0	0	13	43	0	0	9	12	0	0	0	11	13	0	0	14	9	0	0	0	7	12	0	0	5	18	1	0	15	10	22	0	0	3	19	0
zOTU_866	8	2	1	11	15	8	3	2	5	2	2	2	3	6	9	7	5	6	3	9	4	10	4	11	2	4	8	5	4	5	0	0	8	3	11	12	17	11	3	5	5	9	5	9	6	7	2	10
zOTU_867	0	9	9	2	3	7	17	5	0	2	4	7	2	1	9	6	16	1	6	10	3	1	0	9	6	25	1	8	10	5	0	5	13	15	11	0	8	5	11	2	10	12	3	1	2	8	6	3
zOTU_868	4	7	1	1	4	8	8	2	6	9	1	15	7	5	9	8	14	6	4	5	9	0	10	9	4	15	13	10	2	14	0	1	9	15	13	10	8	3	1	7	7	5	3	2	0	8	4	9
zOTU_869	7	4	4	5	13	13	6	2	9	0	3	4	8	15	1	5	7	5	6	4	1	14	8	21	2	10	8	9	4	2	0	0	9	5	5	6	9	7	0	6	5	8	7	2	7	11	8	6
zOTU_87	96	56	36	56	82	101	129	28	103	62	24	79	62	113	72	97	63	113	102	62	27	86	140	146	107	61	128	143	58	18	1	3	74	166	94	52	94	69	39	63	80	64	31	51	101	104	151	63
zOTU_870	8	11	1	13	9	19	1	2	15	10	2	0	8	7	7	2	5	3	30	1	4	4	2	22	1	3	2	10	1	2	0	0	8	2	4	2	4	1	5	1	4	0	0	7	6	6	0	11
zOTU_871	4	4	0	7	11	7	0	5	8	2	3	0	18	14	3	0	1	16	7	1	3	9	16	15	0	2	8	11	0	4	0	0	10	0	6	9	15	0	14	8	10	0	1	2	14	10	0	1
zOTU_872	4	9	2	7	10	10	5	8	9	3	1	4	5	9	18	6	21	3	18	8	6	7	4	10	6	12	1	14	4	12	0	0	9	10	24	4	12	18	8	4	20	13	3	8	5	6	8	1
zOTU_873	19	17	10	14	40	14	6	7	12	6	6	3	5	10	16	5	20	16	6	9	13	9	32	25	14	12	16	20	7	3	0	0	8	7	21	9	28	14	10	15	18	7	4	13	19	21	15	20
zOTU_874	6	5	7	3	9	0	1	2	12	0	3	4	3	7	8	1	1	9	3	6	5	7	8	8	2	5	10	3	2	3	0	0	5	6	23	13	10	10	11	6	6	7	2	4	12	7	2	4
zOTU_875	1	6	2	7	8	6	4	7	3	3	6	2	8	8	9	6	7	11	12	10	0	7	1	8	2	8	4	4	5	9	0	0	8	4	30	5	12	11	11	5	10	9	5	0	0	3	3	1
zOTU_876	8	2	5	15	6	1	9	1	6	4	1	10	3	2	12	5	5	5	6	2	5	3	15	10	20	3	2	15	7	2	0	0	4	5	7	2	5	3	3	2	5	3	4	10	10	11	28	4
zOTU_877	2	14	4	0	8	5	4	0	6	5	0	8	0	5	14	8	0	2	11	5	0	9	13	6	14	0	0	13	10	0	0	0	7	14	1	1	14	17	0	3	2	14	7	0	14	20	14	0
zOTU_878	8	7	6	2	17	8	9	2	5	3	1	7	2	5	4	10	4	6	8	7	10	15	9	10	13	1	3	11	7	1	0	0	11	5	17	9	11	24	17	7	14	20	6	1	21	12	10	1
zOTU_879	10	2	4	6	8	8	7	8	15	2	4	5	6	14	8	7	9	15	4	8	12	5	19	13	10	5	5	18	3	2	0	0	9	7	13	5	9	11	8	5	10	12	3	9	10	13	13	5
zOTU_88	136	198	81	50	101	102	158	40	34	89	34	145	47	13	111	127	21	66	73	92	11	215	49	59	69	17	35	100	53	9	0	4	218	86	42	68	72	111	36	35	75	91	54	27	125	247	55	16
zOTU_880	1	7	0	8	12	11	6	6	12	7	6	2	2	34	12	10	0	0	15	6	2	6	2	11	7	0	0	13	1	4	0	9	3	3	6	6	24	3	4	1	13	7	2	11	9	8	8	4
zOTU_881	11	1	0	2	29	6	3	1	9	1	4	1	4	14	10	10	7	11	25	9	3	24	3	4	1	2	11	5	5	0	0	0	10	6	5	3	8	4	3	8	8	3	7	0	8	3	4	7
zOTU_882	3	4	1	13	11	4	14	3	4	7	3	5	1	17	9	4	0	7	1	4	1	2	6	7	10	0	12	7	5	3	0	1	3	5	11	6	31	5	9	2	20	4	3	6	8	7	4	2
zOTU_883	0	6	3	2	1	18	7	3	1	12	1	7	1	0	17	13	4	0	17	4	2	1	0	22	6	6	1	23	3	10	0	0	10	11	17	1	13	11	11	0	18	5	2	0	1	9	4	0
zOTU_884	7	3	5	15	4	4	8	6	6	8	9	9	10	4	9	6	9	7	15	3	4	2	7	13	1	8	15	18	1	6	0	0	14	4	27	6	10	2	18	1	13	4	3	7	12	7	6	1
zOTU_885	1	0	3	0	0	5	2	0	1	2	0	6	0	0	2	10	0	0	1	13	0	0	2	5	46	0	0	1	6	0	0	0	2	44	1	0	2	47	0	0	0	28	1	0	0	7	45	0
zOTU_886	0	18	2	0	0	17	2	0	0	14	0	1	0	0	30	3	0	0	27	0	0	0	0	55	6	0	0	45	2	0	0	0	11	2	0	0	39	3	0	0	11	0	0	0	0	25	3	0
zOTU_887	0	2	4	1	1	2	6	3	0	4	3	4	4	1	19	5	8	1	6	16	1	2	8	4	19	4	5	3	6	2	1	0	4	27	11	5	5	26	9	5	1	5	12	4	10	15	24	2
zOTU_888	2	2	2	0	5	8	9	0	3	3	0	4	2	10	6	17	4	3	9	30	2	5	2	5	16	1	0	9	9	0	0	0	8	6	11	1	6	39	8	13	0	38	17	1	5	21	19	0
zOTU_889	2	5	6	5	11	13	2	3	5	2	4	1	3	3	10	5	8	2	19	11	14	1	1	11	11	8	3	6	6	9	0	0	12	7	13	2	23	18	9	1	16	7	6	1	0	12	11	0
zOTU_89	16	50	30	39	49	103	108	44	35	43	41	98	95	22	58	116	116	78	101	79	95	22	171	124	102	86	64	158	36	43	0	1	84	148	118	48	80	161	71	73	102	63	50	53	26	58	74	29
zOTU_890	5	2	8	0	11	26	5	1	6	1	2	5	2	11	12	6	10	11	14	1	0	10	4	7	1	5	13	19	2	7	0	0	18	5	2	0	16	7	0	6	15	6	9	0	2	3	2	0
zOTU_891	4	6	3	5	8	5	5	2	6	7	5	7	4	2	7	4	3	11	6	6	10	6	19	7	12	5	4	8	1	4	0	0	10	9	9	13	9	5	11	18	9	4	1	9	13	6	11	0
zOTU_892	0	5	3	5	0	26	10	1	0	17	2	10	5	1	32	9	1	0	10	13	2	0	0	9	2	9	1	25	5	4	0	0	13	14	13	0	14	17	9	0	16	5	1	2	0	18	5	5
zOTU_893	2	7	0	7	19	7	0	4	4	3	9	0	5	34	11	2	4	15	8	3	3	2	5	6	3	8	13	8	1	6	0	0	10	4	16	5	19	5	9	9	9	6	2	2	1	6	1	5
zOTU_894	8	19	23	38	12	22	26	11	19	26	18	27	16	8	33	13	17	22	25	6	10	7	37	28	28	17	12	38	12	3	0	0	10	26	29	25	40	18	11	17	44	15	11	27	22	29	19	9
zOTU_895	4	0	0	4	4	8	2	0	3	1	1	0	4	3	5	8	2	4	10	29	10	2	3	4	7	10	1	5	7	3	0	23	8	3	11	0	24	15	6	0	5	18	2	4	8	10	9	3
zOTU_896	0	11	3	0	2	19	9	0	4	12	0	7	0	3	16	11	0	10	18	2	0	2	8	14	2	0	6	25	6	0	0	0	19	12	0	1	14	6	0	3	15	8	1	0	0	8	8	0
zOTU_897	4	1	2	2	9	11	4	5	5	8	2	8	9	2	10	5	11	4	5	2	8	8	9	4	9	9	7	11	2	11	0	0	4	5	10	3	2	9	7	7	12	9	2	3	10	3	5	1
zOTU_898	0	4	9	0	0	3	27	0	0	1	0	14	0	0	8	22	3	2	5	55	1	0	0	2	14	0	0	1	5	0	0	0	5	24	3	0	1	34	0	0	2	13	19	0	0	1	42	0
zOTU_899	7	1	1	4	17	6	1	2	9	0	4	1	7	19	4	14	5	26	20	14	0	13	2	3	0	3	12	6	7	6	0	0	6	7	13	1	11	26	8	6	7	13	3	0	3	4	1	4
zOTU_9	425	467	359	735	866	602	758	482	917	878	237	896	529	360	978	419	445	789	1113	626	665	585	1029	1365	796	524	367	1339	255	271	3	79	481	686	973	621	1034	699	576	551	1001	415	282	518	662	810	612	195
zOTU_90	53	114	85	120	125	115	44	80	58	33	86	36	174	120	169	188	112	72	142	153	17	89	26	87	23	86	49	115	101	34	1	14	145	139	101	29	132	175	63	62	111	175	83	58	21	76	35	177
zOTU_900	2	2	3	5	16	7	9	5	6	5	0	5	3	9	5	2	0	5	1	6	11	4	20	10	9	9	4	5	1	8	0	0	6	8	6	2	6	7	6	3	6	8	2	10	16	9	16	0
zOTU_901	1	4	3	7	6	2	12	3	7	9	4	7	4	2	8	9	4	9	11	8	7	6	7	22	18	3	3	10	3	0	0	0	10	12	7	4	13	10	7	3	13	3	3	7	8	10	13	0
zOTU_902	4	2	0	11	7	8	2	5	6	3	4	4	4	8	8	3	4	3	3	1	7	0	26	6	3	2	10	8	3	7	0	0	3	7	9	2	8	1	5	11	5	6	1	5	13	5	7	4
zOTU_903	2	8	6	4	12	3	2	0	5	3	4	2	6	14	8	8	4	23	16	14	0	5	3	2	0	1	4	8	3	2	0	0	13	4	38	1	21	12	14	4	13	9	3	3	1	6	1	4
zOTU_904	6	0	7	18	11	3	12	14	11	6	7	8	9	2	8	7	11	6	3	7	6	3	12	6	9	3	3	4	0	5	0	0	7	13	11	11	4	15	11	3	10	4	5	20	22	6	13	5
zOTU_905	6	6	5	7	10	2	7	4	6	6	2	7	7	4	17	2	5	10	8	3	11	12	13	10	8	3	5	8	4	5	0	0	4	5	6	3	7	9	11	4	9	10	1	8	4	9	7	0
zOTU_906	18	1	3	9	30	6	13	3	27	1	2	7	6	13	7	6	3	39	5	6	1	20	33	6	13	5	13	10	5	3	0	0	3	21	8	24	3	9	8	18	3	8	6	12	11	6	7	1
zOTU_907	3	2	6	11	7	5	11	4	0	1	8	23	9	2	5	16	10	5	14	5	3	4	6	6	10	6	5	8	8	7	0	0	2	16	20	1	5	9	13	4	6	7	7	8	3	10	14	7
zOTU_908	2	4	2	5	13	3	3	4	10	2	1	1	9	3	8	15	4	4	22	9	2	12	6	8	7	4	8	3	7	3	0	0	18	6	15	1	15	11	6	4	9	14	11	3	1	14	7	2
zOTU_909	27	2	0	1	43	7	0	0	13	3	0	0	0	46	7	0	0	12	3	0	0	13	2	1	0	0	28	1	0	0	0	1	5	0	0	17	13	0	0	7	9	0	0	0	5	1	0	0
zOTU_91	91	27	22	113	362	41	18	115	161	13	86	17	187	195	61	51	105	159	96	69	8	254	77	44	12	103	151	39	34	38	1	20	63	50	112	60	113	36	60	66	68	33	30	16	49	49	7	120
zOTU_910	2	4	0	2	4	2	12	2	9	8	1	4	1	3	4	5	13	4	5	4	15	4	12	4	15	3	7	6	2	4	0	0	13	8	4	0	3	14	4	4	1	10	8	4	11	9	21	2
zOTU_911	4	4	4	7	7	6	5	8	6	6	5	7	10	4	11	7	4	13	12	5	2	6	10	8	4	4	5	14	5	6	0	21	5	8	8	4	12	11	9	12	10	8	2	5	3	6	4	4
zOTU_912	1	13	5	10	3	19	26	4	1	13	9	22	7	2	17	27	14	1	19	17	12	3	5	19	19	8	2	28	7	4	0	0	11	18	16	7	14	17	8	5	15	14	5	5	2	25	10	4
zOTU_913	0	4	5	2	1	11	7	5	0	5	2	10	14	3	10	10	25	2	6	5	4	2	0	12	8	5	1	7	2	9	0	0	4	8	18	3	4	15	17	2	10	13	3	2	1	11	4	11
zOTU_914	1	4	5	4	4	2	8	0	10	3	5	9	12	1	13	14	4	7	6	3	6	7	11	8	11	2	2	7	3	2	0	0	5	10	7	4	5	19	9	7	4	7	6	2	4	11	15	0
zOTU_915	0	1	5	4	30	2	2	1	19	0	3	1	9	37	4	11	12	12	10	14	0	15	3	4	1	5	13	5	4	3	0	23	7	3	32	2	11	16	13	9	7	9	6	1	5	1	1	8
zOTU_916	0	0	3	0	0	0	8	0	0	0	0	1	1	0	0	5	6	0	0	20	18	0	0	0	48	2	0	0	12	3	1	0	0	11	8	0	0	63	3	0	0	42	5	2	0	0	31	2
zOTU_917	2	6	0	0	7	1	1	0	10	6	0	1	0	11	11	2	0	14	14	3	0	7	18	17	3	1	14	4	2	0	0	0	4	5	0	13	12	2	0	18	13	4	1	1	7	14	4	0
zOTU_918	0	0	10	0	0	0	23	0	0	0	0	20	0	0	0	13	0	0	0	27	0	0	0	0	41	0	0	0	19	0	0	0	0	80	0	0	0	44	0	0	0	26	14	0	0	0	10	0
zOTU_919	11	4	8	3	15	7	11	5	10	3	3	9	5	9	6	13	1	4	12	7	1	4	3	9	4	3	2	7	5	2	0	1	2	22	4	6	12	20	2	1	7	9	4	4	9	8	11	5
zOTU_92	0	3	0	3	0	4	0	2	0	5	2	0	0	0	19	9	19	35	25	11	45	0	4	8	5	20	10	2	4	94	4	2	5	3	2435	1	27	10	558	1	3	18	1	6	0	7	4	3
zOTU_920	11	17	14	3	20	6	25	2	17	7	5	9	3	6	8	5	8	11	12	6	18	15	23	16	21	8	7	7	2	8	0	0	6	16	11	10	9	5	7	10	7	9	6	14	12	14	25	9
zOTU_921	1	0	4	3	5	6	7	9	9	11	3	10	8	3	10	4	4	4	10	5	9	4	5	12	8	7	2	12	2	6	0	0	3	10	7	1	8	8	14	7	7	2	2	5	7	12	9	4
zOTU_922	0	10	12	2	0	12	17	3	1	11	5	17	7	0	15	14	7	0	11	16	4	0	0	15	17	3	0	10	13	3	0	0	5	33	8	1	17	22	2	1	14	12	11	2	0	12	9	5
zOTU_923	3	7	2	1	9	7	1	5	12	8	0	2	1	14	7	2	2	23	10	7	0	8	16	17	1	1	4	19	1	0	0	0	12	2	5	23	14	2	0	25	22	1	2	1	7	9	2	0
zOTU_924	11	7	0	6	7	3	10	11	3	4	0	6	7	3	1	4	2	6	3	7	6	2	1	10	11	2	24	3	1	5	0	0	2	6	10	13	4	12	4	6	4	5	2	8	6	2	20	13
zOTU_925	3	2	0	20	6	8	2	12	7	0	3	5	16	1	16	6	11	5	1	1	19	3	6	7	3	17	10	8	1	10	1	0	3	1	20	3	14	0	1	6	14	3	1	5	0	5	5	6
zOTU_926	9	3	1	4	9	8	1	7	8	3	0	3	6	7	14	4	6	6	21	0	2	5	10	23	1	2	7	19	2	2	0	0	9	3	3	12	14	1	9	7	21	1	1	1	3	18	2	3
zOTU_927	6	1	0	0	27	1	0	0	22	0	0	1	0	2	1	0	0	7	0	0	0	1	1	1	0	0	11	0	0	1	0	0	1	0	0	11	2	0	0	12	3	0	0	0	0	1	0	0
zOTU_928	4	8	9	6	11	8	18	6	3	3	7	14	8	12	10	20	10	7	18	21	1	10	5	20	12	12	4	13	12	5	0	0	15	28	10	2	8	33	11	4	15	30	17	1	0	8	2	8
zOTU_929	8	5	1	3	10	3	3	1	6	3	3	3	3	10	5	7	3	16	4	8	2	5	17	6	11	7	15	12	2	3	0	0	5	3	2	11	4	2	7	8	5	3	3	7	9	10	11	0
zOTU_93	65	61	27	50	131	54	37	31	134	48	28	29	47	93	78	22	83	131	109	21	98	80	288	137	33	55	80	122	9	37	0	0	41	26	79	117	79	27	54	142	114	13	15	45	202	104	25	17
zOTU_930	2	3	12	0	3	5	25	1	1	5	0	17	0	6	10	32	0	5	6	4	1	6	8	4	6	5	1	5	1	0	0	0	6	7	3	1	2	4	0	1	0	6	17	1	5	9	57	0
zOTU_931	1	6	5	5	8	5	10	8	4	2	6	8	3	2	6	3	7	6	7	9	13	0	6	7	15	5	5	8	3	3	0	0	4	9	7	2	5	7	6	3	7	6	8	7	7	13	16	3
zOTU_932	3	12	12	6	5	8	10	3	3	2	2	14	4	2	12	11	2	1	18	9	0	1	0	10	7	4	0	9	11	1	0	0	18	10	5	1	7	10	1	0	9	16	9	2	2	5	3	1
zOTU_933	1	2	6	3	14	1	0	2	5	0	3	0	11	8	6	22	1	21	14	16	1	14	2	2	0	3	22	2	3	1	0	0	11	0	10	1	10	19	10	1	3	15	7	0	1	0	0	2
zOTU_934	3	4	8	3	7	3	5	2	4	2	1	13	2	3	6	11	8	8	3	3	11	2	20	9	13	4	2	10	2	8	0	0	1	15	7	1	7	9	4	2	1	5	4	7	5	3	17	2
zOTU_935	8	7	2	4	16	6	3	5	11	3	4	5	8	5	6	4	1	11	3	4	7	3	17	6	2	6	26	7	3	5	0	0	5	5	10	13	7	3	4	18	7	4	6	6	2	5	7	4
zOTU_936	2	2	3	0	4	1	3	0	0	7	0	5	0	2	6	15	1	3	36	6	0	3	6	28	7	0	3	38	5	0	0	2	7	2	0	1	26	4	1	1	27	3	0	0	3	10	2	0
zOTU_937	0	0	35	0	0	0	3	0	0	0	0	4	0	0	0	16	0	0	0	45	0	0	0	0	5	0	0	0	20	0	0	0	0	31	0	0	0	47	0	0	0	41	74	0	0	0	15	0
zOTU_938	3	13	0	4	5	17	5	7	6	6	5	6	5	8	17	0	10	7	10	0	3	7	10	18	8	4	3	18	2	3	0	0	6	5	4	7	8	4	3	14	9	4	3	4	13	11	7	3
zOTU_939	6	1	1	9	11	1	4	7	9	7	4	3	4	6	3	9	6	13	6	5	3	8	11	6	3	3	6	7	0	2	0	0	5	8	14	2	8	7	8	10	6	1	1	11	8	12	4	3
zOTU_94	73	74	58	93	139	76	93	66	105	80	54	95	85	79	159	71	104	62	120	79	80	75	89	177	76	82	37	168	42	65	0	8	76	139	189	83	99	105	143	63	125	69	40	97	79	194	72	36
zOTU_940	8	3	2	1	24	4	0	0	13	2	0	0	2	7	16	2	1	17	7	0	1	8	3	5	0	3	5	10	0	0	0	0	1	0	3	9	10	0	3	22	9	0	0	1	8	4	0	2
zOTU_941	0	4	3	7	0	5	11	1	0	4	0	7	1	0	6	3	12	0	9	4	18	0	2	7	12	6	0	19	4	5	0	0	9	8	9	0	7	9	4	0	11	10	5	6	1	23	27	0
zOTU_942	9	7	3	3	11	7	8	3	10	5	3	6	2	17	8	7	4	11	10	5	4	10	24	6	5	5	12	11	3	1	0	0	8	7	10	4	20	5	4	7	10	8	3	3	15	12	3	5
zOTU_943	6	3	0	7	6	9	0	5	10	6	1	2	11	8	16	2	1	7	10	0	0	5	5	24	1	6	8	29	1	0	0	0	7	1	3	11	13	2	1	11	7	1	2	1	2	18	2	6
zOTU_944	3	9	4	1	5	5	5	0	4	3	3	4	4	2	5	10	12	7	3	7	3	10	21	12	8	1	0	9	2	1	0	0	7	9	5	4	12	3	1	7	5	2	7	11	22	25	12	0
zOTU_945	3	1	1	5	6	3	5	1	5	5	2	16	1	16	7	8	4	9	3	2	4	10	24	4	7	5	1	6	2	2	0	0	6	5	5	5	14	8	2	4	8	5	6	0	10	8	10	0
zOTU_946	2	7	12	1	4	7	14	2	2	7	3	25	3	1	6	7	2	1	5	5	7	3	7	12	10	6	1	11	2	0	0	13	9	11	6	1	6	6	1	0	12	6	1	4	6	12	15	0
zOTU_947	8	7	5	10	5	9	16	2	4	9	2	6	7	1	6	12	0	7	5	6	0	5	12	7	3	2	4	8	5	2	0	1	1	15	7	8	2	9	6	4	6	4	4	3	6	7	4	3
zOTU_948	6	2	3	0	7	8	11	0	9	4	1	4	0	11	11	5	3	1	9	3	1	7	7	6	8	0	3	19	3	0	0	0	13	5	3	4	6	6	0	5	8	2	3	0	15	11	12	0
zOTU_949	6	10	0	2	7	4	0	0	8	7	0	1	4	16	4	2	2	7	8	0	9	5	11	12	3	0	9	7	0	1	0	0	2	2	7	4	16	1	3	9	12	2	0	4	18	7	1	1
zOTU_95	35	57	123	94	65	126	207	57	45	41	64	127	89	68	123	226	125	48	120	180	9	53	36	150	66	107	22	170	110	68	1	5	79	283	131	29	104	242	84	30	134	251	131	13	19	53	42	66
zOTU_950	5	6	2	7	9	5	2	15	2	4	2	1	2	4	4	2	0	3	8	7	4	12	7	4	7	1	3	4	4	2	0	0	2	5	10	6	6	7	3	0	4	8	2	15	15	12	18	11
zOTU_951	4	2	3	2	1	10	10	0	2	4	2	3	2	1	4	1	2	0	4	2	4	3	8	3	12	2	0	1	2	1	0	5	2	6	0	2	4	4	0	6	2	0	1	27	43	9	50	2
zOTU_952	0	0	0	0	2	0	0	0	0	0	0	0	0	1	0	0	0	0	0	0	0	1	0	0	0	0	0	0	0	0	0	0	0	0	0	0	0	0	0	0	0	0	0	0	0	0	0	0
zOTU_953	2	5	1	17	5	12	10	4	8	5	4	8	4	6	10	2	16	4	7	4	11	3	5	11	9	4	3	14	2	1	0	0	6	7	16	3	11	10	7	2	12	8	1	14	11	16	14	8
zOTU_954	0	6	3	0	0	14	8	2	0	6	6	5	13	0	4	14	11	1	5	8	16	0	0	6	33	10	0	8	6	2	0	0	4	12	11	0	4	8	10	0	7	3	4	4	0	5	16	2
zOTU_955	24	32	50	69	45	27	34	36	45	29	28	49	36	66	63	53	31	61	47	35	28	19	65	33	42	37	49	63	29	20	1	0	19	36	49	42	74	65	36	43	65	53	17	40	42	48	46	25
zOTU_956	4	4	4	5	7	8	8	3	7	4	3	8	9	8	5	6	3	11	14	7	5	5	12	5	12	4	8	11	1	5	0	0	9	18	8	7	8	7	4	5	6	7	4	11	10	9	15	0
zOTU_957	11	4	14	8	12	6	15	0	9	3	9	9	9	6	10	35	3	5	5	52	2	7	2	7	14	4	4	6	14	1	0	0	7	30	4	7	4	55	4	12	6	38	29	2	1	2	26	9
zOTU_958	2	4	12	4	3	4	36	4	3	14	4	22	5	2	9	13	6	3	8	4	10	3	0	8	8	4	2	12	3	1	0	0	7	21	8	1	8	13	7	0	14	7	9	14	1	11	10	4
zOTU_959	10	2	0	21	7	4	2	11	11	6	6	6	9	13	11	4	4	8	4	1	8	12	13	7	2	6	18	3	1	5	0	0	6	2	7	10	8	2	2	11	15	3	0	8	7	9	1	9
zOTU_96	122	52	33	51	237	51	68	38	196	62	37	81	46	132	94	32	43	134	76	44	44	125	163	102	42	41	70	109	19	29	0	4	45	35	55	114	109	51	45	118	121	33	25	76	180	99	53	22
zOTU_960	8	6	9	2	13	2	10	1	16	7	3	4	9	16	12	10	5	9	15	6	5	9	8	18	7	9	5	13	5	2	0	0	9	10	10	7	10	17	4	14	18	15	6	2	5	11	6	2
zOTU_961	1	4	1	2	1	4	6	2	2	1	0	6	5	1	6	10	11	4	7	6	3	2	0	4	7	3	0	9	2	5	0	0	6	12	10	1	14	18	5	1	14	12	11	4	1	3	11	5
zOTU_962	5	7	5	5	18	2	1	5	10	4	1	6	7	6	4	5	4	1	9	4	5	17	12	9	4	2	6	7	2	4	0	0	3	4	15	6	6	3	5	6	8	3	5	21	22	19	14	5
zOTU_963	11	6	2	4	26	8	6	4	15	2	5	2	14	16	15	2	6	19	11	5	1	7	12	4	1	14	17	7	1	5	0	0	11	1	21	18	15	1	11	21	13	1	4	0	6	2	3	13
zOTU_964	9	2	0	0	42	2	0	0	25	0	0	0	0	13	1	0	1	15	1	0	0	5	2	2	0	0	9	0	0	0	0	0	1	0	0	11	3	0	0	7	1	0	0	0	3	2	0	0
zOTU_965	4	5	1	8	9	6	10	2	10	6	1	12	9	2	7	7	1	6	12	1	4	4	14	6	6	4	5	23	1	1	0	0	2	8	10	5	6	13	3	10	8	7	4	6	5	9	6	2
zOTU_966	3	4	10	4	8	2	10	1	5	5	2	18	1	0	8	12	2	2	2	13	0	3	4	6	8	10	3	8	1	2	0	1	6	16	1	1	4	14	8	1	9	13	4	2	3	6	21	0
zOTU_967	1	5	3	8	3	5	5	3	6	4	5	6	10	0	6	4	4	11	14	9	2	6	15	13	13	2	4	14	5	3	0	0	3	4	10	2	9	8	7	6	8	13	3	5	7	7	3	0
zOTU_968	1	4	2	4	3	2	4	4	6	4	2	7	10	6	7	10	6	2	3	7	13	8	0	11	8	5	1	17	5	8	0	0	6	4	20	1	11	6	3	2	4	2	6	2	5	9	16	1
zOTU_969	1	1	2	9	16	1	1	9	7	1	6	1	2	6	1	1	4	36	9	3	3	6	16	5	1	4	23	2	1	0	1	0	5	2	8	21	2	4	4	4	6	2	2	2	8	3	0	8
zOTU_97	59	53	34	56	288	124	82	9	114	40	5	14	24	132	94	30	16	70	77	21	35	45	104	102	27	20	91	60	18	21	0	0	72	18	109	117	112	18	37	55	66	11	26	12	153	133	110	17
zOTU_970	0	10	19	0	1	2	9	0	0	4	1	16	1	1	13	7	0	8	21	13	1	0	3	15	19	2	3	12	11	0	0	0	6	23	3	0	6	34	0	2	25	22	8	1	1	10	13	1
zOTU_971	0	0	0	5	8	12	15	8	1	4	6	2	7	15	6	26	15	9	10	12	3	9	15	9	13	0	5	10	5	0	0	0	7	6	4	0	3	13	1	1	3	15	5	5	8	11	25	3
zOTU_972	11	5	1	8	9	3	2	3	4	2	4	1	5	4	4	0	5	9	10	7	4	14	10	6	3	3	6	9	3	1	0	0	1	5	6	8	11	7	3	14	11	2	0	5	9	15	4	2
zOTU_973	4	2	1	10	31	4	5	2	6	8	0	4	0	18	5	1	1	4	1	0	1	8	12	1	3	6	6	5	0	2	0	0	5	1	3	6	6	0	1	16	13	1	0	1	12	11	2	4
zOTU_974	7	2	1	2	14	5	5	2	14	1	3	2	5	8	21	3	7	9	5	5	2	8	4	9	1	6	4	15	0	5	0	0	7	5	11	11	6	3	9	14	13	1	3	7	4	14	3	3
zOTU_975	4	0	3	11	22	6	4	5	17	0	11	3	10	7	6	9	11	15	1	4	3	5	11	5	0	19	11	3	3	6	0	0	4	3	5	4	7	6	2	5	7	2	0	0	11	1	0	5
zOTU_976	1	3	0	1	1	3	5	7	0	7	0	3	7	1	4	3	17	3	9	2	10	0	9	14	6	7	0	9	4	12	1	0	9	7	20	1	5	11	16	2	8	6	1	7	3	11	2	0
zOTU_977	1	7	4	9	2	7	8	7	5	11	1	10	1	2	10	4	6	12	5	2	2	4	12	17	8	3	2	15	3	2	0	0	4	10	7	2	6	6	12	5	8	7	5	5	7	11	5	3
zOTU_978	2	7	3	9	9	10	6	1	5	1	2	2	9	8	10	5	15	6	14	3	7	15	1	15	1	8	4	6	1	5	0	2	9	8	16	2	14	6	3	3	8	12	2	1	4	2	6	4
zOTU_979	5	7	7	0	0	10	16	0	0	1	1	19	1	5	3	21	13	15	7	12	5	6	13	6	14	2	1	7	2	0	0	0	7	4	2	4	6	4	7	4	2	3	2	0	3	7	6	0
zOTU_98	45	58	41	95	118	66	86	66	96	63	31	95	81	132	104	62	80	81	104	71	91	41	140	107	88	55	41	137	46	56	0	8	68	103	108	76	133	97	75	86	111	53	27	86	122	118	134	29
zOTU_980	2	5	1	16	13	8	0	5	3	3	2	2	2	9	3	4	2	22	7	8	6	5	12	4	1	2	6	1	2	4	0	0	3	4	27	2	18	25	8	2	10	11	3	4	1	4	3	3
zOTU_981	9	4	0	8	16	4	0	4	8	6	5	0	21	7	6	0	6	7	5	0	3	3	18	3	1	7	21	5	0	5	0	0	5	0	1	8	6	1	2	12	9	0	0	4	3	3	0	4
zOTU_982	7	3	3	6	31	2	6	2	18	3	2	2	3	19	9	2	6	19	7	2	8	5	12	7	0	8	21	3	1	7	0	0	5	3	14	11	7	5	0	10	12	0	1	1	21	0	0	4
zOTU_983	3	7	4	2	0	8	11	1	3	1	0	2	1	0	9	6	4	4	6	11	5	2	4	5	17	3	2	8	1	3	0	0	3	20	6	3	6	10	2	2	3	8	8	6	3	11	26	2
zOTU_984	2	5	1	1	2	4	8	0	0	5	3	1	2	2	3	2	24	3	3	8	13	6	8	24	18	8	2	18	3	11	0	0	4	7	16	3	7	5	4	1	12	3	6	6	19	27	18	2
zOTU_985	6	6	0	15	9	1	1	6	7	0	5	4	8	3	6	2	10	5	4	4	7	8	4	4	5	15	4	2	3	5	0	0	8	5	33	4	4	9	19	7	9	3	2	21	11	10	2	3
zOTU_986	4	2	9	2	4	4	11	2	7	0	1	12	3	1	7	5	5	9	3	5	5	5	8	6	8	2	2	10	4	1	0	0	2	26	9	8	3	12	5	0	5	8	11	7	6	1	9	2
zOTU_987	23	5	0	2	24	5	2	5	16	0	3	0	7	18	9	2	7	14	4	2	0	20	12	3	2	3	6	3	5	2	0	0	1	4	3	13	4	2	6	18	6	2	1	6	19	0	0	4
zOTU_988	4	5	6	3	2	9	6	4	1	2	0	9	2	3	10	7	4	5	12	18	0	0	2	11	20	1	4	10	2	4	0	0	4	17	9	3	6	19	15	0	7	18	8	2	1	0	8	0
zOTU_989	2	10	14	3	9	12	4	2	3	4	4	4	11	16	28	19	5	8	19	16	2	5	2	13	3	2	12	11	2	1	0	1	12	8	17	3	23	16	12	8	25	16	2	1	0	5	6	5
zOTU_99	47	68	40	83	117	102	104	53	101	58	54	82	58	125	122	93	120	117	96	48	41	48	133	128	42	75	105	167	38	66	0	11	74	94	124	84	126	90	98	113	121	42	65	36	45	89	53	35
zOTU_990	5	2	1	4	12	1	1	4	4	2	5	1	9	9	15	3	5	9	21	6	1	9	4	3	2	2	3	4	3	5	0	4	1	7	4	16	11	13	6	8	16	5	2	5	1	8	3	7
zOTU_991	1	3	0	23	29	0	4	3	19	1	3	5	1	8	8	6	4	14	17	4	0	5	0	3	0	7	10	4	0	5	0	0	4	2	25	9	15	3	12	7	16	4	1	4	0	4	1	5
zOTU_992	2	0	2	1	16	3	0	3	9	2	1	1	5	25	7	1	2	27	4	5	5	1	16	7	2	5	2	4	2	1	0	0	8	0	7	4	6	4	4	4	1	4	1	4	8	6	2	4
zOTU_993	3	2	4	2	6	3	2	1	11	3	0	4	3	7	7	7	1	6	7	7	5	16	10	3	8	3	10	5	4	3	0	0	3	8	4	7	4	13	6	10	5	13	3	2	10	5	11	0
zOTU_994	3	2	2	1	4	2	4	1	9	5	3	5	7	13	11	4	8	10	13	9	1	6	12	8	18	11	2	4	6	2	1	0	3	13	12	2	3	16	8	5	11	10	2	7	3	5	4	0
zOTU_995	6	5	6	7	12	11	7	7	7	2	5	4	9	20	4	3	6	11	9	1	2	5	11	9	5	6	5	19	4	4	0	0	7	6	11	11	16	10	6	9	5	6	2	4	10	3	2	0
zOTU_996	9	6	5	1	16	1	7	1	4	2	3	8	6	3	6	2	1	6	6	6	2	10	8	6	5	3	4	9	2	1	0	0	9	15	4	5	4	9	6	2	4	1	5	8	7	8	9	0
zOTU_997	3	15	1	22	23	5	0	0	6	8	1	1	1	2	7	0	1	9	3	1	0	5	1	7	0	5	12	10	2	3	0	0	1	1	10	8	11	2	2	1	22	0	2	4	0	2	1	5
zOTU_998	0	7	3	1	1	11	6	2	0	14	0	7	2	3	14	5	10	1	8	8	6	2	2	16	6	5	0	14	2	5	0	0	10	13	25	0	9	5	14	0	14	6	3	2	0	6	4	2
zOTU_999	3	4	3	8	11	6	3	9	8	4	6	6	7	3	6	0	9	6	4	2	8	3	2	6	2	9	11	12	0	10	0	0	6	2	21	5	13	3	18	6	12	0	1	7	7	7	0	2
